timestamp,state
79.59999999999975,"{""waypoints"":(-9850.8452, -6568.0365), ""unsafe_region"":[[40.0, 20.0], [80.0, 20.0], [80.0, 60.0], [40.0, 60.0]], }"
79.69999999999975,"{""waypoints"":(-9850.8452, -6568.0365), ""unsafe_region"":[[40.0, 20.0], [80.0, 20.0], [80.0, 60.0], [40.0, 60.0]], }"
79.69999999999975,"{""waypoints"":(-9850.8452, -6568.0365), ""unsafe_region"":[[40.0, 20.0], [80.0, 20.0], [80.0, 60.0], [40.0, 60.0]], }"
79.69999999999975,"{""waypoints"":(-9850.8452, -6568.0365), ""unsafe_region"":[[40.0, 20.0], [80.0, 20.0], [80.0, 60.0], [40.0, 60.0]], }"
79.69999999999975,"{""waypoints"":(-9850.8452, -6568.0365), ""unsafe_region"":[[40.0, 20.0], [80.0, 20.0], [80.0, 60.0], [40.0, 60.0]], }"
79.69999999999975,"{""waypoints"":(-9850.8452, -6568.0365), ""unsafe_region"":[[40.0, 20.0], [80.0, 20.0], [80.0, 60.0], [40.0, 60.0]], }"
79.69999999999975,"{""waypoints"":(-9850.8452, -6568.0365), ""unsafe_region"":[[40.0, 20.0], [80.0, 20.0], [80.0, 60.0], [40.0, 60.0]], }"
79.69999999999975,"{""waypoints"":(-9850.8452, -6568.0365), ""unsafe_region"":[[40.0, 20.0], [80.0, 20.0], [80.0, 60.0], [40.0, 60.0]], }"
79.69999999999975,"{""waypoints"":(-9850.8452, -6568.0365), ""unsafe_region"":[[40.0, 20.0], [80.0, 20.0], [80.0, 60.0], [40.0, 60.0]], }"
79.69999999999975,"{""waypoints"":(-9850.8452, -6568.0365), ""unsafe_region"":[[40.0, 20.0], [80.0, 20.0], [80.0, 60.0], [40.0, 60.0]], }"
79.69999999999975,"{""waypoints"":(-9850.8452, -6568.0365), ""unsafe_region"":[[40.0, 20.0], [80.0, 20.0], [80.0, 60.0], [40.0, 60.0]], }"
79.69999999999975,"{""waypoints"":(-9850.8452, -6568.0365), ""unsafe_region"":[[40.0, 20.0], [80.0, 20.0], [80.0, 60.0], [40.0, 60.0]], }"
79.69999999999975,"{""waypoints"":(-9850.8452, -6568.0365), ""unsafe_region"":[[40.0, 20.0], [80.0, 20.0], [80.0, 60.0], [40.0, 60.0]], }"
79.69999999999975,"{""waypoints"":(-9850.8452, -6568.0365), ""unsafe_region"":[[40.0, 20.0], [80.0, 20.0], [80.0, 60.0], [40.0, 60.0]], }"
79.69999999999975,"{""waypoints"":(-9850.8452, -6568.0365), ""unsafe_region"":[[40.0, 20.0], [80.0, 20.0], [80.0, 60.0], [40.0, 60.0]], }"
79.69999999999975,"{""waypoints"":(-9850.8452, -6568.0365), ""unsafe_region"":[[40.0, 20.0], [80.0, 20.0], [80.0, 60.0], [40.0, 60.0]], }"
79.69999999999975,"{""waypoints"":(-9850.8452, -6568.0365), ""unsafe_region"":[[40.0, 20.0], [80.0, 20.0], [80.0, 60.0], [40.0, 60.0]], }"
79.69999999999975,"{""waypoints"":(-9850.8452, -6568.0365), ""unsafe_region"":[[40.0, 20.0], [80.0, 20.0], [80.0, 60.0], [40.0, 60.0]], }"
79.69999999999975,"{""waypoints"":(-9850.8452, -6568.0365), ""unsafe_region"":[[40.0, 20.0], [80.0, 20.0], [80.0, 60.0], [40.0, 60.0]], }"
79.69999999999975,"{""waypoints"":(-9850.8452, -6568.0365), ""unsafe_region"":[[40.0, 20.0], [80.0, 20.0], [80.0, 60.0], [40.0, 60.0]], }"
79.69999999999975,"{""waypoints"":(-9850.8452, -6568.0365), ""unsafe_region"":[[40.0, 20.0], [80.0, 20.0], [80.0, 60.0], [40.0, 60.0]], }"
79.69999999999975,"{""waypoints"":(-9850.8452, -6568.0365), ""unsafe_region"":[[40.0, 20.0], [80.0, 20.0], [80.0, 60.0], [40.0, 60.0]], }"
79.69999999999975,"{""waypoints"":(-9850.8452, -6568.0365), ""unsafe_region"":[[40.0, 20.0], [80.0, 20.0], [80.0, 60.0], [40.0, 60.0]], }"
79.69999999999975,"{""waypoints"":(-9850.8452, -6568.0365), ""unsafe_region"":[[40.0, 20.0], [80.0, 20.0], [80.0, 60.0], [40.0, 60.0]], }"
79.69999999999975,"{""waypoints"":(-9850.8452, -6568.0365), ""unsafe_region"":[[40.0, 20.0], [80.0, 20.0], [80.0, 60.0], [40.0, 60.0]], }"
79.69999999999975,"{""waypoints"":(-9850.8452, -6568.0365), ""unsafe_region"":[[40.0, 20.0], [80.0, 20.0], [80.0, 60.0], [40.0, 60.0]], }"
79.69999999999975,"{""waypoints"":(-9850.8452, -6568.0365), ""unsafe_region"":[[40.0, 20.0], [80.0, 20.0], [80.0, 60.0], [40.0, 60.0]], }"
79.69999999999975,"{""waypoints"":(-9850.8452, -6568.0365), ""unsafe_region"":[[40.0, 20.0], [80.0, 20.0], [80.0, 60.0], [40.0, 60.0]], }"
79.69999999999975,"{""waypoints"":(-9850.8452, -6568.0365), ""unsafe_region"":[[40.0, 20.0], [80.0, 20.0], [80.0, 60.0], [40.0, 60.0]], }"
79.69999999999975,"{""waypoints"":(-9850.8452, -6568.0365), ""unsafe_region"":[[40.0, 20.0], [80.0, 20.0], [80.0, 60.0], [40.0, 60.0]], }"
79.69999999999975,"{""waypoints"":(-9850.8452, -6568.0365), ""unsafe_region"":[[40.0, 20.0], [80.0, 20.0], [80.0, 60.0], [40.0, 60.0]], }"
79.69999999999975,"{""waypoints"":(-9850.8452, -6568.0365), ""unsafe_region"":[[40.0, 20.0], [80.0, 20.0], [80.0, 60.0], [40.0, 60.0]], }"
79.69999999999975,"{""waypoints"":(-9850.8452, -6568.0365), ""unsafe_region"":[[40.0, 20.0], [80.0, 20.0], [80.0, 60.0], [40.0, 60.0]], }"
79.69999999999975,"{""waypoints"":(-9850.8452, -6568.0365), ""unsafe_region"":[[40.0, 20.0], [80.0, 20.0], [80.0, 60.0], [40.0, 60.0]], }"
79.69999999999975,"{""waypoints"":(-9850.8452, -6568.0365), ""unsafe_region"":[[40.0, 20.0], [80.0, 20.0], [80.0, 60.0], [40.0, 60.0]], }"
79.69999999999975,"{""waypoints"":(-9850.8452, -6568.0365), ""unsafe_region"":[[40.0, 20.0], [80.0, 20.0], [80.0, 60.0], [40.0, 60.0]], }"
79.69999999999975,"{""waypoints"":(-9850.8452, -6568.0365), ""unsafe_region"":[[40.0, 20.0], [80.0, 20.0], [80.0, 60.0], [40.0, 60.0]], }"
79.69999999999975,"{""waypoints"":(-9850.8452, -6568.0365), ""unsafe_region"":[[40.0, 20.0], [80.0, 20.0], [80.0, 60.0], [40.0, 60.0]], }"
79.69999999999975,"{""waypoints"":(-9850.8452, -6568.0365), ""unsafe_region"":[[40.0, 20.0], [80.0, 20.0], [80.0, 60.0], [40.0, 60.0]], }"
79.69999999999975,"{""waypoints"":(-9850.8452, -6568.0365), ""unsafe_region"":[[40.0, 20.0], [80.0, 20.0], [80.0, 60.0], [40.0, 60.0]], }"
79.69999999999975,"{""waypoints"":(-9850.8452, -6568.0365), ""unsafe_region"":[[40.0, 20.0], [80.0, 20.0], [80.0, 60.0], [40.0, 60.0]], }"
79.69999999999975,"{""waypoints"":(-9850.8452, -6568.0365), ""unsafe_region"":[[40.0, 20.0], [80.0, 20.0], [80.0, 60.0], [40.0, 60.0]], }"
79.69999999999975,"{""waypoints"":(-9850.8452, -6568.0365), ""unsafe_region"":[[40.0, 20.0], [80.0, 20.0], [80.0, 60.0], [40.0, 60.0]], }"
79.69999999999975,"{""waypoints"":(-9850.8452, -6568.0365), ""unsafe_region"":[[40.0, 20.0], [80.0, 20.0], [80.0, 60.0], [40.0, 60.0]], }"
79.69999999999975,"{""waypoints"":(-9850.8452, -6568.0365), ""unsafe_region"":[[40.0, 20.0], [80.0, 20.0], [80.0, 60.0], [40.0, 60.0]], }"
79.69999999999975,"{""waypoints"":(-9850.8452, -6568.0365), ""unsafe_region"":[[40.0, 20.0], [80.0, 20.0], [80.0, 60.0], [40.0, 60.0]], }"
79.69999999999975,"{""waypoints"":(-9850.8452, -6568.0365), ""unsafe_region"":[[40.0, 20.0], [80.0, 20.0], [80.0, 60.0], [40.0, 60.0]], }"
79.69999999999975,"{""waypoints"":(-9850.8452, -6568.0365), ""unsafe_region"":[[40.0, 20.0], [80.0, 20.0], [80.0, 60.0], [40.0, 60.0]], }"
79.69999999999975,"{""waypoints"":(-9850.8452, -6568.0365), ""unsafe_region"":[[40.0, 20.0], [80.0, 20.0], [80.0, 60.0], [40.0, 60.0]], }"
79.69999999999975,"{""waypoints"":(-9850.8452, -6568.0365), ""unsafe_region"":[[40.0, 20.0], [80.0, 20.0], [80.0, 60.0], [40.0, 60.0]], }"
79.69999999999975,"{""waypoints"":(-9850.8452, -6568.0365), ""unsafe_region"":[[40.0, 20.0], [80.0, 20.0], [80.0, 60.0], [40.0, 60.0]], }"
79.69999999999975,"{""waypoints"":(-9850.8452, -6568.0365), ""unsafe_region"":[[40.0, 20.0], [80.0, 20.0], [80.0, 60.0], [40.0, 60.0]], }"
79.69999999999975,"{""waypoints"":(-9850.8452, -6568.0365), ""unsafe_region"":[[40.0, 20.0], [80.0, 20.0], [80.0, 60.0], [40.0, 60.0]], }"
79.69999999999975,"{""waypoints"":(-9850.8452, -6568.0365), ""unsafe_region"":[[40.0, 20.0], [80.0, 20.0], [80.0, 60.0], [40.0, 60.0]], }"
79.69999999999975,"{""waypoints"":(-9850.8452, -6568.0365), ""unsafe_region"":[[40.0, 20.0], [80.0, 20.0], [80.0, 60.0], [40.0, 60.0]], }"
79.69999999999975,"{""waypoints"":(-9850.8452, -6568.0365), ""unsafe_region"":[[40.0, 20.0], [80.0, 20.0], [80.0, 60.0], [40.0, 60.0]], }"
79.69999999999975,"{""waypoints"":(-9850.8452, -6568.0365), ""unsafe_region"":[[40.0, 20.0], [80.0, 20.0], [80.0, 60.0], [40.0, 60.0]], }"
79.69999999999975,"{""waypoints"":(-9850.8452, -6568.0365), ""unsafe_region"":[[40.0, 20.0], [80.0, 20.0], [80.0, 60.0], [40.0, 60.0]], }"
79.69999999999975,"{""waypoints"":(-9850.8452, -6568.0365), ""unsafe_region"":[[40.0, 20.0], [80.0, 20.0], [80.0, 60.0], [40.0, 60.0]], }"
79.69999999999975,"{""waypoints"":(-9850.8452, -6568.0365), ""unsafe_region"":[[40.0, 20.0], [80.0, 20.0], [80.0, 60.0], [40.0, 60.0]], }"
79.69999999999975,"{""waypoints"":(-9850.8452, -6568.0365), ""unsafe_region"":[[40.0, 20.0], [80.0, 20.0], [80.0, 60.0], [40.0, 60.0]], }"
79.69999999999975,"{""waypoints"":(-9850.8452, -6568.0365), ""unsafe_region"":[[40.0, 20.0], [80.0, 20.0], [80.0, 60.0], [40.0, 60.0]], }"
79.69999999999975,"{""waypoints"":(-9850.8452, -6568.0365), ""unsafe_region"":[[40.0, 20.0], [80.0, 20.0], [80.0, 60.0], [40.0, 60.0]], }"
79.69999999999975,"{""waypoints"":(-9850.8452, -6568.0365), ""unsafe_region"":[[40.0, 20.0], [80.0, 20.0], [80.0, 60.0], [40.0, 60.0]], }"
79.69999999999975,"{""waypoints"":(-9850.8452, -6568.0365), ""unsafe_region"":[[40.0, 20.0], [80.0, 20.0], [80.0, 60.0], [40.0, 60.0]], }"
79.69999999999975,"{""waypoints"":(-9850.8452, -6568.0365), ""unsafe_region"":[[40.0, 20.0], [80.0, 20.0], [80.0, 60.0], [40.0, 60.0]], }"
79.69999999999975,"{""waypoints"":(-9850.8452, -6568.0365), ""unsafe_region"":[[40.0, 20.0], [80.0, 20.0], [80.0, 60.0], [40.0, 60.0]], }"
79.69999999999975,"{""waypoints"":(-9850.8452, -6568.0365), ""unsafe_region"":[[40.0, 20.0], [80.0, 20.0], [80.0, 60.0], [40.0, 60.0]], }"
79.69999999999975,"{""waypoints"":(-9850.8452, -6568.0365), ""unsafe_region"":[[40.0, 20.0], [80.0, 20.0], [80.0, 60.0], [40.0, 60.0]], }"
79.69999999999975,"{""waypoints"":(-9850.8452, -6568.0365), ""unsafe_region"":[[40.0, 20.0], [80.0, 20.0], [80.0, 60.0], [40.0, 60.0]], }"
79.69999999999975,"{""waypoints"":(-9850.8452, -6568.0365), ""unsafe_region"":[[40.0, 20.0], [80.0, 20.0], [80.0, 60.0], [40.0, 60.0]], }"
79.69999999999975,"{""waypoints"":(-9850.8452, -6568.0365), ""unsafe_region"":[[40.0, 20.0], [80.0, 20.0], [80.0, 60.0], [40.0, 60.0]], }"
79.69999999999975,"{""waypoints"":(-9850.8452, -6568.0365), ""unsafe_region"":[[40.0, 20.0], [80.0, 20.0], [80.0, 60.0], [40.0, 60.0]], }"
79.69999999999975,"{""waypoints"":(-9850.8452, -6568.0365), ""unsafe_region"":[[40.0, 20.0], [80.0, 20.0], [80.0, 60.0], [40.0, 60.0]], }"
79.69999999999975,"{""waypoints"":(-9850.8452, -6568.0365), ""unsafe_region"":[[40.0, 20.0], [80.0, 20.0], [80.0, 60.0], [40.0, 60.0]], }"
79.69999999999975,"{""waypoints"":(-9850.8452, -6568.0365), ""unsafe_region"":[[40.0, 20.0], [80.0, 20.0], [80.0, 60.0], [40.0, 60.0]], }"
79.69999999999975,"{""waypoints"":(-9850.8452, -6568.0365), ""unsafe_region"":[[40.0, 20.0], [80.0, 20.0], [80.0, 60.0], [40.0, 60.0]], }"
79.69999999999975,"{""waypoints"":(-9850.8452, -6568.0365), ""unsafe_region"":[[40.0, 20.0], [80.0, 20.0], [80.0, 60.0], [40.0, 60.0]], }"
79.69999999999975,"{""waypoints"":(-9850.8452, -6568.0365), ""unsafe_region"":[[40.0, 20.0], [80.0, 20.0], [80.0, 60.0], [40.0, 60.0]], }"
103.79999999999838,"{""waypoints"":(-9850.8452, -6568.0365), ""unsafe_region"":[[40.0, 20.0], [80.0, 20.0], [80.0, 60.0], [40.0, 60.0]], }"
103.89999999999837,"{""waypoints"":(-9850.8452, -6568.0365), ""unsafe_region"":[[40.0, 20.0], [80.0, 20.0], [80.0, 60.0], [40.0, 60.0]], }"
103.89999999999837,"{""waypoints"":(-9850.8452, -6568.0365), ""unsafe_region"":[[40.0, 20.0], [80.0, 20.0], [80.0, 60.0], [40.0, 60.0]], }"
103.89999999999837,"{""waypoints"":(-9850.8452, -6568.0365), ""unsafe_region"":[[40.0, 20.0], [80.0, 20.0], [80.0, 60.0], [40.0, 60.0]], }"
103.89999999999837,"{""waypoints"":(-9850.8452, -6568.0365), ""unsafe_region"":[[40.0, 20.0], [80.0, 20.0], [80.0, 60.0], [40.0, 60.0]], }"
103.89999999999837,"{""waypoints"":(-9850.8452, -6568.0365), ""unsafe_region"":[[40.0, 20.0], [80.0, 20.0], [80.0, 60.0], [40.0, 60.0]], }"
103.89999999999837,"{""waypoints"":(-9850.8452, -6568.0365), ""unsafe_region"":[[40.0, 20.0], [80.0, 20.0], [80.0, 60.0], [40.0, 60.0]], }"
103.89999999999837,"{""waypoints"":(-9850.8452, -6568.0365), ""unsafe_region"":[[40.0, 20.0], [80.0, 20.0], [80.0, 60.0], [40.0, 60.0]], }"
103.89999999999837,"{""waypoints"":(-9850.8452, -6568.0365), ""unsafe_region"":[[40.0, 20.0], [80.0, 20.0], [80.0, 60.0], [40.0, 60.0]], }"
103.89999999999837,"{""waypoints"":(-9850.8452, -6568.0365), ""unsafe_region"":[[40.0, 20.0], [80.0, 20.0], [80.0, 60.0], [40.0, 60.0]], }"
103.89999999999837,"{""waypoints"":(-9850.8452, -6568.0365), ""unsafe_region"":[[40.0, 20.0], [80.0, 20.0], [80.0, 60.0], [40.0, 60.0]], }"
103.89999999999837,"{""waypoints"":(-9850.8452, -6568.0365), ""unsafe_region"":[[40.0, 20.0], [80.0, 20.0], [80.0, 60.0], [40.0, 60.0]], }"
103.89999999999837,"{""waypoints"":(-9850.8452, -6568.0365), ""unsafe_region"":[[40.0, 20.0], [80.0, 20.0], [80.0, 60.0], [40.0, 60.0]], }"
103.89999999999837,"{""waypoints"":(-9850.8452, -6568.0365), ""unsafe_region"":[[40.0, 20.0], [80.0, 20.0], [80.0, 60.0], [40.0, 60.0]], }"
103.89999999999837,"{""waypoints"":(-9850.8452, -6568.0365), ""unsafe_region"":[[40.0, 20.0], [80.0, 20.0], [80.0, 60.0], [40.0, 60.0]], }"
103.89999999999837,"{""waypoints"":(-9850.8452, -6568.0365), ""unsafe_region"":[[40.0, 20.0], [80.0, 20.0], [80.0, 60.0], [40.0, 60.0]], }"
103.89999999999837,"{""waypoints"":(-9850.8452, -6568.0365), ""unsafe_region"":[[40.0, 20.0], [80.0, 20.0], [80.0, 60.0], [40.0, 60.0]], }"
103.89999999999837,"{""waypoints"":(-9850.8452, -6568.0365), ""unsafe_region"":[[40.0, 20.0], [80.0, 20.0], [80.0, 60.0], [40.0, 60.0]], }"
103.89999999999837,"{""waypoints"":(-9850.8452, -6568.0365), ""unsafe_region"":[[40.0, 20.0], [80.0, 20.0], [80.0, 60.0], [40.0, 60.0]], }"
103.89999999999837,"{""waypoints"":(-9850.8452, -6568.0365), ""unsafe_region"":[[40.0, 20.0], [80.0, 20.0], [80.0, 60.0], [40.0, 60.0]], }"
103.89999999999837,"{""waypoints"":(-9850.8452, -6568.0365), ""unsafe_region"":[[40.0, 20.0], [80.0, 20.0], [80.0, 60.0], [40.0, 60.0]], }"
103.89999999999837,"{""waypoints"":(-9850.8452, -6568.0365), ""unsafe_region"":[[40.0, 20.0], [80.0, 20.0], [80.0, 60.0], [40.0, 60.0]], }"
103.89999999999837,"{""waypoints"":(-9850.8452, -6568.0365), ""unsafe_region"":[[40.0, 20.0], [80.0, 20.0], [80.0, 60.0], [40.0, 60.0]], }"
103.89999999999837,"{""waypoints"":(-9850.8452, -6568.0365), ""unsafe_region"":[[40.0, 20.0], [80.0, 20.0], [80.0, 60.0], [40.0, 60.0]], }"
111.39999999999795,"{""waypoints"":(-9850.8452, -6568.0365), ""unsafe_region"":[[40.0, 20.0], [80.0, 20.0], [80.0, 60.0], [40.0, 60.0]], }"
111.49999999999794,"{""waypoints"":(-9850.8452, -6568.0365), ""unsafe_region"":[[40.0, 20.0], [80.0, 20.0], [80.0, 60.0], [40.0, 60.0]], }"
111.49999999999794,"{""waypoints"":(-9850.8452, -6568.0365), ""unsafe_region"":[[40.0, 20.0], [80.0, 20.0], [80.0, 60.0], [40.0, 60.0]], }"
111.49999999999794,"{""waypoints"":(-9850.8452, -6568.0365), ""unsafe_region"":[[40.0, 20.0], [80.0, 20.0], [80.0, 60.0], [40.0, 60.0]], }"
111.49999999999794,"{""waypoints"":(-9850.8452, -6568.0365), ""unsafe_region"":[[40.0, 20.0], [80.0, 20.0], [80.0, 60.0], [40.0, 60.0]], }"
111.49999999999794,"{""waypoints"":(-9850.8452, -6568.0365), ""unsafe_region"":[[40.0, 20.0], [80.0, 20.0], [80.0, 60.0], [40.0, 60.0]], }"
111.49999999999794,"{""waypoints"":(-9850.8452, -6568.0365), ""unsafe_region"":[[40.0, 20.0], [80.0, 20.0], [80.0, 60.0], [40.0, 60.0]], }"
111.49999999999794,"{""waypoints"":(-9850.8452, -6568.0365), ""unsafe_region"":[[40.0, 20.0], [80.0, 20.0], [80.0, 60.0], [40.0, 60.0]], }"
149.3999999999958,"{""waypoints"":(-9850.8452, -6568.0365), ""unsafe_region"":[[40.0, 20.0], [80.0, 20.0], [80.0, 60.0], [40.0, 60.0]], }"
149.4999999999958,"{""waypoints"":(-9850.8452, -6568.0365), ""unsafe_region"":[[40.0, 20.0], [80.0, 20.0], [80.0, 60.0], [40.0, 60.0]], }"
149.4999999999958,"{""waypoints"":(-9850.8452, -6568.0365), ""unsafe_region"":[[40.0, 20.0], [80.0, 20.0], [80.0, 60.0], [40.0, 60.0]], }"
149.4999999999958,"{""waypoints"":(-9850.8452, -6568.0365), ""unsafe_region"":[[40.0, 20.0], [80.0, 20.0], [80.0, 60.0], [40.0, 60.0]], }"
149.4999999999958,"{""waypoints"":(-9850.8452, -6568.0365), ""unsafe_region"":[[40.0, 20.0], [80.0, 20.0], [80.0, 60.0], [40.0, 60.0]], }"
149.4999999999958,"{""waypoints"":(-9850.8452, -6568.0365), ""unsafe_region"":[[40.0, 20.0], [80.0, 20.0], [80.0, 60.0], [40.0, 60.0]], }"
149.4999999999958,"{""waypoints"":(-9850.8452, -6568.0365), ""unsafe_region"":[[40.0, 20.0], [80.0, 20.0], [80.0, 60.0], [40.0, 60.0]], }"
149.4999999999958,"{""waypoints"":(-9850.8452, -6568.0365), ""unsafe_region"":[[40.0, 20.0], [80.0, 20.0], [80.0, 60.0], [40.0, 60.0]], }"
149.4999999999958,"{""waypoints"":(-9850.8452, -6568.0365), ""unsafe_region"":[[40.0, 20.0], [80.0, 20.0], [80.0, 60.0], [40.0, 60.0]], }"
149.4999999999958,"{""waypoints"":(-9850.8452, -6568.0365), ""unsafe_region"":[[40.0, 20.0], [80.0, 20.0], [80.0, 60.0], [40.0, 60.0]], }"
149.4999999999958,"{""waypoints"":(-9850.8452, -6568.0365), ""unsafe_region"":[[40.0, 20.0], [80.0, 20.0], [80.0, 60.0], [40.0, 60.0]], }"
149.4999999999958,"{""waypoints"":(-9850.8452, -6568.0365), ""unsafe_region"":[[40.0, 20.0], [80.0, 20.0], [80.0, 60.0], [40.0, 60.0]], }"
149.4999999999958,"{""waypoints"":(-9850.8452, -6568.0365), ""unsafe_region"":[[40.0, 20.0], [80.0, 20.0], [80.0, 60.0], [40.0, 60.0]], }"
149.4999999999958,"{""waypoints"":(-9850.8452, -6568.0365), ""unsafe_region"":[[40.0, 20.0], [80.0, 20.0], [80.0, 60.0], [40.0, 60.0]], }"
149.4999999999958,"{""waypoints"":(-9850.8452, -6568.0365), ""unsafe_region"":[[40.0, 20.0], [80.0, 20.0], [80.0, 60.0], [40.0, 60.0]], }"
149.4999999999958,"{""waypoints"":(-9850.8452, -6568.0365), ""unsafe_region"":[[40.0, 20.0], [80.0, 20.0], [80.0, 60.0], [40.0, 60.0]], }"
149.4999999999958,"{""waypoints"":(-9850.8452, -6568.0365), ""unsafe_region"":[[40.0, 20.0], [80.0, 20.0], [80.0, 60.0], [40.0, 60.0]], }"
149.4999999999958,"{""waypoints"":(-9850.8452, -6568.0365), ""unsafe_region"":[[40.0, 20.0], [80.0, 20.0], [80.0, 60.0], [40.0, 60.0]], }"
149.4999999999958,"{""waypoints"":(-9850.8452, -6568.0365), ""unsafe_region"":[[40.0, 20.0], [80.0, 20.0], [80.0, 60.0], [40.0, 60.0]], }"
149.4999999999958,"{""waypoints"":(-9850.8452, -6568.0365), ""unsafe_region"":[[40.0, 20.0], [80.0, 20.0], [80.0, 60.0], [40.0, 60.0]], }"
149.4999999999958,"{""waypoints"":(-9850.8452, -6568.0365), ""unsafe_region"":[[40.0, 20.0], [80.0, 20.0], [80.0, 60.0], [40.0, 60.0]], }"
149.4999999999958,"{""waypoints"":(-9850.8452, -6568.0365), ""unsafe_region"":[[40.0, 20.0], [80.0, 20.0], [80.0, 60.0], [40.0, 60.0]], }"
149.4999999999958,"{""waypoints"":(-9850.8452, -6568.0365), ""unsafe_region"":[[40.0, 20.0], [80.0, 20.0], [80.0, 60.0], [40.0, 60.0]], }"
149.4999999999958,"{""waypoints"":(-9850.8452, -6568.0365), ""unsafe_region"":[[40.0, 20.0], [80.0, 20.0], [80.0, 60.0], [40.0, 60.0]], }"
149.4999999999958,"{""waypoints"":(-9850.8452, -6568.0365), ""unsafe_region"":[[40.0, 20.0], [80.0, 20.0], [80.0, 60.0], [40.0, 60.0]], }"
149.4999999999958,"{""waypoints"":(-9850.8452, -6568.0365), ""unsafe_region"":[[40.0, 20.0], [80.0, 20.0], [80.0, 60.0], [40.0, 60.0]], }"
149.4999999999958,"{""waypoints"":(-9850.8452, -6568.0365), ""unsafe_region"":[[40.0, 20.0], [80.0, 20.0], [80.0, 60.0], [40.0, 60.0]], }"
149.4999999999958,"{""waypoints"":(-9850.8452, -6568.0365), ""unsafe_region"":[[40.0, 20.0], [80.0, 20.0], [80.0, 60.0], [40.0, 60.0]], }"
149.4999999999958,"{""waypoints"":(-9850.8452, -6568.0365), ""unsafe_region"":[[40.0, 20.0], [80.0, 20.0], [80.0, 60.0], [40.0, 60.0]], }"
149.4999999999958,"{""waypoints"":(-9850.8452, -6568.0365), ""unsafe_region"":[[40.0, 20.0], [80.0, 20.0], [80.0, 60.0], [40.0, 60.0]], }"
149.4999999999958,"{""waypoints"":(-9850.8452, -6568.0365), ""unsafe_region"":[[40.0, 20.0], [80.0, 20.0], [80.0, 60.0], [40.0, 60.0]], }"
149.4999999999958,"{""waypoints"":(-9850.8452, -6568.0365), ""unsafe_region"":[[40.0, 20.0], [80.0, 20.0], [80.0, 60.0], [40.0, 60.0]], }"
149.4999999999958,"{""waypoints"":(-9850.8452, -6568.0365), ""unsafe_region"":[[40.0, 20.0], [80.0, 20.0], [80.0, 60.0], [40.0, 60.0]], }"
149.4999999999958,"{""waypoints"":(-9850.8452, -6568.0365), ""unsafe_region"":[[40.0, 20.0], [80.0, 20.0], [80.0, 60.0], [40.0, 60.0]], }"
149.4999999999958,"{""waypoints"":(-9850.8452, -6568.0365), ""unsafe_region"":[[40.0, 20.0], [80.0, 20.0], [80.0, 60.0], [40.0, 60.0]], }"
149.4999999999958,"{""waypoints"":(-9850.8452, -6568.0365), ""unsafe_region"":[[40.0, 20.0], [80.0, 20.0], [80.0, 60.0], [40.0, 60.0]], }"
149.4999999999958,"{""waypoints"":(-9850.8452, -6568.0365), ""unsafe_region"":[[40.0, 20.0], [80.0, 20.0], [80.0, 60.0], [40.0, 60.0]], }"
149.4999999999958,"{""waypoints"":(-9850.8452, -6568.0365), ""unsafe_region"":[[40.0, 20.0], [80.0, 20.0], [80.0, 60.0], [40.0, 60.0]], }"
187.9999999999936,"{""waypoints"":(-9850.8452, -6568.0365), ""unsafe_region"":[[40.0, 20.0], [80.0, 20.0], [80.0, 60.0], [40.0, 60.0]], }"
188.0999999999936,"{""waypoints"":(-9850.8452, -6568.0365), ""unsafe_region"":[[40.0, 20.0], [80.0, 20.0], [80.0, 60.0], [40.0, 60.0]], }"
188.0999999999936,"{""waypoints"":(-9850.8452, -6568.0365), ""unsafe_region"":[[40.0, 20.0], [80.0, 20.0], [80.0, 60.0], [40.0, 60.0]], }"
188.0999999999936,"{""waypoints"":(-9850.8452, -6568.0365), ""unsafe_region"":[[40.0, 20.0], [80.0, 20.0], [80.0, 60.0], [40.0, 60.0]], }"
188.0999999999936,"{""waypoints"":(-9850.8452, -6568.0365), ""unsafe_region"":[[40.0, 20.0], [80.0, 20.0], [80.0, 60.0], [40.0, 60.0]], }"
188.0999999999936,"{""waypoints"":(-9850.8452, -6568.0365), ""unsafe_region"":[[40.0, 20.0], [80.0, 20.0], [80.0, 60.0], [40.0, 60.0]], }"
188.0999999999936,"{""waypoints"":(-9850.8452, -6568.0365), ""unsafe_region"":[[40.0, 20.0], [80.0, 20.0], [80.0, 60.0], [40.0, 60.0]], }"
188.0999999999936,"{""waypoints"":(-9850.8452, -6568.0365), ""unsafe_region"":[[40.0, 20.0], [80.0, 20.0], [80.0, 60.0], [40.0, 60.0]], }"
188.0999999999936,"{""waypoints"":(-9850.8452, -6568.0365), ""unsafe_region"":[[40.0, 20.0], [80.0, 20.0], [80.0, 60.0], [40.0, 60.0]], }"
188.0999999999936,"{""waypoints"":(-9850.8452, -6568.0365), ""unsafe_region"":[[40.0, 20.0], [80.0, 20.0], [80.0, 60.0], [40.0, 60.0]], }"
188.0999999999936,"{""waypoints"":(-9850.8452, -6568.0365), ""unsafe_region"":[[40.0, 20.0], [80.0, 20.0], [80.0, 60.0], [40.0, 60.0]], }"
188.0999999999936,"{""waypoints"":(-9850.8452, -6568.0365), ""unsafe_region"":[[40.0, 20.0], [80.0, 20.0], [80.0, 60.0], [40.0, 60.0]], }"
188.0999999999936,"{""waypoints"":(-9850.8452, -6568.0365), ""unsafe_region"":[[40.0, 20.0], [80.0, 20.0], [80.0, 60.0], [40.0, 60.0]], }"
188.0999999999936,"{""waypoints"":(-9850.8452, -6568.0365), ""unsafe_region"":[[40.0, 20.0], [80.0, 20.0], [80.0, 60.0], [40.0, 60.0]], }"
188.0999999999936,"{""waypoints"":(-9850.8452, -6568.0365), ""unsafe_region"":[[40.0, 20.0], [80.0, 20.0], [80.0, 60.0], [40.0, 60.0]], }"
188.0999999999936,"{""waypoints"":(-9850.8452, -6568.0365), ""unsafe_region"":[[40.0, 20.0], [80.0, 20.0], [80.0, 60.0], [40.0, 60.0]], }"
188.0999999999936,"{""waypoints"":(-9850.8452, -6568.0365), ""unsafe_region"":[[40.0, 20.0], [80.0, 20.0], [80.0, 60.0], [40.0, 60.0]], }"
188.0999999999936,"{""waypoints"":(-9850.8452, -6568.0365), ""unsafe_region"":[[40.0, 20.0], [80.0, 20.0], [80.0, 60.0], [40.0, 60.0]], }"
188.0999999999936,"{""waypoints"":(-9850.8452, -6568.0365), ""unsafe_region"":[[40.0, 20.0], [80.0, 20.0], [80.0, 60.0], [40.0, 60.0]], }"
188.0999999999936,"{""waypoints"":(-9850.8452, -6568.0365), ""unsafe_region"":[[40.0, 20.0], [80.0, 20.0], [80.0, 60.0], [40.0, 60.0]], }"
188.0999999999936,"{""waypoints"":(-9850.8452, -6568.0365), ""unsafe_region"":[[40.0, 20.0], [80.0, 20.0], [80.0, 60.0], [40.0, 60.0]], }"
188.0999999999936,"{""waypoints"":(-9850.8452, -6568.0365), ""unsafe_region"":[[40.0, 20.0], [80.0, 20.0], [80.0, 60.0], [40.0, 60.0]], }"
188.0999999999936,"{""waypoints"":(-9850.8452, -6568.0365), ""unsafe_region"":[[40.0, 20.0], [80.0, 20.0], [80.0, 60.0], [40.0, 60.0]], }"
188.0999999999936,"{""waypoints"":(-9850.8452, -6568.0365), ""unsafe_region"":[[40.0, 20.0], [80.0, 20.0], [80.0, 60.0], [40.0, 60.0]], }"
188.0999999999936,"{""waypoints"":(-9850.8452, -6568.0365), ""unsafe_region"":[[40.0, 20.0], [80.0, 20.0], [80.0, 60.0], [40.0, 60.0]], }"
188.0999999999936,"{""waypoints"":(-9850.8452, -6568.0365), ""unsafe_region"":[[40.0, 20.0], [80.0, 20.0], [80.0, 60.0], [40.0, 60.0]], }"
188.0999999999936,"{""waypoints"":(-9850.8452, -6568.0365), ""unsafe_region"":[[40.0, 20.0], [80.0, 20.0], [80.0, 60.0], [40.0, 60.0]], }"
188.0999999999936,"{""waypoints"":(-9850.8452, -6568.0365), ""unsafe_region"":[[40.0, 20.0], [80.0, 20.0], [80.0, 60.0], [40.0, 60.0]], }"
188.0999999999936,"{""waypoints"":(-9850.8452, -6568.0365), ""unsafe_region"":[[40.0, 20.0], [80.0, 20.0], [80.0, 60.0], [40.0, 60.0]], }"
188.0999999999936,"{""waypoints"":(-9850.8452, -6568.0365), ""unsafe_region"":[[40.0, 20.0], [80.0, 20.0], [80.0, 60.0], [40.0, 60.0]], }"
188.0999999999936,"{""waypoints"":(-9850.8452, -6568.0365), ""unsafe_region"":[[40.0, 20.0], [80.0, 20.0], [80.0, 60.0], [40.0, 60.0]], }"
188.0999999999936,"{""waypoints"":(-9850.8452, -6568.0365), ""unsafe_region"":[[40.0, 20.0], [80.0, 20.0], [80.0, 60.0], [40.0, 60.0]], }"
188.0999999999936,"{""waypoints"":(-9850.8452, -6568.0365), ""unsafe_region"":[[40.0, 20.0], [80.0, 20.0], [80.0, 60.0], [40.0, 60.0]], }"
188.0999999999936,"{""waypoints"":(-9850.8452, -6568.0365), ""unsafe_region"":[[40.0, 20.0], [80.0, 20.0], [80.0, 60.0], [40.0, 60.0]], }"
188.0999999999936,"{""waypoints"":(-9850.8452, -6568.0365), ""unsafe_region"":[[40.0, 20.0], [80.0, 20.0], [80.0, 60.0], [40.0, 60.0]], }"
188.0999999999936,"{""waypoints"":(-9850.8452, -6568.0365), ""unsafe_region"":[[40.0, 20.0], [80.0, 20.0], [80.0, 60.0], [40.0, 60.0]], }"
188.0999999999936,"{""waypoints"":(-9850.8452, -6568.0365), ""unsafe_region"":[[40.0, 20.0], [80.0, 20.0], [80.0, 60.0], [40.0, 60.0]], }"
188.0999999999936,"{""waypoints"":(-9850.8452, -6568.0365), ""unsafe_region"":[[40.0, 20.0], [80.0, 20.0], [80.0, 60.0], [40.0, 60.0]], }"
188.0999999999936,"{""waypoints"":(-9850.8452, -6568.0365), ""unsafe_region"":[[40.0, 20.0], [80.0, 20.0], [80.0, 60.0], [40.0, 60.0]], }"
256.69999999998987,"{""waypoints"":(-9850.8452, -6568.0365), ""unsafe_region"":[[40.0, 20.0], [80.0, 20.0], [80.0, 60.0], [40.0, 60.0]], }"
256.7999999999899,"{""waypoints"":(-9850.8452, -6568.0365), ""unsafe_region"":[[40.0, 20.0], [80.0, 20.0], [80.0, 60.0], [40.0, 60.0]], }"
256.7999999999899,"{""waypoints"":(-9850.8452, -6568.0365), ""unsafe_region"":[[40.0, 20.0], [80.0, 20.0], [80.0, 60.0], [40.0, 60.0]], }"
256.7999999999899,"{""waypoints"":(-9850.8452, -6568.0365), ""unsafe_region"":[[40.0, 20.0], [80.0, 20.0], [80.0, 60.0], [40.0, 60.0]], }"
256.7999999999899,"{""waypoints"":(-9850.8452, -6568.0365), ""unsafe_region"":[[40.0, 20.0], [80.0, 20.0], [80.0, 60.0], [40.0, 60.0]], }"
256.7999999999899,"{""waypoints"":(-9850.8452, -6568.0365), ""unsafe_region"":[[40.0, 20.0], [80.0, 20.0], [80.0, 60.0], [40.0, 60.0]], }"
256.7999999999899,"{""waypoints"":(-9850.8452, -6568.0365), ""unsafe_region"":[[40.0, 20.0], [80.0, 20.0], [80.0, 60.0], [40.0, 60.0]], }"
256.7999999999899,"{""waypoints"":(-9850.8452, -6568.0365), ""unsafe_region"":[[40.0, 20.0], [80.0, 20.0], [80.0, 60.0], [40.0, 60.0]], }"
256.7999999999899,"{""waypoints"":(-9850.8452, -6568.0365), ""unsafe_region"":[[40.0, 20.0], [80.0, 20.0], [80.0, 60.0], [40.0, 60.0]], }"
256.7999999999899,"{""waypoints"":(-9850.8452, -6568.0365), ""unsafe_region"":[[40.0, 20.0], [80.0, 20.0], [80.0, 60.0], [40.0, 60.0]], }"
256.7999999999899,"{""waypoints"":(-9850.8452, -6568.0365), ""unsafe_region"":[[40.0, 20.0], [80.0, 20.0], [80.0, 60.0], [40.0, 60.0]], }"
256.7999999999899,"{""waypoints"":(-9850.8452, -6568.0365), ""unsafe_region"":[[40.0, 20.0], [80.0, 20.0], [80.0, 60.0], [40.0, 60.0]], }"
256.7999999999899,"{""waypoints"":(-9850.8452, -6568.0365), ""unsafe_region"":[[40.0, 20.0], [80.0, 20.0], [80.0, 60.0], [40.0, 60.0]], }"
256.7999999999899,"{""waypoints"":(-9850.8452, -6568.0365), ""unsafe_region"":[[40.0, 20.0], [80.0, 20.0], [80.0, 60.0], [40.0, 60.0]], }"
256.7999999999899,"{""waypoints"":(-9850.8452, -6568.0365), ""unsafe_region"":[[40.0, 20.0], [80.0, 20.0], [80.0, 60.0], [40.0, 60.0]], }"
256.7999999999899,"{""waypoints"":(-9850.8452, -6568.0365), ""unsafe_region"":[[40.0, 20.0], [80.0, 20.0], [80.0, 60.0], [40.0, 60.0]], }"
256.7999999999899,"{""waypoints"":(-9850.8452, -6568.0365), ""unsafe_region"":[[40.0, 20.0], [80.0, 20.0], [80.0, 60.0], [40.0, 60.0]], }"
256.7999999999899,"{""waypoints"":(-9850.8452, -6568.0365), ""unsafe_region"":[[40.0, 20.0], [80.0, 20.0], [80.0, 60.0], [40.0, 60.0]], }"
256.7999999999899,"{""waypoints"":(-9850.8452, -6568.0365), ""unsafe_region"":[[40.0, 20.0], [80.0, 20.0], [80.0, 60.0], [40.0, 60.0]], }"
256.7999999999899,"{""waypoints"":(-9850.8452, -6568.0365), ""unsafe_region"":[[40.0, 20.0], [80.0, 20.0], [80.0, 60.0], [40.0, 60.0]], }"
256.7999999999899,"{""waypoints"":(-9850.8452, -6568.0365), ""unsafe_region"":[[40.0, 20.0], [80.0, 20.0], [80.0, 60.0], [40.0, 60.0]], }"
256.7999999999899,"{""waypoints"":(-9850.8452, -6568.0365), ""unsafe_region"":[[40.0, 20.0], [80.0, 20.0], [80.0, 60.0], [40.0, 60.0]], }"
256.7999999999899,"{""waypoints"":(-9850.8452, -6568.0365), ""unsafe_region"":[[40.0, 20.0], [80.0, 20.0], [80.0, 60.0], [40.0, 60.0]], }"
256.7999999999899,"{""waypoints"":(-9850.8452, -6568.0365), ""unsafe_region"":[[40.0, 20.0], [80.0, 20.0], [80.0, 60.0], [40.0, 60.0]], }"
256.7999999999899,"{""waypoints"":(-9850.8452, -6568.0365), ""unsafe_region"":[[40.0, 20.0], [80.0, 20.0], [80.0, 60.0], [40.0, 60.0]], }"
256.7999999999899,"{""waypoints"":(-9850.8452, -6568.0365), ""unsafe_region"":[[40.0, 20.0], [80.0, 20.0], [80.0, 60.0], [40.0, 60.0]], }"
256.7999999999899,"{""waypoints"":(-9850.8452, -6568.0365), ""unsafe_region"":[[40.0, 20.0], [80.0, 20.0], [80.0, 60.0], [40.0, 60.0]], }"
256.7999999999899,"{""waypoints"":(-9850.8452, -6568.0365), ""unsafe_region"":[[40.0, 20.0], [80.0, 20.0], [80.0, 60.0], [40.0, 60.0]], }"
256.7999999999899,"{""waypoints"":(-9850.8452, -6568.0365), ""unsafe_region"":[[40.0, 20.0], [80.0, 20.0], [80.0, 60.0], [40.0, 60.0]], }"
256.7999999999899,"{""waypoints"":(-9850.8452, -6568.0365), ""unsafe_region"":[[40.0, 20.0], [80.0, 20.0], [80.0, 60.0], [40.0, 60.0]], }"
256.7999999999899,"{""waypoints"":(-9850.8452, -6568.0365), ""unsafe_region"":[[40.0, 20.0], [80.0, 20.0], [80.0, 60.0], [40.0, 60.0]], }"
256.7999999999899,"{""waypoints"":(-9850.8452, -6568.0365), ""unsafe_region"":[[40.0, 20.0], [80.0, 20.0], [80.0, 60.0], [40.0, 60.0]], }"
256.7999999999899,"{""waypoints"":(-9850.8452, -6568.0365), ""unsafe_region"":[[40.0, 20.0], [80.0, 20.0], [80.0, 60.0], [40.0, 60.0]], }"
256.7999999999899,"{""waypoints"":(-9850.8452, -6568.0365), ""unsafe_region"":[[40.0, 20.0], [80.0, 20.0], [80.0, 60.0], [40.0, 60.0]], }"
256.7999999999899,"{""waypoints"":(-9850.8452, -6568.0365), ""unsafe_region"":[[40.0, 20.0], [80.0, 20.0], [80.0, 60.0], [40.0, 60.0]], }"
256.7999999999899,"{""waypoints"":(-9850.8452, -6568.0365), ""unsafe_region"":[[40.0, 20.0], [80.0, 20.0], [80.0, 60.0], [40.0, 60.0]], }"
256.7999999999899,"{""waypoints"":(-9850.8452, -6568.0365), ""unsafe_region"":[[40.0, 20.0], [80.0, 20.0], [80.0, 60.0], [40.0, 60.0]], }"
256.7999999999899,"{""waypoints"":(-9850.8452, -6568.0365), ""unsafe_region"":[[40.0, 20.0], [80.0, 20.0], [80.0, 60.0], [40.0, 60.0]], }"
256.7999999999899,"{""waypoints"":(-9850.8452, -6568.0365), ""unsafe_region"":[[40.0, 20.0], [80.0, 20.0], [80.0, 60.0], [40.0, 60.0]], }"
256.7999999999899,"{""waypoints"":(-9850.8452, -6568.0365), ""unsafe_region"":[[40.0, 20.0], [80.0, 20.0], [80.0, 60.0], [40.0, 60.0]], }"
256.7999999999899,"{""waypoints"":(-9850.8452, -6568.0365), ""unsafe_region"":[[40.0, 20.0], [80.0, 20.0], [80.0, 60.0], [40.0, 60.0]], }"
256.7999999999899,"{""waypoints"":(-9850.8452, -6568.0365), ""unsafe_region"":[[40.0, 20.0], [80.0, 20.0], [80.0, 60.0], [40.0, 60.0]], }"
256.7999999999899,"{""waypoints"":(-9850.8452, -6568.0365), ""unsafe_region"":[[40.0, 20.0], [80.0, 20.0], [80.0, 60.0], [40.0, 60.0]], }"
256.7999999999899,"{""waypoints"":(-9850.8452, -6568.0365), ""unsafe_region"":[[40.0, 20.0], [80.0, 20.0], [80.0, 60.0], [40.0, 60.0]], }"
256.7999999999899,"{""waypoints"":(-9850.8452, -6568.0365), ""unsafe_region"":[[40.0, 20.0], [80.0, 20.0], [80.0, 60.0], [40.0, 60.0]], }"
256.7999999999899,"{""waypoints"":(-9850.8452, -6568.0365), ""unsafe_region"":[[40.0, 20.0], [80.0, 20.0], [80.0, 60.0], [40.0, 60.0]], }"
256.7999999999899,"{""waypoints"":(-9850.8452, -6568.0365), ""unsafe_region"":[[40.0, 20.0], [80.0, 20.0], [80.0, 60.0], [40.0, 60.0]], }"
256.7999999999899,"{""waypoints"":(-9850.8452, -6568.0365), ""unsafe_region"":[[40.0, 20.0], [80.0, 20.0], [80.0, 60.0], [40.0, 60.0]], }"
256.7999999999899,"{""waypoints"":(-9850.8452, -6568.0365), ""unsafe_region"":[[40.0, 20.0], [80.0, 20.0], [80.0, 60.0], [40.0, 60.0]], }"
256.7999999999899,"{""waypoints"":(-9850.8452, -6568.0365), ""unsafe_region"":[[40.0, 20.0], [80.0, 20.0], [80.0, 60.0], [40.0, 60.0]], }"
256.7999999999899,"{""waypoints"":(-9850.8452, -6568.0365), ""unsafe_region"":[[40.0, 20.0], [80.0, 20.0], [80.0, 60.0], [40.0, 60.0]], }"
256.7999999999899,"{""waypoints"":(-9850.8452, -6568.0365), ""unsafe_region"":[[40.0, 20.0], [80.0, 20.0], [80.0, 60.0], [40.0, 60.0]], }"
256.7999999999899,"{""waypoints"":(-9850.8452, -6568.0365), ""unsafe_region"":[[40.0, 20.0], [80.0, 20.0], [80.0, 60.0], [40.0, 60.0]], }"
256.7999999999899,"{""waypoints"":(-9850.8452, -6568.0365), ""unsafe_region"":[[40.0, 20.0], [80.0, 20.0], [80.0, 60.0], [40.0, 60.0]], }"
256.7999999999899,"{""waypoints"":(-9850.8452, -6568.0365), ""unsafe_region"":[[40.0, 20.0], [80.0, 20.0], [80.0, 60.0], [40.0, 60.0]], }"
256.7999999999899,"{""waypoints"":(-9850.8452, -6568.0365), ""unsafe_region"":[[40.0, 20.0], [80.0, 20.0], [80.0, 60.0], [40.0, 60.0]], }"
256.7999999999899,"{""waypoints"":(-9850.8452, -6568.0365), ""unsafe_region"":[[40.0, 20.0], [80.0, 20.0], [80.0, 60.0], [40.0, 60.0]], }"
256.7999999999899,"{""waypoints"":(-9850.8452, -6568.0365), ""unsafe_region"":[[40.0, 20.0], [80.0, 20.0], [80.0, 60.0], [40.0, 60.0]], }"
256.7999999999899,"{""waypoints"":(-9850.8452, -6568.0365), ""unsafe_region"":[[40.0, 20.0], [80.0, 20.0], [80.0, 60.0], [40.0, 60.0]], }"
256.7999999999899,"{""waypoints"":(-9850.8452, -6568.0365), ""unsafe_region"":[[40.0, 20.0], [80.0, 20.0], [80.0, 60.0], [40.0, 60.0]], }"
256.7999999999899,"{""waypoints"":(-9850.8452, -6568.0365), ""unsafe_region"":[[40.0, 20.0], [80.0, 20.0], [80.0, 60.0], [40.0, 60.0]], }"
256.7999999999899,"{""waypoints"":(-9850.8452, -6568.0365), ""unsafe_region"":[[40.0, 20.0], [80.0, 20.0], [80.0, 60.0], [40.0, 60.0]], }"
256.7999999999899,"{""waypoints"":(-9850.8452, -6568.0365), ""unsafe_region"":[[40.0, 20.0], [80.0, 20.0], [80.0, 60.0], [40.0, 60.0]], }"
256.7999999999899,"{""waypoints"":(-9850.8452, -6568.0365), ""unsafe_region"":[[40.0, 20.0], [80.0, 20.0], [80.0, 60.0], [40.0, 60.0]], }"
256.7999999999899,"{""waypoints"":(-9850.8452, -6568.0365), ""unsafe_region"":[[40.0, 20.0], [80.0, 20.0], [80.0, 60.0], [40.0, 60.0]], }"
256.7999999999899,"{""waypoints"":(-9850.8452, -6568.0365), ""unsafe_region"":[[40.0, 20.0], [80.0, 20.0], [80.0, 60.0], [40.0, 60.0]], }"
256.7999999999899,"{""waypoints"":(-9850.8452, -6568.0365), ""unsafe_region"":[[40.0, 20.0], [80.0, 20.0], [80.0, 60.0], [40.0, 60.0]], }"
256.7999999999899,"{""waypoints"":(-9850.8452, -6568.0365), ""unsafe_region"":[[40.0, 20.0], [80.0, 20.0], [80.0, 60.0], [40.0, 60.0]], }"
272.5999999999935,"{""waypoints"":(-9850.8452, -6568.0365), ""unsafe_region"":[[40.0, 20.0], [80.0, 20.0], [80.0, 60.0], [40.0, 60.0]], }"
272.6999999999935,"{""waypoints"":(-9850.8452, -6568.0365), ""unsafe_region"":[[40.0, 20.0], [80.0, 20.0], [80.0, 60.0], [40.0, 60.0]], }"
272.6999999999935,"{""waypoints"":(-9850.8452, -6568.0365), ""unsafe_region"":[[40.0, 20.0], [80.0, 20.0], [80.0, 60.0], [40.0, 60.0]], }"
272.6999999999935,"{""waypoints"":(-9850.8452, -6568.0365), ""unsafe_region"":[[40.0, 20.0], [80.0, 20.0], [80.0, 60.0], [40.0, 60.0]], }"
272.6999999999935,"{""waypoints"":(-9850.8452, -6568.0365), ""unsafe_region"":[[40.0, 20.0], [80.0, 20.0], [80.0, 60.0], [40.0, 60.0]], }"
272.6999999999935,"{""waypoints"":(-9850.8452, -6568.0365), ""unsafe_region"":[[40.0, 20.0], [80.0, 20.0], [80.0, 60.0], [40.0, 60.0]], }"
272.6999999999935,"{""waypoints"":(-9850.8452, -6568.0365), ""unsafe_region"":[[40.0, 20.0], [80.0, 20.0], [80.0, 60.0], [40.0, 60.0]], }"
272.6999999999935,"{""waypoints"":(-9850.8452, -6568.0365), ""unsafe_region"":[[40.0, 20.0], [80.0, 20.0], [80.0, 60.0], [40.0, 60.0]], }"
272.6999999999935,"{""waypoints"":(-9850.8452, -6568.0365), ""unsafe_region"":[[40.0, 20.0], [80.0, 20.0], [80.0, 60.0], [40.0, 60.0]], }"
272.6999999999935,"{""waypoints"":(-9850.8452, -6568.0365), ""unsafe_region"":[[40.0, 20.0], [80.0, 20.0], [80.0, 60.0], [40.0, 60.0]], }"
272.6999999999935,"{""waypoints"":(-9850.8452, -6568.0365), ""unsafe_region"":[[40.0, 20.0], [80.0, 20.0], [80.0, 60.0], [40.0, 60.0]], }"
272.6999999999935,"{""waypoints"":(-9850.8452, -6568.0365), ""unsafe_region"":[[40.0, 20.0], [80.0, 20.0], [80.0, 60.0], [40.0, 60.0]], }"
272.6999999999935,"{""waypoints"":(-9850.8452, -6568.0365), ""unsafe_region"":[[40.0, 20.0], [80.0, 20.0], [80.0, 60.0], [40.0, 60.0]], }"
272.6999999999935,"{""waypoints"":(-9850.8452, -6568.0365), ""unsafe_region"":[[40.0, 20.0], [80.0, 20.0], [80.0, 60.0], [40.0, 60.0]], }"
272.6999999999935,"{""waypoints"":(-9850.8452, -6568.0365), ""unsafe_region"":[[40.0, 20.0], [80.0, 20.0], [80.0, 60.0], [40.0, 60.0]], }"
272.6999999999935,"{""waypoints"":(-9850.8452, -6568.0365), ""unsafe_region"":[[40.0, 20.0], [80.0, 20.0], [80.0, 60.0], [40.0, 60.0]], }"
295.1999999999986,"{""waypoints"":(-9850.8452, -6568.0365), ""unsafe_region"":[[40.0, 20.0], [80.0, 20.0], [80.0, 60.0], [40.0, 60.0]], }"
295.29999999999865,"{""waypoints"":(-9850.8452, -6568.0365), ""unsafe_region"":[[40.0, 20.0], [80.0, 20.0], [80.0, 60.0], [40.0, 60.0]], }"
295.29999999999865,"{""waypoints"":(-9850.8452, -6568.0365), ""unsafe_region"":[[40.0, 20.0], [80.0, 20.0], [80.0, 60.0], [40.0, 60.0]], }"
295.29999999999865,"{""waypoints"":(-9850.8452, -6568.0365), ""unsafe_region"":[[40.0, 20.0], [80.0, 20.0], [80.0, 60.0], [40.0, 60.0]], }"
295.29999999999865,"{""waypoints"":(-9850.8452, -6568.0365), ""unsafe_region"":[[40.0, 20.0], [80.0, 20.0], [80.0, 60.0], [40.0, 60.0]], }"
295.29999999999865,"{""waypoints"":(-9850.8452, -6568.0365), ""unsafe_region"":[[40.0, 20.0], [80.0, 20.0], [80.0, 60.0], [40.0, 60.0]], }"
295.29999999999865,"{""waypoints"":(-9850.8452, -6568.0365), ""unsafe_region"":[[40.0, 20.0], [80.0, 20.0], [80.0, 60.0], [40.0, 60.0]], }"
295.29999999999865,"{""waypoints"":(-9850.8452, -6568.0365), ""unsafe_region"":[[40.0, 20.0], [80.0, 20.0], [80.0, 60.0], [40.0, 60.0]], }"
295.29999999999865,"{""waypoints"":(-9850.8452, -6568.0365), ""unsafe_region"":[[40.0, 20.0], [80.0, 20.0], [80.0, 60.0], [40.0, 60.0]], }"
295.29999999999865,"{""waypoints"":(-9850.8452, -6568.0365), ""unsafe_region"":[[40.0, 20.0], [80.0, 20.0], [80.0, 60.0], [40.0, 60.0]], }"
295.29999999999865,"{""waypoints"":(-9850.8452, -6568.0365), ""unsafe_region"":[[40.0, 20.0], [80.0, 20.0], [80.0, 60.0], [40.0, 60.0]], }"
295.29999999999865,"{""waypoints"":(-9850.8452, -6568.0365), ""unsafe_region"":[[40.0, 20.0], [80.0, 20.0], [80.0, 60.0], [40.0, 60.0]], }"
295.29999999999865,"{""waypoints"":(-9850.8452, -6568.0365), ""unsafe_region"":[[40.0, 20.0], [80.0, 20.0], [80.0, 60.0], [40.0, 60.0]], }"
295.29999999999865,"{""waypoints"":(-9850.8452, -6568.0365), ""unsafe_region"":[[40.0, 20.0], [80.0, 20.0], [80.0, 60.0], [40.0, 60.0]], }"
295.29999999999865,"{""waypoints"":(-9850.8452, -6568.0365), ""unsafe_region"":[[40.0, 20.0], [80.0, 20.0], [80.0, 60.0], [40.0, 60.0]], }"
295.29999999999865,"{""waypoints"":(-9850.8452, -6568.0365), ""unsafe_region"":[[40.0, 20.0], [80.0, 20.0], [80.0, 60.0], [40.0, 60.0]], }"
295.29999999999865,"{""waypoints"":(-9850.8452, -6568.0365), ""unsafe_region"":[[40.0, 20.0], [80.0, 20.0], [80.0, 60.0], [40.0, 60.0]], }"
295.29999999999865,"{""waypoints"":(-9850.8452, -6568.0365), ""unsafe_region"":[[40.0, 20.0], [80.0, 20.0], [80.0, 60.0], [40.0, 60.0]], }"
295.29999999999865,"{""waypoints"":(-9850.8452, -6568.0365), ""unsafe_region"":[[40.0, 20.0], [80.0, 20.0], [80.0, 60.0], [40.0, 60.0]], }"
295.29999999999865,"{""waypoints"":(-9850.8452, -6568.0365), ""unsafe_region"":[[40.0, 20.0], [80.0, 20.0], [80.0, 60.0], [40.0, 60.0]], }"
295.29999999999865,"{""waypoints"":(-9850.8452, -6568.0365), ""unsafe_region"":[[40.0, 20.0], [80.0, 20.0], [80.0, 60.0], [40.0, 60.0]], }"
295.29999999999865,"{""waypoints"":(-9850.8452, -6568.0365), ""unsafe_region"":[[40.0, 20.0], [80.0, 20.0], [80.0, 60.0], [40.0, 60.0]], }"
295.29999999999865,"{""waypoints"":(-9850.8452, -6568.0365), ""unsafe_region"":[[40.0, 20.0], [80.0, 20.0], [80.0, 60.0], [40.0, 60.0]], }"
350.4000000000112,"{""waypoints"":(-9850.8452, -6568.0365), ""unsafe_region"":[[40.0, 20.0], [80.0, 20.0], [80.0, 60.0], [40.0, 60.0]], }"
350.5000000000112,"{""waypoints"":(-9850.8452, -6568.0365), ""unsafe_region"":[[40.0, 20.0], [80.0, 20.0], [80.0, 60.0], [40.0, 60.0]], }"
350.5000000000112,"{""waypoints"":(-9850.8452, -6568.0365), ""unsafe_region"":[[40.0, 20.0], [80.0, 20.0], [80.0, 60.0], [40.0, 60.0]], }"
350.5000000000112,"{""waypoints"":(-9850.8452, -6568.0365), ""unsafe_region"":[[40.0, 20.0], [80.0, 20.0], [80.0, 60.0], [40.0, 60.0]], }"
350.5000000000112,"{""waypoints"":(-9850.8452, -6568.0365), ""unsafe_region"":[[40.0, 20.0], [80.0, 20.0], [80.0, 60.0], [40.0, 60.0]], }"
350.5000000000112,"{""waypoints"":(-9850.8452, -6568.0365), ""unsafe_region"":[[40.0, 20.0], [80.0, 20.0], [80.0, 60.0], [40.0, 60.0]], }"
350.5000000000112,"{""waypoints"":(-9850.8452, -6568.0365), ""unsafe_region"":[[40.0, 20.0], [80.0, 20.0], [80.0, 60.0], [40.0, 60.0]], }"
350.5000000000112,"{""waypoints"":(-9850.8452, -6568.0365), ""unsafe_region"":[[40.0, 20.0], [80.0, 20.0], [80.0, 60.0], [40.0, 60.0]], }"
350.5000000000112,"{""waypoints"":(-9850.8452, -6568.0365), ""unsafe_region"":[[40.0, 20.0], [80.0, 20.0], [80.0, 60.0], [40.0, 60.0]], }"
350.5000000000112,"{""waypoints"":(-9850.8452, -6568.0365), ""unsafe_region"":[[40.0, 20.0], [80.0, 20.0], [80.0, 60.0], [40.0, 60.0]], }"
350.5000000000112,"{""waypoints"":(-9850.8452, -6568.0365), ""unsafe_region"":[[40.0, 20.0], [80.0, 20.0], [80.0, 60.0], [40.0, 60.0]], }"
350.5000000000112,"{""waypoints"":(-9850.8452, -6568.0365), ""unsafe_region"":[[40.0, 20.0], [80.0, 20.0], [80.0, 60.0], [40.0, 60.0]], }"
350.5000000000112,"{""waypoints"":(-9850.8452, -6568.0365), ""unsafe_region"":[[40.0, 20.0], [80.0, 20.0], [80.0, 60.0], [40.0, 60.0]], }"
350.5000000000112,"{""waypoints"":(-9850.8452, -6568.0365), ""unsafe_region"":[[40.0, 20.0], [80.0, 20.0], [80.0, 60.0], [40.0, 60.0]], }"
350.5000000000112,"{""waypoints"":(-9850.8452, -6568.0365), ""unsafe_region"":[[40.0, 20.0], [80.0, 20.0], [80.0, 60.0], [40.0, 60.0]], }"
350.5000000000112,"{""waypoints"":(-9850.8452, -6568.0365), ""unsafe_region"":[[40.0, 20.0], [80.0, 20.0], [80.0, 60.0], [40.0, 60.0]], }"
350.5000000000112,"{""waypoints"":(-9850.8452, -6568.0365), ""unsafe_region"":[[40.0, 20.0], [80.0, 20.0], [80.0, 60.0], [40.0, 60.0]], }"
350.5000000000112,"{""waypoints"":(-9850.8452, -6568.0365), ""unsafe_region"":[[40.0, 20.0], [80.0, 20.0], [80.0, 60.0], [40.0, 60.0]], }"
350.5000000000112,"{""waypoints"":(-9850.8452, -6568.0365), ""unsafe_region"":[[40.0, 20.0], [80.0, 20.0], [80.0, 60.0], [40.0, 60.0]], }"
350.5000000000112,"{""waypoints"":(-9850.8452, -6568.0365), ""unsafe_region"":[[40.0, 20.0], [80.0, 20.0], [80.0, 60.0], [40.0, 60.0]], }"
350.5000000000112,"{""waypoints"":(-9850.8452, -6568.0365), ""unsafe_region"":[[40.0, 20.0], [80.0, 20.0], [80.0, 60.0], [40.0, 60.0]], }"
350.5000000000112,"{""waypoints"":(-9850.8452, -6568.0365), ""unsafe_region"":[[40.0, 20.0], [80.0, 20.0], [80.0, 60.0], [40.0, 60.0]], }"
350.5000000000112,"{""waypoints"":(-9850.8452, -6568.0365), ""unsafe_region"":[[40.0, 20.0], [80.0, 20.0], [80.0, 60.0], [40.0, 60.0]], }"
350.5000000000112,"{""waypoints"":(-9850.8452, -6568.0365), ""unsafe_region"":[[40.0, 20.0], [80.0, 20.0], [80.0, 60.0], [40.0, 60.0]], }"
350.5000000000112,"{""waypoints"":(-9850.8452, -6568.0365), ""unsafe_region"":[[40.0, 20.0], [80.0, 20.0], [80.0, 60.0], [40.0, 60.0]], }"
350.5000000000112,"{""waypoints"":(-9850.8452, -6568.0365), ""unsafe_region"":[[40.0, 20.0], [80.0, 20.0], [80.0, 60.0], [40.0, 60.0]], }"
350.5000000000112,"{""waypoints"":(-9850.8452, -6568.0365), ""unsafe_region"":[[40.0, 20.0], [80.0, 20.0], [80.0, 60.0], [40.0, 60.0]], }"
350.5000000000112,"{""waypoints"":(-9850.8452, -6568.0365), ""unsafe_region"":[[40.0, 20.0], [80.0, 20.0], [80.0, 60.0], [40.0, 60.0]], }"
350.5000000000112,"{""waypoints"":(-9850.8452, -6568.0365), ""unsafe_region"":[[40.0, 20.0], [80.0, 20.0], [80.0, 60.0], [40.0, 60.0]], }"
350.5000000000112,"{""waypoints"":(-9850.8452, -6568.0365), ""unsafe_region"":[[40.0, 20.0], [80.0, 20.0], [80.0, 60.0], [40.0, 60.0]], }"
350.5000000000112,"{""waypoints"":(-9850.8452, -6568.0365), ""unsafe_region"":[[40.0, 20.0], [80.0, 20.0], [80.0, 60.0], [40.0, 60.0]], }"
350.5000000000112,"{""waypoints"":(-9850.8452, -6568.0365), ""unsafe_region"":[[40.0, 20.0], [80.0, 20.0], [80.0, 60.0], [40.0, 60.0]], }"
350.5000000000112,"{""waypoints"":(-9850.8452, -6568.0365), ""unsafe_region"":[[40.0, 20.0], [80.0, 20.0], [80.0, 60.0], [40.0, 60.0]], }"
350.5000000000112,"{""waypoints"":(-9850.8452, -6568.0365), ""unsafe_region"":[[40.0, 20.0], [80.0, 20.0], [80.0, 60.0], [40.0, 60.0]], }"
350.5000000000112,"{""waypoints"":(-9850.8452, -6568.0365), ""unsafe_region"":[[40.0, 20.0], [80.0, 20.0], [80.0, 60.0], [40.0, 60.0]], }"
350.5000000000112,"{""waypoints"":(-9850.8452, -6568.0365), ""unsafe_region"":[[40.0, 20.0], [80.0, 20.0], [80.0, 60.0], [40.0, 60.0]], }"
350.5000000000112,"{""waypoints"":(-9850.8452, -6568.0365), ""unsafe_region"":[[40.0, 20.0], [80.0, 20.0], [80.0, 60.0], [40.0, 60.0]], }"
350.5000000000112,"{""waypoints"":(-9850.8452, -6568.0365), ""unsafe_region"":[[40.0, 20.0], [80.0, 20.0], [80.0, 60.0], [40.0, 60.0]], }"
350.5000000000112,"{""waypoints"":(-9850.8452, -6568.0365), ""unsafe_region"":[[40.0, 20.0], [80.0, 20.0], [80.0, 60.0], [40.0, 60.0]], }"
350.5000000000112,"{""waypoints"":(-9850.8452, -6568.0365), ""unsafe_region"":[[40.0, 20.0], [80.0, 20.0], [80.0, 60.0], [40.0, 60.0]], }"
350.5000000000112,"{""waypoints"":(-9850.8452, -6568.0365), ""unsafe_region"":[[40.0, 20.0], [80.0, 20.0], [80.0, 60.0], [40.0, 60.0]], }"
350.5000000000112,"{""waypoints"":(-9850.8452, -6568.0365), ""unsafe_region"":[[40.0, 20.0], [80.0, 20.0], [80.0, 60.0], [40.0, 60.0]], }"
350.5000000000112,"{""waypoints"":(-9850.8452, -6568.0365), ""unsafe_region"":[[40.0, 20.0], [80.0, 20.0], [80.0, 60.0], [40.0, 60.0]], }"
350.5000000000112,"{""waypoints"":(-9850.8452, -6568.0365), ""unsafe_region"":[[40.0, 20.0], [80.0, 20.0], [80.0, 60.0], [40.0, 60.0]], }"
350.5000000000112,"{""waypoints"":(-9850.8452, -6568.0365), ""unsafe_region"":[[40.0, 20.0], [80.0, 20.0], [80.0, 60.0], [40.0, 60.0]], }"
350.5000000000112,"{""waypoints"":(-9850.8452, -6568.0365), ""unsafe_region"":[[40.0, 20.0], [80.0, 20.0], [80.0, 60.0], [40.0, 60.0]], }"
350.5000000000112,"{""waypoints"":(-9850.8452, -6568.0365), ""unsafe_region"":[[40.0, 20.0], [80.0, 20.0], [80.0, 60.0], [40.0, 60.0]], }"
350.5000000000112,"{""waypoints"":(-9850.8452, -6568.0365), ""unsafe_region"":[[40.0, 20.0], [80.0, 20.0], [80.0, 60.0], [40.0, 60.0]], }"
350.5000000000112,"{""waypoints"":(-9850.8452, -6568.0365), ""unsafe_region"":[[40.0, 20.0], [80.0, 20.0], [80.0, 60.0], [40.0, 60.0]], }"
350.5000000000112,"{""waypoints"":(-9850.8452, -6568.0365), ""unsafe_region"":[[40.0, 20.0], [80.0, 20.0], [80.0, 60.0], [40.0, 60.0]], }"
350.5000000000112,"{""waypoints"":(-9850.8452, -6568.0365), ""unsafe_region"":[[40.0, 20.0], [80.0, 20.0], [80.0, 60.0], [40.0, 60.0]], }"
350.5000000000112,"{""waypoints"":(-9850.8452, -6568.0365), ""unsafe_region"":[[40.0, 20.0], [80.0, 20.0], [80.0, 60.0], [40.0, 60.0]], }"
350.5000000000112,"{""waypoints"":(-9850.8452, -6568.0365), ""unsafe_region"":[[40.0, 20.0], [80.0, 20.0], [80.0, 60.0], [40.0, 60.0]], }"
350.5000000000112,"{""waypoints"":(-9850.8452, -6568.0365), ""unsafe_region"":[[40.0, 20.0], [80.0, 20.0], [80.0, 60.0], [40.0, 60.0]], }"
350.5000000000112,"{""waypoints"":(-9850.8452, -6568.0365), ""unsafe_region"":[[40.0, 20.0], [80.0, 20.0], [80.0, 60.0], [40.0, 60.0]], }"
389.6000000000201,"{""waypoints"":(-9850.8452, -6568.0365), ""unsafe_region"":[[40.0, 20.0], [80.0, 20.0], [80.0, 60.0], [40.0, 60.0]], }"
389.7000000000201,"{""waypoints"":(-9850.8452, -6568.0365), ""unsafe_region"":[[40.0, 20.0], [80.0, 20.0], [80.0, 60.0], [40.0, 60.0]], }"
389.7000000000201,"{""waypoints"":(-9850.8452, -6568.0365), ""unsafe_region"":[[40.0, 20.0], [80.0, 20.0], [80.0, 60.0], [40.0, 60.0]], }"
389.7000000000201,"{""waypoints"":(-9850.8452, -6568.0365), ""unsafe_region"":[[40.0, 20.0], [80.0, 20.0], [80.0, 60.0], [40.0, 60.0]], }"
389.7000000000201,"{""waypoints"":(-9850.8452, -6568.0365), ""unsafe_region"":[[40.0, 20.0], [80.0, 20.0], [80.0, 60.0], [40.0, 60.0]], }"
389.7000000000201,"{""waypoints"":(-9850.8452, -6568.0365), ""unsafe_region"":[[40.0, 20.0], [80.0, 20.0], [80.0, 60.0], [40.0, 60.0]], }"
389.7000000000201,"{""waypoints"":(-9850.8452, -6568.0365), ""unsafe_region"":[[40.0, 20.0], [80.0, 20.0], [80.0, 60.0], [40.0, 60.0]], }"
389.7000000000201,"{""waypoints"":(-9850.8452, -6568.0365), ""unsafe_region"":[[40.0, 20.0], [80.0, 20.0], [80.0, 60.0], [40.0, 60.0]], }"
389.7000000000201,"{""waypoints"":(-9850.8452, -6568.0365), ""unsafe_region"":[[40.0, 20.0], [80.0, 20.0], [80.0, 60.0], [40.0, 60.0]], }"
389.7000000000201,"{""waypoints"":(-9850.8452, -6568.0365), ""unsafe_region"":[[40.0, 20.0], [80.0, 20.0], [80.0, 60.0], [40.0, 60.0]], }"
389.7000000000201,"{""waypoints"":(-9850.8452, -6568.0365), ""unsafe_region"":[[40.0, 20.0], [80.0, 20.0], [80.0, 60.0], [40.0, 60.0]], }"
389.7000000000201,"{""waypoints"":(-9850.8452, -6568.0365), ""unsafe_region"":[[40.0, 20.0], [80.0, 20.0], [80.0, 60.0], [40.0, 60.0]], }"
389.7000000000201,"{""waypoints"":(-9850.8452, -6568.0365), ""unsafe_region"":[[40.0, 20.0], [80.0, 20.0], [80.0, 60.0], [40.0, 60.0]], }"
389.7000000000201,"{""waypoints"":(-9850.8452, -6568.0365), ""unsafe_region"":[[40.0, 20.0], [80.0, 20.0], [80.0, 60.0], [40.0, 60.0]], }"
389.7000000000201,"{""waypoints"":(-9850.8452, -6568.0365), ""unsafe_region"":[[40.0, 20.0], [80.0, 20.0], [80.0, 60.0], [40.0, 60.0]], }"
389.7000000000201,"{""waypoints"":(-9850.8452, -6568.0365), ""unsafe_region"":[[40.0, 20.0], [80.0, 20.0], [80.0, 60.0], [40.0, 60.0]], }"
389.7000000000201,"{""waypoints"":(-9850.8452, -6568.0365), ""unsafe_region"":[[40.0, 20.0], [80.0, 20.0], [80.0, 60.0], [40.0, 60.0]], }"
389.7000000000201,"{""waypoints"":(-9850.8452, -6568.0365), ""unsafe_region"":[[40.0, 20.0], [80.0, 20.0], [80.0, 60.0], [40.0, 60.0]], }"
389.7000000000201,"{""waypoints"":(-9850.8452, -6568.0365), ""unsafe_region"":[[40.0, 20.0], [80.0, 20.0], [80.0, 60.0], [40.0, 60.0]], }"
389.7000000000201,"{""waypoints"":(-9850.8452, -6568.0365), ""unsafe_region"":[[40.0, 20.0], [80.0, 20.0], [80.0, 60.0], [40.0, 60.0]], }"
389.7000000000201,"{""waypoints"":(-9850.8452, -6568.0365), ""unsafe_region"":[[40.0, 20.0], [80.0, 20.0], [80.0, 60.0], [40.0, 60.0]], }"
389.7000000000201,"{""waypoints"":(-9850.8452, -6568.0365), ""unsafe_region"":[[40.0, 20.0], [80.0, 20.0], [80.0, 60.0], [40.0, 60.0]], }"
389.7000000000201,"{""waypoints"":(-9850.8452, -6568.0365), ""unsafe_region"":[[40.0, 20.0], [80.0, 20.0], [80.0, 60.0], [40.0, 60.0]], }"
389.7000000000201,"{""waypoints"":(-9850.8452, -6568.0365), ""unsafe_region"":[[40.0, 20.0], [80.0, 20.0], [80.0, 60.0], [40.0, 60.0]], }"
389.7000000000201,"{""waypoints"":(-9850.8452, -6568.0365), ""unsafe_region"":[[40.0, 20.0], [80.0, 20.0], [80.0, 60.0], [40.0, 60.0]], }"
389.7000000000201,"{""waypoints"":(-9850.8452, -6568.0365), ""unsafe_region"":[[40.0, 20.0], [80.0, 20.0], [80.0, 60.0], [40.0, 60.0]], }"
389.7000000000201,"{""waypoints"":(-9850.8452, -6568.0365), ""unsafe_region"":[[40.0, 20.0], [80.0, 20.0], [80.0, 60.0], [40.0, 60.0]], }"
389.7000000000201,"{""waypoints"":(-9850.8452, -6568.0365), ""unsafe_region"":[[40.0, 20.0], [80.0, 20.0], [80.0, 60.0], [40.0, 60.0]], }"
389.7000000000201,"{""waypoints"":(-9850.8452, -6568.0365), ""unsafe_region"":[[40.0, 20.0], [80.0, 20.0], [80.0, 60.0], [40.0, 60.0]], }"
389.7000000000201,"{""waypoints"":(-9850.8452, -6568.0365), ""unsafe_region"":[[40.0, 20.0], [80.0, 20.0], [80.0, 60.0], [40.0, 60.0]], }"
389.7000000000201,"{""waypoints"":(-9850.8452, -6568.0365), ""unsafe_region"":[[40.0, 20.0], [80.0, 20.0], [80.0, 60.0], [40.0, 60.0]], }"
389.7000000000201,"{""waypoints"":(-9850.8452, -6568.0365), ""unsafe_region"":[[40.0, 20.0], [80.0, 20.0], [80.0, 60.0], [40.0, 60.0]], }"
389.7000000000201,"{""waypoints"":(-9850.8452, -6568.0365), ""unsafe_region"":[[40.0, 20.0], [80.0, 20.0], [80.0, 60.0], [40.0, 60.0]], }"
389.7000000000201,"{""waypoints"":(-9850.8452, -6568.0365), ""unsafe_region"":[[40.0, 20.0], [80.0, 20.0], [80.0, 60.0], [40.0, 60.0]], }"
389.7000000000201,"{""waypoints"":(-9850.8452, -6568.0365), ""unsafe_region"":[[40.0, 20.0], [80.0, 20.0], [80.0, 60.0], [40.0, 60.0]], }"
389.7000000000201,"{""waypoints"":(-9850.8452, -6568.0365), ""unsafe_region"":[[40.0, 20.0], [80.0, 20.0], [80.0, 60.0], [40.0, 60.0]], }"
389.7000000000201,"{""waypoints"":(-9850.8452, -6568.0365), ""unsafe_region"":[[40.0, 20.0], [80.0, 20.0], [80.0, 60.0], [40.0, 60.0]], }"
389.7000000000201,"{""waypoints"":(-9850.8452, -6568.0365), ""unsafe_region"":[[40.0, 20.0], [80.0, 20.0], [80.0, 60.0], [40.0, 60.0]], }"
389.7000000000201,"{""waypoints"":(-9850.8452, -6568.0365), ""unsafe_region"":[[40.0, 20.0], [80.0, 20.0], [80.0, 60.0], [40.0, 60.0]], }"
412.4000000000253,"{""waypoints"":(-9850.8452, -6568.0365), ""unsafe_region"":[[40.0, 20.0], [80.0, 20.0], [80.0, 60.0], [40.0, 60.0]], }"
412.5000000000253,"{""waypoints"":(-9850.8452, -6568.0365), ""unsafe_region"":[[40.0, 20.0], [80.0, 20.0], [80.0, 60.0], [40.0, 60.0]], }"
412.5000000000253,"{""waypoints"":(-9850.8452, -6568.0365), ""unsafe_region"":[[40.0, 20.0], [80.0, 20.0], [80.0, 60.0], [40.0, 60.0]], }"
412.5000000000253,"{""waypoints"":(-9850.8452, -6568.0365), ""unsafe_region"":[[40.0, 20.0], [80.0, 20.0], [80.0, 60.0], [40.0, 60.0]], }"
412.5000000000253,"{""waypoints"":(-9850.8452, -6568.0365), ""unsafe_region"":[[40.0, 20.0], [80.0, 20.0], [80.0, 60.0], [40.0, 60.0]], }"
412.5000000000253,"{""waypoints"":(-9850.8452, -6568.0365), ""unsafe_region"":[[40.0, 20.0], [80.0, 20.0], [80.0, 60.0], [40.0, 60.0]], }"
412.5000000000253,"{""waypoints"":(-9850.8452, -6568.0365), ""unsafe_region"":[[40.0, 20.0], [80.0, 20.0], [80.0, 60.0], [40.0, 60.0]], }"
412.5000000000253,"{""waypoints"":(-9850.8452, -6568.0365), ""unsafe_region"":[[40.0, 20.0], [80.0, 20.0], [80.0, 60.0], [40.0, 60.0]], }"
412.5000000000253,"{""waypoints"":(-9850.8452, -6568.0365), ""unsafe_region"":[[40.0, 20.0], [80.0, 20.0], [80.0, 60.0], [40.0, 60.0]], }"
412.5000000000253,"{""waypoints"":(-9850.8452, -6568.0365), ""unsafe_region"":[[40.0, 20.0], [80.0, 20.0], [80.0, 60.0], [40.0, 60.0]], }"
412.5000000000253,"{""waypoints"":(-9850.8452, -6568.0365), ""unsafe_region"":[[40.0, 20.0], [80.0, 20.0], [80.0, 60.0], [40.0, 60.0]], }"
412.5000000000253,"{""waypoints"":(-9850.8452, -6568.0365), ""unsafe_region"":[[40.0, 20.0], [80.0, 20.0], [80.0, 60.0], [40.0, 60.0]], }"
412.5000000000253,"{""waypoints"":(-9850.8452, -6568.0365), ""unsafe_region"":[[40.0, 20.0], [80.0, 20.0], [80.0, 60.0], [40.0, 60.0]], }"
412.5000000000253,"{""waypoints"":(-9850.8452, -6568.0365), ""unsafe_region"":[[40.0, 20.0], [80.0, 20.0], [80.0, 60.0], [40.0, 60.0]], }"
412.5000000000253,"{""waypoints"":(-9850.8452, -6568.0365), ""unsafe_region"":[[40.0, 20.0], [80.0, 20.0], [80.0, 60.0], [40.0, 60.0]], }"
412.5000000000253,"{""waypoints"":(-9850.8452, -6568.0365), ""unsafe_region"":[[40.0, 20.0], [80.0, 20.0], [80.0, 60.0], [40.0, 60.0]], }"
412.5000000000253,"{""waypoints"":(-9850.8452, -6568.0365), ""unsafe_region"":[[40.0, 20.0], [80.0, 20.0], [80.0, 60.0], [40.0, 60.0]], }"
412.5000000000253,"{""waypoints"":(-9850.8452, -6568.0365), ""unsafe_region"":[[40.0, 20.0], [80.0, 20.0], [80.0, 60.0], [40.0, 60.0]], }"
412.5000000000253,"{""waypoints"":(-9850.8452, -6568.0365), ""unsafe_region"":[[40.0, 20.0], [80.0, 20.0], [80.0, 60.0], [40.0, 60.0]], }"
412.5000000000253,"{""waypoints"":(-9850.8452, -6568.0365), ""unsafe_region"":[[40.0, 20.0], [80.0, 20.0], [80.0, 60.0], [40.0, 60.0]], }"
412.5000000000253,"{""waypoints"":(-9850.8452, -6568.0365), ""unsafe_region"":[[40.0, 20.0], [80.0, 20.0], [80.0, 60.0], [40.0, 60.0]], }"
412.5000000000253,"{""waypoints"":(-9850.8452, -6568.0365), ""unsafe_region"":[[40.0, 20.0], [80.0, 20.0], [80.0, 60.0], [40.0, 60.0]], }"
412.5000000000253,"{""waypoints"":(-9850.8452, -6568.0365), ""unsafe_region"":[[40.0, 20.0], [80.0, 20.0], [80.0, 60.0], [40.0, 60.0]], }"
450.50000000003394,"{""waypoints"":(-9850.8452, -6568.0365), ""unsafe_region"":[[40.0, 20.0], [80.0, 20.0], [80.0, 60.0], [40.0, 60.0]], }"
450.60000000003396,"{""waypoints"":(-9850.8452, -6568.0365), ""unsafe_region"":[[40.0, 20.0], [80.0, 20.0], [80.0, 60.0], [40.0, 60.0]], }"
450.60000000003396,"{""waypoints"":(-9850.8452, -6568.0365), ""unsafe_region"":[[40.0, 20.0], [80.0, 20.0], [80.0, 60.0], [40.0, 60.0]], }"
450.60000000003396,"{""waypoints"":(-9850.8452, -6568.0365), ""unsafe_region"":[[40.0, 20.0], [80.0, 20.0], [80.0, 60.0], [40.0, 60.0]], }"
450.60000000003396,"{""waypoints"":(-9850.8452, -6568.0365), ""unsafe_region"":[[40.0, 20.0], [80.0, 20.0], [80.0, 60.0], [40.0, 60.0]], }"
450.60000000003396,"{""waypoints"":(-9850.8452, -6568.0365), ""unsafe_region"":[[40.0, 20.0], [80.0, 20.0], [80.0, 60.0], [40.0, 60.0]], }"
450.60000000003396,"{""waypoints"":(-9850.8452, -6568.0365), ""unsafe_region"":[[40.0, 20.0], [80.0, 20.0], [80.0, 60.0], [40.0, 60.0]], }"
450.60000000003396,"{""waypoints"":(-9850.8452, -6568.0365), ""unsafe_region"":[[40.0, 20.0], [80.0, 20.0], [80.0, 60.0], [40.0, 60.0]], }"
450.60000000003396,"{""waypoints"":(-9850.8452, -6568.0365), ""unsafe_region"":[[40.0, 20.0], [80.0, 20.0], [80.0, 60.0], [40.0, 60.0]], }"
450.60000000003396,"{""waypoints"":(-9850.8452, -6568.0365), ""unsafe_region"":[[40.0, 20.0], [80.0, 20.0], [80.0, 60.0], [40.0, 60.0]], }"
450.60000000003396,"{""waypoints"":(-9850.8452, -6568.0365), ""unsafe_region"":[[40.0, 20.0], [80.0, 20.0], [80.0, 60.0], [40.0, 60.0]], }"
450.60000000003396,"{""waypoints"":(-9850.8452, -6568.0365), ""unsafe_region"":[[40.0, 20.0], [80.0, 20.0], [80.0, 60.0], [40.0, 60.0]], }"
450.60000000003396,"{""waypoints"":(-9850.8452, -6568.0365), ""unsafe_region"":[[40.0, 20.0], [80.0, 20.0], [80.0, 60.0], [40.0, 60.0]], }"
450.60000000003396,"{""waypoints"":(-9850.8452, -6568.0365), ""unsafe_region"":[[40.0, 20.0], [80.0, 20.0], [80.0, 60.0], [40.0, 60.0]], }"
450.60000000003396,"{""waypoints"":(-9850.8452, -6568.0365), ""unsafe_region"":[[40.0, 20.0], [80.0, 20.0], [80.0, 60.0], [40.0, 60.0]], }"
450.60000000003396,"{""waypoints"":(-9850.8452, -6568.0365), ""unsafe_region"":[[40.0, 20.0], [80.0, 20.0], [80.0, 60.0], [40.0, 60.0]], }"
450.60000000003396,"{""waypoints"":(-9850.8452, -6568.0365), ""unsafe_region"":[[40.0, 20.0], [80.0, 20.0], [80.0, 60.0], [40.0, 60.0]], }"
450.60000000003396,"{""waypoints"":(-9850.8452, -6568.0365), ""unsafe_region"":[[40.0, 20.0], [80.0, 20.0], [80.0, 60.0], [40.0, 60.0]], }"
450.60000000003396,"{""waypoints"":(-9850.8452, -6568.0365), ""unsafe_region"":[[40.0, 20.0], [80.0, 20.0], [80.0, 60.0], [40.0, 60.0]], }"
450.60000000003396,"{""waypoints"":(-9850.8452, -6568.0365), ""unsafe_region"":[[40.0, 20.0], [80.0, 20.0], [80.0, 60.0], [40.0, 60.0]], }"
450.60000000003396,"{""waypoints"":(-9850.8452, -6568.0365), ""unsafe_region"":[[40.0, 20.0], [80.0, 20.0], [80.0, 60.0], [40.0, 60.0]], }"
450.60000000003396,"{""waypoints"":(-9850.8452, -6568.0365), ""unsafe_region"":[[40.0, 20.0], [80.0, 20.0], [80.0, 60.0], [40.0, 60.0]], }"
450.60000000003396,"{""waypoints"":(-9850.8452, -6568.0365), ""unsafe_region"":[[40.0, 20.0], [80.0, 20.0], [80.0, 60.0], [40.0, 60.0]], }"
450.60000000003396,"{""waypoints"":(-9850.8452, -6568.0365), ""unsafe_region"":[[40.0, 20.0], [80.0, 20.0], [80.0, 60.0], [40.0, 60.0]], }"
450.60000000003396,"{""waypoints"":(-9850.8452, -6568.0365), ""unsafe_region"":[[40.0, 20.0], [80.0, 20.0], [80.0, 60.0], [40.0, 60.0]], }"
450.60000000003396,"{""waypoints"":(-9850.8452, -6568.0365), ""unsafe_region"":[[40.0, 20.0], [80.0, 20.0], [80.0, 60.0], [40.0, 60.0]], }"
450.60000000003396,"{""waypoints"":(-9850.8452, -6568.0365), ""unsafe_region"":[[40.0, 20.0], [80.0, 20.0], [80.0, 60.0], [40.0, 60.0]], }"
450.60000000003396,"{""waypoints"":(-9850.8452, -6568.0365), ""unsafe_region"":[[40.0, 20.0], [80.0, 20.0], [80.0, 60.0], [40.0, 60.0]], }"
450.60000000003396,"{""waypoints"":(-9850.8452, -6568.0365), ""unsafe_region"":[[40.0, 20.0], [80.0, 20.0], [80.0, 60.0], [40.0, 60.0]], }"
450.60000000003396,"{""waypoints"":(-9850.8452, -6568.0365), ""unsafe_region"":[[40.0, 20.0], [80.0, 20.0], [80.0, 60.0], [40.0, 60.0]], }"
450.60000000003396,"{""waypoints"":(-9850.8452, -6568.0365), ""unsafe_region"":[[40.0, 20.0], [80.0, 20.0], [80.0, 60.0], [40.0, 60.0]], }"
450.60000000003396,"{""waypoints"":(-9850.8452, -6568.0365), ""unsafe_region"":[[40.0, 20.0], [80.0, 20.0], [80.0, 60.0], [40.0, 60.0]], }"
450.60000000003396,"{""waypoints"":(-9850.8452, -6568.0365), ""unsafe_region"":[[40.0, 20.0], [80.0, 20.0], [80.0, 60.0], [40.0, 60.0]], }"
450.60000000003396,"{""waypoints"":(-9850.8452, -6568.0365), ""unsafe_region"":[[40.0, 20.0], [80.0, 20.0], [80.0, 60.0], [40.0, 60.0]], }"
450.60000000003396,"{""waypoints"":(-9850.8452, -6568.0365), ""unsafe_region"":[[40.0, 20.0], [80.0, 20.0], [80.0, 60.0], [40.0, 60.0]], }"
450.60000000003396,"{""waypoints"":(-9850.8452, -6568.0365), ""unsafe_region"":[[40.0, 20.0], [80.0, 20.0], [80.0, 60.0], [40.0, 60.0]], }"
450.60000000003396,"{""waypoints"":(-9850.8452, -6568.0365), ""unsafe_region"":[[40.0, 20.0], [80.0, 20.0], [80.0, 60.0], [40.0, 60.0]], }"
450.60000000003396,"{""waypoints"":(-9850.8452, -6568.0365), ""unsafe_region"":[[40.0, 20.0], [80.0, 20.0], [80.0, 60.0], [40.0, 60.0]], }"
482.20000000004114,"{""waypoints"":(-9850.8452, -6568.0365), ""unsafe_region"":[[40.0, 20.0], [80.0, 20.0], [80.0, 60.0], [40.0, 60.0]], }"
482.30000000004117,"{""waypoints"":(-9850.8452, -6568.0365), ""unsafe_region"":[[40.0, 20.0], [80.0, 20.0], [80.0, 60.0], [40.0, 60.0]], }"
482.30000000004117,"{""waypoints"":(-9850.8452, -6568.0365), ""unsafe_region"":[[40.0, 20.0], [80.0, 20.0], [80.0, 60.0], [40.0, 60.0]], }"
482.30000000004117,"{""waypoints"":(-9850.8452, -6568.0365), ""unsafe_region"":[[40.0, 20.0], [80.0, 20.0], [80.0, 60.0], [40.0, 60.0]], }"
482.30000000004117,"{""waypoints"":(-9850.8452, -6568.0365), ""unsafe_region"":[[40.0, 20.0], [80.0, 20.0], [80.0, 60.0], [40.0, 60.0]], }"
482.30000000004117,"{""waypoints"":(-9850.8452, -6568.0365), ""unsafe_region"":[[40.0, 20.0], [80.0, 20.0], [80.0, 60.0], [40.0, 60.0]], }"
482.30000000004117,"{""waypoints"":(-9850.8452, -6568.0365), ""unsafe_region"":[[40.0, 20.0], [80.0, 20.0], [80.0, 60.0], [40.0, 60.0]], }"
482.30000000004117,"{""waypoints"":(-9850.8452, -6568.0365), ""unsafe_region"":[[40.0, 20.0], [80.0, 20.0], [80.0, 60.0], [40.0, 60.0]], }"
482.30000000004117,"{""waypoints"":(-9850.8452, -6568.0365), ""unsafe_region"":[[40.0, 20.0], [80.0, 20.0], [80.0, 60.0], [40.0, 60.0]], }"
482.30000000004117,"{""waypoints"":(-9850.8452, -6568.0365), ""unsafe_region"":[[40.0, 20.0], [80.0, 20.0], [80.0, 60.0], [40.0, 60.0]], }"
482.30000000004117,"{""waypoints"":(-9850.8452, -6568.0365), ""unsafe_region"":[[40.0, 20.0], [80.0, 20.0], [80.0, 60.0], [40.0, 60.0]], }"
482.30000000004117,"{""waypoints"":(-9850.8452, -6568.0365), ""unsafe_region"":[[40.0, 20.0], [80.0, 20.0], [80.0, 60.0], [40.0, 60.0]], }"
482.30000000004117,"{""waypoints"":(-9850.8452, -6568.0365), ""unsafe_region"":[[40.0, 20.0], [80.0, 20.0], [80.0, 60.0], [40.0, 60.0]], }"
482.30000000004117,"{""waypoints"":(-9850.8452, -6568.0365), ""unsafe_region"":[[40.0, 20.0], [80.0, 20.0], [80.0, 60.0], [40.0, 60.0]], }"
482.30000000004117,"{""waypoints"":(-9850.8452, -6568.0365), ""unsafe_region"":[[40.0, 20.0], [80.0, 20.0], [80.0, 60.0], [40.0, 60.0]], }"
482.30000000004117,"{""waypoints"":(-9850.8452, -6568.0365), ""unsafe_region"":[[40.0, 20.0], [80.0, 20.0], [80.0, 60.0], [40.0, 60.0]], }"
482.30000000004117,"{""waypoints"":(-9850.8452, -6568.0365), ""unsafe_region"":[[40.0, 20.0], [80.0, 20.0], [80.0, 60.0], [40.0, 60.0]], }"
482.30000000004117,"{""waypoints"":(-9850.8452, -6568.0365), ""unsafe_region"":[[40.0, 20.0], [80.0, 20.0], [80.0, 60.0], [40.0, 60.0]], }"
482.30000000004117,"{""waypoints"":(-9850.8452, -6568.0365), ""unsafe_region"":[[40.0, 20.0], [80.0, 20.0], [80.0, 60.0], [40.0, 60.0]], }"
482.30000000004117,"{""waypoints"":(-9850.8452, -6568.0365), ""unsafe_region"":[[40.0, 20.0], [80.0, 20.0], [80.0, 60.0], [40.0, 60.0]], }"
482.30000000004117,"{""waypoints"":(-9850.8452, -6568.0365), ""unsafe_region"":[[40.0, 20.0], [80.0, 20.0], [80.0, 60.0], [40.0, 60.0]], }"
482.30000000004117,"{""waypoints"":(-9850.8452, -6568.0365), ""unsafe_region"":[[40.0, 20.0], [80.0, 20.0], [80.0, 60.0], [40.0, 60.0]], }"
482.30000000004117,"{""waypoints"":(-9850.8452, -6568.0365), ""unsafe_region"":[[40.0, 20.0], [80.0, 20.0], [80.0, 60.0], [40.0, 60.0]], }"
482.30000000004117,"{""waypoints"":(-9850.8452, -6568.0365), ""unsafe_region"":[[40.0, 20.0], [80.0, 20.0], [80.0, 60.0], [40.0, 60.0]], }"
482.30000000004117,"{""waypoints"":(-9850.8452, -6568.0365), ""unsafe_region"":[[40.0, 20.0], [80.0, 20.0], [80.0, 60.0], [40.0, 60.0]], }"
482.30000000004117,"{""waypoints"":(-9850.8452, -6568.0365), ""unsafe_region"":[[40.0, 20.0], [80.0, 20.0], [80.0, 60.0], [40.0, 60.0]], }"
482.30000000004117,"{""waypoints"":(-9850.8452, -6568.0365), ""unsafe_region"":[[40.0, 20.0], [80.0, 20.0], [80.0, 60.0], [40.0, 60.0]], }"
482.30000000004117,"{""waypoints"":(-9850.8452, -6568.0365), ""unsafe_region"":[[40.0, 20.0], [80.0, 20.0], [80.0, 60.0], [40.0, 60.0]], }"
482.30000000004117,"{""waypoints"":(-9850.8452, -6568.0365), ""unsafe_region"":[[40.0, 20.0], [80.0, 20.0], [80.0, 60.0], [40.0, 60.0]], }"
482.30000000004117,"{""waypoints"":(-9850.8452, -6568.0365), ""unsafe_region"":[[40.0, 20.0], [80.0, 20.0], [80.0, 60.0], [40.0, 60.0]], }"
482.30000000004117,"{""waypoints"":(-9850.8452, -6568.0365), ""unsafe_region"":[[40.0, 20.0], [80.0, 20.0], [80.0, 60.0], [40.0, 60.0]], }"
482.30000000004117,"{""waypoints"":(-9850.8452, -6568.0365), ""unsafe_region"":[[40.0, 20.0], [80.0, 20.0], [80.0, 60.0], [40.0, 60.0]], }"
535.6000000000532,"{""waypoints"":(-9850.8452, -6568.0365), ""unsafe_region"":[[40.0, 20.0], [80.0, 20.0], [80.0, 60.0], [40.0, 60.0]], }"
535.7000000000533,"{""waypoints"":(-9850.8452, -6568.0365), ""unsafe_region"":[[40.0, 20.0], [80.0, 20.0], [80.0, 60.0], [40.0, 60.0]], }"
535.7000000000533,"{""waypoints"":(-9850.8452, -6568.0365), ""unsafe_region"":[[40.0, 20.0], [80.0, 20.0], [80.0, 60.0], [40.0, 60.0]], }"
535.7000000000533,"{""waypoints"":(-9850.8452, -6568.0365), ""unsafe_region"":[[40.0, 20.0], [80.0, 20.0], [80.0, 60.0], [40.0, 60.0]], }"
535.7000000000533,"{""waypoints"":(-9850.8452, -6568.0365), ""unsafe_region"":[[40.0, 20.0], [80.0, 20.0], [80.0, 60.0], [40.0, 60.0]], }"
535.7000000000533,"{""waypoints"":(-9850.8452, -6568.0365), ""unsafe_region"":[[40.0, 20.0], [80.0, 20.0], [80.0, 60.0], [40.0, 60.0]], }"
535.7000000000533,"{""waypoints"":(-9850.8452, -6568.0365), ""unsafe_region"":[[40.0, 20.0], [80.0, 20.0], [80.0, 60.0], [40.0, 60.0]], }"
535.7000000000533,"{""waypoints"":(-9850.8452, -6568.0365), ""unsafe_region"":[[40.0, 20.0], [80.0, 20.0], [80.0, 60.0], [40.0, 60.0]], }"
535.7000000000533,"{""waypoints"":(-9850.8452, -6568.0365), ""unsafe_region"":[[40.0, 20.0], [80.0, 20.0], [80.0, 60.0], [40.0, 60.0]], }"
535.7000000000533,"{""waypoints"":(-9850.8452, -6568.0365), ""unsafe_region"":[[40.0, 20.0], [80.0, 20.0], [80.0, 60.0], [40.0, 60.0]], }"
535.7000000000533,"{""waypoints"":(-9850.8452, -6568.0365), ""unsafe_region"":[[40.0, 20.0], [80.0, 20.0], [80.0, 60.0], [40.0, 60.0]], }"
535.7000000000533,"{""waypoints"":(-9850.8452, -6568.0365), ""unsafe_region"":[[40.0, 20.0], [80.0, 20.0], [80.0, 60.0], [40.0, 60.0]], }"
535.7000000000533,"{""waypoints"":(-9850.8452, -6568.0365), ""unsafe_region"":[[40.0, 20.0], [80.0, 20.0], [80.0, 60.0], [40.0, 60.0]], }"
535.7000000000533,"{""waypoints"":(-9850.8452, -6568.0365), ""unsafe_region"":[[40.0, 20.0], [80.0, 20.0], [80.0, 60.0], [40.0, 60.0]], }"
535.7000000000533,"{""waypoints"":(-9850.8452, -6568.0365), ""unsafe_region"":[[40.0, 20.0], [80.0, 20.0], [80.0, 60.0], [40.0, 60.0]], }"
535.7000000000533,"{""waypoints"":(-9850.8452, -6568.0365), ""unsafe_region"":[[40.0, 20.0], [80.0, 20.0], [80.0, 60.0], [40.0, 60.0]], }"
535.7000000000533,"{""waypoints"":(-9850.8452, -6568.0365), ""unsafe_region"":[[40.0, 20.0], [80.0, 20.0], [80.0, 60.0], [40.0, 60.0]], }"
535.7000000000533,"{""waypoints"":(-9850.8452, -6568.0365), ""unsafe_region"":[[40.0, 20.0], [80.0, 20.0], [80.0, 60.0], [40.0, 60.0]], }"
535.7000000000533,"{""waypoints"":(-9850.8452, -6568.0365), ""unsafe_region"":[[40.0, 20.0], [80.0, 20.0], [80.0, 60.0], [40.0, 60.0]], }"
535.7000000000533,"{""waypoints"":(-9850.8452, -6568.0365), ""unsafe_region"":[[40.0, 20.0], [80.0, 20.0], [80.0, 60.0], [40.0, 60.0]], }"
535.7000000000533,"{""waypoints"":(-9850.8452, -6568.0365), ""unsafe_region"":[[40.0, 20.0], [80.0, 20.0], [80.0, 60.0], [40.0, 60.0]], }"
535.7000000000533,"{""waypoints"":(-9850.8452, -6568.0365), ""unsafe_region"":[[40.0, 20.0], [80.0, 20.0], [80.0, 60.0], [40.0, 60.0]], }"
535.7000000000533,"{""waypoints"":(-9850.8452, -6568.0365), ""unsafe_region"":[[40.0, 20.0], [80.0, 20.0], [80.0, 60.0], [40.0, 60.0]], }"
535.7000000000533,"{""waypoints"":(-9850.8452, -6568.0365), ""unsafe_region"":[[40.0, 20.0], [80.0, 20.0], [80.0, 60.0], [40.0, 60.0]], }"
535.7000000000533,"{""waypoints"":(-9850.8452, -6568.0365), ""unsafe_region"":[[40.0, 20.0], [80.0, 20.0], [80.0, 60.0], [40.0, 60.0]], }"
535.7000000000533,"{""waypoints"":(-9850.8452, -6568.0365), ""unsafe_region"":[[40.0, 20.0], [80.0, 20.0], [80.0, 60.0], [40.0, 60.0]], }"
535.7000000000533,"{""waypoints"":(-9850.8452, -6568.0365), ""unsafe_region"":[[40.0, 20.0], [80.0, 20.0], [80.0, 60.0], [40.0, 60.0]], }"
535.7000000000533,"{""waypoints"":(-9850.8452, -6568.0365), ""unsafe_region"":[[40.0, 20.0], [80.0, 20.0], [80.0, 60.0], [40.0, 60.0]], }"
535.7000000000533,"{""waypoints"":(-9850.8452, -6568.0365), ""unsafe_region"":[[40.0, 20.0], [80.0, 20.0], [80.0, 60.0], [40.0, 60.0]], }"
535.7000000000533,"{""waypoints"":(-9850.8452, -6568.0365), ""unsafe_region"":[[40.0, 20.0], [80.0, 20.0], [80.0, 60.0], [40.0, 60.0]], }"
535.7000000000533,"{""waypoints"":(-9850.8452, -6568.0365), ""unsafe_region"":[[40.0, 20.0], [80.0, 20.0], [80.0, 60.0], [40.0, 60.0]], }"
535.7000000000533,"{""waypoints"":(-9850.8452, -6568.0365), ""unsafe_region"":[[40.0, 20.0], [80.0, 20.0], [80.0, 60.0], [40.0, 60.0]], }"
535.7000000000533,"{""waypoints"":(-9850.8452, -6568.0365), ""unsafe_region"":[[40.0, 20.0], [80.0, 20.0], [80.0, 60.0], [40.0, 60.0]], }"
535.7000000000533,"{""waypoints"":(-9850.8452, -6568.0365), ""unsafe_region"":[[40.0, 20.0], [80.0, 20.0], [80.0, 60.0], [40.0, 60.0]], }"
535.7000000000533,"{""waypoints"":(-9850.8452, -6568.0365), ""unsafe_region"":[[40.0, 20.0], [80.0, 20.0], [80.0, 60.0], [40.0, 60.0]], }"
535.7000000000533,"{""waypoints"":(-9850.8452, -6568.0365), ""unsafe_region"":[[40.0, 20.0], [80.0, 20.0], [80.0, 60.0], [40.0, 60.0]], }"
535.7000000000533,"{""waypoints"":(-9850.8452, -6568.0365), ""unsafe_region"":[[40.0, 20.0], [80.0, 20.0], [80.0, 60.0], [40.0, 60.0]], }"
535.7000000000533,"{""waypoints"":(-9850.8452, -6568.0365), ""unsafe_region"":[[40.0, 20.0], [80.0, 20.0], [80.0, 60.0], [40.0, 60.0]], }"
535.7000000000533,"{""waypoints"":(-9850.8452, -6568.0365), ""unsafe_region"":[[40.0, 20.0], [80.0, 20.0], [80.0, 60.0], [40.0, 60.0]], }"
535.7000000000533,"{""waypoints"":(-9850.8452, -6568.0365), ""unsafe_region"":[[40.0, 20.0], [80.0, 20.0], [80.0, 60.0], [40.0, 60.0]], }"
535.7000000000533,"{""waypoints"":(-9850.8452, -6568.0365), ""unsafe_region"":[[40.0, 20.0], [80.0, 20.0], [80.0, 60.0], [40.0, 60.0]], }"
535.7000000000533,"{""waypoints"":(-9850.8452, -6568.0365), ""unsafe_region"":[[40.0, 20.0], [80.0, 20.0], [80.0, 60.0], [40.0, 60.0]], }"
535.7000000000533,"{""waypoints"":(-9850.8452, -6568.0365), ""unsafe_region"":[[40.0, 20.0], [80.0, 20.0], [80.0, 60.0], [40.0, 60.0]], }"
535.7000000000533,"{""waypoints"":(-9850.8452, -6568.0365), ""unsafe_region"":[[40.0, 20.0], [80.0, 20.0], [80.0, 60.0], [40.0, 60.0]], }"
535.7000000000533,"{""waypoints"":(-9850.8452, -6568.0365), ""unsafe_region"":[[40.0, 20.0], [80.0, 20.0], [80.0, 60.0], [40.0, 60.0]], }"
535.7000000000533,"{""waypoints"":(-9850.8452, -6568.0365), ""unsafe_region"":[[40.0, 20.0], [80.0, 20.0], [80.0, 60.0], [40.0, 60.0]], }"
535.7000000000533,"{""waypoints"":(-9850.8452, -6568.0365), ""unsafe_region"":[[40.0, 20.0], [80.0, 20.0], [80.0, 60.0], [40.0, 60.0]], }"
535.7000000000533,"{""waypoints"":(-9850.8452, -6568.0365), ""unsafe_region"":[[40.0, 20.0], [80.0, 20.0], [80.0, 60.0], [40.0, 60.0]], }"
535.7000000000533,"{""waypoints"":(-9850.8452, -6568.0365), ""unsafe_region"":[[40.0, 20.0], [80.0, 20.0], [80.0, 60.0], [40.0, 60.0]], }"
535.7000000000533,"{""waypoints"":(-9850.8452, -6568.0365), ""unsafe_region"":[[40.0, 20.0], [80.0, 20.0], [80.0, 60.0], [40.0, 60.0]], }"
535.7000000000533,"{""waypoints"":(-9850.8452, -6568.0365), ""unsafe_region"":[[40.0, 20.0], [80.0, 20.0], [80.0, 60.0], [40.0, 60.0]], }"
535.7000000000533,"{""waypoints"":(-9850.8452, -6568.0365), ""unsafe_region"":[[40.0, 20.0], [80.0, 20.0], [80.0, 60.0], [40.0, 60.0]], }"
535.7000000000533,"{""waypoints"":(-9850.8452, -6568.0365), ""unsafe_region"":[[40.0, 20.0], [80.0, 20.0], [80.0, 60.0], [40.0, 60.0]], }"
558.6000000000585,"{""waypoints"":(-9850.8452, -6568.0365), ""unsafe_region"":[[40.0, 20.0], [80.0, 20.0], [80.0, 60.0], [40.0, 60.0]], }"
558.7000000000585,"{""waypoints"":(-9850.8452, -6568.0365), ""unsafe_region"":[[40.0, 20.0], [80.0, 20.0], [80.0, 60.0], [40.0, 60.0]], }"
558.7000000000585,"{""waypoints"":(-9850.8452, -6568.0365), ""unsafe_region"":[[40.0, 20.0], [80.0, 20.0], [80.0, 60.0], [40.0, 60.0]], }"
558.7000000000585,"{""waypoints"":(-9850.8452, -6568.0365), ""unsafe_region"":[[40.0, 20.0], [80.0, 20.0], [80.0, 60.0], [40.0, 60.0]], }"
558.7000000000585,"{""waypoints"":(-9850.8452, -6568.0365), ""unsafe_region"":[[40.0, 20.0], [80.0, 20.0], [80.0, 60.0], [40.0, 60.0]], }"
558.7000000000585,"{""waypoints"":(-9850.8452, -6568.0365), ""unsafe_region"":[[40.0, 20.0], [80.0, 20.0], [80.0, 60.0], [40.0, 60.0]], }"
558.7000000000585,"{""waypoints"":(-9850.8452, -6568.0365), ""unsafe_region"":[[40.0, 20.0], [80.0, 20.0], [80.0, 60.0], [40.0, 60.0]], }"
558.7000000000585,"{""waypoints"":(-9850.8452, -6568.0365), ""unsafe_region"":[[40.0, 20.0], [80.0, 20.0], [80.0, 60.0], [40.0, 60.0]], }"
558.7000000000585,"{""waypoints"":(-9850.8452, -6568.0365), ""unsafe_region"":[[40.0, 20.0], [80.0, 20.0], [80.0, 60.0], [40.0, 60.0]], }"
558.7000000000585,"{""waypoints"":(-9850.8452, -6568.0365), ""unsafe_region"":[[40.0, 20.0], [80.0, 20.0], [80.0, 60.0], [40.0, 60.0]], }"
558.7000000000585,"{""waypoints"":(-9850.8452, -6568.0365), ""unsafe_region"":[[40.0, 20.0], [80.0, 20.0], [80.0, 60.0], [40.0, 60.0]], }"
558.7000000000585,"{""waypoints"":(-9850.8452, -6568.0365), ""unsafe_region"":[[40.0, 20.0], [80.0, 20.0], [80.0, 60.0], [40.0, 60.0]], }"
558.7000000000585,"{""waypoints"":(-9850.8452, -6568.0365), ""unsafe_region"":[[40.0, 20.0], [80.0, 20.0], [80.0, 60.0], [40.0, 60.0]], }"
558.7000000000585,"{""waypoints"":(-9850.8452, -6568.0365), ""unsafe_region"":[[40.0, 20.0], [80.0, 20.0], [80.0, 60.0], [40.0, 60.0]], }"
558.7000000000585,"{""waypoints"":(-9850.8452, -6568.0365), ""unsafe_region"":[[40.0, 20.0], [80.0, 20.0], [80.0, 60.0], [40.0, 60.0]], }"
558.7000000000585,"{""waypoints"":(-9850.8452, -6568.0365), ""unsafe_region"":[[40.0, 20.0], [80.0, 20.0], [80.0, 60.0], [40.0, 60.0]], }"
558.7000000000585,"{""waypoints"":(-9850.8452, -6568.0365), ""unsafe_region"":[[40.0, 20.0], [80.0, 20.0], [80.0, 60.0], [40.0, 60.0]], }"
558.7000000000585,"{""waypoints"":(-9850.8452, -6568.0365), ""unsafe_region"":[[40.0, 20.0], [80.0, 20.0], [80.0, 60.0], [40.0, 60.0]], }"
558.7000000000585,"{""waypoints"":(-9850.8452, -6568.0365), ""unsafe_region"":[[40.0, 20.0], [80.0, 20.0], [80.0, 60.0], [40.0, 60.0]], }"
558.7000000000585,"{""waypoints"":(-9850.8452, -6568.0365), ""unsafe_region"":[[40.0, 20.0], [80.0, 20.0], [80.0, 60.0], [40.0, 60.0]], }"
558.7000000000585,"{""waypoints"":(-9850.8452, -6568.0365), ""unsafe_region"":[[40.0, 20.0], [80.0, 20.0], [80.0, 60.0], [40.0, 60.0]], }"
558.7000000000585,"{""waypoints"":(-9850.8452, -6568.0365), ""unsafe_region"":[[40.0, 20.0], [80.0, 20.0], [80.0, 60.0], [40.0, 60.0]], }"
558.7000000000585,"{""waypoints"":(-9850.8452, -6568.0365), ""unsafe_region"":[[40.0, 20.0], [80.0, 20.0], [80.0, 60.0], [40.0, 60.0]], }"
580.7000000000635,"{""waypoints"":(-9850.8452, -6568.0365), ""unsafe_region"":[[40.0, 20.0], [80.0, 20.0], [80.0, 60.0], [40.0, 60.0]], }"
580.8000000000635,"{""waypoints"":(-9850.8452, -6568.0365), ""unsafe_region"":[[40.0, 20.0], [80.0, 20.0], [80.0, 60.0], [40.0, 60.0]], }"
580.8000000000635,"{""waypoints"":(-9850.8452, -6568.0365), ""unsafe_region"":[[40.0, 20.0], [80.0, 20.0], [80.0, 60.0], [40.0, 60.0]], }"
580.8000000000635,"{""waypoints"":(-9850.8452, -6568.0365), ""unsafe_region"":[[40.0, 20.0], [80.0, 20.0], [80.0, 60.0], [40.0, 60.0]], }"
580.8000000000635,"{""waypoints"":(-9850.8452, -6568.0365), ""unsafe_region"":[[40.0, 20.0], [80.0, 20.0], [80.0, 60.0], [40.0, 60.0]], }"
580.8000000000635,"{""waypoints"":(-9850.8452, -6568.0365), ""unsafe_region"":[[40.0, 20.0], [80.0, 20.0], [80.0, 60.0], [40.0, 60.0]], }"
580.8000000000635,"{""waypoints"":(-9850.8452, -6568.0365), ""unsafe_region"":[[40.0, 20.0], [80.0, 20.0], [80.0, 60.0], [40.0, 60.0]], }"
580.8000000000635,"{""waypoints"":(-9850.8452, -6568.0365), ""unsafe_region"":[[40.0, 20.0], [80.0, 20.0], [80.0, 60.0], [40.0, 60.0]], }"
580.8000000000635,"{""waypoints"":(-9850.8452, -6568.0365), ""unsafe_region"":[[40.0, 20.0], [80.0, 20.0], [80.0, 60.0], [40.0, 60.0]], }"
580.8000000000635,"{""waypoints"":(-9850.8452, -6568.0365), ""unsafe_region"":[[40.0, 20.0], [80.0, 20.0], [80.0, 60.0], [40.0, 60.0]], }"
580.8000000000635,"{""waypoints"":(-9850.8452, -6568.0365), ""unsafe_region"":[[40.0, 20.0], [80.0, 20.0], [80.0, 60.0], [40.0, 60.0]], }"
580.8000000000635,"{""waypoints"":(-9850.8452, -6568.0365), ""unsafe_region"":[[40.0, 20.0], [80.0, 20.0], [80.0, 60.0], [40.0, 60.0]], }"
580.8000000000635,"{""waypoints"":(-9850.8452, -6568.0365), ""unsafe_region"":[[40.0, 20.0], [80.0, 20.0], [80.0, 60.0], [40.0, 60.0]], }"
580.8000000000635,"{""waypoints"":(-9850.8452, -6568.0365), ""unsafe_region"":[[40.0, 20.0], [80.0, 20.0], [80.0, 60.0], [40.0, 60.0]], }"
580.8000000000635,"{""waypoints"":(-9850.8452, -6568.0365), ""unsafe_region"":[[40.0, 20.0], [80.0, 20.0], [80.0, 60.0], [40.0, 60.0]], }"
580.8000000000635,"{""waypoints"":(-9850.8452, -6568.0365), ""unsafe_region"":[[40.0, 20.0], [80.0, 20.0], [80.0, 60.0], [40.0, 60.0]], }"
580.8000000000635,"{""waypoints"":(-9850.8452, -6568.0365), ""unsafe_region"":[[40.0, 20.0], [80.0, 20.0], [80.0, 60.0], [40.0, 60.0]], }"
580.8000000000635,"{""waypoints"":(-9850.8452, -6568.0365), ""unsafe_region"":[[40.0, 20.0], [80.0, 20.0], [80.0, 60.0], [40.0, 60.0]], }"
580.8000000000635,"{""waypoints"":(-9850.8452, -6568.0365), ""unsafe_region"":[[40.0, 20.0], [80.0, 20.0], [80.0, 60.0], [40.0, 60.0]], }"
580.8000000000635,"{""waypoints"":(-9850.8452, -6568.0365), ""unsafe_region"":[[40.0, 20.0], [80.0, 20.0], [80.0, 60.0], [40.0, 60.0]], }"
580.8000000000635,"{""waypoints"":(-9850.8452, -6568.0365), ""unsafe_region"":[[40.0, 20.0], [80.0, 20.0], [80.0, 60.0], [40.0, 60.0]], }"
580.8000000000635,"{""waypoints"":(-9850.8452, -6568.0365), ""unsafe_region"":[[40.0, 20.0], [80.0, 20.0], [80.0, 60.0], [40.0, 60.0]], }"
595.2000000000668,"{""waypoints"":(-9850.8452, -6568.0365), ""unsafe_region"":[[40.0, 20.0], [80.0, 20.0], [80.0, 60.0], [40.0, 60.0]], }"
595.3000000000668,"{""waypoints"":(-9850.8452, -6568.0365), ""unsafe_region"":[[40.0, 20.0], [80.0, 20.0], [80.0, 60.0], [40.0, 60.0]], }"
595.3000000000668,"{""waypoints"":(-9850.8452, -6568.0365), ""unsafe_region"":[[40.0, 20.0], [80.0, 20.0], [80.0, 60.0], [40.0, 60.0]], }"
595.3000000000668,"{""waypoints"":(-9850.8452, -6568.0365), ""unsafe_region"":[[40.0, 20.0], [80.0, 20.0], [80.0, 60.0], [40.0, 60.0]], }"
595.3000000000668,"{""waypoints"":(-9850.8452, -6568.0365), ""unsafe_region"":[[40.0, 20.0], [80.0, 20.0], [80.0, 60.0], [40.0, 60.0]], }"
595.3000000000668,"{""waypoints"":(-9850.8452, -6568.0365), ""unsafe_region"":[[40.0, 20.0], [80.0, 20.0], [80.0, 60.0], [40.0, 60.0]], }"
595.3000000000668,"{""waypoints"":(-9850.8452, -6568.0365), ""unsafe_region"":[[40.0, 20.0], [80.0, 20.0], [80.0, 60.0], [40.0, 60.0]], }"
595.3000000000668,"{""waypoints"":(-9850.8452, -6568.0365), ""unsafe_region"":[[40.0, 20.0], [80.0, 20.0], [80.0, 60.0], [40.0, 60.0]], }"
595.3000000000668,"{""waypoints"":(-9850.8452, -6568.0365), ""unsafe_region"":[[40.0, 20.0], [80.0, 20.0], [80.0, 60.0], [40.0, 60.0]], }"
595.3000000000668,"{""waypoints"":(-9850.8452, -6568.0365), ""unsafe_region"":[[40.0, 20.0], [80.0, 20.0], [80.0, 60.0], [40.0, 60.0]], }"
595.3000000000668,"{""waypoints"":(-9850.8452, -6568.0365), ""unsafe_region"":[[40.0, 20.0], [80.0, 20.0], [80.0, 60.0], [40.0, 60.0]], }"
595.3000000000668,"{""waypoints"":(-9850.8452, -6568.0365), ""unsafe_region"":[[40.0, 20.0], [80.0, 20.0], [80.0, 60.0], [40.0, 60.0]], }"
595.3000000000668,"{""waypoints"":(-9850.8452, -6568.0365), ""unsafe_region"":[[40.0, 20.0], [80.0, 20.0], [80.0, 60.0], [40.0, 60.0]], }"
595.3000000000668,"{""waypoints"":(-9850.8452, -6568.0365), ""unsafe_region"":[[40.0, 20.0], [80.0, 20.0], [80.0, 60.0], [40.0, 60.0]], }"
595.3000000000668,"{""waypoints"":(-9850.8452, -6568.0365), ""unsafe_region"":[[40.0, 20.0], [80.0, 20.0], [80.0, 60.0], [40.0, 60.0]], }"
647.7000000000787,"{""waypoints"":(-9850.8452, -6568.0365), ""unsafe_region"":[[40.0, 20.0], [80.0, 20.0], [80.0, 60.0], [40.0, 60.0]], }"
647.7000000000787,"{""waypoints"":(-9850.8452, -6568.0365), ""unsafe_region"":[[40.0, 20.0], [80.0, 20.0], [80.0, 60.0], [40.0, 60.0]], }"
647.7000000000787,"{""waypoints"":(-9850.8452, -6568.0365), ""unsafe_region"":[[40.0, 20.0], [80.0, 20.0], [80.0, 60.0], [40.0, 60.0]], }"
647.7000000000787,"{""waypoints"":(-9850.8452, -6568.0365), ""unsafe_region"":[[40.0, 20.0], [80.0, 20.0], [80.0, 60.0], [40.0, 60.0]], }"
647.7000000000787,"{""waypoints"":(-9850.8452, -6568.0365), ""unsafe_region"":[[40.0, 20.0], [80.0, 20.0], [80.0, 60.0], [40.0, 60.0]], }"
647.7000000000787,"{""waypoints"":(-9850.8452, -6568.0365), ""unsafe_region"":[[40.0, 20.0], [80.0, 20.0], [80.0, 60.0], [40.0, 60.0]], }"
647.7000000000787,"{""waypoints"":(-9850.8452, -6568.0365), ""unsafe_region"":[[40.0, 20.0], [80.0, 20.0], [80.0, 60.0], [40.0, 60.0]], }"
647.7000000000787,"{""waypoints"":(-9850.8452, -6568.0365), ""unsafe_region"":[[40.0, 20.0], [80.0, 20.0], [80.0, 60.0], [40.0, 60.0]], }"
647.7000000000787,"{""waypoints"":(-9850.8452, -6568.0365), ""unsafe_region"":[[40.0, 20.0], [80.0, 20.0], [80.0, 60.0], [40.0, 60.0]], }"
647.7000000000787,"{""waypoints"":(-9850.8452, -6568.0365), ""unsafe_region"":[[40.0, 20.0], [80.0, 20.0], [80.0, 60.0], [40.0, 60.0]], }"
647.7000000000787,"{""waypoints"":(-9850.8452, -6568.0365), ""unsafe_region"":[[40.0, 20.0], [80.0, 20.0], [80.0, 60.0], [40.0, 60.0]], }"
647.7000000000787,"{""waypoints"":(-9850.8452, -6568.0365), ""unsafe_region"":[[40.0, 20.0], [80.0, 20.0], [80.0, 60.0], [40.0, 60.0]], }"
647.7000000000787,"{""waypoints"":(-9850.8452, -6568.0365), ""unsafe_region"":[[40.0, 20.0], [80.0, 20.0], [80.0, 60.0], [40.0, 60.0]], }"
647.7000000000787,"{""waypoints"":(-9850.8452, -6568.0365), ""unsafe_region"":[[40.0, 20.0], [80.0, 20.0], [80.0, 60.0], [40.0, 60.0]], }"
647.7000000000787,"{""waypoints"":(-9850.8452, -6568.0365), ""unsafe_region"":[[40.0, 20.0], [80.0, 20.0], [80.0, 60.0], [40.0, 60.0]], }"
647.7000000000787,"{""waypoints"":(-9850.8452, -6568.0365), ""unsafe_region"":[[40.0, 20.0], [80.0, 20.0], [80.0, 60.0], [40.0, 60.0]], }"
647.7000000000787,"{""waypoints"":(-9850.8452, -6568.0365), ""unsafe_region"":[[40.0, 20.0], [80.0, 20.0], [80.0, 60.0], [40.0, 60.0]], }"
647.7000000000787,"{""waypoints"":(-9850.8452, -6568.0365), ""unsafe_region"":[[40.0, 20.0], [80.0, 20.0], [80.0, 60.0], [40.0, 60.0]], }"
647.7000000000787,"{""waypoints"":(-9850.8452, -6568.0365), ""unsafe_region"":[[40.0, 20.0], [80.0, 20.0], [80.0, 60.0], [40.0, 60.0]], }"
647.7000000000787,"{""waypoints"":(-9850.8452, -6568.0365), ""unsafe_region"":[[40.0, 20.0], [80.0, 20.0], [80.0, 60.0], [40.0, 60.0]], }"
647.7000000000787,"{""waypoints"":(-9850.8452, -6568.0365), ""unsafe_region"":[[40.0, 20.0], [80.0, 20.0], [80.0, 60.0], [40.0, 60.0]], }"
647.7000000000787,"{""waypoints"":(-9850.8452, -6568.0365), ""unsafe_region"":[[40.0, 20.0], [80.0, 20.0], [80.0, 60.0], [40.0, 60.0]], }"
647.7000000000787,"{""waypoints"":(-9850.8452, -6568.0365), ""unsafe_region"":[[40.0, 20.0], [80.0, 20.0], [80.0, 60.0], [40.0, 60.0]], }"
647.7000000000787,"{""waypoints"":(-9850.8452, -6568.0365), ""unsafe_region"":[[40.0, 20.0], [80.0, 20.0], [80.0, 60.0], [40.0, 60.0]], }"
647.7000000000787,"{""waypoints"":(-9850.8452, -6568.0365), ""unsafe_region"":[[40.0, 20.0], [80.0, 20.0], [80.0, 60.0], [40.0, 60.0]], }"
647.7000000000787,"{""waypoints"":(-9850.8452, -6568.0365), ""unsafe_region"":[[40.0, 20.0], [80.0, 20.0], [80.0, 60.0], [40.0, 60.0]], }"
647.7000000000787,"{""waypoints"":(-9850.8452, -6568.0365), ""unsafe_region"":[[40.0, 20.0], [80.0, 20.0], [80.0, 60.0], [40.0, 60.0]], }"
647.7000000000787,"{""waypoints"":(-9850.8452, -6568.0365), ""unsafe_region"":[[40.0, 20.0], [80.0, 20.0], [80.0, 60.0], [40.0, 60.0]], }"
647.7000000000787,"{""waypoints"":(-9850.8452, -6568.0365), ""unsafe_region"":[[40.0, 20.0], [80.0, 20.0], [80.0, 60.0], [40.0, 60.0]], }"
647.7000000000787,"{""waypoints"":(-9850.8452, -6568.0365), ""unsafe_region"":[[40.0, 20.0], [80.0, 20.0], [80.0, 60.0], [40.0, 60.0]], }"
647.7000000000787,"{""waypoints"":(-9850.8452, -6568.0365), ""unsafe_region"":[[40.0, 20.0], [80.0, 20.0], [80.0, 60.0], [40.0, 60.0]], }"
647.7000000000787,"{""waypoints"":(-9850.8452, -6568.0365), ""unsafe_region"":[[40.0, 20.0], [80.0, 20.0], [80.0, 60.0], [40.0, 60.0]], }"
647.7000000000787,"{""waypoints"":(-9850.8452, -6568.0365), ""unsafe_region"":[[40.0, 20.0], [80.0, 20.0], [80.0, 60.0], [40.0, 60.0]], }"
647.7000000000787,"{""waypoints"":(-9850.8452, -6568.0365), ""unsafe_region"":[[40.0, 20.0], [80.0, 20.0], [80.0, 60.0], [40.0, 60.0]], }"
647.7000000000787,"{""waypoints"":(-9850.8452, -6568.0365), ""unsafe_region"":[[40.0, 20.0], [80.0, 20.0], [80.0, 60.0], [40.0, 60.0]], }"
647.7000000000787,"{""waypoints"":(-9850.8452, -6568.0365), ""unsafe_region"":[[40.0, 20.0], [80.0, 20.0], [80.0, 60.0], [40.0, 60.0]], }"
647.7000000000787,"{""waypoints"":(-9850.8452, -6568.0365), ""unsafe_region"":[[40.0, 20.0], [80.0, 20.0], [80.0, 60.0], [40.0, 60.0]], }"
647.7000000000787,"{""waypoints"":(-9850.8452, -6568.0365), ""unsafe_region"":[[40.0, 20.0], [80.0, 20.0], [80.0, 60.0], [40.0, 60.0]], }"
647.7000000000787,"{""waypoints"":(-9850.8452, -6568.0365), ""unsafe_region"":[[40.0, 20.0], [80.0, 20.0], [80.0, 60.0], [40.0, 60.0]], }"
647.7000000000787,"{""waypoints"":(-9850.8452, -6568.0365), ""unsafe_region"":[[40.0, 20.0], [80.0, 20.0], [80.0, 60.0], [40.0, 60.0]], }"
647.7000000000787,"{""waypoints"":(-9850.8452, -6568.0365), ""unsafe_region"":[[40.0, 20.0], [80.0, 20.0], [80.0, 60.0], [40.0, 60.0]], }"
647.7000000000787,"{""waypoints"":(-9850.8452, -6568.0365), ""unsafe_region"":[[40.0, 20.0], [80.0, 20.0], [80.0, 60.0], [40.0, 60.0]], }"
647.7000000000787,"{""waypoints"":(-9850.8452, -6568.0365), ""unsafe_region"":[[40.0, 20.0], [80.0, 20.0], [80.0, 60.0], [40.0, 60.0]], }"
647.7000000000787,"{""waypoints"":(-9850.8452, -6568.0365), ""unsafe_region"":[[40.0, 20.0], [80.0, 20.0], [80.0, 60.0], [40.0, 60.0]], }"
647.7000000000787,"{""waypoints"":(-9850.8452, -6568.0365), ""unsafe_region"":[[40.0, 20.0], [80.0, 20.0], [80.0, 60.0], [40.0, 60.0]], }"
647.7000000000787,"{""waypoints"":(-9850.8452, -6568.0365), ""unsafe_region"":[[40.0, 20.0], [80.0, 20.0], [80.0, 60.0], [40.0, 60.0]], }"
647.7000000000787,"{""waypoints"":(-9850.8452, -6568.0365), ""unsafe_region"":[[40.0, 20.0], [80.0, 20.0], [80.0, 60.0], [40.0, 60.0]], }"
647.7000000000787,"{""waypoints"":(-9850.8452, -6568.0365), ""unsafe_region"":[[40.0, 20.0], [80.0, 20.0], [80.0, 60.0], [40.0, 60.0]], }"
647.7000000000787,"{""waypoints"":(-9850.8452, -6568.0365), ""unsafe_region"":[[40.0, 20.0], [80.0, 20.0], [80.0, 60.0], [40.0, 60.0]], }"
647.7000000000787,"{""waypoints"":(-9850.8452, -6568.0365), ""unsafe_region"":[[40.0, 20.0], [80.0, 20.0], [80.0, 60.0], [40.0, 60.0]], }"
647.7000000000787,"{""waypoints"":(-9850.8452, -6568.0365), ""unsafe_region"":[[40.0, 20.0], [80.0, 20.0], [80.0, 60.0], [40.0, 60.0]], }"
647.7000000000787,"{""waypoints"":(-9850.8452, -6568.0365), ""unsafe_region"":[[40.0, 20.0], [80.0, 20.0], [80.0, 60.0], [40.0, 60.0]], }"
670.5000000000839,"{""waypoints"":(-9850.8452, -6568.0365), ""unsafe_region"":[[40.0, 20.0], [80.0, 20.0], [80.0, 60.0], [40.0, 60.0]], }"
670.6000000000839,"{""waypoints"":(-9850.8452, -6568.0365), ""unsafe_region"":[[40.0, 20.0], [80.0, 20.0], [80.0, 60.0], [40.0, 60.0]], }"
670.6000000000839,"{""waypoints"":(-9850.8452, -6568.0365), ""unsafe_region"":[[40.0, 20.0], [80.0, 20.0], [80.0, 60.0], [40.0, 60.0]], }"
670.6000000000839,"{""waypoints"":(-9850.8452, -6568.0365), ""unsafe_region"":[[40.0, 20.0], [80.0, 20.0], [80.0, 60.0], [40.0, 60.0]], }"
670.6000000000839,"{""waypoints"":(-9850.8452, -6568.0365), ""unsafe_region"":[[40.0, 20.0], [80.0, 20.0], [80.0, 60.0], [40.0, 60.0]], }"
670.6000000000839,"{""waypoints"":(-9850.8452, -6568.0365), ""unsafe_region"":[[40.0, 20.0], [80.0, 20.0], [80.0, 60.0], [40.0, 60.0]], }"
670.6000000000839,"{""waypoints"":(-9850.8452, -6568.0365), ""unsafe_region"":[[40.0, 20.0], [80.0, 20.0], [80.0, 60.0], [40.0, 60.0]], }"
670.6000000000839,"{""waypoints"":(-9850.8452, -6568.0365), ""unsafe_region"":[[40.0, 20.0], [80.0, 20.0], [80.0, 60.0], [40.0, 60.0]], }"
670.6000000000839,"{""waypoints"":(-9850.8452, -6568.0365), ""unsafe_region"":[[40.0, 20.0], [80.0, 20.0], [80.0, 60.0], [40.0, 60.0]], }"
670.6000000000839,"{""waypoints"":(-9850.8452, -6568.0365), ""unsafe_region"":[[40.0, 20.0], [80.0, 20.0], [80.0, 60.0], [40.0, 60.0]], }"
670.6000000000839,"{""waypoints"":(-9850.8452, -6568.0365), ""unsafe_region"":[[40.0, 20.0], [80.0, 20.0], [80.0, 60.0], [40.0, 60.0]], }"
670.6000000000839,"{""waypoints"":(-9850.8452, -6568.0365), ""unsafe_region"":[[40.0, 20.0], [80.0, 20.0], [80.0, 60.0], [40.0, 60.0]], }"
670.6000000000839,"{""waypoints"":(-9850.8452, -6568.0365), ""unsafe_region"":[[40.0, 20.0], [80.0, 20.0], [80.0, 60.0], [40.0, 60.0]], }"
670.6000000000839,"{""waypoints"":(-9850.8452, -6568.0365), ""unsafe_region"":[[40.0, 20.0], [80.0, 20.0], [80.0, 60.0], [40.0, 60.0]], }"
670.6000000000839,"{""waypoints"":(-9850.8452, -6568.0365), ""unsafe_region"":[[40.0, 20.0], [80.0, 20.0], [80.0, 60.0], [40.0, 60.0]], }"
670.6000000000839,"{""waypoints"":(-9850.8452, -6568.0365), ""unsafe_region"":[[40.0, 20.0], [80.0, 20.0], [80.0, 60.0], [40.0, 60.0]], }"
670.6000000000839,"{""waypoints"":(-9850.8452, -6568.0365), ""unsafe_region"":[[40.0, 20.0], [80.0, 20.0], [80.0, 60.0], [40.0, 60.0]], }"
670.6000000000839,"{""waypoints"":(-9850.8452, -6568.0365), ""unsafe_region"":[[40.0, 20.0], [80.0, 20.0], [80.0, 60.0], [40.0, 60.0]], }"
670.6000000000839,"{""waypoints"":(-9850.8452, -6568.0365), ""unsafe_region"":[[40.0, 20.0], [80.0, 20.0], [80.0, 60.0], [40.0, 60.0]], }"
670.6000000000839,"{""waypoints"":(-9850.8452, -6568.0365), ""unsafe_region"":[[40.0, 20.0], [80.0, 20.0], [80.0, 60.0], [40.0, 60.0]], }"
670.6000000000839,"{""waypoints"":(-9850.8452, -6568.0365), ""unsafe_region"":[[40.0, 20.0], [80.0, 20.0], [80.0, 60.0], [40.0, 60.0]], }"
670.6000000000839,"{""waypoints"":(-9850.8452, -6568.0365), ""unsafe_region"":[[40.0, 20.0], [80.0, 20.0], [80.0, 60.0], [40.0, 60.0]], }"
670.6000000000839,"{""waypoints"":(-9850.8452, -6568.0365), ""unsafe_region"":[[40.0, 20.0], [80.0, 20.0], [80.0, 60.0], [40.0, 60.0]], }"
701.4000000000909,"{""waypoints"":(-9850.8452, -6568.0365), ""unsafe_region"":[[40.0, 20.0], [80.0, 20.0], [80.0, 60.0], [40.0, 60.0]], }"
701.500000000091,"{""waypoints"":(-9850.8452, -6568.0365), ""unsafe_region"":[[40.0, 20.0], [80.0, 20.0], [80.0, 60.0], [40.0, 60.0]], }"
701.500000000091,"{""waypoints"":(-9850.8452, -6568.0365), ""unsafe_region"":[[40.0, 20.0], [80.0, 20.0], [80.0, 60.0], [40.0, 60.0]], }"
701.500000000091,"{""waypoints"":(-9850.8452, -6568.0365), ""unsafe_region"":[[40.0, 20.0], [80.0, 20.0], [80.0, 60.0], [40.0, 60.0]], }"
701.500000000091,"{""waypoints"":(-9850.8452, -6568.0365), ""unsafe_region"":[[40.0, 20.0], [80.0, 20.0], [80.0, 60.0], [40.0, 60.0]], }"
701.500000000091,"{""waypoints"":(-9850.8452, -6568.0365), ""unsafe_region"":[[40.0, 20.0], [80.0, 20.0], [80.0, 60.0], [40.0, 60.0]], }"
701.500000000091,"{""waypoints"":(-9850.8452, -6568.0365), ""unsafe_region"":[[40.0, 20.0], [80.0, 20.0], [80.0, 60.0], [40.0, 60.0]], }"
701.500000000091,"{""waypoints"":(-9850.8452, -6568.0365), ""unsafe_region"":[[40.0, 20.0], [80.0, 20.0], [80.0, 60.0], [40.0, 60.0]], }"
701.500000000091,"{""waypoints"":(-9850.8452, -6568.0365), ""unsafe_region"":[[40.0, 20.0], [80.0, 20.0], [80.0, 60.0], [40.0, 60.0]], }"
701.500000000091,"{""waypoints"":(-9850.8452, -6568.0365), ""unsafe_region"":[[40.0, 20.0], [80.0, 20.0], [80.0, 60.0], [40.0, 60.0]], }"
701.500000000091,"{""waypoints"":(-9850.8452, -6568.0365), ""unsafe_region"":[[40.0, 20.0], [80.0, 20.0], [80.0, 60.0], [40.0, 60.0]], }"
701.500000000091,"{""waypoints"":(-9850.8452, -6568.0365), ""unsafe_region"":[[40.0, 20.0], [80.0, 20.0], [80.0, 60.0], [40.0, 60.0]], }"
701.500000000091,"{""waypoints"":(-9850.8452, -6568.0365), ""unsafe_region"":[[40.0, 20.0], [80.0, 20.0], [80.0, 60.0], [40.0, 60.0]], }"
701.500000000091,"{""waypoints"":(-9850.8452, -6568.0365), ""unsafe_region"":[[40.0, 20.0], [80.0, 20.0], [80.0, 60.0], [40.0, 60.0]], }"
701.500000000091,"{""waypoints"":(-9850.8452, -6568.0365), ""unsafe_region"":[[40.0, 20.0], [80.0, 20.0], [80.0, 60.0], [40.0, 60.0]], }"
701.500000000091,"{""waypoints"":(-9850.8452, -6568.0365), ""unsafe_region"":[[40.0, 20.0], [80.0, 20.0], [80.0, 60.0], [40.0, 60.0]], }"
701.500000000091,"{""waypoints"":(-9850.8452, -6568.0365), ""unsafe_region"":[[40.0, 20.0], [80.0, 20.0], [80.0, 60.0], [40.0, 60.0]], }"
701.500000000091,"{""waypoints"":(-9850.8452, -6568.0365), ""unsafe_region"":[[40.0, 20.0], [80.0, 20.0], [80.0, 60.0], [40.0, 60.0]], }"
701.500000000091,"{""waypoints"":(-9850.8452, -6568.0365), ""unsafe_region"":[[40.0, 20.0], [80.0, 20.0], [80.0, 60.0], [40.0, 60.0]], }"
701.500000000091,"{""waypoints"":(-9850.8452, -6568.0365), ""unsafe_region"":[[40.0, 20.0], [80.0, 20.0], [80.0, 60.0], [40.0, 60.0]], }"
701.500000000091,"{""waypoints"":(-9850.8452, -6568.0365), ""unsafe_region"":[[40.0, 20.0], [80.0, 20.0], [80.0, 60.0], [40.0, 60.0]], }"
701.500000000091,"{""waypoints"":(-9850.8452, -6568.0365), ""unsafe_region"":[[40.0, 20.0], [80.0, 20.0], [80.0, 60.0], [40.0, 60.0]], }"
701.500000000091,"{""waypoints"":(-9850.8452, -6568.0365), ""unsafe_region"":[[40.0, 20.0], [80.0, 20.0], [80.0, 60.0], [40.0, 60.0]], }"
701.500000000091,"{""waypoints"":(-9850.8452, -6568.0365), ""unsafe_region"":[[40.0, 20.0], [80.0, 20.0], [80.0, 60.0], [40.0, 60.0]], }"
701.500000000091,"{""waypoints"":(-9850.8452, -6568.0365), ""unsafe_region"":[[40.0, 20.0], [80.0, 20.0], [80.0, 60.0], [40.0, 60.0]], }"
701.500000000091,"{""waypoints"":(-9850.8452, -6568.0365), ""unsafe_region"":[[40.0, 20.0], [80.0, 20.0], [80.0, 60.0], [40.0, 60.0]], }"
701.500000000091,"{""waypoints"":(-9850.8452, -6568.0365), ""unsafe_region"":[[40.0, 20.0], [80.0, 20.0], [80.0, 60.0], [40.0, 60.0]], }"
701.500000000091,"{""waypoints"":(-9850.8452, -6568.0365), ""unsafe_region"":[[40.0, 20.0], [80.0, 20.0], [80.0, 60.0], [40.0, 60.0]], }"
701.500000000091,"{""waypoints"":(-9850.8452, -6568.0365), ""unsafe_region"":[[40.0, 20.0], [80.0, 20.0], [80.0, 60.0], [40.0, 60.0]], }"
701.500000000091,"{""waypoints"":(-9850.8452, -6568.0365), ""unsafe_region"":[[40.0, 20.0], [80.0, 20.0], [80.0, 60.0], [40.0, 60.0]], }"
701.500000000091,"{""waypoints"":(-9850.8452, -6568.0365), ""unsafe_region"":[[40.0, 20.0], [80.0, 20.0], [80.0, 60.0], [40.0, 60.0]], }"
739.5000000000996,"{""waypoints"":(-9850.8452, -6568.0365), ""unsafe_region"":[[40.0, 20.0], [80.0, 20.0], [80.0, 60.0], [40.0, 60.0]], }"
739.6000000000996,"{""waypoints"":(-9850.8452, -6568.0365), ""unsafe_region"":[[40.0, 20.0], [80.0, 20.0], [80.0, 60.0], [40.0, 60.0]], }"
739.6000000000996,"{""waypoints"":(-9850.8452, -6568.0365), ""unsafe_region"":[[40.0, 20.0], [80.0, 20.0], [80.0, 60.0], [40.0, 60.0]], }"
739.6000000000996,"{""waypoints"":(-9850.8452, -6568.0365), ""unsafe_region"":[[40.0, 20.0], [80.0, 20.0], [80.0, 60.0], [40.0, 60.0]], }"
739.6000000000996,"{""waypoints"":(-9850.8452, -6568.0365), ""unsafe_region"":[[40.0, 20.0], [80.0, 20.0], [80.0, 60.0], [40.0, 60.0]], }"
739.6000000000996,"{""waypoints"":(-9850.8452, -6568.0365), ""unsafe_region"":[[40.0, 20.0], [80.0, 20.0], [80.0, 60.0], [40.0, 60.0]], }"
739.6000000000996,"{""waypoints"":(-9850.8452, -6568.0365), ""unsafe_region"":[[40.0, 20.0], [80.0, 20.0], [80.0, 60.0], [40.0, 60.0]], }"
739.6000000000996,"{""waypoints"":(-9850.8452, -6568.0365), ""unsafe_region"":[[40.0, 20.0], [80.0, 20.0], [80.0, 60.0], [40.0, 60.0]], }"
739.6000000000996,"{""waypoints"":(-9850.8452, -6568.0365), ""unsafe_region"":[[40.0, 20.0], [80.0, 20.0], [80.0, 60.0], [40.0, 60.0]], }"
739.6000000000996,"{""waypoints"":(-9850.8452, -6568.0365), ""unsafe_region"":[[40.0, 20.0], [80.0, 20.0], [80.0, 60.0], [40.0, 60.0]], }"
739.6000000000996,"{""waypoints"":(-9850.8452, -6568.0365), ""unsafe_region"":[[40.0, 20.0], [80.0, 20.0], [80.0, 60.0], [40.0, 60.0]], }"
739.6000000000996,"{""waypoints"":(-9850.8452, -6568.0365), ""unsafe_region"":[[40.0, 20.0], [80.0, 20.0], [80.0, 60.0], [40.0, 60.0]], }"
739.6000000000996,"{""waypoints"":(-9850.8452, -6568.0365), ""unsafe_region"":[[40.0, 20.0], [80.0, 20.0], [80.0, 60.0], [40.0, 60.0]], }"
739.6000000000996,"{""waypoints"":(-9850.8452, -6568.0365), ""unsafe_region"":[[40.0, 20.0], [80.0, 20.0], [80.0, 60.0], [40.0, 60.0]], }"
739.6000000000996,"{""waypoints"":(-9850.8452, -6568.0365), ""unsafe_region"":[[40.0, 20.0], [80.0, 20.0], [80.0, 60.0], [40.0, 60.0]], }"
739.6000000000996,"{""waypoints"":(-9850.8452, -6568.0365), ""unsafe_region"":[[40.0, 20.0], [80.0, 20.0], [80.0, 60.0], [40.0, 60.0]], }"
739.6000000000996,"{""waypoints"":(-9850.8452, -6568.0365), ""unsafe_region"":[[40.0, 20.0], [80.0, 20.0], [80.0, 60.0], [40.0, 60.0]], }"
739.6000000000996,"{""waypoints"":(-9850.8452, -6568.0365), ""unsafe_region"":[[40.0, 20.0], [80.0, 20.0], [80.0, 60.0], [40.0, 60.0]], }"
739.6000000000996,"{""waypoints"":(-9850.8452, -6568.0365), ""unsafe_region"":[[40.0, 20.0], [80.0, 20.0], [80.0, 60.0], [40.0, 60.0]], }"
739.6000000000996,"{""waypoints"":(-9850.8452, -6568.0365), ""unsafe_region"":[[40.0, 20.0], [80.0, 20.0], [80.0, 60.0], [40.0, 60.0]], }"
739.6000000000996,"{""waypoints"":(-9850.8452, -6568.0365), ""unsafe_region"":[[40.0, 20.0], [80.0, 20.0], [80.0, 60.0], [40.0, 60.0]], }"
739.6000000000996,"{""waypoints"":(-9850.8452, -6568.0365), ""unsafe_region"":[[40.0, 20.0], [80.0, 20.0], [80.0, 60.0], [40.0, 60.0]], }"
739.6000000000996,"{""waypoints"":(-9850.8452, -6568.0365), ""unsafe_region"":[[40.0, 20.0], [80.0, 20.0], [80.0, 60.0], [40.0, 60.0]], }"
739.6000000000996,"{""waypoints"":(-9850.8452, -6568.0365), ""unsafe_region"":[[40.0, 20.0], [80.0, 20.0], [80.0, 60.0], [40.0, 60.0]], }"
739.6000000000996,"{""waypoints"":(-9850.8452, -6568.0365), ""unsafe_region"":[[40.0, 20.0], [80.0, 20.0], [80.0, 60.0], [40.0, 60.0]], }"
739.6000000000996,"{""waypoints"":(-9850.8452, -6568.0365), ""unsafe_region"":[[40.0, 20.0], [80.0, 20.0], [80.0, 60.0], [40.0, 60.0]], }"
739.6000000000996,"{""waypoints"":(-9850.8452, -6568.0365), ""unsafe_region"":[[40.0, 20.0], [80.0, 20.0], [80.0, 60.0], [40.0, 60.0]], }"
739.6000000000996,"{""waypoints"":(-9850.8452, -6568.0365), ""unsafe_region"":[[40.0, 20.0], [80.0, 20.0], [80.0, 60.0], [40.0, 60.0]], }"
739.6000000000996,"{""waypoints"":(-9850.8452, -6568.0365), ""unsafe_region"":[[40.0, 20.0], [80.0, 20.0], [80.0, 60.0], [40.0, 60.0]], }"
739.6000000000996,"{""waypoints"":(-9850.8452, -6568.0365), ""unsafe_region"":[[40.0, 20.0], [80.0, 20.0], [80.0, 60.0], [40.0, 60.0]], }"
739.6000000000996,"{""waypoints"":(-9850.8452, -6568.0365), ""unsafe_region"":[[40.0, 20.0], [80.0, 20.0], [80.0, 60.0], [40.0, 60.0]], }"
739.6000000000996,"{""waypoints"":(-9850.8452, -6568.0365), ""unsafe_region"":[[40.0, 20.0], [80.0, 20.0], [80.0, 60.0], [40.0, 60.0]], }"
739.6000000000996,"{""waypoints"":(-9850.8452, -6568.0365), ""unsafe_region"":[[40.0, 20.0], [80.0, 20.0], [80.0, 60.0], [40.0, 60.0]], }"
739.6000000000996,"{""waypoints"":(-9850.8452, -6568.0365), ""unsafe_region"":[[40.0, 20.0], [80.0, 20.0], [80.0, 60.0], [40.0, 60.0]], }"
739.6000000000996,"{""waypoints"":(-9850.8452, -6568.0365), ""unsafe_region"":[[40.0, 20.0], [80.0, 20.0], [80.0, 60.0], [40.0, 60.0]], }"
739.6000000000996,"{""waypoints"":(-9850.8452, -6568.0365), ""unsafe_region"":[[40.0, 20.0], [80.0, 20.0], [80.0, 60.0], [40.0, 60.0]], }"
739.6000000000996,"{""waypoints"":(-9850.8452, -6568.0365), ""unsafe_region"":[[40.0, 20.0], [80.0, 20.0], [80.0, 60.0], [40.0, 60.0]], }"
739.6000000000996,"{""waypoints"":(-9850.8452, -6568.0365), ""unsafe_region"":[[40.0, 20.0], [80.0, 20.0], [80.0, 60.0], [40.0, 60.0]], }"
769.5000000001064,"{""waypoints"":(-9850.8452, -6568.0365), ""unsafe_region"":[[40.0, 20.0], [80.0, 20.0], [80.0, 60.0], [40.0, 60.0]], }"
769.6000000001064,"{""waypoints"":(-9850.8452, -6568.0365), ""unsafe_region"":[[40.0, 20.0], [80.0, 20.0], [80.0, 60.0], [40.0, 60.0]], }"
769.6000000001064,"{""waypoints"":(-9850.8452, -6568.0365), ""unsafe_region"":[[40.0, 20.0], [80.0, 20.0], [80.0, 60.0], [40.0, 60.0]], }"
769.6000000001064,"{""waypoints"":(-9850.8452, -6568.0365), ""unsafe_region"":[[40.0, 20.0], [80.0, 20.0], [80.0, 60.0], [40.0, 60.0]], }"
769.6000000001064,"{""waypoints"":(-9850.8452, -6568.0365), ""unsafe_region"":[[40.0, 20.0], [80.0, 20.0], [80.0, 60.0], [40.0, 60.0]], }"
769.6000000001064,"{""waypoints"":(-9850.8452, -6568.0365), ""unsafe_region"":[[40.0, 20.0], [80.0, 20.0], [80.0, 60.0], [40.0, 60.0]], }"
769.6000000001064,"{""waypoints"":(-9850.8452, -6568.0365), ""unsafe_region"":[[40.0, 20.0], [80.0, 20.0], [80.0, 60.0], [40.0, 60.0]], }"
769.6000000001064,"{""waypoints"":(-9850.8452, -6568.0365), ""unsafe_region"":[[40.0, 20.0], [80.0, 20.0], [80.0, 60.0], [40.0, 60.0]], }"
769.6000000001064,"{""waypoints"":(-9850.8452, -6568.0365), ""unsafe_region"":[[40.0, 20.0], [80.0, 20.0], [80.0, 60.0], [40.0, 60.0]], }"
769.6000000001064,"{""waypoints"":(-9850.8452, -6568.0365), ""unsafe_region"":[[40.0, 20.0], [80.0, 20.0], [80.0, 60.0], [40.0, 60.0]], }"
769.6000000001064,"{""waypoints"":(-9850.8452, -6568.0365), ""unsafe_region"":[[40.0, 20.0], [80.0, 20.0], [80.0, 60.0], [40.0, 60.0]], }"
769.6000000001064,"{""waypoints"":(-9850.8452, -6568.0365), ""unsafe_region"":[[40.0, 20.0], [80.0, 20.0], [80.0, 60.0], [40.0, 60.0]], }"
769.6000000001064,"{""waypoints"":(-9850.8452, -6568.0365), ""unsafe_region"":[[40.0, 20.0], [80.0, 20.0], [80.0, 60.0], [40.0, 60.0]], }"
769.6000000001064,"{""waypoints"":(-9850.8452, -6568.0365), ""unsafe_region"":[[40.0, 20.0], [80.0, 20.0], [80.0, 60.0], [40.0, 60.0]], }"
769.6000000001064,"{""waypoints"":(-9850.8452, -6568.0365), ""unsafe_region"":[[40.0, 20.0], [80.0, 20.0], [80.0, 60.0], [40.0, 60.0]], }"
769.6000000001064,"{""waypoints"":(-9850.8452, -6568.0365), ""unsafe_region"":[[40.0, 20.0], [80.0, 20.0], [80.0, 60.0], [40.0, 60.0]], }"
769.6000000001064,"{""waypoints"":(-9850.8452, -6568.0365), ""unsafe_region"":[[40.0, 20.0], [80.0, 20.0], [80.0, 60.0], [40.0, 60.0]], }"
769.6000000001064,"{""waypoints"":(-9850.8452, -6568.0365), ""unsafe_region"":[[40.0, 20.0], [80.0, 20.0], [80.0, 60.0], [40.0, 60.0]], }"
769.6000000001064,"{""waypoints"":(-9850.8452, -6568.0365), ""unsafe_region"":[[40.0, 20.0], [80.0, 20.0], [80.0, 60.0], [40.0, 60.0]], }"
769.6000000001064,"{""waypoints"":(-9850.8452, -6568.0365), ""unsafe_region"":[[40.0, 20.0], [80.0, 20.0], [80.0, 60.0], [40.0, 60.0]], }"
769.6000000001064,"{""waypoints"":(-9850.8452, -6568.0365), ""unsafe_region"":[[40.0, 20.0], [80.0, 20.0], [80.0, 60.0], [40.0, 60.0]], }"
769.6000000001064,"{""waypoints"":(-9850.8452, -6568.0365), ""unsafe_region"":[[40.0, 20.0], [80.0, 20.0], [80.0, 60.0], [40.0, 60.0]], }"
769.6000000001064,"{""waypoints"":(-9850.8452, -6568.0365), ""unsafe_region"":[[40.0, 20.0], [80.0, 20.0], [80.0, 60.0], [40.0, 60.0]], }"
769.6000000001064,"{""waypoints"":(-9850.8452, -6568.0365), ""unsafe_region"":[[40.0, 20.0], [80.0, 20.0], [80.0, 60.0], [40.0, 60.0]], }"
769.6000000001064,"{""waypoints"":(-9850.8452, -6568.0365), ""unsafe_region"":[[40.0, 20.0], [80.0, 20.0], [80.0, 60.0], [40.0, 60.0]], }"
769.6000000001064,"{""waypoints"":(-9850.8452, -6568.0365), ""unsafe_region"":[[40.0, 20.0], [80.0, 20.0], [80.0, 60.0], [40.0, 60.0]], }"
769.6000000001064,"{""waypoints"":(-9850.8452, -6568.0365), ""unsafe_region"":[[40.0, 20.0], [80.0, 20.0], [80.0, 60.0], [40.0, 60.0]], }"
769.6000000001064,"{""waypoints"":(-9850.8452, -6568.0365), ""unsafe_region"":[[40.0, 20.0], [80.0, 20.0], [80.0, 60.0], [40.0, 60.0]], }"
769.6000000001064,"{""waypoints"":(-9850.8452, -6568.0365), ""unsafe_region"":[[40.0, 20.0], [80.0, 20.0], [80.0, 60.0], [40.0, 60.0]], }"
769.6000000001064,"{""waypoints"":(-9850.8452, -6568.0365), ""unsafe_region"":[[40.0, 20.0], [80.0, 20.0], [80.0, 60.0], [40.0, 60.0]], }"
800.0000000001133,"{""waypoints"":(-9850.8452, -6568.0365), ""unsafe_region"":[[40.0, 20.0], [80.0, 20.0], [80.0, 60.0], [40.0, 60.0]], }"
800.1000000001134,"{""waypoints"":(-9850.8452, -6568.0365), ""unsafe_region"":[[40.0, 20.0], [80.0, 20.0], [80.0, 60.0], [40.0, 60.0]], }"
800.1000000001134,"{""waypoints"":(-9850.8452, -6568.0365), ""unsafe_region"":[[40.0, 20.0], [80.0, 20.0], [80.0, 60.0], [40.0, 60.0]], }"
800.1000000001134,"{""waypoints"":(-9850.8452, -6568.0365), ""unsafe_region"":[[40.0, 20.0], [80.0, 20.0], [80.0, 60.0], [40.0, 60.0]], }"
800.1000000001134,"{""waypoints"":(-9850.8452, -6568.0365), ""unsafe_region"":[[40.0, 20.0], [80.0, 20.0], [80.0, 60.0], [40.0, 60.0]], }"
800.1000000001134,"{""waypoints"":(-9850.8452, -6568.0365), ""unsafe_region"":[[40.0, 20.0], [80.0, 20.0], [80.0, 60.0], [40.0, 60.0]], }"
800.1000000001134,"{""waypoints"":(-9850.8452, -6568.0365), ""unsafe_region"":[[40.0, 20.0], [80.0, 20.0], [80.0, 60.0], [40.0, 60.0]], }"
800.1000000001134,"{""waypoints"":(-9850.8452, -6568.0365), ""unsafe_region"":[[40.0, 20.0], [80.0, 20.0], [80.0, 60.0], [40.0, 60.0]], }"
800.1000000001134,"{""waypoints"":(-9850.8452, -6568.0365), ""unsafe_region"":[[40.0, 20.0], [80.0, 20.0], [80.0, 60.0], [40.0, 60.0]], }"
800.1000000001134,"{""waypoints"":(-9850.8452, -6568.0365), ""unsafe_region"":[[40.0, 20.0], [80.0, 20.0], [80.0, 60.0], [40.0, 60.0]], }"
800.1000000001134,"{""waypoints"":(-9850.8452, -6568.0365), ""unsafe_region"":[[40.0, 20.0], [80.0, 20.0], [80.0, 60.0], [40.0, 60.0]], }"
800.1000000001134,"{""waypoints"":(-9850.8452, -6568.0365), ""unsafe_region"":[[40.0, 20.0], [80.0, 20.0], [80.0, 60.0], [40.0, 60.0]], }"
800.1000000001134,"{""waypoints"":(-9850.8452, -6568.0365), ""unsafe_region"":[[40.0, 20.0], [80.0, 20.0], [80.0, 60.0], [40.0, 60.0]], }"
800.1000000001134,"{""waypoints"":(-9850.8452, -6568.0365), ""unsafe_region"":[[40.0, 20.0], [80.0, 20.0], [80.0, 60.0], [40.0, 60.0]], }"
800.1000000001134,"{""waypoints"":(-9850.8452, -6568.0365), ""unsafe_region"":[[40.0, 20.0], [80.0, 20.0], [80.0, 60.0], [40.0, 60.0]], }"
800.1000000001134,"{""waypoints"":(-9850.8452, -6568.0365), ""unsafe_region"":[[40.0, 20.0], [80.0, 20.0], [80.0, 60.0], [40.0, 60.0]], }"
800.1000000001134,"{""waypoints"":(-9850.8452, -6568.0365), ""unsafe_region"":[[40.0, 20.0], [80.0, 20.0], [80.0, 60.0], [40.0, 60.0]], }"
800.1000000001134,"{""waypoints"":(-9850.8452, -6568.0365), ""unsafe_region"":[[40.0, 20.0], [80.0, 20.0], [80.0, 60.0], [40.0, 60.0]], }"
800.1000000001134,"{""waypoints"":(-9850.8452, -6568.0365), ""unsafe_region"":[[40.0, 20.0], [80.0, 20.0], [80.0, 60.0], [40.0, 60.0]], }"
800.1000000001134,"{""waypoints"":(-9850.8452, -6568.0365), ""unsafe_region"":[[40.0, 20.0], [80.0, 20.0], [80.0, 60.0], [40.0, 60.0]], }"
800.1000000001134,"{""waypoints"":(-9850.8452, -6568.0365), ""unsafe_region"":[[40.0, 20.0], [80.0, 20.0], [80.0, 60.0], [40.0, 60.0]], }"
800.1000000001134,"{""waypoints"":(-9850.8452, -6568.0365), ""unsafe_region"":[[40.0, 20.0], [80.0, 20.0], [80.0, 60.0], [40.0, 60.0]], }"
800.1000000001134,"{""waypoints"":(-9850.8452, -6568.0365), ""unsafe_region"":[[40.0, 20.0], [80.0, 20.0], [80.0, 60.0], [40.0, 60.0]], }"
800.1000000001134,"{""waypoints"":(-9850.8452, -6568.0365), ""unsafe_region"":[[40.0, 20.0], [80.0, 20.0], [80.0, 60.0], [40.0, 60.0]], }"
800.1000000001134,"{""waypoints"":(-9850.8452, -6568.0365), ""unsafe_region"":[[40.0, 20.0], [80.0, 20.0], [80.0, 60.0], [40.0, 60.0]], }"
800.1000000001134,"{""waypoints"":(-9850.8452, -6568.0365), ""unsafe_region"":[[40.0, 20.0], [80.0, 20.0], [80.0, 60.0], [40.0, 60.0]], }"
800.1000000001134,"{""waypoints"":(-9850.8452, -6568.0365), ""unsafe_region"":[[40.0, 20.0], [80.0, 20.0], [80.0, 60.0], [40.0, 60.0]], }"
800.1000000001134,"{""waypoints"":(-9850.8452, -6568.0365), ""unsafe_region"":[[40.0, 20.0], [80.0, 20.0], [80.0, 60.0], [40.0, 60.0]], }"
800.1000000001134,"{""waypoints"":(-9850.8452, -6568.0365), ""unsafe_region"":[[40.0, 20.0], [80.0, 20.0], [80.0, 60.0], [40.0, 60.0]], }"
800.1000000001134,"{""waypoints"":(-9850.8452, -6568.0365), ""unsafe_region"":[[40.0, 20.0], [80.0, 20.0], [80.0, 60.0], [40.0, 60.0]], }"
800.1000000001134,"{""waypoints"":(-9850.8452, -6568.0365), ""unsafe_region"":[[40.0, 20.0], [80.0, 20.0], [80.0, 60.0], [40.0, 60.0]], }"
870.4000000001294,"{""waypoints"":(-9850.8452, -6568.0365), ""unsafe_region"":[[40.0, 20.0], [80.0, 20.0], [80.0, 60.0], [40.0, 60.0]], }"
870.4000000001294,"{""waypoints"":(-9850.8452, -6568.0365), ""unsafe_region"":[[40.0, 20.0], [80.0, 20.0], [80.0, 60.0], [40.0, 60.0]], }"
870.4000000001294,"{""waypoints"":(-9850.8452, -6568.0365), ""unsafe_region"":[[40.0, 20.0], [80.0, 20.0], [80.0, 60.0], [40.0, 60.0]], }"
870.4000000001294,"{""waypoints"":(-9850.8452, -6568.0365), ""unsafe_region"":[[40.0, 20.0], [80.0, 20.0], [80.0, 60.0], [40.0, 60.0]], }"
870.4000000001294,"{""waypoints"":(-9850.8452, -6568.0365), ""unsafe_region"":[[40.0, 20.0], [80.0, 20.0], [80.0, 60.0], [40.0, 60.0]], }"
870.4000000001294,"{""waypoints"":(-9850.8452, -6568.0365), ""unsafe_region"":[[40.0, 20.0], [80.0, 20.0], [80.0, 60.0], [40.0, 60.0]], }"
870.4000000001294,"{""waypoints"":(-9850.8452, -6568.0365), ""unsafe_region"":[[40.0, 20.0], [80.0, 20.0], [80.0, 60.0], [40.0, 60.0]], }"
870.4000000001294,"{""waypoints"":(-9850.8452, -6568.0365), ""unsafe_region"":[[40.0, 20.0], [80.0, 20.0], [80.0, 60.0], [40.0, 60.0]], }"
870.4000000001294,"{""waypoints"":(-9850.8452, -6568.0365), ""unsafe_region"":[[40.0, 20.0], [80.0, 20.0], [80.0, 60.0], [40.0, 60.0]], }"
870.4000000001294,"{""waypoints"":(-9850.8452, -6568.0365), ""unsafe_region"":[[40.0, 20.0], [80.0, 20.0], [80.0, 60.0], [40.0, 60.0]], }"
870.4000000001294,"{""waypoints"":(-9850.8452, -6568.0365), ""unsafe_region"":[[40.0, 20.0], [80.0, 20.0], [80.0, 60.0], [40.0, 60.0]], }"
870.4000000001294,"{""waypoints"":(-9850.8452, -6568.0365), ""unsafe_region"":[[40.0, 20.0], [80.0, 20.0], [80.0, 60.0], [40.0, 60.0]], }"
870.4000000001294,"{""waypoints"":(-9850.8452, -6568.0365), ""unsafe_region"":[[40.0, 20.0], [80.0, 20.0], [80.0, 60.0], [40.0, 60.0]], }"
870.4000000001294,"{""waypoints"":(-9850.8452, -6568.0365), ""unsafe_region"":[[40.0, 20.0], [80.0, 20.0], [80.0, 60.0], [40.0, 60.0]], }"
870.4000000001294,"{""waypoints"":(-9850.8452, -6568.0365), ""unsafe_region"":[[40.0, 20.0], [80.0, 20.0], [80.0, 60.0], [40.0, 60.0]], }"
870.4000000001294,"{""waypoints"":(-9850.8452, -6568.0365), ""unsafe_region"":[[40.0, 20.0], [80.0, 20.0], [80.0, 60.0], [40.0, 60.0]], }"
870.4000000001294,"{""waypoints"":(-9850.8452, -6568.0365), ""unsafe_region"":[[40.0, 20.0], [80.0, 20.0], [80.0, 60.0], [40.0, 60.0]], }"
870.4000000001294,"{""waypoints"":(-9850.8452, -6568.0365), ""unsafe_region"":[[40.0, 20.0], [80.0, 20.0], [80.0, 60.0], [40.0, 60.0]], }"
870.4000000001294,"{""waypoints"":(-9850.8452, -6568.0365), ""unsafe_region"":[[40.0, 20.0], [80.0, 20.0], [80.0, 60.0], [40.0, 60.0]], }"
870.4000000001294,"{""waypoints"":(-9850.8452, -6568.0365), ""unsafe_region"":[[40.0, 20.0], [80.0, 20.0], [80.0, 60.0], [40.0, 60.0]], }"
870.4000000001294,"{""waypoints"":(-9850.8452, -6568.0365), ""unsafe_region"":[[40.0, 20.0], [80.0, 20.0], [80.0, 60.0], [40.0, 60.0]], }"
870.4000000001294,"{""waypoints"":(-9850.8452, -6568.0365), ""unsafe_region"":[[40.0, 20.0], [80.0, 20.0], [80.0, 60.0], [40.0, 60.0]], }"
870.4000000001294,"{""waypoints"":(-9850.8452, -6568.0365), ""unsafe_region"":[[40.0, 20.0], [80.0, 20.0], [80.0, 60.0], [40.0, 60.0]], }"
870.4000000001294,"{""waypoints"":(-9850.8452, -6568.0365), ""unsafe_region"":[[40.0, 20.0], [80.0, 20.0], [80.0, 60.0], [40.0, 60.0]], }"
870.4000000001294,"{""waypoints"":(-9850.8452, -6568.0365), ""unsafe_region"":[[40.0, 20.0], [80.0, 20.0], [80.0, 60.0], [40.0, 60.0]], }"
870.4000000001294,"{""waypoints"":(-9850.8452, -6568.0365), ""unsafe_region"":[[40.0, 20.0], [80.0, 20.0], [80.0, 60.0], [40.0, 60.0]], }"
870.4000000001294,"{""waypoints"":(-9850.8452, -6568.0365), ""unsafe_region"":[[40.0, 20.0], [80.0, 20.0], [80.0, 60.0], [40.0, 60.0]], }"
870.4000000001294,"{""waypoints"":(-9850.8452, -6568.0365), ""unsafe_region"":[[40.0, 20.0], [80.0, 20.0], [80.0, 60.0], [40.0, 60.0]], }"
870.4000000001294,"{""waypoints"":(-9850.8452, -6568.0365), ""unsafe_region"":[[40.0, 20.0], [80.0, 20.0], [80.0, 60.0], [40.0, 60.0]], }"
870.4000000001294,"{""waypoints"":(-9850.8452, -6568.0365), ""unsafe_region"":[[40.0, 20.0], [80.0, 20.0], [80.0, 60.0], [40.0, 60.0]], }"
870.4000000001294,"{""waypoints"":(-9850.8452, -6568.0365), ""unsafe_region"":[[40.0, 20.0], [80.0, 20.0], [80.0, 60.0], [40.0, 60.0]], }"
870.4000000001294,"{""waypoints"":(-9850.8452, -6568.0365), ""unsafe_region"":[[40.0, 20.0], [80.0, 20.0], [80.0, 60.0], [40.0, 60.0]], }"
870.4000000001294,"{""waypoints"":(-9850.8452, -6568.0365), ""unsafe_region"":[[40.0, 20.0], [80.0, 20.0], [80.0, 60.0], [40.0, 60.0]], }"
870.4000000001294,"{""waypoints"":(-9850.8452, -6568.0365), ""unsafe_region"":[[40.0, 20.0], [80.0, 20.0], [80.0, 60.0], [40.0, 60.0]], }"
870.4000000001294,"{""waypoints"":(-9850.8452, -6568.0365), ""unsafe_region"":[[40.0, 20.0], [80.0, 20.0], [80.0, 60.0], [40.0, 60.0]], }"
870.4000000001294,"{""waypoints"":(-9850.8452, -6568.0365), ""unsafe_region"":[[40.0, 20.0], [80.0, 20.0], [80.0, 60.0], [40.0, 60.0]], }"
870.4000000001294,"{""waypoints"":(-9850.8452, -6568.0365), ""unsafe_region"":[[40.0, 20.0], [80.0, 20.0], [80.0, 60.0], [40.0, 60.0]], }"
870.4000000001294,"{""waypoints"":(-9850.8452, -6568.0365), ""unsafe_region"":[[40.0, 20.0], [80.0, 20.0], [80.0, 60.0], [40.0, 60.0]], }"
870.4000000001294,"{""waypoints"":(-9850.8452, -6568.0365), ""unsafe_region"":[[40.0, 20.0], [80.0, 20.0], [80.0, 60.0], [40.0, 60.0]], }"
870.4000000001294,"{""waypoints"":(-9850.8452, -6568.0365), ""unsafe_region"":[[40.0, 20.0], [80.0, 20.0], [80.0, 60.0], [40.0, 60.0]], }"
870.4000000001294,"{""waypoints"":(-9850.8452, -6568.0365), ""unsafe_region"":[[40.0, 20.0], [80.0, 20.0], [80.0, 60.0], [40.0, 60.0]], }"
870.4000000001294,"{""waypoints"":(-9850.8452, -6568.0365), ""unsafe_region"":[[40.0, 20.0], [80.0, 20.0], [80.0, 60.0], [40.0, 60.0]], }"
870.4000000001294,"{""waypoints"":(-9850.8452, -6568.0365), ""unsafe_region"":[[40.0, 20.0], [80.0, 20.0], [80.0, 60.0], [40.0, 60.0]], }"
870.4000000001294,"{""waypoints"":(-9850.8452, -6568.0365), ""unsafe_region"":[[40.0, 20.0], [80.0, 20.0], [80.0, 60.0], [40.0, 60.0]], }"
870.4000000001294,"{""waypoints"":(-9850.8452, -6568.0365), ""unsafe_region"":[[40.0, 20.0], [80.0, 20.0], [80.0, 60.0], [40.0, 60.0]], }"
870.4000000001294,"{""waypoints"":(-9850.8452, -6568.0365), ""unsafe_region"":[[40.0, 20.0], [80.0, 20.0], [80.0, 60.0], [40.0, 60.0]], }"
870.4000000001294,"{""waypoints"":(-9850.8452, -6568.0365), ""unsafe_region"":[[40.0, 20.0], [80.0, 20.0], [80.0, 60.0], [40.0, 60.0]], }"
870.4000000001294,"{""waypoints"":(-9850.8452, -6568.0365), ""unsafe_region"":[[40.0, 20.0], [80.0, 20.0], [80.0, 60.0], [40.0, 60.0]], }"
870.4000000001294,"{""waypoints"":(-9850.8452, -6568.0365), ""unsafe_region"":[[40.0, 20.0], [80.0, 20.0], [80.0, 60.0], [40.0, 60.0]], }"
870.4000000001294,"{""waypoints"":(-9850.8452, -6568.0365), ""unsafe_region"":[[40.0, 20.0], [80.0, 20.0], [80.0, 60.0], [40.0, 60.0]], }"
870.4000000001294,"{""waypoints"":(-9850.8452, -6568.0365), ""unsafe_region"":[[40.0, 20.0], [80.0, 20.0], [80.0, 60.0], [40.0, 60.0]], }"
870.4000000001294,"{""waypoints"":(-9850.8452, -6568.0365), ""unsafe_region"":[[40.0, 20.0], [80.0, 20.0], [80.0, 60.0], [40.0, 60.0]], }"
870.4000000001294,"{""waypoints"":(-9850.8452, -6568.0365), ""unsafe_region"":[[40.0, 20.0], [80.0, 20.0], [80.0, 60.0], [40.0, 60.0]], }"
870.4000000001294,"{""waypoints"":(-9850.8452, -6568.0365), ""unsafe_region"":[[40.0, 20.0], [80.0, 20.0], [80.0, 60.0], [40.0, 60.0]], }"
870.4000000001294,"{""waypoints"":(-9850.8452, -6568.0365), ""unsafe_region"":[[40.0, 20.0], [80.0, 20.0], [80.0, 60.0], [40.0, 60.0]], }"
870.4000000001294,"{""waypoints"":(-9850.8452, -6568.0365), ""unsafe_region"":[[40.0, 20.0], [80.0, 20.0], [80.0, 60.0], [40.0, 60.0]], }"
870.4000000001294,"{""waypoints"":(-9850.8452, -6568.0365), ""unsafe_region"":[[40.0, 20.0], [80.0, 20.0], [80.0, 60.0], [40.0, 60.0]], }"
870.4000000001294,"{""waypoints"":(-9850.8452, -6568.0365), ""unsafe_region"":[[40.0, 20.0], [80.0, 20.0], [80.0, 60.0], [40.0, 60.0]], }"
870.4000000001294,"{""waypoints"":(-9850.8452, -6568.0365), ""unsafe_region"":[[40.0, 20.0], [80.0, 20.0], [80.0, 60.0], [40.0, 60.0]], }"
870.4000000001294,"{""waypoints"":(-9850.8452, -6568.0365), ""unsafe_region"":[[40.0, 20.0], [80.0, 20.0], [80.0, 60.0], [40.0, 60.0]], }"
870.4000000001294,"{""waypoints"":(-9850.8452, -6568.0365), ""unsafe_region"":[[40.0, 20.0], [80.0, 20.0], [80.0, 60.0], [40.0, 60.0]], }"
870.4000000001294,"{""waypoints"":(-9850.8452, -6568.0365), ""unsafe_region"":[[40.0, 20.0], [80.0, 20.0], [80.0, 60.0], [40.0, 60.0]], }"
870.4000000001294,"{""waypoints"":(-9850.8452, -6568.0365), ""unsafe_region"":[[40.0, 20.0], [80.0, 20.0], [80.0, 60.0], [40.0, 60.0]], }"
870.4000000001294,"{""waypoints"":(-9850.8452, -6568.0365), ""unsafe_region"":[[40.0, 20.0], [80.0, 20.0], [80.0, 60.0], [40.0, 60.0]], }"
870.4000000001294,"{""waypoints"":(-9850.8452, -6568.0365), ""unsafe_region"":[[40.0, 20.0], [80.0, 20.0], [80.0, 60.0], [40.0, 60.0]], }"
870.4000000001294,"{""waypoints"":(-9850.8452, -6568.0365), ""unsafe_region"":[[40.0, 20.0], [80.0, 20.0], [80.0, 60.0], [40.0, 60.0]], }"
870.4000000001294,"{""waypoints"":(-9850.8452, -6568.0365), ""unsafe_region"":[[40.0, 20.0], [80.0, 20.0], [80.0, 60.0], [40.0, 60.0]], }"
870.4000000001294,"{""waypoints"":(-9850.8452, -6568.0365), ""unsafe_region"":[[40.0, 20.0], [80.0, 20.0], [80.0, 60.0], [40.0, 60.0]], }"
870.4000000001294,"{""waypoints"":(-9850.8452, -6568.0365), ""unsafe_region"":[[40.0, 20.0], [80.0, 20.0], [80.0, 60.0], [40.0, 60.0]], }"
870.4000000001294,"{""waypoints"":(-9850.8452, -6568.0365), ""unsafe_region"":[[40.0, 20.0], [80.0, 20.0], [80.0, 60.0], [40.0, 60.0]], }"
918.2000000001402,"{""waypoints"":(-9850.8452, -6568.0365), ""unsafe_region"":[[40.0, 20.0], [80.0, 20.0], [80.0, 60.0], [40.0, 60.0]], }"
918.3000000001402,"{""waypoints"":(-9850.8452, -6568.0365), ""unsafe_region"":[[40.0, 20.0], [80.0, 20.0], [80.0, 60.0], [40.0, 60.0]], }"
918.3000000001402,"{""waypoints"":(-9850.8452, -6568.0365), ""unsafe_region"":[[40.0, 20.0], [80.0, 20.0], [80.0, 60.0], [40.0, 60.0]], }"
918.3000000001402,"{""waypoints"":(-9850.8452, -6568.0365), ""unsafe_region"":[[40.0, 20.0], [80.0, 20.0], [80.0, 60.0], [40.0, 60.0]], }"
918.3000000001402,"{""waypoints"":(-9850.8452, -6568.0365), ""unsafe_region"":[[40.0, 20.0], [80.0, 20.0], [80.0, 60.0], [40.0, 60.0]], }"
918.3000000001402,"{""waypoints"":(-9850.8452, -6568.0365), ""unsafe_region"":[[40.0, 20.0], [80.0, 20.0], [80.0, 60.0], [40.0, 60.0]], }"
918.3000000001402,"{""waypoints"":(-9850.8452, -6568.0365), ""unsafe_region"":[[40.0, 20.0], [80.0, 20.0], [80.0, 60.0], [40.0, 60.0]], }"
918.3000000001402,"{""waypoints"":(-9850.8452, -6568.0365), ""unsafe_region"":[[40.0, 20.0], [80.0, 20.0], [80.0, 60.0], [40.0, 60.0]], }"
918.3000000001402,"{""waypoints"":(-9850.8452, -6568.0365), ""unsafe_region"":[[40.0, 20.0], [80.0, 20.0], [80.0, 60.0], [40.0, 60.0]], }"
918.3000000001402,"{""waypoints"":(-9850.8452, -6568.0365), ""unsafe_region"":[[40.0, 20.0], [80.0, 20.0], [80.0, 60.0], [40.0, 60.0]], }"
918.3000000001402,"{""waypoints"":(-9850.8452, -6568.0365), ""unsafe_region"":[[40.0, 20.0], [80.0, 20.0], [80.0, 60.0], [40.0, 60.0]], }"
918.3000000001402,"{""waypoints"":(-9850.8452, -6568.0365), ""unsafe_region"":[[40.0, 20.0], [80.0, 20.0], [80.0, 60.0], [40.0, 60.0]], }"
918.3000000001402,"{""waypoints"":(-9850.8452, -6568.0365), ""unsafe_region"":[[40.0, 20.0], [80.0, 20.0], [80.0, 60.0], [40.0, 60.0]], }"
918.3000000001402,"{""waypoints"":(-9850.8452, -6568.0365), ""unsafe_region"":[[40.0, 20.0], [80.0, 20.0], [80.0, 60.0], [40.0, 60.0]], }"
918.3000000001402,"{""waypoints"":(-9850.8452, -6568.0365), ""unsafe_region"":[[40.0, 20.0], [80.0, 20.0], [80.0, 60.0], [40.0, 60.0]], }"
918.3000000001402,"{""waypoints"":(-9850.8452, -6568.0365), ""unsafe_region"":[[40.0, 20.0], [80.0, 20.0], [80.0, 60.0], [40.0, 60.0]], }"
918.3000000001402,"{""waypoints"":(-9850.8452, -6568.0365), ""unsafe_region"":[[40.0, 20.0], [80.0, 20.0], [80.0, 60.0], [40.0, 60.0]], }"
918.3000000001402,"{""waypoints"":(-9850.8452, -6568.0365), ""unsafe_region"":[[40.0, 20.0], [80.0, 20.0], [80.0, 60.0], [40.0, 60.0]], }"
918.3000000001402,"{""waypoints"":(-9850.8452, -6568.0365), ""unsafe_region"":[[40.0, 20.0], [80.0, 20.0], [80.0, 60.0], [40.0, 60.0]], }"
918.3000000001402,"{""waypoints"":(-9850.8452, -6568.0365), ""unsafe_region"":[[40.0, 20.0], [80.0, 20.0], [80.0, 60.0], [40.0, 60.0]], }"
918.3000000001402,"{""waypoints"":(-9850.8452, -6568.0365), ""unsafe_region"":[[40.0, 20.0], [80.0, 20.0], [80.0, 60.0], [40.0, 60.0]], }"
918.3000000001402,"{""waypoints"":(-9850.8452, -6568.0365), ""unsafe_region"":[[40.0, 20.0], [80.0, 20.0], [80.0, 60.0], [40.0, 60.0]], }"
918.3000000001402,"{""waypoints"":(-9850.8452, -6568.0365), ""unsafe_region"":[[40.0, 20.0], [80.0, 20.0], [80.0, 60.0], [40.0, 60.0]], }"
918.3000000001402,"{""waypoints"":(-9850.8452, -6568.0365), ""unsafe_region"":[[40.0, 20.0], [80.0, 20.0], [80.0, 60.0], [40.0, 60.0]], }"
918.3000000001402,"{""waypoints"":(-9850.8452, -6568.0365), ""unsafe_region"":[[40.0, 20.0], [80.0, 20.0], [80.0, 60.0], [40.0, 60.0]], }"
918.3000000001402,"{""waypoints"":(-9850.8452, -6568.0365), ""unsafe_region"":[[40.0, 20.0], [80.0, 20.0], [80.0, 60.0], [40.0, 60.0]], }"
918.3000000001402,"{""waypoints"":(-9850.8452, -6568.0365), ""unsafe_region"":[[40.0, 20.0], [80.0, 20.0], [80.0, 60.0], [40.0, 60.0]], }"
918.3000000001402,"{""waypoints"":(-9850.8452, -6568.0365), ""unsafe_region"":[[40.0, 20.0], [80.0, 20.0], [80.0, 60.0], [40.0, 60.0]], }"
918.3000000001402,"{""waypoints"":(-9850.8452, -6568.0365), ""unsafe_region"":[[40.0, 20.0], [80.0, 20.0], [80.0, 60.0], [40.0, 60.0]], }"
918.3000000001402,"{""waypoints"":(-9850.8452, -6568.0365), ""unsafe_region"":[[40.0, 20.0], [80.0, 20.0], [80.0, 60.0], [40.0, 60.0]], }"
918.3000000001402,"{""waypoints"":(-9850.8452, -6568.0365), ""unsafe_region"":[[40.0, 20.0], [80.0, 20.0], [80.0, 60.0], [40.0, 60.0]], }"
918.3000000001402,"{""waypoints"":(-9850.8452, -6568.0365), ""unsafe_region"":[[40.0, 20.0], [80.0, 20.0], [80.0, 60.0], [40.0, 60.0]], }"
918.3000000001402,"{""waypoints"":(-9850.8452, -6568.0365), ""unsafe_region"":[[40.0, 20.0], [80.0, 20.0], [80.0, 60.0], [40.0, 60.0]], }"
918.3000000001402,"{""waypoints"":(-9850.8452, -6568.0365), ""unsafe_region"":[[40.0, 20.0], [80.0, 20.0], [80.0, 60.0], [40.0, 60.0]], }"
918.3000000001402,"{""waypoints"":(-9850.8452, -6568.0365), ""unsafe_region"":[[40.0, 20.0], [80.0, 20.0], [80.0, 60.0], [40.0, 60.0]], }"
918.3000000001402,"{""waypoints"":(-9850.8452, -6568.0365), ""unsafe_region"":[[40.0, 20.0], [80.0, 20.0], [80.0, 60.0], [40.0, 60.0]], }"
918.3000000001402,"{""waypoints"":(-9850.8452, -6568.0365), ""unsafe_region"":[[40.0, 20.0], [80.0, 20.0], [80.0, 60.0], [40.0, 60.0]], }"
918.3000000001402,"{""waypoints"":(-9850.8452, -6568.0365), ""unsafe_region"":[[40.0, 20.0], [80.0, 20.0], [80.0, 60.0], [40.0, 60.0]], }"
918.3000000001402,"{""waypoints"":(-9850.8452, -6568.0365), ""unsafe_region"":[[40.0, 20.0], [80.0, 20.0], [80.0, 60.0], [40.0, 60.0]], }"
918.3000000001402,"{""waypoints"":(-9850.8452, -6568.0365), ""unsafe_region"":[[40.0, 20.0], [80.0, 20.0], [80.0, 60.0], [40.0, 60.0]], }"
918.3000000001402,"{""waypoints"":(-9850.8452, -6568.0365), ""unsafe_region"":[[40.0, 20.0], [80.0, 20.0], [80.0, 60.0], [40.0, 60.0]], }"
918.3000000001402,"{""waypoints"":(-9850.8452, -6568.0365), ""unsafe_region"":[[40.0, 20.0], [80.0, 20.0], [80.0, 60.0], [40.0, 60.0]], }"
918.3000000001402,"{""waypoints"":(-9850.8452, -6568.0365), ""unsafe_region"":[[40.0, 20.0], [80.0, 20.0], [80.0, 60.0], [40.0, 60.0]], }"
918.3000000001402,"{""waypoints"":(-9850.8452, -6568.0365), ""unsafe_region"":[[40.0, 20.0], [80.0, 20.0], [80.0, 60.0], [40.0, 60.0]], }"
918.3000000001402,"{""waypoints"":(-9850.8452, -6568.0365), ""unsafe_region"":[[40.0, 20.0], [80.0, 20.0], [80.0, 60.0], [40.0, 60.0]], }"
918.3000000001402,"{""waypoints"":(-9850.8452, -6568.0365), ""unsafe_region"":[[40.0, 20.0], [80.0, 20.0], [80.0, 60.0], [40.0, 60.0]], }"
918.3000000001402,"{""waypoints"":(-9850.8452, -6568.0365), ""unsafe_region"":[[40.0, 20.0], [80.0, 20.0], [80.0, 60.0], [40.0, 60.0]], }"
918.3000000001402,"{""waypoints"":(-9850.8452, -6568.0365), ""unsafe_region"":[[40.0, 20.0], [80.0, 20.0], [80.0, 60.0], [40.0, 60.0]], }"
972.2000000001525,"{""waypoints"":(-9850.8452, -6568.0365), ""unsafe_region"":[[40.0, 20.0], [80.0, 20.0], [80.0, 60.0], [40.0, 60.0]], }"
972.3000000001525,"{""waypoints"":(-9850.8452, -6568.0365), ""unsafe_region"":[[40.0, 20.0], [80.0, 20.0], [80.0, 60.0], [40.0, 60.0]], }"
972.3000000001525,"{""waypoints"":(-9850.8452, -6568.0365), ""unsafe_region"":[[40.0, 20.0], [80.0, 20.0], [80.0, 60.0], [40.0, 60.0]], }"
972.3000000001525,"{""waypoints"":(-9850.8452, -6568.0365), ""unsafe_region"":[[40.0, 20.0], [80.0, 20.0], [80.0, 60.0], [40.0, 60.0]], }"
972.3000000001525,"{""waypoints"":(-9850.8452, -6568.0365), ""unsafe_region"":[[40.0, 20.0], [80.0, 20.0], [80.0, 60.0], [40.0, 60.0]], }"
972.3000000001525,"{""waypoints"":(-9850.8452, -6568.0365), ""unsafe_region"":[[40.0, 20.0], [80.0, 20.0], [80.0, 60.0], [40.0, 60.0]], }"
972.3000000001525,"{""waypoints"":(-9850.8452, -6568.0365), ""unsafe_region"":[[40.0, 20.0], [80.0, 20.0], [80.0, 60.0], [40.0, 60.0]], }"
972.3000000001525,"{""waypoints"":(-9850.8452, -6568.0365), ""unsafe_region"":[[40.0, 20.0], [80.0, 20.0], [80.0, 60.0], [40.0, 60.0]], }"
972.3000000001525,"{""waypoints"":(-9850.8452, -6568.0365), ""unsafe_region"":[[40.0, 20.0], [80.0, 20.0], [80.0, 60.0], [40.0, 60.0]], }"
972.3000000001525,"{""waypoints"":(-9850.8452, -6568.0365), ""unsafe_region"":[[40.0, 20.0], [80.0, 20.0], [80.0, 60.0], [40.0, 60.0]], }"
972.3000000001525,"{""waypoints"":(-9850.8452, -6568.0365), ""unsafe_region"":[[40.0, 20.0], [80.0, 20.0], [80.0, 60.0], [40.0, 60.0]], }"
972.3000000001525,"{""waypoints"":(-9850.8452, -6568.0365), ""unsafe_region"":[[40.0, 20.0], [80.0, 20.0], [80.0, 60.0], [40.0, 60.0]], }"
972.3000000001525,"{""waypoints"":(-9850.8452, -6568.0365), ""unsafe_region"":[[40.0, 20.0], [80.0, 20.0], [80.0, 60.0], [40.0, 60.0]], }"
972.3000000001525,"{""waypoints"":(-9850.8452, -6568.0365), ""unsafe_region"":[[40.0, 20.0], [80.0, 20.0], [80.0, 60.0], [40.0, 60.0]], }"
972.3000000001525,"{""waypoints"":(-9850.8452, -6568.0365), ""unsafe_region"":[[40.0, 20.0], [80.0, 20.0], [80.0, 60.0], [40.0, 60.0]], }"
972.3000000001525,"{""waypoints"":(-9850.8452, -6568.0365), ""unsafe_region"":[[40.0, 20.0], [80.0, 20.0], [80.0, 60.0], [40.0, 60.0]], }"
972.3000000001525,"{""waypoints"":(-9850.8452, -6568.0365), ""unsafe_region"":[[40.0, 20.0], [80.0, 20.0], [80.0, 60.0], [40.0, 60.0]], }"
972.3000000001525,"{""waypoints"":(-9850.8452, -6568.0365), ""unsafe_region"":[[40.0, 20.0], [80.0, 20.0], [80.0, 60.0], [40.0, 60.0]], }"
972.3000000001525,"{""waypoints"":(-9850.8452, -6568.0365), ""unsafe_region"":[[40.0, 20.0], [80.0, 20.0], [80.0, 60.0], [40.0, 60.0]], }"
972.3000000001525,"{""waypoints"":(-9850.8452, -6568.0365), ""unsafe_region"":[[40.0, 20.0], [80.0, 20.0], [80.0, 60.0], [40.0, 60.0]], }"
972.3000000001525,"{""waypoints"":(-9850.8452, -6568.0365), ""unsafe_region"":[[40.0, 20.0], [80.0, 20.0], [80.0, 60.0], [40.0, 60.0]], }"
972.3000000001525,"{""waypoints"":(-9850.8452, -6568.0365), ""unsafe_region"":[[40.0, 20.0], [80.0, 20.0], [80.0, 60.0], [40.0, 60.0]], }"
972.3000000001525,"{""waypoints"":(-9850.8452, -6568.0365), ""unsafe_region"":[[40.0, 20.0], [80.0, 20.0], [80.0, 60.0], [40.0, 60.0]], }"
972.3000000001525,"{""waypoints"":(-9850.8452, -6568.0365), ""unsafe_region"":[[40.0, 20.0], [80.0, 20.0], [80.0, 60.0], [40.0, 60.0]], }"
972.3000000001525,"{""waypoints"":(-9850.8452, -6568.0365), ""unsafe_region"":[[40.0, 20.0], [80.0, 20.0], [80.0, 60.0], [40.0, 60.0]], }"
972.3000000001525,"{""waypoints"":(-9850.8452, -6568.0365), ""unsafe_region"":[[40.0, 20.0], [80.0, 20.0], [80.0, 60.0], [40.0, 60.0]], }"
972.3000000001525,"{""waypoints"":(-9850.8452, -6568.0365), ""unsafe_region"":[[40.0, 20.0], [80.0, 20.0], [80.0, 60.0], [40.0, 60.0]], }"
972.3000000001525,"{""waypoints"":(-9850.8452, -6568.0365), ""unsafe_region"":[[40.0, 20.0], [80.0, 20.0], [80.0, 60.0], [40.0, 60.0]], }"
972.3000000001525,"{""waypoints"":(-9850.8452, -6568.0365), ""unsafe_region"":[[40.0, 20.0], [80.0, 20.0], [80.0, 60.0], [40.0, 60.0]], }"
972.3000000001525,"{""waypoints"":(-9850.8452, -6568.0365), ""unsafe_region"":[[40.0, 20.0], [80.0, 20.0], [80.0, 60.0], [40.0, 60.0]], }"
972.3000000001525,"{""waypoints"":(-9850.8452, -6568.0365), ""unsafe_region"":[[40.0, 20.0], [80.0, 20.0], [80.0, 60.0], [40.0, 60.0]], }"
972.3000000001525,"{""waypoints"":(-9850.8452, -6568.0365), ""unsafe_region"":[[40.0, 20.0], [80.0, 20.0], [80.0, 60.0], [40.0, 60.0]], }"
972.3000000001525,"{""waypoints"":(-9850.8452, -6568.0365), ""unsafe_region"":[[40.0, 20.0], [80.0, 20.0], [80.0, 60.0], [40.0, 60.0]], }"
972.3000000001525,"{""waypoints"":(-9850.8452, -6568.0365), ""unsafe_region"":[[40.0, 20.0], [80.0, 20.0], [80.0, 60.0], [40.0, 60.0]], }"
972.3000000001525,"{""waypoints"":(-9850.8452, -6568.0365), ""unsafe_region"":[[40.0, 20.0], [80.0, 20.0], [80.0, 60.0], [40.0, 60.0]], }"
972.3000000001525,"{""waypoints"":(-9850.8452, -6568.0365), ""unsafe_region"":[[40.0, 20.0], [80.0, 20.0], [80.0, 60.0], [40.0, 60.0]], }"
972.3000000001525,"{""waypoints"":(-9850.8452, -6568.0365), ""unsafe_region"":[[40.0, 20.0], [80.0, 20.0], [80.0, 60.0], [40.0, 60.0]], }"
972.3000000001525,"{""waypoints"":(-9850.8452, -6568.0365), ""unsafe_region"":[[40.0, 20.0], [80.0, 20.0], [80.0, 60.0], [40.0, 60.0]], }"
972.3000000001525,"{""waypoints"":(-9850.8452, -6568.0365), ""unsafe_region"":[[40.0, 20.0], [80.0, 20.0], [80.0, 60.0], [40.0, 60.0]], }"
972.3000000001525,"{""waypoints"":(-9850.8452, -6568.0365), ""unsafe_region"":[[40.0, 20.0], [80.0, 20.0], [80.0, 60.0], [40.0, 60.0]], }"
972.3000000001525,"{""waypoints"":(-9850.8452, -6568.0365), ""unsafe_region"":[[40.0, 20.0], [80.0, 20.0], [80.0, 60.0], [40.0, 60.0]], }"
972.3000000001525,"{""waypoints"":(-9850.8452, -6568.0365), ""unsafe_region"":[[40.0, 20.0], [80.0, 20.0], [80.0, 60.0], [40.0, 60.0]], }"
972.3000000001525,"{""waypoints"":(-9850.8452, -6568.0365), ""unsafe_region"":[[40.0, 20.0], [80.0, 20.0], [80.0, 60.0], [40.0, 60.0]], }"
972.3000000001525,"{""waypoints"":(-9850.8452, -6568.0365), ""unsafe_region"":[[40.0, 20.0], [80.0, 20.0], [80.0, 60.0], [40.0, 60.0]], }"
972.3000000001525,"{""waypoints"":(-9850.8452, -6568.0365), ""unsafe_region"":[[40.0, 20.0], [80.0, 20.0], [80.0, 60.0], [40.0, 60.0]], }"
972.3000000001525,"{""waypoints"":(-9850.8452, -6568.0365), ""unsafe_region"":[[40.0, 20.0], [80.0, 20.0], [80.0, 60.0], [40.0, 60.0]], }"
972.3000000001525,"{""waypoints"":(-9850.8452, -6568.0365), ""unsafe_region"":[[40.0, 20.0], [80.0, 20.0], [80.0, 60.0], [40.0, 60.0]], }"
972.3000000001525,"{""waypoints"":(-9850.8452, -6568.0365), ""unsafe_region"":[[40.0, 20.0], [80.0, 20.0], [80.0, 60.0], [40.0, 60.0]], }"
972.3000000001525,"{""waypoints"":(-9850.8452, -6568.0365), ""unsafe_region"":[[40.0, 20.0], [80.0, 20.0], [80.0, 60.0], [40.0, 60.0]], }"
972.3000000001525,"{""waypoints"":(-9850.8452, -6568.0365), ""unsafe_region"":[[40.0, 20.0], [80.0, 20.0], [80.0, 60.0], [40.0, 60.0]], }"
972.3000000001525,"{""waypoints"":(-9850.8452, -6568.0365), ""unsafe_region"":[[40.0, 20.0], [80.0, 20.0], [80.0, 60.0], [40.0, 60.0]], }"
972.3000000001525,"{""waypoints"":(-9850.8452, -6568.0365), ""unsafe_region"":[[40.0, 20.0], [80.0, 20.0], [80.0, 60.0], [40.0, 60.0]], }"
972.3000000001525,"{""waypoints"":(-9850.8452, -6568.0365), ""unsafe_region"":[[40.0, 20.0], [80.0, 20.0], [80.0, 60.0], [40.0, 60.0]], }"
972.3000000001525,"{""waypoints"":(-9850.8452, -6568.0365), ""unsafe_region"":[[40.0, 20.0], [80.0, 20.0], [80.0, 60.0], [40.0, 60.0]], }"
1025.6000000001627,"{""waypoints"":(-9850.8452, -6568.0365), ""unsafe_region"":[[40.0, 20.0], [80.0, 20.0], [80.0, 60.0], [40.0, 60.0]], }"
1025.7000000001626,"{""waypoints"":(-9850.8452, -6568.0365), ""unsafe_region"":[[40.0, 20.0], [80.0, 20.0], [80.0, 60.0], [40.0, 60.0]], }"
1025.7000000001626,"{""waypoints"":(-9850.8452, -6568.0365), ""unsafe_region"":[[40.0, 20.0], [80.0, 20.0], [80.0, 60.0], [40.0, 60.0]], }"
1025.7000000001626,"{""waypoints"":(-9850.8452, -6568.0365), ""unsafe_region"":[[40.0, 20.0], [80.0, 20.0], [80.0, 60.0], [40.0, 60.0]], }"
1025.7000000001626,"{""waypoints"":(-9850.8452, -6568.0365), ""unsafe_region"":[[40.0, 20.0], [80.0, 20.0], [80.0, 60.0], [40.0, 60.0]], }"
1025.7000000001626,"{""waypoints"":(-9850.8452, -6568.0365), ""unsafe_region"":[[40.0, 20.0], [80.0, 20.0], [80.0, 60.0], [40.0, 60.0]], }"
1025.7000000001626,"{""waypoints"":(-9850.8452, -6568.0365), ""unsafe_region"":[[40.0, 20.0], [80.0, 20.0], [80.0, 60.0], [40.0, 60.0]], }"
1025.7000000001626,"{""waypoints"":(-9850.8452, -6568.0365), ""unsafe_region"":[[40.0, 20.0], [80.0, 20.0], [80.0, 60.0], [40.0, 60.0]], }"
1025.7000000001626,"{""waypoints"":(-9850.8452, -6568.0365), ""unsafe_region"":[[40.0, 20.0], [80.0, 20.0], [80.0, 60.0], [40.0, 60.0]], }"
1025.7000000001626,"{""waypoints"":(-9850.8452, -6568.0365), ""unsafe_region"":[[40.0, 20.0], [80.0, 20.0], [80.0, 60.0], [40.0, 60.0]], }"
1025.7000000001626,"{""waypoints"":(-9850.8452, -6568.0365), ""unsafe_region"":[[40.0, 20.0], [80.0, 20.0], [80.0, 60.0], [40.0, 60.0]], }"
1025.7000000001626,"{""waypoints"":(-9850.8452, -6568.0365), ""unsafe_region"":[[40.0, 20.0], [80.0, 20.0], [80.0, 60.0], [40.0, 60.0]], }"
1025.7000000001626,"{""waypoints"":(-9850.8452, -6568.0365), ""unsafe_region"":[[40.0, 20.0], [80.0, 20.0], [80.0, 60.0], [40.0, 60.0]], }"
1025.7000000001626,"{""waypoints"":(-9850.8452, -6568.0365), ""unsafe_region"":[[40.0, 20.0], [80.0, 20.0], [80.0, 60.0], [40.0, 60.0]], }"
1025.7000000001626,"{""waypoints"":(-9850.8452, -6568.0365), ""unsafe_region"":[[40.0, 20.0], [80.0, 20.0], [80.0, 60.0], [40.0, 60.0]], }"
1025.7000000001626,"{""waypoints"":(-9850.8452, -6568.0365), ""unsafe_region"":[[40.0, 20.0], [80.0, 20.0], [80.0, 60.0], [40.0, 60.0]], }"
1025.7000000001626,"{""waypoints"":(-9850.8452, -6568.0365), ""unsafe_region"":[[40.0, 20.0], [80.0, 20.0], [80.0, 60.0], [40.0, 60.0]], }"
1025.7000000001626,"{""waypoints"":(-9850.8452, -6568.0365), ""unsafe_region"":[[40.0, 20.0], [80.0, 20.0], [80.0, 60.0], [40.0, 60.0]], }"
1025.7000000001626,"{""waypoints"":(-9850.8452, -6568.0365), ""unsafe_region"":[[40.0, 20.0], [80.0, 20.0], [80.0, 60.0], [40.0, 60.0]], }"
1025.7000000001626,"{""waypoints"":(-9850.8452, -6568.0365), ""unsafe_region"":[[40.0, 20.0], [80.0, 20.0], [80.0, 60.0], [40.0, 60.0]], }"
1025.7000000001626,"{""waypoints"":(-9850.8452, -6568.0365), ""unsafe_region"":[[40.0, 20.0], [80.0, 20.0], [80.0, 60.0], [40.0, 60.0]], }"
1025.7000000001626,"{""waypoints"":(-9850.8452, -6568.0365), ""unsafe_region"":[[40.0, 20.0], [80.0, 20.0], [80.0, 60.0], [40.0, 60.0]], }"
1025.7000000001626,"{""waypoints"":(-9850.8452, -6568.0365), ""unsafe_region"":[[40.0, 20.0], [80.0, 20.0], [80.0, 60.0], [40.0, 60.0]], }"
1025.7000000001626,"{""waypoints"":(-9850.8452, -6568.0365), ""unsafe_region"":[[40.0, 20.0], [80.0, 20.0], [80.0, 60.0], [40.0, 60.0]], }"
1025.7000000001626,"{""waypoints"":(-9850.8452, -6568.0365), ""unsafe_region"":[[40.0, 20.0], [80.0, 20.0], [80.0, 60.0], [40.0, 60.0]], }"
1025.7000000001626,"{""waypoints"":(-9850.8452, -6568.0365), ""unsafe_region"":[[40.0, 20.0], [80.0, 20.0], [80.0, 60.0], [40.0, 60.0]], }"
1025.7000000001626,"{""waypoints"":(-9850.8452, -6568.0365), ""unsafe_region"":[[40.0, 20.0], [80.0, 20.0], [80.0, 60.0], [40.0, 60.0]], }"
1025.7000000001626,"{""waypoints"":(-9850.8452, -6568.0365), ""unsafe_region"":[[40.0, 20.0], [80.0, 20.0], [80.0, 60.0], [40.0, 60.0]], }"
1025.7000000001626,"{""waypoints"":(-9850.8452, -6568.0365), ""unsafe_region"":[[40.0, 20.0], [80.0, 20.0], [80.0, 60.0], [40.0, 60.0]], }"
1025.7000000001626,"{""waypoints"":(-9850.8452, -6568.0365), ""unsafe_region"":[[40.0, 20.0], [80.0, 20.0], [80.0, 60.0], [40.0, 60.0]], }"
1025.7000000001626,"{""waypoints"":(-9850.8452, -6568.0365), ""unsafe_region"":[[40.0, 20.0], [80.0, 20.0], [80.0, 60.0], [40.0, 60.0]], }"
1025.8000000001625,"{""waypoints"":(-9850.8452, -6568.0365), ""unsafe_region"":[[40.0, 20.0], [80.0, 20.0], [80.0, 60.0], [40.0, 60.0]], }"
1025.8000000001625,"{""waypoints"":(-9850.8452, -6568.0365), ""unsafe_region"":[[40.0, 20.0], [80.0, 20.0], [80.0, 60.0], [40.0, 60.0]], }"
1025.8000000001625,"{""waypoints"":(-9850.8452, -6568.0365), ""unsafe_region"":[[40.0, 20.0], [80.0, 20.0], [80.0, 60.0], [40.0, 60.0]], }"
1025.8000000001625,"{""waypoints"":(-9850.8452, -6568.0365), ""unsafe_region"":[[40.0, 20.0], [80.0, 20.0], [80.0, 60.0], [40.0, 60.0]], }"
1025.8000000001625,"{""waypoints"":(-9850.8452, -6568.0365), ""unsafe_region"":[[40.0, 20.0], [80.0, 20.0], [80.0, 60.0], [40.0, 60.0]], }"
1025.8000000001625,"{""waypoints"":(-9850.8452, -6568.0365), ""unsafe_region"":[[40.0, 20.0], [80.0, 20.0], [80.0, 60.0], [40.0, 60.0]], }"
1025.8000000001625,"{""waypoints"":(-9850.8452, -6568.0365), ""unsafe_region"":[[40.0, 20.0], [80.0, 20.0], [80.0, 60.0], [40.0, 60.0]], }"
1025.8000000001625,"{""waypoints"":(-9850.8452, -6568.0365), ""unsafe_region"":[[40.0, 20.0], [80.0, 20.0], [80.0, 60.0], [40.0, 60.0]], }"
1025.8000000001625,"{""waypoints"":(-9850.8452, -6568.0365), ""unsafe_region"":[[40.0, 20.0], [80.0, 20.0], [80.0, 60.0], [40.0, 60.0]], }"
1025.8000000001625,"{""waypoints"":(-9850.8452, -6568.0365), ""unsafe_region"":[[40.0, 20.0], [80.0, 20.0], [80.0, 60.0], [40.0, 60.0]], }"
1025.8000000001625,"{""waypoints"":(-9850.8452, -6568.0365), ""unsafe_region"":[[40.0, 20.0], [80.0, 20.0], [80.0, 60.0], [40.0, 60.0]], }"
1025.8000000001625,"{""waypoints"":(-9850.8452, -6568.0365), ""unsafe_region"":[[40.0, 20.0], [80.0, 20.0], [80.0, 60.0], [40.0, 60.0]], }"
1025.8000000001625,"{""waypoints"":(-9850.8452, -6568.0365), ""unsafe_region"":[[40.0, 20.0], [80.0, 20.0], [80.0, 60.0], [40.0, 60.0]], }"
1025.8000000001625,"{""waypoints"":(-9850.8452, -6568.0365), ""unsafe_region"":[[40.0, 20.0], [80.0, 20.0], [80.0, 60.0], [40.0, 60.0]], }"
1025.8000000001625,"{""waypoints"":(-9850.8452, -6568.0365), ""unsafe_region"":[[40.0, 20.0], [80.0, 20.0], [80.0, 60.0], [40.0, 60.0]], }"
1025.8000000001625,"{""waypoints"":(-9850.8452, -6568.0365), ""unsafe_region"":[[40.0, 20.0], [80.0, 20.0], [80.0, 60.0], [40.0, 60.0]], }"
1025.8000000001625,"{""waypoints"":(-9850.8452, -6568.0365), ""unsafe_region"":[[40.0, 20.0], [80.0, 20.0], [80.0, 60.0], [40.0, 60.0]], }"
1025.8000000001625,"{""waypoints"":(-9850.8452, -6568.0365), ""unsafe_region"":[[40.0, 20.0], [80.0, 20.0], [80.0, 60.0], [40.0, 60.0]], }"
1025.8000000001625,"{""waypoints"":(-9850.8452, -6568.0365), ""unsafe_region"":[[40.0, 20.0], [80.0, 20.0], [80.0, 60.0], [40.0, 60.0]], }"
1025.8000000001625,"{""waypoints"":(-9850.8452, -6568.0365), ""unsafe_region"":[[40.0, 20.0], [80.0, 20.0], [80.0, 60.0], [40.0, 60.0]], }"
1025.8000000001625,"{""waypoints"":(-9850.8452, -6568.0365), ""unsafe_region"":[[40.0, 20.0], [80.0, 20.0], [80.0, 60.0], [40.0, 60.0]], }"
1025.8000000001625,"{""waypoints"":(-9850.8452, -6568.0365), ""unsafe_region"":[[40.0, 20.0], [80.0, 20.0], [80.0, 60.0], [40.0, 60.0]], }"
1041.0000000001487,"{""waypoints"":(-9850.8452, -6568.0365), ""unsafe_region"":[[40.0, 20.0], [80.0, 20.0], [80.0, 60.0], [40.0, 60.0]], }"
1041.1000000001486,"{""waypoints"":(-9850.8452, -6568.0365), ""unsafe_region"":[[40.0, 20.0], [80.0, 20.0], [80.0, 60.0], [40.0, 60.0]], }"
1041.1000000001486,"{""waypoints"":(-9850.8452, -6568.0365), ""unsafe_region"":[[40.0, 20.0], [80.0, 20.0], [80.0, 60.0], [40.0, 60.0]], }"
1041.1000000001486,"{""waypoints"":(-9850.8452, -6568.0365), ""unsafe_region"":[[40.0, 20.0], [80.0, 20.0], [80.0, 60.0], [40.0, 60.0]], }"
1041.1000000001486,"{""waypoints"":(-9850.8452, -6568.0365), ""unsafe_region"":[[40.0, 20.0], [80.0, 20.0], [80.0, 60.0], [40.0, 60.0]], }"
1041.1000000001486,"{""waypoints"":(-9850.8452, -6568.0365), ""unsafe_region"":[[40.0, 20.0], [80.0, 20.0], [80.0, 60.0], [40.0, 60.0]], }"
1041.1000000001486,"{""waypoints"":(-9850.8452, -6568.0365), ""unsafe_region"":[[40.0, 20.0], [80.0, 20.0], [80.0, 60.0], [40.0, 60.0]], }"
1041.1000000001486,"{""waypoints"":(-9850.8452, -6568.0365), ""unsafe_region"":[[40.0, 20.0], [80.0, 20.0], [80.0, 60.0], [40.0, 60.0]], }"
1041.1000000001486,"{""waypoints"":(-9850.8452, -6568.0365), ""unsafe_region"":[[40.0, 20.0], [80.0, 20.0], [80.0, 60.0], [40.0, 60.0]], }"
1041.1000000001486,"{""waypoints"":(-9850.8452, -6568.0365), ""unsafe_region"":[[40.0, 20.0], [80.0, 20.0], [80.0, 60.0], [40.0, 60.0]], }"
1041.1000000001486,"{""waypoints"":(-9850.8452, -6568.0365), ""unsafe_region"":[[40.0, 20.0], [80.0, 20.0], [80.0, 60.0], [40.0, 60.0]], }"
1041.1000000001486,"{""waypoints"":(-9850.8452, -6568.0365), ""unsafe_region"":[[40.0, 20.0], [80.0, 20.0], [80.0, 60.0], [40.0, 60.0]], }"
1041.1000000001486,"{""waypoints"":(-9850.8452, -6568.0365), ""unsafe_region"":[[40.0, 20.0], [80.0, 20.0], [80.0, 60.0], [40.0, 60.0]], }"
1041.1000000001486,"{""waypoints"":(-9850.8452, -6568.0365), ""unsafe_region"":[[40.0, 20.0], [80.0, 20.0], [80.0, 60.0], [40.0, 60.0]], }"
1041.1000000001486,"{""waypoints"":(-9850.8452, -6568.0365), ""unsafe_region"":[[40.0, 20.0], [80.0, 20.0], [80.0, 60.0], [40.0, 60.0]], }"
1041.1000000001486,"{""waypoints"":(-9850.8452, -6568.0365), ""unsafe_region"":[[40.0, 20.0], [80.0, 20.0], [80.0, 60.0], [40.0, 60.0]], }"
1110.3000000000857,"{""waypoints"":(-9850.8452, -6568.0365), ""unsafe_region"":[[40.0, 20.0], [80.0, 20.0], [80.0, 60.0], [40.0, 60.0]], }"
1110.4000000000856,"{""waypoints"":(-9850.8452, -6568.0365), ""unsafe_region"":[[40.0, 20.0], [80.0, 20.0], [80.0, 60.0], [40.0, 60.0]], }"
1110.4000000000856,"{""waypoints"":(-9850.8452, -6568.0365), ""unsafe_region"":[[40.0, 20.0], [80.0, 20.0], [80.0, 60.0], [40.0, 60.0]], }"
1110.4000000000856,"{""waypoints"":(-9850.8452, -6568.0365), ""unsafe_region"":[[40.0, 20.0], [80.0, 20.0], [80.0, 60.0], [40.0, 60.0]], }"
1110.4000000000856,"{""waypoints"":(-9850.8452, -6568.0365), ""unsafe_region"":[[40.0, 20.0], [80.0, 20.0], [80.0, 60.0], [40.0, 60.0]], }"
1110.4000000000856,"{""waypoints"":(-9850.8452, -6568.0365), ""unsafe_region"":[[40.0, 20.0], [80.0, 20.0], [80.0, 60.0], [40.0, 60.0]], }"
1110.4000000000856,"{""waypoints"":(-9850.8452, -6568.0365), ""unsafe_region"":[[40.0, 20.0], [80.0, 20.0], [80.0, 60.0], [40.0, 60.0]], }"
1110.4000000000856,"{""waypoints"":(-9850.8452, -6568.0365), ""unsafe_region"":[[40.0, 20.0], [80.0, 20.0], [80.0, 60.0], [40.0, 60.0]], }"
1110.4000000000856,"{""waypoints"":(-9850.8452, -6568.0365), ""unsafe_region"":[[40.0, 20.0], [80.0, 20.0], [80.0, 60.0], [40.0, 60.0]], }"
1110.4000000000856,"{""waypoints"":(-9850.8452, -6568.0365), ""unsafe_region"":[[40.0, 20.0], [80.0, 20.0], [80.0, 60.0], [40.0, 60.0]], }"
1110.4000000000856,"{""waypoints"":(-9850.8452, -6568.0365), ""unsafe_region"":[[40.0, 20.0], [80.0, 20.0], [80.0, 60.0], [40.0, 60.0]], }"
1110.4000000000856,"{""waypoints"":(-9850.8452, -6568.0365), ""unsafe_region"":[[40.0, 20.0], [80.0, 20.0], [80.0, 60.0], [40.0, 60.0]], }"
1110.4000000000856,"{""waypoints"":(-9850.8452, -6568.0365), ""unsafe_region"":[[40.0, 20.0], [80.0, 20.0], [80.0, 60.0], [40.0, 60.0]], }"
1110.4000000000856,"{""waypoints"":(-9850.8452, -6568.0365), ""unsafe_region"":[[40.0, 20.0], [80.0, 20.0], [80.0, 60.0], [40.0, 60.0]], }"
1110.4000000000856,"{""waypoints"":(-9850.8452, -6568.0365), ""unsafe_region"":[[40.0, 20.0], [80.0, 20.0], [80.0, 60.0], [40.0, 60.0]], }"
1110.4000000000856,"{""waypoints"":(-9850.8452, -6568.0365), ""unsafe_region"":[[40.0, 20.0], [80.0, 20.0], [80.0, 60.0], [40.0, 60.0]], }"
1110.4000000000856,"{""waypoints"":(-9850.8452, -6568.0365), ""unsafe_region"":[[40.0, 20.0], [80.0, 20.0], [80.0, 60.0], [40.0, 60.0]], }"
1110.4000000000856,"{""waypoints"":(-9850.8452, -6568.0365), ""unsafe_region"":[[40.0, 20.0], [80.0, 20.0], [80.0, 60.0], [40.0, 60.0]], }"
1110.4000000000856,"{""waypoints"":(-9850.8452, -6568.0365), ""unsafe_region"":[[40.0, 20.0], [80.0, 20.0], [80.0, 60.0], [40.0, 60.0]], }"
1110.4000000000856,"{""waypoints"":(-9850.8452, -6568.0365), ""unsafe_region"":[[40.0, 20.0], [80.0, 20.0], [80.0, 60.0], [40.0, 60.0]], }"
1110.4000000000856,"{""waypoints"":(-9850.8452, -6568.0365), ""unsafe_region"":[[40.0, 20.0], [80.0, 20.0], [80.0, 60.0], [40.0, 60.0]], }"
1110.4000000000856,"{""waypoints"":(-9850.8452, -6568.0365), ""unsafe_region"":[[40.0, 20.0], [80.0, 20.0], [80.0, 60.0], [40.0, 60.0]], }"
1110.4000000000856,"{""waypoints"":(-9850.8452, -6568.0365), ""unsafe_region"":[[40.0, 20.0], [80.0, 20.0], [80.0, 60.0], [40.0, 60.0]], }"
1110.4000000000856,"{""waypoints"":(-9850.8452, -6568.0365), ""unsafe_region"":[[40.0, 20.0], [80.0, 20.0], [80.0, 60.0], [40.0, 60.0]], }"
1110.4000000000856,"{""waypoints"":(-9850.8452, -6568.0365), ""unsafe_region"":[[40.0, 20.0], [80.0, 20.0], [80.0, 60.0], [40.0, 60.0]], }"
1110.4000000000856,"{""waypoints"":(-9850.8452, -6568.0365), ""unsafe_region"":[[40.0, 20.0], [80.0, 20.0], [80.0, 60.0], [40.0, 60.0]], }"
1110.4000000000856,"{""waypoints"":(-9850.8452, -6568.0365), ""unsafe_region"":[[40.0, 20.0], [80.0, 20.0], [80.0, 60.0], [40.0, 60.0]], }"
1110.4000000000856,"{""waypoints"":(-9850.8452, -6568.0365), ""unsafe_region"":[[40.0, 20.0], [80.0, 20.0], [80.0, 60.0], [40.0, 60.0]], }"
1110.4000000000856,"{""waypoints"":(-9850.8452, -6568.0365), ""unsafe_region"":[[40.0, 20.0], [80.0, 20.0], [80.0, 60.0], [40.0, 60.0]], }"
1110.4000000000856,"{""waypoints"":(-9850.8452, -6568.0365), ""unsafe_region"":[[40.0, 20.0], [80.0, 20.0], [80.0, 60.0], [40.0, 60.0]], }"
1110.4000000000856,"{""waypoints"":(-9850.8452, -6568.0365), ""unsafe_region"":[[40.0, 20.0], [80.0, 20.0], [80.0, 60.0], [40.0, 60.0]], }"
1110.4000000000856,"{""waypoints"":(-9850.8452, -6568.0365), ""unsafe_region"":[[40.0, 20.0], [80.0, 20.0], [80.0, 60.0], [40.0, 60.0]], }"
1110.4000000000856,"{""waypoints"":(-9850.8452, -6568.0365), ""unsafe_region"":[[40.0, 20.0], [80.0, 20.0], [80.0, 60.0], [40.0, 60.0]], }"
1110.4000000000856,"{""waypoints"":(-9850.8452, -6568.0365), ""unsafe_region"":[[40.0, 20.0], [80.0, 20.0], [80.0, 60.0], [40.0, 60.0]], }"
1110.4000000000856,"{""waypoints"":(-9850.8452, -6568.0365), ""unsafe_region"":[[40.0, 20.0], [80.0, 20.0], [80.0, 60.0], [40.0, 60.0]], }"
1110.4000000000856,"{""waypoints"":(-9850.8452, -6568.0365), ""unsafe_region"":[[40.0, 20.0], [80.0, 20.0], [80.0, 60.0], [40.0, 60.0]], }"
1110.4000000000856,"{""waypoints"":(-9850.8452, -6568.0365), ""unsafe_region"":[[40.0, 20.0], [80.0, 20.0], [80.0, 60.0], [40.0, 60.0]], }"
1110.4000000000856,"{""waypoints"":(-9850.8452, -6568.0365), ""unsafe_region"":[[40.0, 20.0], [80.0, 20.0], [80.0, 60.0], [40.0, 60.0]], }"
1110.4000000000856,"{""waypoints"":(-9850.8452, -6568.0365), ""unsafe_region"":[[40.0, 20.0], [80.0, 20.0], [80.0, 60.0], [40.0, 60.0]], }"
1110.4000000000856,"{""waypoints"":(-9850.8452, -6568.0365), ""unsafe_region"":[[40.0, 20.0], [80.0, 20.0], [80.0, 60.0], [40.0, 60.0]], }"
1110.4000000000856,"{""waypoints"":(-9850.8452, -6568.0365), ""unsafe_region"":[[40.0, 20.0], [80.0, 20.0], [80.0, 60.0], [40.0, 60.0]], }"
1110.4000000000856,"{""waypoints"":(-9850.8452, -6568.0365), ""unsafe_region"":[[40.0, 20.0], [80.0, 20.0], [80.0, 60.0], [40.0, 60.0]], }"
1110.4000000000856,"{""waypoints"":(-9850.8452, -6568.0365), ""unsafe_region"":[[40.0, 20.0], [80.0, 20.0], [80.0, 60.0], [40.0, 60.0]], }"
1110.4000000000856,"{""waypoints"":(-9850.8452, -6568.0365), ""unsafe_region"":[[40.0, 20.0], [80.0, 20.0], [80.0, 60.0], [40.0, 60.0]], }"
1110.4000000000856,"{""waypoints"":(-9850.8452, -6568.0365), ""unsafe_region"":[[40.0, 20.0], [80.0, 20.0], [80.0, 60.0], [40.0, 60.0]], }"
1110.4000000000856,"{""waypoints"":(-9850.8452, -6568.0365), ""unsafe_region"":[[40.0, 20.0], [80.0, 20.0], [80.0, 60.0], [40.0, 60.0]], }"
1110.4000000000856,"{""waypoints"":(-9850.8452, -6568.0365), ""unsafe_region"":[[40.0, 20.0], [80.0, 20.0], [80.0, 60.0], [40.0, 60.0]], }"
1110.4000000000856,"{""waypoints"":(-9850.8452, -6568.0365), ""unsafe_region"":[[40.0, 20.0], [80.0, 20.0], [80.0, 60.0], [40.0, 60.0]], }"
1110.4000000000856,"{""waypoints"":(-9850.8452, -6568.0365), ""unsafe_region"":[[40.0, 20.0], [80.0, 20.0], [80.0, 60.0], [40.0, 60.0]], }"
1110.4000000000856,"{""waypoints"":(-9850.8452, -6568.0365), ""unsafe_region"":[[40.0, 20.0], [80.0, 20.0], [80.0, 60.0], [40.0, 60.0]], }"
1110.4000000000856,"{""waypoints"":(-9850.8452, -6568.0365), ""unsafe_region"":[[40.0, 20.0], [80.0, 20.0], [80.0, 60.0], [40.0, 60.0]], }"
1110.4000000000856,"{""waypoints"":(-9850.8452, -6568.0365), ""unsafe_region"":[[40.0, 20.0], [80.0, 20.0], [80.0, 60.0], [40.0, 60.0]], }"
1110.4000000000856,"{""waypoints"":(-9850.8452, -6568.0365), ""unsafe_region"":[[40.0, 20.0], [80.0, 20.0], [80.0, 60.0], [40.0, 60.0]], }"
1110.4000000000856,"{""waypoints"":(-9850.8452, -6568.0365), ""unsafe_region"":[[40.0, 20.0], [80.0, 20.0], [80.0, 60.0], [40.0, 60.0]], }"
1110.4000000000856,"{""waypoints"":(-9850.8452, -6568.0365), ""unsafe_region"":[[40.0, 20.0], [80.0, 20.0], [80.0, 60.0], [40.0, 60.0]], }"
1110.4000000000856,"{""waypoints"":(-9850.8452, -6568.0365), ""unsafe_region"":[[40.0, 20.0], [80.0, 20.0], [80.0, 60.0], [40.0, 60.0]], }"
1110.4000000000856,"{""waypoints"":(-9850.8452, -6568.0365), ""unsafe_region"":[[40.0, 20.0], [80.0, 20.0], [80.0, 60.0], [40.0, 60.0]], }"
1110.4000000000856,"{""waypoints"":(-9850.8452, -6568.0365), ""unsafe_region"":[[40.0, 20.0], [80.0, 20.0], [80.0, 60.0], [40.0, 60.0]], }"
1110.4000000000856,"{""waypoints"":(-9850.8452, -6568.0365), ""unsafe_region"":[[40.0, 20.0], [80.0, 20.0], [80.0, 60.0], [40.0, 60.0]], }"
1110.4000000000856,"{""waypoints"":(-9850.8452, -6568.0365), ""unsafe_region"":[[40.0, 20.0], [80.0, 20.0], [80.0, 60.0], [40.0, 60.0]], }"
1110.4000000000856,"{""waypoints"":(-9850.8452, -6568.0365), ""unsafe_region"":[[40.0, 20.0], [80.0, 20.0], [80.0, 60.0], [40.0, 60.0]], }"
1110.4000000000856,"{""waypoints"":(-9850.8452, -6568.0365), ""unsafe_region"":[[40.0, 20.0], [80.0, 20.0], [80.0, 60.0], [40.0, 60.0]], }"
1110.4000000000856,"{""waypoints"":(-9850.8452, -6568.0365), ""unsafe_region"":[[40.0, 20.0], [80.0, 20.0], [80.0, 60.0], [40.0, 60.0]], }"
1110.4000000000856,"{""waypoints"":(-9850.8452, -6568.0365), ""unsafe_region"":[[40.0, 20.0], [80.0, 20.0], [80.0, 60.0], [40.0, 60.0]], }"
1110.4000000000856,"{""waypoints"":(-9850.8452, -6568.0365), ""unsafe_region"":[[40.0, 20.0], [80.0, 20.0], [80.0, 60.0], [40.0, 60.0]], }"
1110.4000000000856,"{""waypoints"":(-9850.8452, -6568.0365), ""unsafe_region"":[[40.0, 20.0], [80.0, 20.0], [80.0, 60.0], [40.0, 60.0]], }"
1110.4000000000856,"{""waypoints"":(-9850.8452, -6568.0365), ""unsafe_region"":[[40.0, 20.0], [80.0, 20.0], [80.0, 60.0], [40.0, 60.0]], }"
1110.4000000000856,"{""waypoints"":(-9850.8452, -6568.0365), ""unsafe_region"":[[40.0, 20.0], [80.0, 20.0], [80.0, 60.0], [40.0, 60.0]], }"
1110.4000000000856,"{""waypoints"":(-9850.8452, -6568.0365), ""unsafe_region"":[[40.0, 20.0], [80.0, 20.0], [80.0, 60.0], [40.0, 60.0]], }"
1157.6000000000427,"{""waypoints"":(-9850.8452, -6568.0365), ""unsafe_region"":[[40.0, 20.0], [80.0, 20.0], [80.0, 60.0], [40.0, 60.0]], }"
1157.7000000000426,"{""waypoints"":(-9850.8452, -6568.0365), ""unsafe_region"":[[40.0, 20.0], [80.0, 20.0], [80.0, 60.0], [40.0, 60.0]], }"
1157.7000000000426,"{""waypoints"":(-9850.8452, -6568.0365), ""unsafe_region"":[[40.0, 20.0], [80.0, 20.0], [80.0, 60.0], [40.0, 60.0]], }"
1157.7000000000426,"{""waypoints"":(-9850.8452, -6568.0365), ""unsafe_region"":[[40.0, 20.0], [80.0, 20.0], [80.0, 60.0], [40.0, 60.0]], }"
1157.7000000000426,"{""waypoints"":(-9850.8452, -6568.0365), ""unsafe_region"":[[40.0, 20.0], [80.0, 20.0], [80.0, 60.0], [40.0, 60.0]], }"
1157.7000000000426,"{""waypoints"":(-9850.8452, -6568.0365), ""unsafe_region"":[[40.0, 20.0], [80.0, 20.0], [80.0, 60.0], [40.0, 60.0]], }"
1157.7000000000426,"{""waypoints"":(-9850.8452, -6568.0365), ""unsafe_region"":[[40.0, 20.0], [80.0, 20.0], [80.0, 60.0], [40.0, 60.0]], }"
1157.7000000000426,"{""waypoints"":(-9850.8452, -6568.0365), ""unsafe_region"":[[40.0, 20.0], [80.0, 20.0], [80.0, 60.0], [40.0, 60.0]], }"
1157.7000000000426,"{""waypoints"":(-9850.8452, -6568.0365), ""unsafe_region"":[[40.0, 20.0], [80.0, 20.0], [80.0, 60.0], [40.0, 60.0]], }"
1157.7000000000426,"{""waypoints"":(-9850.8452, -6568.0365), ""unsafe_region"":[[40.0, 20.0], [80.0, 20.0], [80.0, 60.0], [40.0, 60.0]], }"
1157.7000000000426,"{""waypoints"":(-9850.8452, -6568.0365), ""unsafe_region"":[[40.0, 20.0], [80.0, 20.0], [80.0, 60.0], [40.0, 60.0]], }"
1157.7000000000426,"{""waypoints"":(-9850.8452, -6568.0365), ""unsafe_region"":[[40.0, 20.0], [80.0, 20.0], [80.0, 60.0], [40.0, 60.0]], }"
1157.7000000000426,"{""waypoints"":(-9850.8452, -6568.0365), ""unsafe_region"":[[40.0, 20.0], [80.0, 20.0], [80.0, 60.0], [40.0, 60.0]], }"
1157.7000000000426,"{""waypoints"":(-9850.8452, -6568.0365), ""unsafe_region"":[[40.0, 20.0], [80.0, 20.0], [80.0, 60.0], [40.0, 60.0]], }"
1157.7000000000426,"{""waypoints"":(-9850.8452, -6568.0365), ""unsafe_region"":[[40.0, 20.0], [80.0, 20.0], [80.0, 60.0], [40.0, 60.0]], }"
1157.7000000000426,"{""waypoints"":(-9850.8452, -6568.0365), ""unsafe_region"":[[40.0, 20.0], [80.0, 20.0], [80.0, 60.0], [40.0, 60.0]], }"
1157.7000000000426,"{""waypoints"":(-9850.8452, -6568.0365), ""unsafe_region"":[[40.0, 20.0], [80.0, 20.0], [80.0, 60.0], [40.0, 60.0]], }"
1157.7000000000426,"{""waypoints"":(-9850.8452, -6568.0365), ""unsafe_region"":[[40.0, 20.0], [80.0, 20.0], [80.0, 60.0], [40.0, 60.0]], }"
1157.7000000000426,"{""waypoints"":(-9850.8452, -6568.0365), ""unsafe_region"":[[40.0, 20.0], [80.0, 20.0], [80.0, 60.0], [40.0, 60.0]], }"
1157.7000000000426,"{""waypoints"":(-9850.8452, -6568.0365), ""unsafe_region"":[[40.0, 20.0], [80.0, 20.0], [80.0, 60.0], [40.0, 60.0]], }"
1157.7000000000426,"{""waypoints"":(-9850.8452, -6568.0365), ""unsafe_region"":[[40.0, 20.0], [80.0, 20.0], [80.0, 60.0], [40.0, 60.0]], }"
1157.7000000000426,"{""waypoints"":(-9850.8452, -6568.0365), ""unsafe_region"":[[40.0, 20.0], [80.0, 20.0], [80.0, 60.0], [40.0, 60.0]], }"
1157.7000000000426,"{""waypoints"":(-9850.8452, -6568.0365), ""unsafe_region"":[[40.0, 20.0], [80.0, 20.0], [80.0, 60.0], [40.0, 60.0]], }"
1157.7000000000426,"{""waypoints"":(-9850.8452, -6568.0365), ""unsafe_region"":[[40.0, 20.0], [80.0, 20.0], [80.0, 60.0], [40.0, 60.0]], }"
1157.7000000000426,"{""waypoints"":(-9850.8452, -6568.0365), ""unsafe_region"":[[40.0, 20.0], [80.0, 20.0], [80.0, 60.0], [40.0, 60.0]], }"
1157.7000000000426,"{""waypoints"":(-9850.8452, -6568.0365), ""unsafe_region"":[[40.0, 20.0], [80.0, 20.0], [80.0, 60.0], [40.0, 60.0]], }"
1157.7000000000426,"{""waypoints"":(-9850.8452, -6568.0365), ""unsafe_region"":[[40.0, 20.0], [80.0, 20.0], [80.0, 60.0], [40.0, 60.0]], }"
1157.7000000000426,"{""waypoints"":(-9850.8452, -6568.0365), ""unsafe_region"":[[40.0, 20.0], [80.0, 20.0], [80.0, 60.0], [40.0, 60.0]], }"
1157.7000000000426,"{""waypoints"":(-9850.8452, -6568.0365), ""unsafe_region"":[[40.0, 20.0], [80.0, 20.0], [80.0, 60.0], [40.0, 60.0]], }"
1157.7000000000426,"{""waypoints"":(-9850.8452, -6568.0365), ""unsafe_region"":[[40.0, 20.0], [80.0, 20.0], [80.0, 60.0], [40.0, 60.0]], }"
1157.7000000000426,"{""waypoints"":(-9850.8452, -6568.0365), ""unsafe_region"":[[40.0, 20.0], [80.0, 20.0], [80.0, 60.0], [40.0, 60.0]], }"
1157.7000000000426,"{""waypoints"":(-9850.8452, -6568.0365), ""unsafe_region"":[[40.0, 20.0], [80.0, 20.0], [80.0, 60.0], [40.0, 60.0]], }"
1157.7000000000426,"{""waypoints"":(-9850.8452, -6568.0365), ""unsafe_region"":[[40.0, 20.0], [80.0, 20.0], [80.0, 60.0], [40.0, 60.0]], }"
1157.7000000000426,"{""waypoints"":(-9850.8452, -6568.0365), ""unsafe_region"":[[40.0, 20.0], [80.0, 20.0], [80.0, 60.0], [40.0, 60.0]], }"
1157.7000000000426,"{""waypoints"":(-9850.8452, -6568.0365), ""unsafe_region"":[[40.0, 20.0], [80.0, 20.0], [80.0, 60.0], [40.0, 60.0]], }"
1157.7000000000426,"{""waypoints"":(-9850.8452, -6568.0365), ""unsafe_region"":[[40.0, 20.0], [80.0, 20.0], [80.0, 60.0], [40.0, 60.0]], }"
1157.7000000000426,"{""waypoints"":(-9850.8452, -6568.0365), ""unsafe_region"":[[40.0, 20.0], [80.0, 20.0], [80.0, 60.0], [40.0, 60.0]], }"
1157.7000000000426,"{""waypoints"":(-9850.8452, -6568.0365), ""unsafe_region"":[[40.0, 20.0], [80.0, 20.0], [80.0, 60.0], [40.0, 60.0]], }"
1157.7000000000426,"{""waypoints"":(-9850.8452, -6568.0365), ""unsafe_region"":[[40.0, 20.0], [80.0, 20.0], [80.0, 60.0], [40.0, 60.0]], }"
1157.7000000000426,"{""waypoints"":(-9850.8452, -6568.0365), ""unsafe_region"":[[40.0, 20.0], [80.0, 20.0], [80.0, 60.0], [40.0, 60.0]], }"
1157.7000000000426,"{""waypoints"":(-9850.8452, -6568.0365), ""unsafe_region"":[[40.0, 20.0], [80.0, 20.0], [80.0, 60.0], [40.0, 60.0]], }"
1157.7000000000426,"{""waypoints"":(-9850.8452, -6568.0365), ""unsafe_region"":[[40.0, 20.0], [80.0, 20.0], [80.0, 60.0], [40.0, 60.0]], }"
1157.7000000000426,"{""waypoints"":(-9850.8452, -6568.0365), ""unsafe_region"":[[40.0, 20.0], [80.0, 20.0], [80.0, 60.0], [40.0, 60.0]], }"
1157.7000000000426,"{""waypoints"":(-9850.8452, -6568.0365), ""unsafe_region"":[[40.0, 20.0], [80.0, 20.0], [80.0, 60.0], [40.0, 60.0]], }"
1157.7000000000426,"{""waypoints"":(-9850.8452, -6568.0365), ""unsafe_region"":[[40.0, 20.0], [80.0, 20.0], [80.0, 60.0], [40.0, 60.0]], }"
1157.7000000000426,"{""waypoints"":(-9850.8452, -6568.0365), ""unsafe_region"":[[40.0, 20.0], [80.0, 20.0], [80.0, 60.0], [40.0, 60.0]], }"
1157.7000000000426,"{""waypoints"":(-9850.8452, -6568.0365), ""unsafe_region"":[[40.0, 20.0], [80.0, 20.0], [80.0, 60.0], [40.0, 60.0]], }"
1181.7000000000207,"{""waypoints"":(-9850.8452, -6568.0365), ""unsafe_region"":[[40.0, 20.0], [80.0, 20.0], [80.0, 60.0], [40.0, 60.0]], }"
1181.7000000000207,"{""waypoints"":(-9850.8452, -6568.0365), ""unsafe_region"":[[40.0, 20.0], [80.0, 20.0], [80.0, 60.0], [40.0, 60.0]], }"
1181.7000000000207,"{""waypoints"":(-9850.8452, -6568.0365), ""unsafe_region"":[[40.0, 20.0], [80.0, 20.0], [80.0, 60.0], [40.0, 60.0]], }"
1181.7000000000207,"{""waypoints"":(-9850.8452, -6568.0365), ""unsafe_region"":[[40.0, 20.0], [80.0, 20.0], [80.0, 60.0], [40.0, 60.0]], }"
1181.7000000000207,"{""waypoints"":(-9850.8452, -6568.0365), ""unsafe_region"":[[40.0, 20.0], [80.0, 20.0], [80.0, 60.0], [40.0, 60.0]], }"
1181.7000000000207,"{""waypoints"":(-9850.8452, -6568.0365), ""unsafe_region"":[[40.0, 20.0], [80.0, 20.0], [80.0, 60.0], [40.0, 60.0]], }"
1181.7000000000207,"{""waypoints"":(-9850.8452, -6568.0365), ""unsafe_region"":[[40.0, 20.0], [80.0, 20.0], [80.0, 60.0], [40.0, 60.0]], }"
1181.7000000000207,"{""waypoints"":(-9850.8452, -6568.0365), ""unsafe_region"":[[40.0, 20.0], [80.0, 20.0], [80.0, 60.0], [40.0, 60.0]], }"
1181.7000000000207,"{""waypoints"":(-9850.8452, -6568.0365), ""unsafe_region"":[[40.0, 20.0], [80.0, 20.0], [80.0, 60.0], [40.0, 60.0]], }"
1181.7000000000207,"{""waypoints"":(-9850.8452, -6568.0365), ""unsafe_region"":[[40.0, 20.0], [80.0, 20.0], [80.0, 60.0], [40.0, 60.0]], }"
1181.7000000000207,"{""waypoints"":(-9850.8452, -6568.0365), ""unsafe_region"":[[40.0, 20.0], [80.0, 20.0], [80.0, 60.0], [40.0, 60.0]], }"
1181.7000000000207,"{""waypoints"":(-9850.8452, -6568.0365), ""unsafe_region"":[[40.0, 20.0], [80.0, 20.0], [80.0, 60.0], [40.0, 60.0]], }"
1181.7000000000207,"{""waypoints"":(-9850.8452, -6568.0365), ""unsafe_region"":[[40.0, 20.0], [80.0, 20.0], [80.0, 60.0], [40.0, 60.0]], }"
1181.7000000000207,"{""waypoints"":(-9850.8452, -6568.0365), ""unsafe_region"":[[40.0, 20.0], [80.0, 20.0], [80.0, 60.0], [40.0, 60.0]], }"
1181.7000000000207,"{""waypoints"":(-9850.8452, -6568.0365), ""unsafe_region"":[[40.0, 20.0], [80.0, 20.0], [80.0, 60.0], [40.0, 60.0]], }"
1181.7000000000207,"{""waypoints"":(-9850.8452, -6568.0365), ""unsafe_region"":[[40.0, 20.0], [80.0, 20.0], [80.0, 60.0], [40.0, 60.0]], }"
1181.7000000000207,"{""waypoints"":(-9850.8452, -6568.0365), ""unsafe_region"":[[40.0, 20.0], [80.0, 20.0], [80.0, 60.0], [40.0, 60.0]], }"
1181.7000000000207,"{""waypoints"":(-9850.8452, -6568.0365), ""unsafe_region"":[[40.0, 20.0], [80.0, 20.0], [80.0, 60.0], [40.0, 60.0]], }"
1181.7000000000207,"{""waypoints"":(-9850.8452, -6568.0365), ""unsafe_region"":[[40.0, 20.0], [80.0, 20.0], [80.0, 60.0], [40.0, 60.0]], }"
1181.7000000000207,"{""waypoints"":(-9850.8452, -6568.0365), ""unsafe_region"":[[40.0, 20.0], [80.0, 20.0], [80.0, 60.0], [40.0, 60.0]], }"
1181.7000000000207,"{""waypoints"":(-9850.8452, -6568.0365), ""unsafe_region"":[[40.0, 20.0], [80.0, 20.0], [80.0, 60.0], [40.0, 60.0]], }"
1181.7000000000207,"{""waypoints"":(-9850.8452, -6568.0365), ""unsafe_region"":[[40.0, 20.0], [80.0, 20.0], [80.0, 60.0], [40.0, 60.0]], }"
1181.7000000000207,"{""waypoints"":(-9850.8452, -6568.0365), ""unsafe_region"":[[40.0, 20.0], [80.0, 20.0], [80.0, 60.0], [40.0, 60.0]], }"
1181.7000000000207,"{""waypoints"":(-9850.8452, -6568.0365), ""unsafe_region"":[[40.0, 20.0], [80.0, 20.0], [80.0, 60.0], [40.0, 60.0]], }"
1203.9000000000005,"{""waypoints"":(-9850.8452, -6568.0365), ""unsafe_region"":[[40.0, 20.0], [80.0, 20.0], [80.0, 60.0], [40.0, 60.0]], }"
1204.0000000000005,"{""waypoints"":(-9850.8452, -6568.0365), ""unsafe_region"":[[40.0, 20.0], [80.0, 20.0], [80.0, 60.0], [40.0, 60.0]], }"
1204.0000000000005,"{""waypoints"":(-9850.8452, -6568.0365), ""unsafe_region"":[[40.0, 20.0], [80.0, 20.0], [80.0, 60.0], [40.0, 60.0]], }"
1204.0000000000005,"{""waypoints"":(-9850.8452, -6568.0365), ""unsafe_region"":[[40.0, 20.0], [80.0, 20.0], [80.0, 60.0], [40.0, 60.0]], }"
1204.0000000000005,"{""waypoints"":(-9850.8452, -6568.0365), ""unsafe_region"":[[40.0, 20.0], [80.0, 20.0], [80.0, 60.0], [40.0, 60.0]], }"
1204.0000000000005,"{""waypoints"":(-9850.8452, -6568.0365), ""unsafe_region"":[[40.0, 20.0], [80.0, 20.0], [80.0, 60.0], [40.0, 60.0]], }"
1204.0000000000005,"{""waypoints"":(-9850.8452, -6568.0365), ""unsafe_region"":[[40.0, 20.0], [80.0, 20.0], [80.0, 60.0], [40.0, 60.0]], }"
1204.0000000000005,"{""waypoints"":(-9850.8452, -6568.0365), ""unsafe_region"":[[40.0, 20.0], [80.0, 20.0], [80.0, 60.0], [40.0, 60.0]], }"
1204.0000000000005,"{""waypoints"":(-9850.8452, -6568.0365), ""unsafe_region"":[[40.0, 20.0], [80.0, 20.0], [80.0, 60.0], [40.0, 60.0]], }"
1204.0000000000005,"{""waypoints"":(-9850.8452, -6568.0365), ""unsafe_region"":[[40.0, 20.0], [80.0, 20.0], [80.0, 60.0], [40.0, 60.0]], }"
1204.0000000000005,"{""waypoints"":(-9850.8452, -6568.0365), ""unsafe_region"":[[40.0, 20.0], [80.0, 20.0], [80.0, 60.0], [40.0, 60.0]], }"
1204.0000000000005,"{""waypoints"":(-9850.8452, -6568.0365), ""unsafe_region"":[[40.0, 20.0], [80.0, 20.0], [80.0, 60.0], [40.0, 60.0]], }"
1204.0000000000005,"{""waypoints"":(-9850.8452, -6568.0365), ""unsafe_region"":[[40.0, 20.0], [80.0, 20.0], [80.0, 60.0], [40.0, 60.0]], }"
1204.0000000000005,"{""waypoints"":(-9850.8452, -6568.0365), ""unsafe_region"":[[40.0, 20.0], [80.0, 20.0], [80.0, 60.0], [40.0, 60.0]], }"
1204.0000000000005,"{""waypoints"":(-9850.8452, -6568.0365), ""unsafe_region"":[[40.0, 20.0], [80.0, 20.0], [80.0, 60.0], [40.0, 60.0]], }"
1204.0000000000005,"{""waypoints"":(-9850.8452, -6568.0365), ""unsafe_region"":[[40.0, 20.0], [80.0, 20.0], [80.0, 60.0], [40.0, 60.0]], }"
1204.0000000000005,"{""waypoints"":(-9850.8452, -6568.0365), ""unsafe_region"":[[40.0, 20.0], [80.0, 20.0], [80.0, 60.0], [40.0, 60.0]], }"
1204.0000000000005,"{""waypoints"":(-9850.8452, -6568.0365), ""unsafe_region"":[[40.0, 20.0], [80.0, 20.0], [80.0, 60.0], [40.0, 60.0]], }"
1204.0000000000005,"{""waypoints"":(-9850.8452, -6568.0365), ""unsafe_region"":[[40.0, 20.0], [80.0, 20.0], [80.0, 60.0], [40.0, 60.0]], }"
1204.0000000000005,"{""waypoints"":(-9850.8452, -6568.0365), ""unsafe_region"":[[40.0, 20.0], [80.0, 20.0], [80.0, 60.0], [40.0, 60.0]], }"
1204.0000000000005,"{""waypoints"":(-9850.8452, -6568.0365), ""unsafe_region"":[[40.0, 20.0], [80.0, 20.0], [80.0, 60.0], [40.0, 60.0]], }"
1204.0000000000005,"{""waypoints"":(-9850.8452, -6568.0365), ""unsafe_region"":[[40.0, 20.0], [80.0, 20.0], [80.0, 60.0], [40.0, 60.0]], }"
1204.0000000000005,"{""waypoints"":(-9850.8452, -6568.0365), ""unsafe_region"":[[40.0, 20.0], [80.0, 20.0], [80.0, 60.0], [40.0, 60.0]], }"
1279.0999999999322,"{""waypoints"":(-9850.8452, -6568.0365), ""unsafe_region"":[[40.0, 20.0], [80.0, 20.0], [80.0, 60.0], [40.0, 60.0]], }"
1279.199999999932,"{""waypoints"":(-9850.8452, -6568.0365), ""unsafe_region"":[[40.0, 20.0], [80.0, 20.0], [80.0, 60.0], [40.0, 60.0]], }"
1279.199999999932,"{""waypoints"":(-9850.8452, -6568.0365), ""unsafe_region"":[[40.0, 20.0], [80.0, 20.0], [80.0, 60.0], [40.0, 60.0]], }"
1279.199999999932,"{""waypoints"":(-9850.8452, -6568.0365), ""unsafe_region"":[[40.0, 20.0], [80.0, 20.0], [80.0, 60.0], [40.0, 60.0]], }"
1279.199999999932,"{""waypoints"":(-9850.8452, -6568.0365), ""unsafe_region"":[[40.0, 20.0], [80.0, 20.0], [80.0, 60.0], [40.0, 60.0]], }"
1279.199999999932,"{""waypoints"":(-9850.8452, -6568.0365), ""unsafe_region"":[[40.0, 20.0], [80.0, 20.0], [80.0, 60.0], [40.0, 60.0]], }"
1279.199999999932,"{""waypoints"":(-9850.8452, -6568.0365), ""unsafe_region"":[[40.0, 20.0], [80.0, 20.0], [80.0, 60.0], [40.0, 60.0]], }"
1279.199999999932,"{""waypoints"":(-9850.8452, -6568.0365), ""unsafe_region"":[[40.0, 20.0], [80.0, 20.0], [80.0, 60.0], [40.0, 60.0]], }"
1279.199999999932,"{""waypoints"":(-9850.8452, -6568.0365), ""unsafe_region"":[[40.0, 20.0], [80.0, 20.0], [80.0, 60.0], [40.0, 60.0]], }"
1279.199999999932,"{""waypoints"":(-9850.8452, -6568.0365), ""unsafe_region"":[[40.0, 20.0], [80.0, 20.0], [80.0, 60.0], [40.0, 60.0]], }"
1279.199999999932,"{""waypoints"":(-9850.8452, -6568.0365), ""unsafe_region"":[[40.0, 20.0], [80.0, 20.0], [80.0, 60.0], [40.0, 60.0]], }"
1279.199999999932,"{""waypoints"":(-9850.8452, -6568.0365), ""unsafe_region"":[[40.0, 20.0], [80.0, 20.0], [80.0, 60.0], [40.0, 60.0]], }"
1279.199999999932,"{""waypoints"":(-9850.8452, -6568.0365), ""unsafe_region"":[[40.0, 20.0], [80.0, 20.0], [80.0, 60.0], [40.0, 60.0]], }"
1279.199999999932,"{""waypoints"":(-9850.8452, -6568.0365), ""unsafe_region"":[[40.0, 20.0], [80.0, 20.0], [80.0, 60.0], [40.0, 60.0]], }"
1279.199999999932,"{""waypoints"":(-9850.8452, -6568.0365), ""unsafe_region"":[[40.0, 20.0], [80.0, 20.0], [80.0, 60.0], [40.0, 60.0]], }"
1279.199999999932,"{""waypoints"":(-9850.8452, -6568.0365), ""unsafe_region"":[[40.0, 20.0], [80.0, 20.0], [80.0, 60.0], [40.0, 60.0]], }"
1279.199999999932,"{""waypoints"":(-9850.8452, -6568.0365), ""unsafe_region"":[[40.0, 20.0], [80.0, 20.0], [80.0, 60.0], [40.0, 60.0]], }"
1279.199999999932,"{""waypoints"":(-9850.8452, -6568.0365), ""unsafe_region"":[[40.0, 20.0], [80.0, 20.0], [80.0, 60.0], [40.0, 60.0]], }"
1279.199999999932,"{""waypoints"":(-9850.8452, -6568.0365), ""unsafe_region"":[[40.0, 20.0], [80.0, 20.0], [80.0, 60.0], [40.0, 60.0]], }"
1279.199999999932,"{""waypoints"":(-9850.8452, -6568.0365), ""unsafe_region"":[[40.0, 20.0], [80.0, 20.0], [80.0, 60.0], [40.0, 60.0]], }"
1279.199999999932,"{""waypoints"":(-9850.8452, -6568.0365), ""unsafe_region"":[[40.0, 20.0], [80.0, 20.0], [80.0, 60.0], [40.0, 60.0]], }"
1279.199999999932,"{""waypoints"":(-9850.8452, -6568.0365), ""unsafe_region"":[[40.0, 20.0], [80.0, 20.0], [80.0, 60.0], [40.0, 60.0]], }"
1279.199999999932,"{""waypoints"":(-9850.8452, -6568.0365), ""unsafe_region"":[[40.0, 20.0], [80.0, 20.0], [80.0, 60.0], [40.0, 60.0]], }"
1279.199999999932,"{""waypoints"":(-9850.8452, -6568.0365), ""unsafe_region"":[[40.0, 20.0], [80.0, 20.0], [80.0, 60.0], [40.0, 60.0]], }"
1279.199999999932,"{""waypoints"":(-9850.8452, -6568.0365), ""unsafe_region"":[[40.0, 20.0], [80.0, 20.0], [80.0, 60.0], [40.0, 60.0]], }"
1279.199999999932,"{""waypoints"":(-9850.8452, -6568.0365), ""unsafe_region"":[[40.0, 20.0], [80.0, 20.0], [80.0, 60.0], [40.0, 60.0]], }"
1279.199999999932,"{""waypoints"":(-9850.8452, -6568.0365), ""unsafe_region"":[[40.0, 20.0], [80.0, 20.0], [80.0, 60.0], [40.0, 60.0]], }"
1279.199999999932,"{""waypoints"":(-9850.8452, -6568.0365), ""unsafe_region"":[[40.0, 20.0], [80.0, 20.0], [80.0, 60.0], [40.0, 60.0]], }"
1279.199999999932,"{""waypoints"":(-9850.8452, -6568.0365), ""unsafe_region"":[[40.0, 20.0], [80.0, 20.0], [80.0, 60.0], [40.0, 60.0]], }"
1279.199999999932,"{""waypoints"":(-9850.8452, -6568.0365), ""unsafe_region"":[[40.0, 20.0], [80.0, 20.0], [80.0, 60.0], [40.0, 60.0]], }"
1279.199999999932,"{""waypoints"":(-9850.8452, -6568.0365), ""unsafe_region"":[[40.0, 20.0], [80.0, 20.0], [80.0, 60.0], [40.0, 60.0]], }"
1279.199999999932,"{""waypoints"":(-9850.8452, -6568.0365), ""unsafe_region"":[[40.0, 20.0], [80.0, 20.0], [80.0, 60.0], [40.0, 60.0]], }"
1279.199999999932,"{""waypoints"":(-9850.8452, -6568.0365), ""unsafe_region"":[[40.0, 20.0], [80.0, 20.0], [80.0, 60.0], [40.0, 60.0]], }"
1279.199999999932,"{""waypoints"":(-9850.8452, -6568.0365), ""unsafe_region"":[[40.0, 20.0], [80.0, 20.0], [80.0, 60.0], [40.0, 60.0]], }"
1279.199999999932,"{""waypoints"":(-9850.8452, -6568.0365), ""unsafe_region"":[[40.0, 20.0], [80.0, 20.0], [80.0, 60.0], [40.0, 60.0]], }"
1279.199999999932,"{""waypoints"":(-9850.8452, -6568.0365), ""unsafe_region"":[[40.0, 20.0], [80.0, 20.0], [80.0, 60.0], [40.0, 60.0]], }"
1279.199999999932,"{""waypoints"":(-9850.8452, -6568.0365), ""unsafe_region"":[[40.0, 20.0], [80.0, 20.0], [80.0, 60.0], [40.0, 60.0]], }"
1279.199999999932,"{""waypoints"":(-9850.8452, -6568.0365), ""unsafe_region"":[[40.0, 20.0], [80.0, 20.0], [80.0, 60.0], [40.0, 60.0]], }"
1279.199999999932,"{""waypoints"":(-9850.8452, -6568.0365), ""unsafe_region"":[[40.0, 20.0], [80.0, 20.0], [80.0, 60.0], [40.0, 60.0]], }"
1279.199999999932,"{""waypoints"":(-9850.8452, -6568.0365), ""unsafe_region"":[[40.0, 20.0], [80.0, 20.0], [80.0, 60.0], [40.0, 60.0]], }"
1279.199999999932,"{""waypoints"":(-9850.8452, -6568.0365), ""unsafe_region"":[[40.0, 20.0], [80.0, 20.0], [80.0, 60.0], [40.0, 60.0]], }"
1279.199999999932,"{""waypoints"":(-9850.8452, -6568.0365), ""unsafe_region"":[[40.0, 20.0], [80.0, 20.0], [80.0, 60.0], [40.0, 60.0]], }"
1279.199999999932,"{""waypoints"":(-9850.8452, -6568.0365), ""unsafe_region"":[[40.0, 20.0], [80.0, 20.0], [80.0, 60.0], [40.0, 60.0]], }"
1279.199999999932,"{""waypoints"":(-9850.8452, -6568.0365), ""unsafe_region"":[[40.0, 20.0], [80.0, 20.0], [80.0, 60.0], [40.0, 60.0]], }"
1279.199999999932,"{""waypoints"":(-9850.8452, -6568.0365), ""unsafe_region"":[[40.0, 20.0], [80.0, 20.0], [80.0, 60.0], [40.0, 60.0]], }"
1279.199999999932,"{""waypoints"":(-9850.8452, -6568.0365), ""unsafe_region"":[[40.0, 20.0], [80.0, 20.0], [80.0, 60.0], [40.0, 60.0]], }"
1279.199999999932,"{""waypoints"":(-9850.8452, -6568.0365), ""unsafe_region"":[[40.0, 20.0], [80.0, 20.0], [80.0, 60.0], [40.0, 60.0]], }"
1279.199999999932,"{""waypoints"":(-9850.8452, -6568.0365), ""unsafe_region"":[[40.0, 20.0], [80.0, 20.0], [80.0, 60.0], [40.0, 60.0]], }"
1279.199999999932,"{""waypoints"":(-9850.8452, -6568.0365), ""unsafe_region"":[[40.0, 20.0], [80.0, 20.0], [80.0, 60.0], [40.0, 60.0]], }"
1279.199999999932,"{""waypoints"":(-9850.8452, -6568.0365), ""unsafe_region"":[[40.0, 20.0], [80.0, 20.0], [80.0, 60.0], [40.0, 60.0]], }"
1279.199999999932,"{""waypoints"":(-9850.8452, -6568.0365), ""unsafe_region"":[[40.0, 20.0], [80.0, 20.0], [80.0, 60.0], [40.0, 60.0]], }"
1279.199999999932,"{""waypoints"":(-9850.8452, -6568.0365), ""unsafe_region"":[[40.0, 20.0], [80.0, 20.0], [80.0, 60.0], [40.0, 60.0]], }"
1279.199999999932,"{""waypoints"":(-9850.8452, -6568.0365), ""unsafe_region"":[[40.0, 20.0], [80.0, 20.0], [80.0, 60.0], [40.0, 60.0]], }"
1279.199999999932,"{""waypoints"":(-9850.8452, -6568.0365), ""unsafe_region"":[[40.0, 20.0], [80.0, 20.0], [80.0, 60.0], [40.0, 60.0]], }"
1279.199999999932,"{""waypoints"":(-9850.8452, -6568.0365), ""unsafe_region"":[[40.0, 20.0], [80.0, 20.0], [80.0, 60.0], [40.0, 60.0]], }"
1279.199999999932,"{""waypoints"":(-9850.8452, -6568.0365), ""unsafe_region"":[[40.0, 20.0], [80.0, 20.0], [80.0, 60.0], [40.0, 60.0]], }"
1279.199999999932,"{""waypoints"":(-9850.8452, -6568.0365), ""unsafe_region"":[[40.0, 20.0], [80.0, 20.0], [80.0, 60.0], [40.0, 60.0]], }"
1279.199999999932,"{""waypoints"":(-9850.8452, -6568.0365), ""unsafe_region"":[[40.0, 20.0], [80.0, 20.0], [80.0, 60.0], [40.0, 60.0]], }"
1279.199999999932,"{""waypoints"":(-9850.8452, -6568.0365), ""unsafe_region"":[[40.0, 20.0], [80.0, 20.0], [80.0, 60.0], [40.0, 60.0]], }"
1279.199999999932,"{""waypoints"":(-9850.8452, -6568.0365), ""unsafe_region"":[[40.0, 20.0], [80.0, 20.0], [80.0, 60.0], [40.0, 60.0]], }"
1279.199999999932,"{""waypoints"":(-9850.8452, -6568.0365), ""unsafe_region"":[[40.0, 20.0], [80.0, 20.0], [80.0, 60.0], [40.0, 60.0]], }"
1279.199999999932,"{""waypoints"":(-9850.8452, -6568.0365), ""unsafe_region"":[[40.0, 20.0], [80.0, 20.0], [80.0, 60.0], [40.0, 60.0]], }"
1279.199999999932,"{""waypoints"":(-9850.8452, -6568.0365), ""unsafe_region"":[[40.0, 20.0], [80.0, 20.0], [80.0, 60.0], [40.0, 60.0]], }"
1279.199999999932,"{""waypoints"":(-9850.8452, -6568.0365), ""unsafe_region"":[[40.0, 20.0], [80.0, 20.0], [80.0, 60.0], [40.0, 60.0]], }"
1279.199999999932,"{""waypoints"":(-9850.8452, -6568.0365), ""unsafe_region"":[[40.0, 20.0], [80.0, 20.0], [80.0, 60.0], [40.0, 60.0]], }"
1279.199999999932,"{""waypoints"":(-9850.8452, -6568.0365), ""unsafe_region"":[[40.0, 20.0], [80.0, 20.0], [80.0, 60.0], [40.0, 60.0]], }"
1279.199999999932,"{""waypoints"":(-9850.8452, -6568.0365), ""unsafe_region"":[[40.0, 20.0], [80.0, 20.0], [80.0, 60.0], [40.0, 60.0]], }"
1279.199999999932,"{""waypoints"":(-9850.8452, -6568.0365), ""unsafe_region"":[[40.0, 20.0], [80.0, 20.0], [80.0, 60.0], [40.0, 60.0]], }"
1279.199999999932,"{""waypoints"":(-9850.8452, -6568.0365), ""unsafe_region"":[[40.0, 20.0], [80.0, 20.0], [80.0, 60.0], [40.0, 60.0]], }"
1279.199999999932,"{""waypoints"":(-9850.8452, -6568.0365), ""unsafe_region"":[[40.0, 20.0], [80.0, 20.0], [80.0, 60.0], [40.0, 60.0]], }"
1279.199999999932,"{""waypoints"":(-9850.8452, -6568.0365), ""unsafe_region"":[[40.0, 20.0], [80.0, 20.0], [80.0, 60.0], [40.0, 60.0]], }"
1279.199999999932,"{""waypoints"":(-9850.8452, -6568.0365), ""unsafe_region"":[[40.0, 20.0], [80.0, 20.0], [80.0, 60.0], [40.0, 60.0]], }"
1279.199999999932,"{""waypoints"":(-9850.8452, -6568.0365), ""unsafe_region"":[[40.0, 20.0], [80.0, 20.0], [80.0, 60.0], [40.0, 60.0]], }"
1279.199999999932,"{""waypoints"":(-9850.8452, -6568.0365), ""unsafe_region"":[[40.0, 20.0], [80.0, 20.0], [80.0, 60.0], [40.0, 60.0]], }"
1279.199999999932,"{""waypoints"":(-9850.8452, -6568.0365), ""unsafe_region"":[[40.0, 20.0], [80.0, 20.0], [80.0, 60.0], [40.0, 60.0]], }"
1338.599999999878,"{""waypoints"":(-9850.8452, -6568.0365), ""unsafe_region"":[[40.0, 20.0], [80.0, 20.0], [80.0, 60.0], [40.0, 60.0]], }"
1338.699999999878,"{""waypoints"":(-9850.8452, -6568.0365), ""unsafe_region"":[[40.0, 20.0], [80.0, 20.0], [80.0, 60.0], [40.0, 60.0]], }"
1338.699999999878,"{""waypoints"":(-9850.8452, -6568.0365), ""unsafe_region"":[[40.0, 20.0], [80.0, 20.0], [80.0, 60.0], [40.0, 60.0]], }"
1338.699999999878,"{""waypoints"":(-9850.8452, -6568.0365), ""unsafe_region"":[[40.0, 20.0], [80.0, 20.0], [80.0, 60.0], [40.0, 60.0]], }"
1338.699999999878,"{""waypoints"":(-9850.8452, -6568.0365), ""unsafe_region"":[[40.0, 20.0], [80.0, 20.0], [80.0, 60.0], [40.0, 60.0]], }"
1338.699999999878,"{""waypoints"":(-9850.8452, -6568.0365), ""unsafe_region"":[[40.0, 20.0], [80.0, 20.0], [80.0, 60.0], [40.0, 60.0]], }"
1338.699999999878,"{""waypoints"":(-9850.8452, -6568.0365), ""unsafe_region"":[[40.0, 20.0], [80.0, 20.0], [80.0, 60.0], [40.0, 60.0]], }"
1338.699999999878,"{""waypoints"":(-9850.8452, -6568.0365), ""unsafe_region"":[[40.0, 20.0], [80.0, 20.0], [80.0, 60.0], [40.0, 60.0]], }"
1338.699999999878,"{""waypoints"":(-9850.8452, -6568.0365), ""unsafe_region"":[[40.0, 20.0], [80.0, 20.0], [80.0, 60.0], [40.0, 60.0]], }"
1338.699999999878,"{""waypoints"":(-9850.8452, -6568.0365), ""unsafe_region"":[[40.0, 20.0], [80.0, 20.0], [80.0, 60.0], [40.0, 60.0]], }"
1338.699999999878,"{""waypoints"":(-9850.8452, -6568.0365), ""unsafe_region"":[[40.0, 20.0], [80.0, 20.0], [80.0, 60.0], [40.0, 60.0]], }"
1338.699999999878,"{""waypoints"":(-9850.8452, -6568.0365), ""unsafe_region"":[[40.0, 20.0], [80.0, 20.0], [80.0, 60.0], [40.0, 60.0]], }"
1338.699999999878,"{""waypoints"":(-9850.8452, -6568.0365), ""unsafe_region"":[[40.0, 20.0], [80.0, 20.0], [80.0, 60.0], [40.0, 60.0]], }"
1338.699999999878,"{""waypoints"":(-9850.8452, -6568.0365), ""unsafe_region"":[[40.0, 20.0], [80.0, 20.0], [80.0, 60.0], [40.0, 60.0]], }"
1338.699999999878,"{""waypoints"":(-9850.8452, -6568.0365), ""unsafe_region"":[[40.0, 20.0], [80.0, 20.0], [80.0, 60.0], [40.0, 60.0]], }"
1338.699999999878,"{""waypoints"":(-9850.8452, -6568.0365), ""unsafe_region"":[[40.0, 20.0], [80.0, 20.0], [80.0, 60.0], [40.0, 60.0]], }"
1338.699999999878,"{""waypoints"":(-9850.8452, -6568.0365), ""unsafe_region"":[[40.0, 20.0], [80.0, 20.0], [80.0, 60.0], [40.0, 60.0]], }"
1338.699999999878,"{""waypoints"":(-9850.8452, -6568.0365), ""unsafe_region"":[[40.0, 20.0], [80.0, 20.0], [80.0, 60.0], [40.0, 60.0]], }"
1338.699999999878,"{""waypoints"":(-9850.8452, -6568.0365), ""unsafe_region"":[[40.0, 20.0], [80.0, 20.0], [80.0, 60.0], [40.0, 60.0]], }"
1338.699999999878,"{""waypoints"":(-9850.8452, -6568.0365), ""unsafe_region"":[[40.0, 20.0], [80.0, 20.0], [80.0, 60.0], [40.0, 60.0]], }"
1338.699999999878,"{""waypoints"":(-9850.8452, -6568.0365), ""unsafe_region"":[[40.0, 20.0], [80.0, 20.0], [80.0, 60.0], [40.0, 60.0]], }"
1338.699999999878,"{""waypoints"":(-9850.8452, -6568.0365), ""unsafe_region"":[[40.0, 20.0], [80.0, 20.0], [80.0, 60.0], [40.0, 60.0]], }"
1338.699999999878,"{""waypoints"":(-9850.8452, -6568.0365), ""unsafe_region"":[[40.0, 20.0], [80.0, 20.0], [80.0, 60.0], [40.0, 60.0]], }"
1338.699999999878,"{""waypoints"":(-9850.8452, -6568.0365), ""unsafe_region"":[[40.0, 20.0], [80.0, 20.0], [80.0, 60.0], [40.0, 60.0]], }"
1338.699999999878,"{""waypoints"":(-9850.8452, -6568.0365), ""unsafe_region"":[[40.0, 20.0], [80.0, 20.0], [80.0, 60.0], [40.0, 60.0]], }"
1338.699999999878,"{""waypoints"":(-9850.8452, -6568.0365), ""unsafe_region"":[[40.0, 20.0], [80.0, 20.0], [80.0, 60.0], [40.0, 60.0]], }"
1338.699999999878,"{""waypoints"":(-9850.8452, -6568.0365), ""unsafe_region"":[[40.0, 20.0], [80.0, 20.0], [80.0, 60.0], [40.0, 60.0]], }"
1338.699999999878,"{""waypoints"":(-9850.8452, -6568.0365), ""unsafe_region"":[[40.0, 20.0], [80.0, 20.0], [80.0, 60.0], [40.0, 60.0]], }"
1338.699999999878,"{""waypoints"":(-9850.8452, -6568.0365), ""unsafe_region"":[[40.0, 20.0], [80.0, 20.0], [80.0, 60.0], [40.0, 60.0]], }"
1338.699999999878,"{""waypoints"":(-9850.8452, -6568.0365), ""unsafe_region"":[[40.0, 20.0], [80.0, 20.0], [80.0, 60.0], [40.0, 60.0]], }"
1338.699999999878,"{""waypoints"":(-9850.8452, -6568.0365), ""unsafe_region"":[[40.0, 20.0], [80.0, 20.0], [80.0, 60.0], [40.0, 60.0]], }"
1338.699999999878,"{""waypoints"":(-9850.8452, -6568.0365), ""unsafe_region"":[[40.0, 20.0], [80.0, 20.0], [80.0, 60.0], [40.0, 60.0]], }"
1338.699999999878,"{""waypoints"":(-9850.8452, -6568.0365), ""unsafe_region"":[[40.0, 20.0], [80.0, 20.0], [80.0, 60.0], [40.0, 60.0]], }"
1338.699999999878,"{""waypoints"":(-9850.8452, -6568.0365), ""unsafe_region"":[[40.0, 20.0], [80.0, 20.0], [80.0, 60.0], [40.0, 60.0]], }"
1338.699999999878,"{""waypoints"":(-9850.8452, -6568.0365), ""unsafe_region"":[[40.0, 20.0], [80.0, 20.0], [80.0, 60.0], [40.0, 60.0]], }"
1338.699999999878,"{""waypoints"":(-9850.8452, -6568.0365), ""unsafe_region"":[[40.0, 20.0], [80.0, 20.0], [80.0, 60.0], [40.0, 60.0]], }"
1338.699999999878,"{""waypoints"":(-9850.8452, -6568.0365), ""unsafe_region"":[[40.0, 20.0], [80.0, 20.0], [80.0, 60.0], [40.0, 60.0]], }"
1338.699999999878,"{""waypoints"":(-9850.8452, -6568.0365), ""unsafe_region"":[[40.0, 20.0], [80.0, 20.0], [80.0, 60.0], [40.0, 60.0]], }"
1338.699999999878,"{""waypoints"":(-9850.8452, -6568.0365), ""unsafe_region"":[[40.0, 20.0], [80.0, 20.0], [80.0, 60.0], [40.0, 60.0]], }"
1338.699999999878,"{""waypoints"":(-9850.8452, -6568.0365), ""unsafe_region"":[[40.0, 20.0], [80.0, 20.0], [80.0, 60.0], [40.0, 60.0]], }"
1338.699999999878,"{""waypoints"":(-9850.8452, -6568.0365), ""unsafe_region"":[[40.0, 20.0], [80.0, 20.0], [80.0, 60.0], [40.0, 60.0]], }"
1338.699999999878,"{""waypoints"":(-9850.8452, -6568.0365), ""unsafe_region"":[[40.0, 20.0], [80.0, 20.0], [80.0, 60.0], [40.0, 60.0]], }"
1338.699999999878,"{""waypoints"":(-9850.8452, -6568.0365), ""unsafe_region"":[[40.0, 20.0], [80.0, 20.0], [80.0, 60.0], [40.0, 60.0]], }"
1338.699999999878,"{""waypoints"":(-9850.8452, -6568.0365), ""unsafe_region"":[[40.0, 20.0], [80.0, 20.0], [80.0, 60.0], [40.0, 60.0]], }"
1338.699999999878,"{""waypoints"":(-9850.8452, -6568.0365), ""unsafe_region"":[[40.0, 20.0], [80.0, 20.0], [80.0, 60.0], [40.0, 60.0]], }"
1338.699999999878,"{""waypoints"":(-9850.8452, -6568.0365), ""unsafe_region"":[[40.0, 20.0], [80.0, 20.0], [80.0, 60.0], [40.0, 60.0]], }"
1338.699999999878,"{""waypoints"":(-9850.8452, -6568.0365), ""unsafe_region"":[[40.0, 20.0], [80.0, 20.0], [80.0, 60.0], [40.0, 60.0]], }"
1338.699999999878,"{""waypoints"":(-9850.8452, -6568.0365), ""unsafe_region"":[[40.0, 20.0], [80.0, 20.0], [80.0, 60.0], [40.0, 60.0]], }"
1338.699999999878,"{""waypoints"":(-9850.8452, -6568.0365), ""unsafe_region"":[[40.0, 20.0], [80.0, 20.0], [80.0, 60.0], [40.0, 60.0]], }"
1338.699999999878,"{""waypoints"":(-9850.8452, -6568.0365), ""unsafe_region"":[[40.0, 20.0], [80.0, 20.0], [80.0, 60.0], [40.0, 60.0]], }"
1338.699999999878,"{""waypoints"":(-9850.8452, -6568.0365), ""unsafe_region"":[[40.0, 20.0], [80.0, 20.0], [80.0, 60.0], [40.0, 60.0]], }"
1338.699999999878,"{""waypoints"":(-9850.8452, -6568.0365), ""unsafe_region"":[[40.0, 20.0], [80.0, 20.0], [80.0, 60.0], [40.0, 60.0]], }"
1338.699999999878,"{""waypoints"":(-9850.8452, -6568.0365), ""unsafe_region"":[[40.0, 20.0], [80.0, 20.0], [80.0, 60.0], [40.0, 60.0]], }"
1338.699999999878,"{""waypoints"":(-9850.8452, -6568.0365), ""unsafe_region"":[[40.0, 20.0], [80.0, 20.0], [80.0, 60.0], [40.0, 60.0]], }"
1338.699999999878,"{""waypoints"":(-9850.8452, -6568.0365), ""unsafe_region"":[[40.0, 20.0], [80.0, 20.0], [80.0, 60.0], [40.0, 60.0]], }"
1338.699999999878,"{""waypoints"":(-9850.8452, -6568.0365), ""unsafe_region"":[[40.0, 20.0], [80.0, 20.0], [80.0, 60.0], [40.0, 60.0]], }"
1338.699999999878,"{""waypoints"":(-9850.8452, -6568.0365), ""unsafe_region"":[[40.0, 20.0], [80.0, 20.0], [80.0, 60.0], [40.0, 60.0]], }"
1338.699999999878,"{""waypoints"":(-9850.8452, -6568.0365), ""unsafe_region"":[[40.0, 20.0], [80.0, 20.0], [80.0, 60.0], [40.0, 60.0]], }"
1338.699999999878,"{""waypoints"":(-9850.8452, -6568.0365), ""unsafe_region"":[[40.0, 20.0], [80.0, 20.0], [80.0, 60.0], [40.0, 60.0]], }"
1362.3999999998564,"{""waypoints"":(-9850.8452, -6568.0365), ""unsafe_region"":[[40.0, 20.0], [80.0, 20.0], [80.0, 60.0], [40.0, 60.0]], }"
1362.4999999998563,"{""waypoints"":(-9850.8452, -6568.0365), ""unsafe_region"":[[40.0, 20.0], [80.0, 20.0], [80.0, 60.0], [40.0, 60.0]], }"
1362.4999999998563,"{""waypoints"":(-9850.8452, -6568.0365), ""unsafe_region"":[[40.0, 20.0], [80.0, 20.0], [80.0, 60.0], [40.0, 60.0]], }"
1362.4999999998563,"{""waypoints"":(-9850.8452, -6568.0365), ""unsafe_region"":[[40.0, 20.0], [80.0, 20.0], [80.0, 60.0], [40.0, 60.0]], }"
1362.4999999998563,"{""waypoints"":(-9850.8452, -6568.0365), ""unsafe_region"":[[40.0, 20.0], [80.0, 20.0], [80.0, 60.0], [40.0, 60.0]], }"
1362.4999999998563,"{""waypoints"":(-9850.8452, -6568.0365), ""unsafe_region"":[[40.0, 20.0], [80.0, 20.0], [80.0, 60.0], [40.0, 60.0]], }"
1362.4999999998563,"{""waypoints"":(-9850.8452, -6568.0365), ""unsafe_region"":[[40.0, 20.0], [80.0, 20.0], [80.0, 60.0], [40.0, 60.0]], }"
1362.4999999998563,"{""waypoints"":(-9850.8452, -6568.0365), ""unsafe_region"":[[40.0, 20.0], [80.0, 20.0], [80.0, 60.0], [40.0, 60.0]], }"
1362.4999999998563,"{""waypoints"":(-9850.8452, -6568.0365), ""unsafe_region"":[[40.0, 20.0], [80.0, 20.0], [80.0, 60.0], [40.0, 60.0]], }"
1362.4999999998563,"{""waypoints"":(-9850.8452, -6568.0365), ""unsafe_region"":[[40.0, 20.0], [80.0, 20.0], [80.0, 60.0], [40.0, 60.0]], }"
1362.4999999998563,"{""waypoints"":(-9850.8452, -6568.0365), ""unsafe_region"":[[40.0, 20.0], [80.0, 20.0], [80.0, 60.0], [40.0, 60.0]], }"
1362.4999999998563,"{""waypoints"":(-9850.8452, -6568.0365), ""unsafe_region"":[[40.0, 20.0], [80.0, 20.0], [80.0, 60.0], [40.0, 60.0]], }"
1362.4999999998563,"{""waypoints"":(-9850.8452, -6568.0365), ""unsafe_region"":[[40.0, 20.0], [80.0, 20.0], [80.0, 60.0], [40.0, 60.0]], }"
1362.4999999998563,"{""waypoints"":(-9850.8452, -6568.0365), ""unsafe_region"":[[40.0, 20.0], [80.0, 20.0], [80.0, 60.0], [40.0, 60.0]], }"
1362.4999999998563,"{""waypoints"":(-9850.8452, -6568.0365), ""unsafe_region"":[[40.0, 20.0], [80.0, 20.0], [80.0, 60.0], [40.0, 60.0]], }"
1362.4999999998563,"{""waypoints"":(-9850.8452, -6568.0365), ""unsafe_region"":[[40.0, 20.0], [80.0, 20.0], [80.0, 60.0], [40.0, 60.0]], }"
1362.4999999998563,"{""waypoints"":(-9850.8452, -6568.0365), ""unsafe_region"":[[40.0, 20.0], [80.0, 20.0], [80.0, 60.0], [40.0, 60.0]], }"
1362.4999999998563,"{""waypoints"":(-9850.8452, -6568.0365), ""unsafe_region"":[[40.0, 20.0], [80.0, 20.0], [80.0, 60.0], [40.0, 60.0]], }"
1362.4999999998563,"{""waypoints"":(-9850.8452, -6568.0365), ""unsafe_region"":[[40.0, 20.0], [80.0, 20.0], [80.0, 60.0], [40.0, 60.0]], }"
1362.4999999998563,"{""waypoints"":(-9850.8452, -6568.0365), ""unsafe_region"":[[40.0, 20.0], [80.0, 20.0], [80.0, 60.0], [40.0, 60.0]], }"
1362.4999999998563,"{""waypoints"":(-9850.8452, -6568.0365), ""unsafe_region"":[[40.0, 20.0], [80.0, 20.0], [80.0, 60.0], [40.0, 60.0]], }"
1362.4999999998563,"{""waypoints"":(-9850.8452, -6568.0365), ""unsafe_region"":[[40.0, 20.0], [80.0, 20.0], [80.0, 60.0], [40.0, 60.0]], }"
1362.4999999998563,"{""waypoints"":(-9850.8452, -6568.0365), ""unsafe_region"":[[40.0, 20.0], [80.0, 20.0], [80.0, 60.0], [40.0, 60.0]], }"
1362.4999999998563,"{""waypoints"":(-9850.8452, -6568.0365), ""unsafe_region"":[[40.0, 20.0], [80.0, 20.0], [80.0, 60.0], [40.0, 60.0]], }"
1398.1999999998238,"{""waypoints"":(-9850.8452, -6568.0365), ""unsafe_region"":[[40.0, 20.0], [80.0, 20.0], [80.0, 60.0], [40.0, 60.0]], }"
1398.2999999998237,"{""waypoints"":(-9850.8452, -6568.0365), ""unsafe_region"":[[40.0, 20.0], [80.0, 20.0], [80.0, 60.0], [40.0, 60.0]], }"
1398.2999999998237,"{""waypoints"":(-9850.8452, -6568.0365), ""unsafe_region"":[[40.0, 20.0], [80.0, 20.0], [80.0, 60.0], [40.0, 60.0]], }"
1398.2999999998237,"{""waypoints"":(-9850.8452, -6568.0365), ""unsafe_region"":[[40.0, 20.0], [80.0, 20.0], [80.0, 60.0], [40.0, 60.0]], }"
1398.2999999998237,"{""waypoints"":(-9850.8452, -6568.0365), ""unsafe_region"":[[40.0, 20.0], [80.0, 20.0], [80.0, 60.0], [40.0, 60.0]], }"
1398.2999999998237,"{""waypoints"":(-9850.8452, -6568.0365), ""unsafe_region"":[[40.0, 20.0], [80.0, 20.0], [80.0, 60.0], [40.0, 60.0]], }"
1398.2999999998237,"{""waypoints"":(-9850.8452, -6568.0365), ""unsafe_region"":[[40.0, 20.0], [80.0, 20.0], [80.0, 60.0], [40.0, 60.0]], }"
1398.2999999998237,"{""waypoints"":(-9850.8452, -6568.0365), ""unsafe_region"":[[40.0, 20.0], [80.0, 20.0], [80.0, 60.0], [40.0, 60.0]], }"
1398.2999999998237,"{""waypoints"":(-9850.8452, -6568.0365), ""unsafe_region"":[[40.0, 20.0], [80.0, 20.0], [80.0, 60.0], [40.0, 60.0]], }"
1398.2999999998237,"{""waypoints"":(-9850.8452, -6568.0365), ""unsafe_region"":[[40.0, 20.0], [80.0, 20.0], [80.0, 60.0], [40.0, 60.0]], }"
1398.2999999998237,"{""waypoints"":(-9850.8452, -6568.0365), ""unsafe_region"":[[40.0, 20.0], [80.0, 20.0], [80.0, 60.0], [40.0, 60.0]], }"
1398.2999999998237,"{""waypoints"":(-9850.8452, -6568.0365), ""unsafe_region"":[[40.0, 20.0], [80.0, 20.0], [80.0, 60.0], [40.0, 60.0]], }"
1398.2999999998237,"{""waypoints"":(-9850.8452, -6568.0365), ""unsafe_region"":[[40.0, 20.0], [80.0, 20.0], [80.0, 60.0], [40.0, 60.0]], }"
1398.2999999998237,"{""waypoints"":(-9850.8452, -6568.0365), ""unsafe_region"":[[40.0, 20.0], [80.0, 20.0], [80.0, 60.0], [40.0, 60.0]], }"
1398.2999999998237,"{""waypoints"":(-9850.8452, -6568.0365), ""unsafe_region"":[[40.0, 20.0], [80.0, 20.0], [80.0, 60.0], [40.0, 60.0]], }"
1398.2999999998237,"{""waypoints"":(-9850.8452, -6568.0365), ""unsafe_region"":[[40.0, 20.0], [80.0, 20.0], [80.0, 60.0], [40.0, 60.0]], }"
1398.2999999998237,"{""waypoints"":(-9850.8452, -6568.0365), ""unsafe_region"":[[40.0, 20.0], [80.0, 20.0], [80.0, 60.0], [40.0, 60.0]], }"
1398.2999999998237,"{""waypoints"":(-9850.8452, -6568.0365), ""unsafe_region"":[[40.0, 20.0], [80.0, 20.0], [80.0, 60.0], [40.0, 60.0]], }"
1398.2999999998237,"{""waypoints"":(-9850.8452, -6568.0365), ""unsafe_region"":[[40.0, 20.0], [80.0, 20.0], [80.0, 60.0], [40.0, 60.0]], }"
1398.2999999998237,"{""waypoints"":(-9850.8452, -6568.0365), ""unsafe_region"":[[40.0, 20.0], [80.0, 20.0], [80.0, 60.0], [40.0, 60.0]], }"
1398.2999999998237,"{""waypoints"":(-9850.8452, -6568.0365), ""unsafe_region"":[[40.0, 20.0], [80.0, 20.0], [80.0, 60.0], [40.0, 60.0]], }"
1398.2999999998237,"{""waypoints"":(-9850.8452, -6568.0365), ""unsafe_region"":[[40.0, 20.0], [80.0, 20.0], [80.0, 60.0], [40.0, 60.0]], }"
1398.2999999998237,"{""waypoints"":(-9850.8452, -6568.0365), ""unsafe_region"":[[40.0, 20.0], [80.0, 20.0], [80.0, 60.0], [40.0, 60.0]], }"
1398.2999999998237,"{""waypoints"":(-9850.8452, -6568.0365), ""unsafe_region"":[[40.0, 20.0], [80.0, 20.0], [80.0, 60.0], [40.0, 60.0]], }"
1398.2999999998237,"{""waypoints"":(-9850.8452, -6568.0365), ""unsafe_region"":[[40.0, 20.0], [80.0, 20.0], [80.0, 60.0], [40.0, 60.0]], }"
1398.2999999998237,"{""waypoints"":(-9850.8452, -6568.0365), ""unsafe_region"":[[40.0, 20.0], [80.0, 20.0], [80.0, 60.0], [40.0, 60.0]], }"
1398.2999999998237,"{""waypoints"":(-9850.8452, -6568.0365), ""unsafe_region"":[[40.0, 20.0], [80.0, 20.0], [80.0, 60.0], [40.0, 60.0]], }"
1398.2999999998237,"{""waypoints"":(-9850.8452, -6568.0365), ""unsafe_region"":[[40.0, 20.0], [80.0, 20.0], [80.0, 60.0], [40.0, 60.0]], }"
1398.2999999998237,"{""waypoints"":(-9850.8452, -6568.0365), ""unsafe_region"":[[40.0, 20.0], [80.0, 20.0], [80.0, 60.0], [40.0, 60.0]], }"
1398.2999999998237,"{""waypoints"":(-9850.8452, -6568.0365), ""unsafe_region"":[[40.0, 20.0], [80.0, 20.0], [80.0, 60.0], [40.0, 60.0]], }"
1398.2999999998237,"{""waypoints"":(-9850.8452, -6568.0365), ""unsafe_region"":[[40.0, 20.0], [80.0, 20.0], [80.0, 60.0], [40.0, 60.0]], }"
1398.2999999998237,"{""waypoints"":(-9850.8452, -6568.0365), ""unsafe_region"":[[40.0, 20.0], [80.0, 20.0], [80.0, 60.0], [40.0, 60.0]], }"
1398.2999999998237,"{""waypoints"":(-9850.8452, -6568.0365), ""unsafe_region"":[[40.0, 20.0], [80.0, 20.0], [80.0, 60.0], [40.0, 60.0]], }"
1398.2999999998237,"{""waypoints"":(-9850.8452, -6568.0365), ""unsafe_region"":[[40.0, 20.0], [80.0, 20.0], [80.0, 60.0], [40.0, 60.0]], }"
1398.2999999998237,"{""waypoints"":(-9850.8452, -6568.0365), ""unsafe_region"":[[40.0, 20.0], [80.0, 20.0], [80.0, 60.0], [40.0, 60.0]], }"
1398.2999999998237,"{""waypoints"":(-9850.8452, -6568.0365), ""unsafe_region"":[[40.0, 20.0], [80.0, 20.0], [80.0, 60.0], [40.0, 60.0]], }"
1450.0999999997766,"{""waypoints"":(-9850.8452, -6568.0365), ""unsafe_region"":[[40.0, 20.0], [80.0, 20.0], [80.0, 60.0], [40.0, 60.0]], }"
1450.1999999997765,"{""waypoints"":(-9850.8452, -6568.0365), ""unsafe_region"":[[40.0, 20.0], [80.0, 20.0], [80.0, 60.0], [40.0, 60.0]], }"
1450.1999999997765,"{""waypoints"":(-9850.8452, -6568.0365), ""unsafe_region"":[[40.0, 20.0], [80.0, 20.0], [80.0, 60.0], [40.0, 60.0]], }"
1450.1999999997765,"{""waypoints"":(-9850.8452, -6568.0365), ""unsafe_region"":[[40.0, 20.0], [80.0, 20.0], [80.0, 60.0], [40.0, 60.0]], }"
1450.1999999997765,"{""waypoints"":(-9850.8452, -6568.0365), ""unsafe_region"":[[40.0, 20.0], [80.0, 20.0], [80.0, 60.0], [40.0, 60.0]], }"
1450.1999999997765,"{""waypoints"":(-9850.8452, -6568.0365), ""unsafe_region"":[[40.0, 20.0], [80.0, 20.0], [80.0, 60.0], [40.0, 60.0]], }"
1450.1999999997765,"{""waypoints"":(-9850.8452, -6568.0365), ""unsafe_region"":[[40.0, 20.0], [80.0, 20.0], [80.0, 60.0], [40.0, 60.0]], }"
1450.1999999997765,"{""waypoints"":(-9850.8452, -6568.0365), ""unsafe_region"":[[40.0, 20.0], [80.0, 20.0], [80.0, 60.0], [40.0, 60.0]], }"
1450.1999999997765,"{""waypoints"":(-9850.8452, -6568.0365), ""unsafe_region"":[[40.0, 20.0], [80.0, 20.0], [80.0, 60.0], [40.0, 60.0]], }"
1450.1999999997765,"{""waypoints"":(-9850.8452, -6568.0365), ""unsafe_region"":[[40.0, 20.0], [80.0, 20.0], [80.0, 60.0], [40.0, 60.0]], }"
1450.1999999997765,"{""waypoints"":(-9850.8452, -6568.0365), ""unsafe_region"":[[40.0, 20.0], [80.0, 20.0], [80.0, 60.0], [40.0, 60.0]], }"
1450.1999999997765,"{""waypoints"":(-9850.8452, -6568.0365), ""unsafe_region"":[[40.0, 20.0], [80.0, 20.0], [80.0, 60.0], [40.0, 60.0]], }"
1450.1999999997765,"{""waypoints"":(-9850.8452, -6568.0365), ""unsafe_region"":[[40.0, 20.0], [80.0, 20.0], [80.0, 60.0], [40.0, 60.0]], }"
1450.1999999997765,"{""waypoints"":(-9850.8452, -6568.0365), ""unsafe_region"":[[40.0, 20.0], [80.0, 20.0], [80.0, 60.0], [40.0, 60.0]], }"
1450.1999999997765,"{""waypoints"":(-9850.8452, -6568.0365), ""unsafe_region"":[[40.0, 20.0], [80.0, 20.0], [80.0, 60.0], [40.0, 60.0]], }"
1450.1999999997765,"{""waypoints"":(-9850.8452, -6568.0365), ""unsafe_region"":[[40.0, 20.0], [80.0, 20.0], [80.0, 60.0], [40.0, 60.0]], }"
1450.1999999997765,"{""waypoints"":(-9850.8452, -6568.0365), ""unsafe_region"":[[40.0, 20.0], [80.0, 20.0], [80.0, 60.0], [40.0, 60.0]], }"
1450.1999999997765,"{""waypoints"":(-9850.8452, -6568.0365), ""unsafe_region"":[[40.0, 20.0], [80.0, 20.0], [80.0, 60.0], [40.0, 60.0]], }"
1450.1999999997765,"{""waypoints"":(-9850.8452, -6568.0365), ""unsafe_region"":[[40.0, 20.0], [80.0, 20.0], [80.0, 60.0], [40.0, 60.0]], }"
1450.1999999997765,"{""waypoints"":(-9850.8452, -6568.0365), ""unsafe_region"":[[40.0, 20.0], [80.0, 20.0], [80.0, 60.0], [40.0, 60.0]], }"
1450.1999999997765,"{""waypoints"":(-9850.8452, -6568.0365), ""unsafe_region"":[[40.0, 20.0], [80.0, 20.0], [80.0, 60.0], [40.0, 60.0]], }"
1450.1999999997765,"{""waypoints"":(-9850.8452, -6568.0365), ""unsafe_region"":[[40.0, 20.0], [80.0, 20.0], [80.0, 60.0], [40.0, 60.0]], }"
1450.1999999997765,"{""waypoints"":(-9850.8452, -6568.0365), ""unsafe_region"":[[40.0, 20.0], [80.0, 20.0], [80.0, 60.0], [40.0, 60.0]], }"
1450.1999999997765,"{""waypoints"":(-9850.8452, -6568.0365), ""unsafe_region"":[[40.0, 20.0], [80.0, 20.0], [80.0, 60.0], [40.0, 60.0]], }"
1450.1999999997765,"{""waypoints"":(-9850.8452, -6568.0365), ""unsafe_region"":[[40.0, 20.0], [80.0, 20.0], [80.0, 60.0], [40.0, 60.0]], }"
1450.1999999997765,"{""waypoints"":(-9850.8452, -6568.0365), ""unsafe_region"":[[40.0, 20.0], [80.0, 20.0], [80.0, 60.0], [40.0, 60.0]], }"
1450.1999999997765,"{""waypoints"":(-9850.8452, -6568.0365), ""unsafe_region"":[[40.0, 20.0], [80.0, 20.0], [80.0, 60.0], [40.0, 60.0]], }"
1450.1999999997765,"{""waypoints"":(-9850.8452, -6568.0365), ""unsafe_region"":[[40.0, 20.0], [80.0, 20.0], [80.0, 60.0], [40.0, 60.0]], }"
1450.1999999997765,"{""waypoints"":(-9850.8452, -6568.0365), ""unsafe_region"":[[40.0, 20.0], [80.0, 20.0], [80.0, 60.0], [40.0, 60.0]], }"
1450.1999999997765,"{""waypoints"":(-9850.8452, -6568.0365), ""unsafe_region"":[[40.0, 20.0], [80.0, 20.0], [80.0, 60.0], [40.0, 60.0]], }"
1450.1999999997765,"{""waypoints"":(-9850.8452, -6568.0365), ""unsafe_region"":[[40.0, 20.0], [80.0, 20.0], [80.0, 60.0], [40.0, 60.0]], }"
1450.1999999997765,"{""waypoints"":(-9850.8452, -6568.0365), ""unsafe_region"":[[40.0, 20.0], [80.0, 20.0], [80.0, 60.0], [40.0, 60.0]], }"
1450.1999999997765,"{""waypoints"":(-9850.8452, -6568.0365), ""unsafe_region"":[[40.0, 20.0], [80.0, 20.0], [80.0, 60.0], [40.0, 60.0]], }"
1450.1999999997765,"{""waypoints"":(-9850.8452, -6568.0365), ""unsafe_region"":[[40.0, 20.0], [80.0, 20.0], [80.0, 60.0], [40.0, 60.0]], }"
1450.1999999997765,"{""waypoints"":(-9850.8452, -6568.0365), ""unsafe_region"":[[40.0, 20.0], [80.0, 20.0], [80.0, 60.0], [40.0, 60.0]], }"
1450.1999999997765,"{""waypoints"":(-9850.8452, -6568.0365), ""unsafe_region"":[[40.0, 20.0], [80.0, 20.0], [80.0, 60.0], [40.0, 60.0]], }"
1450.1999999997765,"{""waypoints"":(-9850.8452, -6568.0365), ""unsafe_region"":[[40.0, 20.0], [80.0, 20.0], [80.0, 60.0], [40.0, 60.0]], }"
1450.1999999997765,"{""waypoints"":(-9850.8452, -6568.0365), ""unsafe_region"":[[40.0, 20.0], [80.0, 20.0], [80.0, 60.0], [40.0, 60.0]], }"
1450.1999999997765,"{""waypoints"":(-9850.8452, -6568.0365), ""unsafe_region"":[[40.0, 20.0], [80.0, 20.0], [80.0, 60.0], [40.0, 60.0]], }"
1450.1999999997765,"{""waypoints"":(-9850.8452, -6568.0365), ""unsafe_region"":[[40.0, 20.0], [80.0, 20.0], [80.0, 60.0], [40.0, 60.0]], }"
1450.1999999997765,"{""waypoints"":(-9850.8452, -6568.0365), ""unsafe_region"":[[40.0, 20.0], [80.0, 20.0], [80.0, 60.0], [40.0, 60.0]], }"
1450.1999999997765,"{""waypoints"":(-9850.8452, -6568.0365), ""unsafe_region"":[[40.0, 20.0], [80.0, 20.0], [80.0, 60.0], [40.0, 60.0]], }"
1450.1999999997765,"{""waypoints"":(-9850.8452, -6568.0365), ""unsafe_region"":[[40.0, 20.0], [80.0, 20.0], [80.0, 60.0], [40.0, 60.0]], }"
1450.1999999997765,"{""waypoints"":(-9850.8452, -6568.0365), ""unsafe_region"":[[40.0, 20.0], [80.0, 20.0], [80.0, 60.0], [40.0, 60.0]], }"
1450.1999999997765,"{""waypoints"":(-9850.8452, -6568.0365), ""unsafe_region"":[[40.0, 20.0], [80.0, 20.0], [80.0, 60.0], [40.0, 60.0]], }"
1450.1999999997765,"{""waypoints"":(-9850.8452, -6568.0365), ""unsafe_region"":[[40.0, 20.0], [80.0, 20.0], [80.0, 60.0], [40.0, 60.0]], }"
1450.1999999997765,"{""waypoints"":(-9850.8452, -6568.0365), ""unsafe_region"":[[40.0, 20.0], [80.0, 20.0], [80.0, 60.0], [40.0, 60.0]], }"
1450.1999999997765,"{""waypoints"":(-9850.8452, -6568.0365), ""unsafe_region"":[[40.0, 20.0], [80.0, 20.0], [80.0, 60.0], [40.0, 60.0]], }"
1450.1999999997765,"{""waypoints"":(-9850.8452, -6568.0365), ""unsafe_region"":[[40.0, 20.0], [80.0, 20.0], [80.0, 60.0], [40.0, 60.0]], }"
1450.1999999997765,"{""waypoints"":(-9850.8452, -6568.0365), ""unsafe_region"":[[40.0, 20.0], [80.0, 20.0], [80.0, 60.0], [40.0, 60.0]], }"
1450.1999999997765,"{""waypoints"":(-9850.8452, -6568.0365), ""unsafe_region"":[[40.0, 20.0], [80.0, 20.0], [80.0, 60.0], [40.0, 60.0]], }"
1450.1999999997765,"{""waypoints"":(-9850.8452, -6568.0365), ""unsafe_region"":[[40.0, 20.0], [80.0, 20.0], [80.0, 60.0], [40.0, 60.0]], }"
1507.6999999997242,"{""waypoints"":(-9850.8452, -6568.0365), ""unsafe_region"":[[40.0, 20.0], [80.0, 20.0], [80.0, 60.0], [40.0, 60.0]], }"
1507.6999999997242,"{""waypoints"":(-9850.8452, -6568.0365), ""unsafe_region"":[[40.0, 20.0], [80.0, 20.0], [80.0, 60.0], [40.0, 60.0]], }"
1507.6999999997242,"{""waypoints"":(-9850.8452, -6568.0365), ""unsafe_region"":[[40.0, 20.0], [80.0, 20.0], [80.0, 60.0], [40.0, 60.0]], }"
1507.6999999997242,"{""waypoints"":(-9850.8452, -6568.0365), ""unsafe_region"":[[40.0, 20.0], [80.0, 20.0], [80.0, 60.0], [40.0, 60.0]], }"
1507.6999999997242,"{""waypoints"":(-9850.8452, -6568.0365), ""unsafe_region"":[[40.0, 20.0], [80.0, 20.0], [80.0, 60.0], [40.0, 60.0]], }"
1507.6999999997242,"{""waypoints"":(-9850.8452, -6568.0365), ""unsafe_region"":[[40.0, 20.0], [80.0, 20.0], [80.0, 60.0], [40.0, 60.0]], }"
1507.6999999997242,"{""waypoints"":(-9850.8452, -6568.0365), ""unsafe_region"":[[40.0, 20.0], [80.0, 20.0], [80.0, 60.0], [40.0, 60.0]], }"
1507.6999999997242,"{""waypoints"":(-9850.8452, -6568.0365), ""unsafe_region"":[[40.0, 20.0], [80.0, 20.0], [80.0, 60.0], [40.0, 60.0]], }"
1507.6999999997242,"{""waypoints"":(-9850.8452, -6568.0365), ""unsafe_region"":[[40.0, 20.0], [80.0, 20.0], [80.0, 60.0], [40.0, 60.0]], }"
1507.6999999997242,"{""waypoints"":(-9850.8452, -6568.0365), ""unsafe_region"":[[40.0, 20.0], [80.0, 20.0], [80.0, 60.0], [40.0, 60.0]], }"
1507.6999999997242,"{""waypoints"":(-9850.8452, -6568.0365), ""unsafe_region"":[[40.0, 20.0], [80.0, 20.0], [80.0, 60.0], [40.0, 60.0]], }"
1507.6999999997242,"{""waypoints"":(-9850.8452, -6568.0365), ""unsafe_region"":[[40.0, 20.0], [80.0, 20.0], [80.0, 60.0], [40.0, 60.0]], }"
1507.6999999997242,"{""waypoints"":(-9850.8452, -6568.0365), ""unsafe_region"":[[40.0, 20.0], [80.0, 20.0], [80.0, 60.0], [40.0, 60.0]], }"
1507.6999999997242,"{""waypoints"":(-9850.8452, -6568.0365), ""unsafe_region"":[[40.0, 20.0], [80.0, 20.0], [80.0, 60.0], [40.0, 60.0]], }"
1507.6999999997242,"{""waypoints"":(-9850.8452, -6568.0365), ""unsafe_region"":[[40.0, 20.0], [80.0, 20.0], [80.0, 60.0], [40.0, 60.0]], }"
1507.6999999997242,"{""waypoints"":(-9850.8452, -6568.0365), ""unsafe_region"":[[40.0, 20.0], [80.0, 20.0], [80.0, 60.0], [40.0, 60.0]], }"
1507.6999999997242,"{""waypoints"":(-9850.8452, -6568.0365), ""unsafe_region"":[[40.0, 20.0], [80.0, 20.0], [80.0, 60.0], [40.0, 60.0]], }"
1507.6999999997242,"{""waypoints"":(-9850.8452, -6568.0365), ""unsafe_region"":[[40.0, 20.0], [80.0, 20.0], [80.0, 60.0], [40.0, 60.0]], }"
1507.6999999997242,"{""waypoints"":(-9850.8452, -6568.0365), ""unsafe_region"":[[40.0, 20.0], [80.0, 20.0], [80.0, 60.0], [40.0, 60.0]], }"
1507.6999999997242,"{""waypoints"":(-9850.8452, -6568.0365), ""unsafe_region"":[[40.0, 20.0], [80.0, 20.0], [80.0, 60.0], [40.0, 60.0]], }"
1507.6999999997242,"{""waypoints"":(-9850.8452, -6568.0365), ""unsafe_region"":[[40.0, 20.0], [80.0, 20.0], [80.0, 60.0], [40.0, 60.0]], }"
1507.6999999997242,"{""waypoints"":(-9850.8452, -6568.0365), ""unsafe_region"":[[40.0, 20.0], [80.0, 20.0], [80.0, 60.0], [40.0, 60.0]], }"
1507.6999999997242,"{""waypoints"":(-9850.8452, -6568.0365), ""unsafe_region"":[[40.0, 20.0], [80.0, 20.0], [80.0, 60.0], [40.0, 60.0]], }"
1507.6999999997242,"{""waypoints"":(-9850.8452, -6568.0365), ""unsafe_region"":[[40.0, 20.0], [80.0, 20.0], [80.0, 60.0], [40.0, 60.0]], }"
1507.6999999997242,"{""waypoints"":(-9850.8452, -6568.0365), ""unsafe_region"":[[40.0, 20.0], [80.0, 20.0], [80.0, 60.0], [40.0, 60.0]], }"
1507.6999999997242,"{""waypoints"":(-9850.8452, -6568.0365), ""unsafe_region"":[[40.0, 20.0], [80.0, 20.0], [80.0, 60.0], [40.0, 60.0]], }"
1507.6999999997242,"{""waypoints"":(-9850.8452, -6568.0365), ""unsafe_region"":[[40.0, 20.0], [80.0, 20.0], [80.0, 60.0], [40.0, 60.0]], }"
1507.6999999997242,"{""waypoints"":(-9850.8452, -6568.0365), ""unsafe_region"":[[40.0, 20.0], [80.0, 20.0], [80.0, 60.0], [40.0, 60.0]], }"
1507.6999999997242,"{""waypoints"":(-9850.8452, -6568.0365), ""unsafe_region"":[[40.0, 20.0], [80.0, 20.0], [80.0, 60.0], [40.0, 60.0]], }"
1507.6999999997242,"{""waypoints"":(-9850.8452, -6568.0365), ""unsafe_region"":[[40.0, 20.0], [80.0, 20.0], [80.0, 60.0], [40.0, 60.0]], }"
1507.6999999997242,"{""waypoints"":(-9850.8452, -6568.0365), ""unsafe_region"":[[40.0, 20.0], [80.0, 20.0], [80.0, 60.0], [40.0, 60.0]], }"
1507.6999999997242,"{""waypoints"":(-9850.8452, -6568.0365), ""unsafe_region"":[[40.0, 20.0], [80.0, 20.0], [80.0, 60.0], [40.0, 60.0]], }"
1507.6999999997242,"{""waypoints"":(-9850.8452, -6568.0365), ""unsafe_region"":[[40.0, 20.0], [80.0, 20.0], [80.0, 60.0], [40.0, 60.0]], }"
1507.6999999997242,"{""waypoints"":(-9850.8452, -6568.0365), ""unsafe_region"":[[40.0, 20.0], [80.0, 20.0], [80.0, 60.0], [40.0, 60.0]], }"
1507.6999999997242,"{""waypoints"":(-9850.8452, -6568.0365), ""unsafe_region"":[[40.0, 20.0], [80.0, 20.0], [80.0, 60.0], [40.0, 60.0]], }"
1507.6999999997242,"{""waypoints"":(-9850.8452, -6568.0365), ""unsafe_region"":[[40.0, 20.0], [80.0, 20.0], [80.0, 60.0], [40.0, 60.0]], }"
1507.6999999997242,"{""waypoints"":(-9850.8452, -6568.0365), ""unsafe_region"":[[40.0, 20.0], [80.0, 20.0], [80.0, 60.0], [40.0, 60.0]], }"
1507.6999999997242,"{""waypoints"":(-9850.8452, -6568.0365), ""unsafe_region"":[[40.0, 20.0], [80.0, 20.0], [80.0, 60.0], [40.0, 60.0]], }"
1507.6999999997242,"{""waypoints"":(-9850.8452, -6568.0365), ""unsafe_region"":[[40.0, 20.0], [80.0, 20.0], [80.0, 60.0], [40.0, 60.0]], }"
1507.6999999997242,"{""waypoints"":(-9850.8452, -6568.0365), ""unsafe_region"":[[40.0, 20.0], [80.0, 20.0], [80.0, 60.0], [40.0, 60.0]], }"
1507.6999999997242,"{""waypoints"":(-9850.8452, -6568.0365), ""unsafe_region"":[[40.0, 20.0], [80.0, 20.0], [80.0, 60.0], [40.0, 60.0]], }"
1507.6999999997242,"{""waypoints"":(-9850.8452, -6568.0365), ""unsafe_region"":[[40.0, 20.0], [80.0, 20.0], [80.0, 60.0], [40.0, 60.0]], }"
1507.6999999997242,"{""waypoints"":(-9850.8452, -6568.0365), ""unsafe_region"":[[40.0, 20.0], [80.0, 20.0], [80.0, 60.0], [40.0, 60.0]], }"
1507.6999999997242,"{""waypoints"":(-9850.8452, -6568.0365), ""unsafe_region"":[[40.0, 20.0], [80.0, 20.0], [80.0, 60.0], [40.0, 60.0]], }"
1507.6999999997242,"{""waypoints"":(-9850.8452, -6568.0365), ""unsafe_region"":[[40.0, 20.0], [80.0, 20.0], [80.0, 60.0], [40.0, 60.0]], }"
1507.6999999997242,"{""waypoints"":(-9850.8452, -6568.0365), ""unsafe_region"":[[40.0, 20.0], [80.0, 20.0], [80.0, 60.0], [40.0, 60.0]], }"
1507.6999999997242,"{""waypoints"":(-9850.8452, -6568.0365), ""unsafe_region"":[[40.0, 20.0], [80.0, 20.0], [80.0, 60.0], [40.0, 60.0]], }"
1507.6999999997242,"{""waypoints"":(-9850.8452, -6568.0365), ""unsafe_region"":[[40.0, 20.0], [80.0, 20.0], [80.0, 60.0], [40.0, 60.0]], }"
1507.6999999997242,"{""waypoints"":(-9850.8452, -6568.0365), ""unsafe_region"":[[40.0, 20.0], [80.0, 20.0], [80.0, 60.0], [40.0, 60.0]], }"
1507.6999999997242,"{""waypoints"":(-9850.8452, -6568.0365), ""unsafe_region"":[[40.0, 20.0], [80.0, 20.0], [80.0, 60.0], [40.0, 60.0]], }"
1507.6999999997242,"{""waypoints"":(-9850.8452, -6568.0365), ""unsafe_region"":[[40.0, 20.0], [80.0, 20.0], [80.0, 60.0], [40.0, 60.0]], }"
1507.6999999997242,"{""waypoints"":(-9850.8452, -6568.0365), ""unsafe_region"":[[40.0, 20.0], [80.0, 20.0], [80.0, 60.0], [40.0, 60.0]], }"
1507.6999999997242,"{""waypoints"":(-9850.8452, -6568.0365), ""unsafe_region"":[[40.0, 20.0], [80.0, 20.0], [80.0, 60.0], [40.0, 60.0]], }"
1507.6999999997242,"{""waypoints"":(-9850.8452, -6568.0365), ""unsafe_region"":[[40.0, 20.0], [80.0, 20.0], [80.0, 60.0], [40.0, 60.0]], }"
1507.6999999997242,"{""waypoints"":(-9850.8452, -6568.0365), ""unsafe_region"":[[40.0, 20.0], [80.0, 20.0], [80.0, 60.0], [40.0, 60.0]], }"
1507.6999999997242,"{""waypoints"":(-9850.8452, -6568.0365), ""unsafe_region"":[[40.0, 20.0], [80.0, 20.0], [80.0, 60.0], [40.0, 60.0]], }"
1507.6999999997242,"{""waypoints"":(-9850.8452, -6568.0365), ""unsafe_region"":[[40.0, 20.0], [80.0, 20.0], [80.0, 60.0], [40.0, 60.0]], }"
1530.2999999997037,"{""waypoints"":(-9850.8452, -6568.0365), ""unsafe_region"":[[40.0, 20.0], [80.0, 20.0], [80.0, 60.0], [40.0, 60.0]], }"
1530.3999999997036,"{""waypoints"":(-9850.8452, -6568.0365), ""unsafe_region"":[[40.0, 20.0], [80.0, 20.0], [80.0, 60.0], [40.0, 60.0]], }"
1530.3999999997036,"{""waypoints"":(-9850.8452, -6568.0365), ""unsafe_region"":[[40.0, 20.0], [80.0, 20.0], [80.0, 60.0], [40.0, 60.0]], }"
1530.3999999997036,"{""waypoints"":(-9850.8452, -6568.0365), ""unsafe_region"":[[40.0, 20.0], [80.0, 20.0], [80.0, 60.0], [40.0, 60.0]], }"
1530.3999999997036,"{""waypoints"":(-9850.8452, -6568.0365), ""unsafe_region"":[[40.0, 20.0], [80.0, 20.0], [80.0, 60.0], [40.0, 60.0]], }"
1530.3999999997036,"{""waypoints"":(-9850.8452, -6568.0365), ""unsafe_region"":[[40.0, 20.0], [80.0, 20.0], [80.0, 60.0], [40.0, 60.0]], }"
1530.3999999997036,"{""waypoints"":(-9850.8452, -6568.0365), ""unsafe_region"":[[40.0, 20.0], [80.0, 20.0], [80.0, 60.0], [40.0, 60.0]], }"
1530.3999999997036,"{""waypoints"":(-9850.8452, -6568.0365), ""unsafe_region"":[[40.0, 20.0], [80.0, 20.0], [80.0, 60.0], [40.0, 60.0]], }"
1530.3999999997036,"{""waypoints"":(-9850.8452, -6568.0365), ""unsafe_region"":[[40.0, 20.0], [80.0, 20.0], [80.0, 60.0], [40.0, 60.0]], }"
1530.3999999997036,"{""waypoints"":(-9850.8452, -6568.0365), ""unsafe_region"":[[40.0, 20.0], [80.0, 20.0], [80.0, 60.0], [40.0, 60.0]], }"
1530.3999999997036,"{""waypoints"":(-9850.8452, -6568.0365), ""unsafe_region"":[[40.0, 20.0], [80.0, 20.0], [80.0, 60.0], [40.0, 60.0]], }"
1530.3999999997036,"{""waypoints"":(-9850.8452, -6568.0365), ""unsafe_region"":[[40.0, 20.0], [80.0, 20.0], [80.0, 60.0], [40.0, 60.0]], }"
1530.3999999997036,"{""waypoints"":(-9850.8452, -6568.0365), ""unsafe_region"":[[40.0, 20.0], [80.0, 20.0], [80.0, 60.0], [40.0, 60.0]], }"
1530.3999999997036,"{""waypoints"":(-9850.8452, -6568.0365), ""unsafe_region"":[[40.0, 20.0], [80.0, 20.0], [80.0, 60.0], [40.0, 60.0]], }"
1530.3999999997036,"{""waypoints"":(-9850.8452, -6568.0365), ""unsafe_region"":[[40.0, 20.0], [80.0, 20.0], [80.0, 60.0], [40.0, 60.0]], }"
1530.3999999997036,"{""waypoints"":(-9850.8452, -6568.0365), ""unsafe_region"":[[40.0, 20.0], [80.0, 20.0], [80.0, 60.0], [40.0, 60.0]], }"
1530.3999999997036,"{""waypoints"":(-9850.8452, -6568.0365), ""unsafe_region"":[[40.0, 20.0], [80.0, 20.0], [80.0, 60.0], [40.0, 60.0]], }"
1530.3999999997036,"{""waypoints"":(-9850.8452, -6568.0365), ""unsafe_region"":[[40.0, 20.0], [80.0, 20.0], [80.0, 60.0], [40.0, 60.0]], }"
1530.3999999997036,"{""waypoints"":(-9850.8452, -6568.0365), ""unsafe_region"":[[40.0, 20.0], [80.0, 20.0], [80.0, 60.0], [40.0, 60.0]], }"
1530.3999999997036,"{""waypoints"":(-9850.8452, -6568.0365), ""unsafe_region"":[[40.0, 20.0], [80.0, 20.0], [80.0, 60.0], [40.0, 60.0]], }"
1530.3999999997036,"{""waypoints"":(-9850.8452, -6568.0365), ""unsafe_region"":[[40.0, 20.0], [80.0, 20.0], [80.0, 60.0], [40.0, 60.0]], }"
1530.3999999997036,"{""waypoints"":(-9850.8452, -6568.0365), ""unsafe_region"":[[40.0, 20.0], [80.0, 20.0], [80.0, 60.0], [40.0, 60.0]], }"
1530.3999999997036,"{""waypoints"":(-9850.8452, -6568.0365), ""unsafe_region"":[[40.0, 20.0], [80.0, 20.0], [80.0, 60.0], [40.0, 60.0]], }"
1575.8999999996622,"{""waypoints"":(-9850.8452, -6568.0365), ""unsafe_region"":[[40.0, 20.0], [80.0, 20.0], [80.0, 60.0], [40.0, 60.0]], }"
1575.8999999996622,"{""waypoints"":(-9850.8452, -6568.0365), ""unsafe_region"":[[40.0, 20.0], [80.0, 20.0], [80.0, 60.0], [40.0, 60.0]], }"
1575.8999999996622,"{""waypoints"":(-9850.8452, -6568.0365), ""unsafe_region"":[[40.0, 20.0], [80.0, 20.0], [80.0, 60.0], [40.0, 60.0]], }"
1575.8999999996622,"{""waypoints"":(-9850.8452, -6568.0365), ""unsafe_region"":[[40.0, 20.0], [80.0, 20.0], [80.0, 60.0], [40.0, 60.0]], }"
1575.8999999996622,"{""waypoints"":(-9850.8452, -6568.0365), ""unsafe_region"":[[40.0, 20.0], [80.0, 20.0], [80.0, 60.0], [40.0, 60.0]], }"
1575.8999999996622,"{""waypoints"":(-9850.8452, -6568.0365), ""unsafe_region"":[[40.0, 20.0], [80.0, 20.0], [80.0, 60.0], [40.0, 60.0]], }"
1575.8999999996622,"{""waypoints"":(-9850.8452, -6568.0365), ""unsafe_region"":[[40.0, 20.0], [80.0, 20.0], [80.0, 60.0], [40.0, 60.0]], }"
1575.8999999996622,"{""waypoints"":(-9850.8452, -6568.0365), ""unsafe_region"":[[40.0, 20.0], [80.0, 20.0], [80.0, 60.0], [40.0, 60.0]], }"
1575.8999999996622,"{""waypoints"":(-9850.8452, -6568.0365), ""unsafe_region"":[[40.0, 20.0], [80.0, 20.0], [80.0, 60.0], [40.0, 60.0]], }"
1575.8999999996622,"{""waypoints"":(-9850.8452, -6568.0365), ""unsafe_region"":[[40.0, 20.0], [80.0, 20.0], [80.0, 60.0], [40.0, 60.0]], }"
1575.8999999996622,"{""waypoints"":(-9850.8452, -6568.0365), ""unsafe_region"":[[40.0, 20.0], [80.0, 20.0], [80.0, 60.0], [40.0, 60.0]], }"
1575.8999999996622,"{""waypoints"":(-9850.8452, -6568.0365), ""unsafe_region"":[[40.0, 20.0], [80.0, 20.0], [80.0, 60.0], [40.0, 60.0]], }"
1575.8999999996622,"{""waypoints"":(-9850.8452, -6568.0365), ""unsafe_region"":[[40.0, 20.0], [80.0, 20.0], [80.0, 60.0], [40.0, 60.0]], }"
1575.8999999996622,"{""waypoints"":(-9850.8452, -6568.0365), ""unsafe_region"":[[40.0, 20.0], [80.0, 20.0], [80.0, 60.0], [40.0, 60.0]], }"
1575.8999999996622,"{""waypoints"":(-9850.8452, -6568.0365), ""unsafe_region"":[[40.0, 20.0], [80.0, 20.0], [80.0, 60.0], [40.0, 60.0]], }"
1575.8999999996622,"{""waypoints"":(-9850.8452, -6568.0365), ""unsafe_region"":[[40.0, 20.0], [80.0, 20.0], [80.0, 60.0], [40.0, 60.0]], }"
1575.8999999996622,"{""waypoints"":(-9850.8452, -6568.0365), ""unsafe_region"":[[40.0, 20.0], [80.0, 20.0], [80.0, 60.0], [40.0, 60.0]], }"
1575.8999999996622,"{""waypoints"":(-9850.8452, -6568.0365), ""unsafe_region"":[[40.0, 20.0], [80.0, 20.0], [80.0, 60.0], [40.0, 60.0]], }"
1575.8999999996622,"{""waypoints"":(-9850.8452, -6568.0365), ""unsafe_region"":[[40.0, 20.0], [80.0, 20.0], [80.0, 60.0], [40.0, 60.0]], }"
1575.8999999996622,"{""waypoints"":(-9850.8452, -6568.0365), ""unsafe_region"":[[40.0, 20.0], [80.0, 20.0], [80.0, 60.0], [40.0, 60.0]], }"
1575.8999999996622,"{""waypoints"":(-9850.8452, -6568.0365), ""unsafe_region"":[[40.0, 20.0], [80.0, 20.0], [80.0, 60.0], [40.0, 60.0]], }"
1575.8999999996622,"{""waypoints"":(-9850.8452, -6568.0365), ""unsafe_region"":[[40.0, 20.0], [80.0, 20.0], [80.0, 60.0], [40.0, 60.0]], }"
1575.8999999996622,"{""waypoints"":(-9850.8452, -6568.0365), ""unsafe_region"":[[40.0, 20.0], [80.0, 20.0], [80.0, 60.0], [40.0, 60.0]], }"
1575.8999999996622,"{""waypoints"":(-9850.8452, -6568.0365), ""unsafe_region"":[[40.0, 20.0], [80.0, 20.0], [80.0, 60.0], [40.0, 60.0]], }"
1575.8999999996622,"{""waypoints"":(-9850.8452, -6568.0365), ""unsafe_region"":[[40.0, 20.0], [80.0, 20.0], [80.0, 60.0], [40.0, 60.0]], }"
1575.8999999996622,"{""waypoints"":(-9850.8452, -6568.0365), ""unsafe_region"":[[40.0, 20.0], [80.0, 20.0], [80.0, 60.0], [40.0, 60.0]], }"
1575.8999999996622,"{""waypoints"":(-9850.8452, -6568.0365), ""unsafe_region"":[[40.0, 20.0], [80.0, 20.0], [80.0, 60.0], [40.0, 60.0]], }"
1575.8999999996622,"{""waypoints"":(-9850.8452, -6568.0365), ""unsafe_region"":[[40.0, 20.0], [80.0, 20.0], [80.0, 60.0], [40.0, 60.0]], }"
1575.8999999996622,"{""waypoints"":(-9850.8452, -6568.0365), ""unsafe_region"":[[40.0, 20.0], [80.0, 20.0], [80.0, 60.0], [40.0, 60.0]], }"
1575.8999999996622,"{""waypoints"":(-9850.8452, -6568.0365), ""unsafe_region"":[[40.0, 20.0], [80.0, 20.0], [80.0, 60.0], [40.0, 60.0]], }"
1575.8999999996622,"{""waypoints"":(-9850.8452, -6568.0365), ""unsafe_region"":[[40.0, 20.0], [80.0, 20.0], [80.0, 60.0], [40.0, 60.0]], }"
1575.8999999996622,"{""waypoints"":(-9850.8452, -6568.0365), ""unsafe_region"":[[40.0, 20.0], [80.0, 20.0], [80.0, 60.0], [40.0, 60.0]], }"
1575.8999999996622,"{""waypoints"":(-9850.8452, -6568.0365), ""unsafe_region"":[[40.0, 20.0], [80.0, 20.0], [80.0, 60.0], [40.0, 60.0]], }"
1575.8999999996622,"{""waypoints"":(-9850.8452, -6568.0365), ""unsafe_region"":[[40.0, 20.0], [80.0, 20.0], [80.0, 60.0], [40.0, 60.0]], }"
1575.8999999996622,"{""waypoints"":(-9850.8452, -6568.0365), ""unsafe_region"":[[40.0, 20.0], [80.0, 20.0], [80.0, 60.0], [40.0, 60.0]], }"
1575.8999999996622,"{""waypoints"":(-9850.8452, -6568.0365), ""unsafe_region"":[[40.0, 20.0], [80.0, 20.0], [80.0, 60.0], [40.0, 60.0]], }"
1575.8999999996622,"{""waypoints"":(-9850.8452, -6568.0365), ""unsafe_region"":[[40.0, 20.0], [80.0, 20.0], [80.0, 60.0], [40.0, 60.0]], }"
1575.8999999996622,"{""waypoints"":(-9850.8452, -6568.0365), ""unsafe_region"":[[40.0, 20.0], [80.0, 20.0], [80.0, 60.0], [40.0, 60.0]], }"
1575.8999999996622,"{""waypoints"":(-9850.8452, -6568.0365), ""unsafe_region"":[[40.0, 20.0], [80.0, 20.0], [80.0, 60.0], [40.0, 60.0]], }"
1575.8999999996622,"{""waypoints"":(-9850.8452, -6568.0365), ""unsafe_region"":[[40.0, 20.0], [80.0, 20.0], [80.0, 60.0], [40.0, 60.0]], }"
1575.8999999996622,"{""waypoints"":(-9850.8452, -6568.0365), ""unsafe_region"":[[40.0, 20.0], [80.0, 20.0], [80.0, 60.0], [40.0, 60.0]], }"
1575.8999999996622,"{""waypoints"":(-9850.8452, -6568.0365), ""unsafe_region"":[[40.0, 20.0], [80.0, 20.0], [80.0, 60.0], [40.0, 60.0]], }"
1575.8999999996622,"{""waypoints"":(-9850.8452, -6568.0365), ""unsafe_region"":[[40.0, 20.0], [80.0, 20.0], [80.0, 60.0], [40.0, 60.0]], }"
1575.8999999996622,"{""waypoints"":(-9850.8452, -6568.0365), ""unsafe_region"":[[40.0, 20.0], [80.0, 20.0], [80.0, 60.0], [40.0, 60.0]], }"
1575.8999999996622,"{""waypoints"":(-9850.8452, -6568.0365), ""unsafe_region"":[[40.0, 20.0], [80.0, 20.0], [80.0, 60.0], [40.0, 60.0]], }"
1583.5999999996552,"{""waypoints"":(-9850.8452, -6568.0365), ""unsafe_region"":[[40.0, 20.0], [80.0, 20.0], [80.0, 60.0], [40.0, 60.0]], }"
1583.6999999996551,"{""waypoints"":(-9850.8452, -6568.0365), ""unsafe_region"":[[40.0, 20.0], [80.0, 20.0], [80.0, 60.0], [40.0, 60.0]], }"
1583.6999999996551,"{""waypoints"":(-9850.8452, -6568.0365), ""unsafe_region"":[[40.0, 20.0], [80.0, 20.0], [80.0, 60.0], [40.0, 60.0]], }"
1583.6999999996551,"{""waypoints"":(-9850.8452, -6568.0365), ""unsafe_region"":[[40.0, 20.0], [80.0, 20.0], [80.0, 60.0], [40.0, 60.0]], }"
1583.6999999996551,"{""waypoints"":(-9850.8452, -6568.0365), ""unsafe_region"":[[40.0, 20.0], [80.0, 20.0], [80.0, 60.0], [40.0, 60.0]], }"
1583.6999999996551,"{""waypoints"":(-9850.8452, -6568.0365), ""unsafe_region"":[[40.0, 20.0], [80.0, 20.0], [80.0, 60.0], [40.0, 60.0]], }"
1583.6999999996551,"{""waypoints"":(-9850.8452, -6568.0365), ""unsafe_region"":[[40.0, 20.0], [80.0, 20.0], [80.0, 60.0], [40.0, 60.0]], }"
1583.6999999996551,"{""waypoints"":(-9850.8452, -6568.0365), ""unsafe_region"":[[40.0, 20.0], [80.0, 20.0], [80.0, 60.0], [40.0, 60.0]], }"
1605.699999999635,"{""waypoints"":(-9850.8452, -6568.0365), ""unsafe_region"":[[40.0, 20.0], [80.0, 20.0], [80.0, 60.0], [40.0, 60.0]], }"
1605.799999999635,"{""waypoints"":(-9850.8452, -6568.0365), ""unsafe_region"":[[40.0, 20.0], [80.0, 20.0], [80.0, 60.0], [40.0, 60.0]], }"
1605.799999999635,"{""waypoints"":(-9850.8452, -6568.0365), ""unsafe_region"":[[40.0, 20.0], [80.0, 20.0], [80.0, 60.0], [40.0, 60.0]], }"
1605.799999999635,"{""waypoints"":(-9850.8452, -6568.0365), ""unsafe_region"":[[40.0, 20.0], [80.0, 20.0], [80.0, 60.0], [40.0, 60.0]], }"
1605.799999999635,"{""waypoints"":(-9850.8452, -6568.0365), ""unsafe_region"":[[40.0, 20.0], [80.0, 20.0], [80.0, 60.0], [40.0, 60.0]], }"
1605.799999999635,"{""waypoints"":(-9850.8452, -6568.0365), ""unsafe_region"":[[40.0, 20.0], [80.0, 20.0], [80.0, 60.0], [40.0, 60.0]], }"
1605.799999999635,"{""waypoints"":(-9850.8452, -6568.0365), ""unsafe_region"":[[40.0, 20.0], [80.0, 20.0], [80.0, 60.0], [40.0, 60.0]], }"
1605.799999999635,"{""waypoints"":(-9850.8452, -6568.0365), ""unsafe_region"":[[40.0, 20.0], [80.0, 20.0], [80.0, 60.0], [40.0, 60.0]], }"
1605.799999999635,"{""waypoints"":(-9850.8452, -6568.0365), ""unsafe_region"":[[40.0, 20.0], [80.0, 20.0], [80.0, 60.0], [40.0, 60.0]], }"
1605.799999999635,"{""waypoints"":(-9850.8452, -6568.0365), ""unsafe_region"":[[40.0, 20.0], [80.0, 20.0], [80.0, 60.0], [40.0, 60.0]], }"
1605.799999999635,"{""waypoints"":(-9850.8452, -6568.0365), ""unsafe_region"":[[40.0, 20.0], [80.0, 20.0], [80.0, 60.0], [40.0, 60.0]], }"
1605.799999999635,"{""waypoints"":(-9850.8452, -6568.0365), ""unsafe_region"":[[40.0, 20.0], [80.0, 20.0], [80.0, 60.0], [40.0, 60.0]], }"
1605.799999999635,"{""waypoints"":(-9850.8452, -6568.0365), ""unsafe_region"":[[40.0, 20.0], [80.0, 20.0], [80.0, 60.0], [40.0, 60.0]], }"
1605.799999999635,"{""waypoints"":(-9850.8452, -6568.0365), ""unsafe_region"":[[40.0, 20.0], [80.0, 20.0], [80.0, 60.0], [40.0, 60.0]], }"
1605.799999999635,"{""waypoints"":(-9850.8452, -6568.0365), ""unsafe_region"":[[40.0, 20.0], [80.0, 20.0], [80.0, 60.0], [40.0, 60.0]], }"
1605.799999999635,"{""waypoints"":(-9850.8452, -6568.0365), ""unsafe_region"":[[40.0, 20.0], [80.0, 20.0], [80.0, 60.0], [40.0, 60.0]], }"
1605.799999999635,"{""waypoints"":(-9850.8452, -6568.0365), ""unsafe_region"":[[40.0, 20.0], [80.0, 20.0], [80.0, 60.0], [40.0, 60.0]], }"
1605.799999999635,"{""waypoints"":(-9850.8452, -6568.0365), ""unsafe_region"":[[40.0, 20.0], [80.0, 20.0], [80.0, 60.0], [40.0, 60.0]], }"
1605.799999999635,"{""waypoints"":(-9850.8452, -6568.0365), ""unsafe_region"":[[40.0, 20.0], [80.0, 20.0], [80.0, 60.0], [40.0, 60.0]], }"
1605.799999999635,"{""waypoints"":(-9850.8452, -6568.0365), ""unsafe_region"":[[40.0, 20.0], [80.0, 20.0], [80.0, 60.0], [40.0, 60.0]], }"
1605.799999999635,"{""waypoints"":(-9850.8452, -6568.0365), ""unsafe_region"":[[40.0, 20.0], [80.0, 20.0], [80.0, 60.0], [40.0, 60.0]], }"
1605.799999999635,"{""waypoints"":(-9850.8452, -6568.0365), ""unsafe_region"":[[40.0, 20.0], [80.0, 20.0], [80.0, 60.0], [40.0, 60.0]], }"
1621.199999999621,"{""waypoints"":(-9850.8452, -6568.0365), ""unsafe_region"":[[40.0, 20.0], [80.0, 20.0], [80.0, 60.0], [40.0, 60.0]], }"
1621.299999999621,"{""waypoints"":(-9850.8452, -6568.0365), ""unsafe_region"":[[40.0, 20.0], [80.0, 20.0], [80.0, 60.0], [40.0, 60.0]], }"
1621.299999999621,"{""waypoints"":(-9850.8452, -6568.0365), ""unsafe_region"":[[40.0, 20.0], [80.0, 20.0], [80.0, 60.0], [40.0, 60.0]], }"
1621.299999999621,"{""waypoints"":(-9850.8452, -6568.0365), ""unsafe_region"":[[40.0, 20.0], [80.0, 20.0], [80.0, 60.0], [40.0, 60.0]], }"
1621.299999999621,"{""waypoints"":(-9850.8452, -6568.0365), ""unsafe_region"":[[40.0, 20.0], [80.0, 20.0], [80.0, 60.0], [40.0, 60.0]], }"
1621.299999999621,"{""waypoints"":(-9850.8452, -6568.0365), ""unsafe_region"":[[40.0, 20.0], [80.0, 20.0], [80.0, 60.0], [40.0, 60.0]], }"
1621.299999999621,"{""waypoints"":(-9850.8452, -6568.0365), ""unsafe_region"":[[40.0, 20.0], [80.0, 20.0], [80.0, 60.0], [40.0, 60.0]], }"
1621.299999999621,"{""waypoints"":(-9850.8452, -6568.0365), ""unsafe_region"":[[40.0, 20.0], [80.0, 20.0], [80.0, 60.0], [40.0, 60.0]], }"
1621.299999999621,"{""waypoints"":(-9850.8452, -6568.0365), ""unsafe_region"":[[40.0, 20.0], [80.0, 20.0], [80.0, 60.0], [40.0, 60.0]], }"
1621.299999999621,"{""waypoints"":(-9850.8452, -6568.0365), ""unsafe_region"":[[40.0, 20.0], [80.0, 20.0], [80.0, 60.0], [40.0, 60.0]], }"
1621.299999999621,"{""waypoints"":(-9850.8452, -6568.0365), ""unsafe_region"":[[40.0, 20.0], [80.0, 20.0], [80.0, 60.0], [40.0, 60.0]], }"
1621.299999999621,"{""waypoints"":(-9850.8452, -6568.0365), ""unsafe_region"":[[40.0, 20.0], [80.0, 20.0], [80.0, 60.0], [40.0, 60.0]], }"
1621.299999999621,"{""waypoints"":(-9850.8452, -6568.0365), ""unsafe_region"":[[40.0, 20.0], [80.0, 20.0], [80.0, 60.0], [40.0, 60.0]], }"
1621.299999999621,"{""waypoints"":(-9850.8452, -6568.0365), ""unsafe_region"":[[40.0, 20.0], [80.0, 20.0], [80.0, 60.0], [40.0, 60.0]], }"
1621.299999999621,"{""waypoints"":(-9850.8452, -6568.0365), ""unsafe_region"":[[40.0, 20.0], [80.0, 20.0], [80.0, 60.0], [40.0, 60.0]], }"
1621.299999999621,"{""waypoints"":(-9850.8452, -6568.0365), ""unsafe_region"":[[40.0, 20.0], [80.0, 20.0], [80.0, 60.0], [40.0, 60.0]], }"
1676.7999999995704,"{""waypoints"":(-9850.8452, -6568.0365), ""unsafe_region"":[[40.0, 20.0], [80.0, 20.0], [80.0, 60.0], [40.0, 60.0]], }"
1676.8999999995704,"{""waypoints"":(-9850.8452, -6568.0365), ""unsafe_region"":[[40.0, 20.0], [80.0, 20.0], [80.0, 60.0], [40.0, 60.0]], }"
1676.8999999995704,"{""waypoints"":(-9850.8452, -6568.0365), ""unsafe_region"":[[40.0, 20.0], [80.0, 20.0], [80.0, 60.0], [40.0, 60.0]], }"
1676.8999999995704,"{""waypoints"":(-9850.8452, -6568.0365), ""unsafe_region"":[[40.0, 20.0], [80.0, 20.0], [80.0, 60.0], [40.0, 60.0]], }"
1676.8999999995704,"{""waypoints"":(-9850.8452, -6568.0365), ""unsafe_region"":[[40.0, 20.0], [80.0, 20.0], [80.0, 60.0], [40.0, 60.0]], }"
1676.8999999995704,"{""waypoints"":(-9850.8452, -6568.0365), ""unsafe_region"":[[40.0, 20.0], [80.0, 20.0], [80.0, 60.0], [40.0, 60.0]], }"
1676.8999999995704,"{""waypoints"":(-9850.8452, -6568.0365), ""unsafe_region"":[[40.0, 20.0], [80.0, 20.0], [80.0, 60.0], [40.0, 60.0]], }"
1676.8999999995704,"{""waypoints"":(-9850.8452, -6568.0365), ""unsafe_region"":[[40.0, 20.0], [80.0, 20.0], [80.0, 60.0], [40.0, 60.0]], }"
1676.8999999995704,"{""waypoints"":(-9850.8452, -6568.0365), ""unsafe_region"":[[40.0, 20.0], [80.0, 20.0], [80.0, 60.0], [40.0, 60.0]], }"
1676.8999999995704,"{""waypoints"":(-9850.8452, -6568.0365), ""unsafe_region"":[[40.0, 20.0], [80.0, 20.0], [80.0, 60.0], [40.0, 60.0]], }"
1676.8999999995704,"{""waypoints"":(-9850.8452, -6568.0365), ""unsafe_region"":[[40.0, 20.0], [80.0, 20.0], [80.0, 60.0], [40.0, 60.0]], }"
1676.8999999995704,"{""waypoints"":(-9850.8452, -6568.0365), ""unsafe_region"":[[40.0, 20.0], [80.0, 20.0], [80.0, 60.0], [40.0, 60.0]], }"
1676.8999999995704,"{""waypoints"":(-9850.8452, -6568.0365), ""unsafe_region"":[[40.0, 20.0], [80.0, 20.0], [80.0, 60.0], [40.0, 60.0]], }"
1676.8999999995704,"{""waypoints"":(-9850.8452, -6568.0365), ""unsafe_region"":[[40.0, 20.0], [80.0, 20.0], [80.0, 60.0], [40.0, 60.0]], }"
1676.8999999995704,"{""waypoints"":(-9850.8452, -6568.0365), ""unsafe_region"":[[40.0, 20.0], [80.0, 20.0], [80.0, 60.0], [40.0, 60.0]], }"
1676.8999999995704,"{""waypoints"":(-9850.8452, -6568.0365), ""unsafe_region"":[[40.0, 20.0], [80.0, 20.0], [80.0, 60.0], [40.0, 60.0]], }"
1676.8999999995704,"{""waypoints"":(-9850.8452, -6568.0365), ""unsafe_region"":[[40.0, 20.0], [80.0, 20.0], [80.0, 60.0], [40.0, 60.0]], }"
1676.8999999995704,"{""waypoints"":(-9850.8452, -6568.0365), ""unsafe_region"":[[40.0, 20.0], [80.0, 20.0], [80.0, 60.0], [40.0, 60.0]], }"
1676.8999999995704,"{""waypoints"":(-9850.8452, -6568.0365), ""unsafe_region"":[[40.0, 20.0], [80.0, 20.0], [80.0, 60.0], [40.0, 60.0]], }"
1676.8999999995704,"{""waypoints"":(-9850.8452, -6568.0365), ""unsafe_region"":[[40.0, 20.0], [80.0, 20.0], [80.0, 60.0], [40.0, 60.0]], }"
1676.8999999995704,"{""waypoints"":(-9850.8452, -6568.0365), ""unsafe_region"":[[40.0, 20.0], [80.0, 20.0], [80.0, 60.0], [40.0, 60.0]], }"
1676.8999999995704,"{""waypoints"":(-9850.8452, -6568.0365), ""unsafe_region"":[[40.0, 20.0], [80.0, 20.0], [80.0, 60.0], [40.0, 60.0]], }"
1676.8999999995704,"{""waypoints"":(-9850.8452, -6568.0365), ""unsafe_region"":[[40.0, 20.0], [80.0, 20.0], [80.0, 60.0], [40.0, 60.0]], }"
1676.8999999995704,"{""waypoints"":(-9850.8452, -6568.0365), ""unsafe_region"":[[40.0, 20.0], [80.0, 20.0], [80.0, 60.0], [40.0, 60.0]], }"
1676.8999999995704,"{""waypoints"":(-9850.8452, -6568.0365), ""unsafe_region"":[[40.0, 20.0], [80.0, 20.0], [80.0, 60.0], [40.0, 60.0]], }"
1676.8999999995704,"{""waypoints"":(-9850.8452, -6568.0365), ""unsafe_region"":[[40.0, 20.0], [80.0, 20.0], [80.0, 60.0], [40.0, 60.0]], }"
1676.8999999995704,"{""waypoints"":(-9850.8452, -6568.0365), ""unsafe_region"":[[40.0, 20.0], [80.0, 20.0], [80.0, 60.0], [40.0, 60.0]], }"
1676.8999999995704,"{""waypoints"":(-9850.8452, -6568.0365), ""unsafe_region"":[[40.0, 20.0], [80.0, 20.0], [80.0, 60.0], [40.0, 60.0]], }"
1676.8999999995704,"{""waypoints"":(-9850.8452, -6568.0365), ""unsafe_region"":[[40.0, 20.0], [80.0, 20.0], [80.0, 60.0], [40.0, 60.0]], }"
1676.8999999995704,"{""waypoints"":(-9850.8452, -6568.0365), ""unsafe_region"":[[40.0, 20.0], [80.0, 20.0], [80.0, 60.0], [40.0, 60.0]], }"
1676.8999999995704,"{""waypoints"":(-9850.8452, -6568.0365), ""unsafe_region"":[[40.0, 20.0], [80.0, 20.0], [80.0, 60.0], [40.0, 60.0]], }"
1676.8999999995704,"{""waypoints"":(-9850.8452, -6568.0365), ""unsafe_region"":[[40.0, 20.0], [80.0, 20.0], [80.0, 60.0], [40.0, 60.0]], }"
1676.8999999995704,"{""waypoints"":(-9850.8452, -6568.0365), ""unsafe_region"":[[40.0, 20.0], [80.0, 20.0], [80.0, 60.0], [40.0, 60.0]], }"
1676.8999999995704,"{""waypoints"":(-9850.8452, -6568.0365), ""unsafe_region"":[[40.0, 20.0], [80.0, 20.0], [80.0, 60.0], [40.0, 60.0]], }"
1676.8999999995704,"{""waypoints"":(-9850.8452, -6568.0365), ""unsafe_region"":[[40.0, 20.0], [80.0, 20.0], [80.0, 60.0], [40.0, 60.0]], }"
1676.8999999995704,"{""waypoints"":(-9850.8452, -6568.0365), ""unsafe_region"":[[40.0, 20.0], [80.0, 20.0], [80.0, 60.0], [40.0, 60.0]], }"
1676.8999999995704,"{""waypoints"":(-9850.8452, -6568.0365), ""unsafe_region"":[[40.0, 20.0], [80.0, 20.0], [80.0, 60.0], [40.0, 60.0]], }"
1676.8999999995704,"{""waypoints"":(-9850.8452, -6568.0365), ""unsafe_region"":[[40.0, 20.0], [80.0, 20.0], [80.0, 60.0], [40.0, 60.0]], }"
1676.8999999995704,"{""waypoints"":(-9850.8452, -6568.0365), ""unsafe_region"":[[40.0, 20.0], [80.0, 20.0], [80.0, 60.0], [40.0, 60.0]], }"
1676.8999999995704,"{""waypoints"":(-9850.8452, -6568.0365), ""unsafe_region"":[[40.0, 20.0], [80.0, 20.0], [80.0, 60.0], [40.0, 60.0]], }"
1676.8999999995704,"{""waypoints"":(-9850.8452, -6568.0365), ""unsafe_region"":[[40.0, 20.0], [80.0, 20.0], [80.0, 60.0], [40.0, 60.0]], }"
1676.8999999995704,"{""waypoints"":(-9850.8452, -6568.0365), ""unsafe_region"":[[40.0, 20.0], [80.0, 20.0], [80.0, 60.0], [40.0, 60.0]], }"
1676.8999999995704,"{""waypoints"":(-9850.8452, -6568.0365), ""unsafe_region"":[[40.0, 20.0], [80.0, 20.0], [80.0, 60.0], [40.0, 60.0]], }"
1676.8999999995704,"{""waypoints"":(-9850.8452, -6568.0365), ""unsafe_region"":[[40.0, 20.0], [80.0, 20.0], [80.0, 60.0], [40.0, 60.0]], }"
1676.8999999995704,"{""waypoints"":(-9850.8452, -6568.0365), ""unsafe_region"":[[40.0, 20.0], [80.0, 20.0], [80.0, 60.0], [40.0, 60.0]], }"
1676.8999999995704,"{""waypoints"":(-9850.8452, -6568.0365), ""unsafe_region"":[[40.0, 20.0], [80.0, 20.0], [80.0, 60.0], [40.0, 60.0]], }"
1676.8999999995704,"{""waypoints"":(-9850.8452, -6568.0365), ""unsafe_region"":[[40.0, 20.0], [80.0, 20.0], [80.0, 60.0], [40.0, 60.0]], }"
1676.8999999995704,"{""waypoints"":(-9850.8452, -6568.0365), ""unsafe_region"":[[40.0, 20.0], [80.0, 20.0], [80.0, 60.0], [40.0, 60.0]], }"
1676.8999999995704,"{""waypoints"":(-9850.8452, -6568.0365), ""unsafe_region"":[[40.0, 20.0], [80.0, 20.0], [80.0, 60.0], [40.0, 60.0]], }"
1676.8999999995704,"{""waypoints"":(-9850.8452, -6568.0365), ""unsafe_region"":[[40.0, 20.0], [80.0, 20.0], [80.0, 60.0], [40.0, 60.0]], }"
1676.8999999995704,"{""waypoints"":(-9850.8452, -6568.0365), ""unsafe_region"":[[40.0, 20.0], [80.0, 20.0], [80.0, 60.0], [40.0, 60.0]], }"
1676.8999999995704,"{""waypoints"":(-9850.8452, -6568.0365), ""unsafe_region"":[[40.0, 20.0], [80.0, 20.0], [80.0, 60.0], [40.0, 60.0]], }"
1676.8999999995704,"{""waypoints"":(-9850.8452, -6568.0365), ""unsafe_region"":[[40.0, 20.0], [80.0, 20.0], [80.0, 60.0], [40.0, 60.0]], }"
1676.8999999995704,"{""waypoints"":(-9850.8452, -6568.0365), ""unsafe_region"":[[40.0, 20.0], [80.0, 20.0], [80.0, 60.0], [40.0, 60.0]], }"
1676.8999999995704,"{""waypoints"":(-9850.8452, -6568.0365), ""unsafe_region"":[[40.0, 20.0], [80.0, 20.0], [80.0, 60.0], [40.0, 60.0]], }"
1684.7999999995632,"{""waypoints"":(-9850.8452, -6568.0365), ""unsafe_region"":[[40.0, 20.0], [80.0, 20.0], [80.0, 60.0], [40.0, 60.0]], }"
1684.899999999563,"{""waypoints"":(-9850.8452, -6568.0365), ""unsafe_region"":[[40.0, 20.0], [80.0, 20.0], [80.0, 60.0], [40.0, 60.0]], }"
1684.899999999563,"{""waypoints"":(-9850.8452, -6568.0365), ""unsafe_region"":[[40.0, 20.0], [80.0, 20.0], [80.0, 60.0], [40.0, 60.0]], }"
1684.899999999563,"{""waypoints"":(-9850.8452, -6568.0365), ""unsafe_region"":[[40.0, 20.0], [80.0, 20.0], [80.0, 60.0], [40.0, 60.0]], }"
1684.899999999563,"{""waypoints"":(-9850.8452, -6568.0365), ""unsafe_region"":[[40.0, 20.0], [80.0, 20.0], [80.0, 60.0], [40.0, 60.0]], }"
1684.899999999563,"{""waypoints"":(-9850.8452, -6568.0365), ""unsafe_region"":[[40.0, 20.0], [80.0, 20.0], [80.0, 60.0], [40.0, 60.0]], }"
1684.899999999563,"{""waypoints"":(-9850.8452, -6568.0365), ""unsafe_region"":[[40.0, 20.0], [80.0, 20.0], [80.0, 60.0], [40.0, 60.0]], }"
1684.899999999563,"{""waypoints"":(-9850.8452, -6568.0365), ""unsafe_region"":[[40.0, 20.0], [80.0, 20.0], [80.0, 60.0], [40.0, 60.0]], }"
1692.8999999995558,"{""waypoints"":(-9850.8452, -6568.0365), ""unsafe_region"":[[40.0, 20.0], [80.0, 20.0], [80.0, 60.0], [40.0, 60.0]], }"
1692.9999999995557,"{""waypoints"":(-9850.8452, -6568.0365), ""unsafe_region"":[[40.0, 20.0], [80.0, 20.0], [80.0, 60.0], [40.0, 60.0]], }"
1692.9999999995557,"{""waypoints"":(-9850.8452, -6568.0365), ""unsafe_region"":[[40.0, 20.0], [80.0, 20.0], [80.0, 60.0], [40.0, 60.0]], }"
1692.9999999995557,"{""waypoints"":(-9850.8452, -6568.0365), ""unsafe_region"":[[40.0, 20.0], [80.0, 20.0], [80.0, 60.0], [40.0, 60.0]], }"
1692.9999999995557,"{""waypoints"":(-9850.8452, -6568.0365), ""unsafe_region"":[[40.0, 20.0], [80.0, 20.0], [80.0, 60.0], [40.0, 60.0]], }"
1692.9999999995557,"{""waypoints"":(-9850.8452, -6568.0365), ""unsafe_region"":[[40.0, 20.0], [80.0, 20.0], [80.0, 60.0], [40.0, 60.0]], }"
1692.9999999995557,"{""waypoints"":(-9850.8452, -6568.0365), ""unsafe_region"":[[40.0, 20.0], [80.0, 20.0], [80.0, 60.0], [40.0, 60.0]], }"
1692.9999999995557,"{""waypoints"":(-9850.8452, -6568.0365), ""unsafe_region"":[[40.0, 20.0], [80.0, 20.0], [80.0, 60.0], [40.0, 60.0]], }"
1692.9999999995557,"{""waypoints"":(-9850.8452, -6568.0365), ""unsafe_region"":[[40.0, 20.0], [80.0, 20.0], [80.0, 60.0], [40.0, 60.0]], }"
1768.1999999994873,"{""waypoints"":(-9850.8452, -6568.0365), ""unsafe_region"":[[40.0, 20.0], [80.0, 20.0], [80.0, 60.0], [40.0, 60.0]], }"
1768.2999999994872,"{""waypoints"":(-9850.8452, -6568.0365), ""unsafe_region"":[[40.0, 20.0], [80.0, 20.0], [80.0, 60.0], [40.0, 60.0]], }"
1768.2999999994872,"{""waypoints"":(-9850.8452, -6568.0365), ""unsafe_region"":[[40.0, 20.0], [80.0, 20.0], [80.0, 60.0], [40.0, 60.0]], }"
1768.2999999994872,"{""waypoints"":(-9850.8452, -6568.0365), ""unsafe_region"":[[40.0, 20.0], [80.0, 20.0], [80.0, 60.0], [40.0, 60.0]], }"
1768.2999999994872,"{""waypoints"":(-9850.8452, -6568.0365), ""unsafe_region"":[[40.0, 20.0], [80.0, 20.0], [80.0, 60.0], [40.0, 60.0]], }"
1768.2999999994872,"{""waypoints"":(-9850.8452, -6568.0365), ""unsafe_region"":[[40.0, 20.0], [80.0, 20.0], [80.0, 60.0], [40.0, 60.0]], }"
1768.2999999994872,"{""waypoints"":(-9850.8452, -6568.0365), ""unsafe_region"":[[40.0, 20.0], [80.0, 20.0], [80.0, 60.0], [40.0, 60.0]], }"
1768.2999999994872,"{""waypoints"":(-9850.8452, -6568.0365), ""unsafe_region"":[[40.0, 20.0], [80.0, 20.0], [80.0, 60.0], [40.0, 60.0]], }"
1768.2999999994872,"{""waypoints"":(-9850.8452, -6568.0365), ""unsafe_region"":[[40.0, 20.0], [80.0, 20.0], [80.0, 60.0], [40.0, 60.0]], }"
1768.2999999994872,"{""waypoints"":(-9850.8452, -6568.0365), ""unsafe_region"":[[40.0, 20.0], [80.0, 20.0], [80.0, 60.0], [40.0, 60.0]], }"
1768.2999999994872,"{""waypoints"":(-9850.8452, -6568.0365), ""unsafe_region"":[[40.0, 20.0], [80.0, 20.0], [80.0, 60.0], [40.0, 60.0]], }"
1768.2999999994872,"{""waypoints"":(-9850.8452, -6568.0365), ""unsafe_region"":[[40.0, 20.0], [80.0, 20.0], [80.0, 60.0], [40.0, 60.0]], }"
1768.2999999994872,"{""waypoints"":(-9850.8452, -6568.0365), ""unsafe_region"":[[40.0, 20.0], [80.0, 20.0], [80.0, 60.0], [40.0, 60.0]], }"
1768.2999999994872,"{""waypoints"":(-9850.8452, -6568.0365), ""unsafe_region"":[[40.0, 20.0], [80.0, 20.0], [80.0, 60.0], [40.0, 60.0]], }"
1768.2999999994872,"{""waypoints"":(-9850.8452, -6568.0365), ""unsafe_region"":[[40.0, 20.0], [80.0, 20.0], [80.0, 60.0], [40.0, 60.0]], }"
1768.2999999994872,"{""waypoints"":(-9850.8452, -6568.0365), ""unsafe_region"":[[40.0, 20.0], [80.0, 20.0], [80.0, 60.0], [40.0, 60.0]], }"
1768.2999999994872,"{""waypoints"":(-9850.8452, -6568.0365), ""unsafe_region"":[[40.0, 20.0], [80.0, 20.0], [80.0, 60.0], [40.0, 60.0]], }"
1768.2999999994872,"{""waypoints"":(-9850.8452, -6568.0365), ""unsafe_region"":[[40.0, 20.0], [80.0, 20.0], [80.0, 60.0], [40.0, 60.0]], }"
1768.2999999994872,"{""waypoints"":(-9850.8452, -6568.0365), ""unsafe_region"":[[40.0, 20.0], [80.0, 20.0], [80.0, 60.0], [40.0, 60.0]], }"
1768.2999999994872,"{""waypoints"":(-9850.8452, -6568.0365), ""unsafe_region"":[[40.0, 20.0], [80.0, 20.0], [80.0, 60.0], [40.0, 60.0]], }"
1768.2999999994872,"{""waypoints"":(-9850.8452, -6568.0365), ""unsafe_region"":[[40.0, 20.0], [80.0, 20.0], [80.0, 60.0], [40.0, 60.0]], }"
1768.2999999994872,"{""waypoints"":(-9850.8452, -6568.0365), ""unsafe_region"":[[40.0, 20.0], [80.0, 20.0], [80.0, 60.0], [40.0, 60.0]], }"
1768.2999999994872,"{""waypoints"":(-9850.8452, -6568.0365), ""unsafe_region"":[[40.0, 20.0], [80.0, 20.0], [80.0, 60.0], [40.0, 60.0]], }"
1768.2999999994872,"{""waypoints"":(-9850.8452, -6568.0365), ""unsafe_region"":[[40.0, 20.0], [80.0, 20.0], [80.0, 60.0], [40.0, 60.0]], }"
1768.2999999994872,"{""waypoints"":(-9850.8452, -6568.0365), ""unsafe_region"":[[40.0, 20.0], [80.0, 20.0], [80.0, 60.0], [40.0, 60.0]], }"
1768.2999999994872,"{""waypoints"":(-9850.8452, -6568.0365), ""unsafe_region"":[[40.0, 20.0], [80.0, 20.0], [80.0, 60.0], [40.0, 60.0]], }"
1768.2999999994872,"{""waypoints"":(-9850.8452, -6568.0365), ""unsafe_region"":[[40.0, 20.0], [80.0, 20.0], [80.0, 60.0], [40.0, 60.0]], }"
1768.2999999994872,"{""waypoints"":(-9850.8452, -6568.0365), ""unsafe_region"":[[40.0, 20.0], [80.0, 20.0], [80.0, 60.0], [40.0, 60.0]], }"
1768.2999999994872,"{""waypoints"":(-9850.8452, -6568.0365), ""unsafe_region"":[[40.0, 20.0], [80.0, 20.0], [80.0, 60.0], [40.0, 60.0]], }"
1768.2999999994872,"{""waypoints"":(-9850.8452, -6568.0365), ""unsafe_region"":[[40.0, 20.0], [80.0, 20.0], [80.0, 60.0], [40.0, 60.0]], }"
1768.2999999994872,"{""waypoints"":(-9850.8452, -6568.0365), ""unsafe_region"":[[40.0, 20.0], [80.0, 20.0], [80.0, 60.0], [40.0, 60.0]], }"
1768.2999999994872,"{""waypoints"":(-9850.8452, -6568.0365), ""unsafe_region"":[[40.0, 20.0], [80.0, 20.0], [80.0, 60.0], [40.0, 60.0]], }"
1768.2999999994872,"{""waypoints"":(-9850.8452, -6568.0365), ""unsafe_region"":[[40.0, 20.0], [80.0, 20.0], [80.0, 60.0], [40.0, 60.0]], }"
1768.2999999994872,"{""waypoints"":(-9850.8452, -6568.0365), ""unsafe_region"":[[40.0, 20.0], [80.0, 20.0], [80.0, 60.0], [40.0, 60.0]], }"
1768.2999999994872,"{""waypoints"":(-9850.8452, -6568.0365), ""unsafe_region"":[[40.0, 20.0], [80.0, 20.0], [80.0, 60.0], [40.0, 60.0]], }"
1768.2999999994872,"{""waypoints"":(-9850.8452, -6568.0365), ""unsafe_region"":[[40.0, 20.0], [80.0, 20.0], [80.0, 60.0], [40.0, 60.0]], }"
1768.2999999994872,"{""waypoints"":(-9850.8452, -6568.0365), ""unsafe_region"":[[40.0, 20.0], [80.0, 20.0], [80.0, 60.0], [40.0, 60.0]], }"
1768.2999999994872,"{""waypoints"":(-9850.8452, -6568.0365), ""unsafe_region"":[[40.0, 20.0], [80.0, 20.0], [80.0, 60.0], [40.0, 60.0]], }"
1768.2999999994872,"{""waypoints"":(-9850.8452, -6568.0365), ""unsafe_region"":[[40.0, 20.0], [80.0, 20.0], [80.0, 60.0], [40.0, 60.0]], }"
1768.2999999994872,"{""waypoints"":(-9850.8452, -6568.0365), ""unsafe_region"":[[40.0, 20.0], [80.0, 20.0], [80.0, 60.0], [40.0, 60.0]], }"
1768.2999999994872,"{""waypoints"":(-9850.8452, -6568.0365), ""unsafe_region"":[[40.0, 20.0], [80.0, 20.0], [80.0, 60.0], [40.0, 60.0]], }"
1768.2999999994872,"{""waypoints"":(-9850.8452, -6568.0365), ""unsafe_region"":[[40.0, 20.0], [80.0, 20.0], [80.0, 60.0], [40.0, 60.0]], }"
1768.2999999994872,"{""waypoints"":(-9850.8452, -6568.0365), ""unsafe_region"":[[40.0, 20.0], [80.0, 20.0], [80.0, 60.0], [40.0, 60.0]], }"
1768.2999999994872,"{""waypoints"":(-9850.8452, -6568.0365), ""unsafe_region"":[[40.0, 20.0], [80.0, 20.0], [80.0, 60.0], [40.0, 60.0]], }"
1768.2999999994872,"{""waypoints"":(-9850.8452, -6568.0365), ""unsafe_region"":[[40.0, 20.0], [80.0, 20.0], [80.0, 60.0], [40.0, 60.0]], }"
1768.2999999994872,"{""waypoints"":(-9850.8452, -6568.0365), ""unsafe_region"":[[40.0, 20.0], [80.0, 20.0], [80.0, 60.0], [40.0, 60.0]], }"
1768.2999999994872,"{""waypoints"":(-9850.8452, -6568.0365), ""unsafe_region"":[[40.0, 20.0], [80.0, 20.0], [80.0, 60.0], [40.0, 60.0]], }"
1768.2999999994872,"{""waypoints"":(-9850.8452, -6568.0365), ""unsafe_region"":[[40.0, 20.0], [80.0, 20.0], [80.0, 60.0], [40.0, 60.0]], }"
1768.2999999994872,"{""waypoints"":(-9850.8452, -6568.0365), ""unsafe_region"":[[40.0, 20.0], [80.0, 20.0], [80.0, 60.0], [40.0, 60.0]], }"
1768.2999999994872,"{""waypoints"":(-9850.8452, -6568.0365), ""unsafe_region"":[[40.0, 20.0], [80.0, 20.0], [80.0, 60.0], [40.0, 60.0]], }"
1768.2999999994872,"{""waypoints"":(-9850.8452, -6568.0365), ""unsafe_region"":[[40.0, 20.0], [80.0, 20.0], [80.0, 60.0], [40.0, 60.0]], }"
1768.2999999994872,"{""waypoints"":(-9850.8452, -6568.0365), ""unsafe_region"":[[40.0, 20.0], [80.0, 20.0], [80.0, 60.0], [40.0, 60.0]], }"
1768.2999999994872,"{""waypoints"":(-9850.8452, -6568.0365), ""unsafe_region"":[[40.0, 20.0], [80.0, 20.0], [80.0, 60.0], [40.0, 60.0]], }"
1768.2999999994872,"{""waypoints"":(-9850.8452, -6568.0365), ""unsafe_region"":[[40.0, 20.0], [80.0, 20.0], [80.0, 60.0], [40.0, 60.0]], }"
1768.2999999994872,"{""waypoints"":(-9850.8452, -6568.0365), ""unsafe_region"":[[40.0, 20.0], [80.0, 20.0], [80.0, 60.0], [40.0, 60.0]], }"
1768.2999999994872,"{""waypoints"":(-9850.8452, -6568.0365), ""unsafe_region"":[[40.0, 20.0], [80.0, 20.0], [80.0, 60.0], [40.0, 60.0]], }"
1768.2999999994872,"{""waypoints"":(-9850.8452, -6568.0365), ""unsafe_region"":[[40.0, 20.0], [80.0, 20.0], [80.0, 60.0], [40.0, 60.0]], }"
1768.2999999994872,"{""waypoints"":(-9850.8452, -6568.0365), ""unsafe_region"":[[40.0, 20.0], [80.0, 20.0], [80.0, 60.0], [40.0, 60.0]], }"
1768.2999999994872,"{""waypoints"":(-9850.8452, -6568.0365), ""unsafe_region"":[[40.0, 20.0], [80.0, 20.0], [80.0, 60.0], [40.0, 60.0]], }"
1768.2999999994872,"{""waypoints"":(-9850.8452, -6568.0365), ""unsafe_region"":[[40.0, 20.0], [80.0, 20.0], [80.0, 60.0], [40.0, 60.0]], }"
1768.2999999994872,"{""waypoints"":(-9850.8452, -6568.0365), ""unsafe_region"":[[40.0, 20.0], [80.0, 20.0], [80.0, 60.0], [40.0, 60.0]], }"
1768.2999999994872,"{""waypoints"":(-9850.8452, -6568.0365), ""unsafe_region"":[[40.0, 20.0], [80.0, 20.0], [80.0, 60.0], [40.0, 60.0]], }"
1768.2999999994872,"{""waypoints"":(-9850.8452, -6568.0365), ""unsafe_region"":[[40.0, 20.0], [80.0, 20.0], [80.0, 60.0], [40.0, 60.0]], }"
1768.2999999994872,"{""waypoints"":(-9850.8452, -6568.0365), ""unsafe_region"":[[40.0, 20.0], [80.0, 20.0], [80.0, 60.0], [40.0, 60.0]], }"
1768.2999999994872,"{""waypoints"":(-9850.8452, -6568.0365), ""unsafe_region"":[[40.0, 20.0], [80.0, 20.0], [80.0, 60.0], [40.0, 60.0]], }"
1768.2999999994872,"{""waypoints"":(-9850.8452, -6568.0365), ""unsafe_region"":[[40.0, 20.0], [80.0, 20.0], [80.0, 60.0], [40.0, 60.0]], }"
1768.2999999994872,"{""waypoints"":(-9850.8452, -6568.0365), ""unsafe_region"":[[40.0, 20.0], [80.0, 20.0], [80.0, 60.0], [40.0, 60.0]], }"
1768.2999999994872,"{""waypoints"":(-9850.8452, -6568.0365), ""unsafe_region"":[[40.0, 20.0], [80.0, 20.0], [80.0, 60.0], [40.0, 60.0]], }"
1768.2999999994872,"{""waypoints"":(-9850.8452, -6568.0365), ""unsafe_region"":[[40.0, 20.0], [80.0, 20.0], [80.0, 60.0], [40.0, 60.0]], }"
1768.2999999994872,"{""waypoints"":(-9850.8452, -6568.0365), ""unsafe_region"":[[40.0, 20.0], [80.0, 20.0], [80.0, 60.0], [40.0, 60.0]], }"
1768.2999999994872,"{""waypoints"":(-9850.8452, -6568.0365), ""unsafe_region"":[[40.0, 20.0], [80.0, 20.0], [80.0, 60.0], [40.0, 60.0]], }"
1768.2999999994872,"{""waypoints"":(-9850.8452, -6568.0365), ""unsafe_region"":[[40.0, 20.0], [80.0, 20.0], [80.0, 60.0], [40.0, 60.0]], }"
1768.2999999994872,"{""waypoints"":(-9850.8452, -6568.0365), ""unsafe_region"":[[40.0, 20.0], [80.0, 20.0], [80.0, 60.0], [40.0, 60.0]], }"
1768.2999999994872,"{""waypoints"":(-9850.8452, -6568.0365), ""unsafe_region"":[[40.0, 20.0], [80.0, 20.0], [80.0, 60.0], [40.0, 60.0]], }"
1768.2999999994872,"{""waypoints"":(-9850.8452, -6568.0365), ""unsafe_region"":[[40.0, 20.0], [80.0, 20.0], [80.0, 60.0], [40.0, 60.0]], }"
1820.9999999994393,"{""waypoints"":(-9850.8452, -6568.0365), ""unsafe_region"":[[40.0, 20.0], [80.0, 20.0], [80.0, 60.0], [40.0, 60.0]], }"
1821.0999999994392,"{""waypoints"":(-9850.8452, -6568.0365), ""unsafe_region"":[[40.0, 20.0], [80.0, 20.0], [80.0, 60.0], [40.0, 60.0]], }"
1821.0999999994392,"{""waypoints"":(-9850.8452, -6568.0365), ""unsafe_region"":[[40.0, 20.0], [80.0, 20.0], [80.0, 60.0], [40.0, 60.0]], }"
1821.0999999994392,"{""waypoints"":(-9850.8452, -6568.0365), ""unsafe_region"":[[40.0, 20.0], [80.0, 20.0], [80.0, 60.0], [40.0, 60.0]], }"
1821.0999999994392,"{""waypoints"":(-9850.8452, -6568.0365), ""unsafe_region"":[[40.0, 20.0], [80.0, 20.0], [80.0, 60.0], [40.0, 60.0]], }"
1821.0999999994392,"{""waypoints"":(-9850.8452, -6568.0365), ""unsafe_region"":[[40.0, 20.0], [80.0, 20.0], [80.0, 60.0], [40.0, 60.0]], }"
1821.0999999994392,"{""waypoints"":(-9850.8452, -6568.0365), ""unsafe_region"":[[40.0, 20.0], [80.0, 20.0], [80.0, 60.0], [40.0, 60.0]], }"
1821.0999999994392,"{""waypoints"":(-9850.8452, -6568.0365), ""unsafe_region"":[[40.0, 20.0], [80.0, 20.0], [80.0, 60.0], [40.0, 60.0]], }"
1821.0999999994392,"{""waypoints"":(-9850.8452, -6568.0365), ""unsafe_region"":[[40.0, 20.0], [80.0, 20.0], [80.0, 60.0], [40.0, 60.0]], }"
1821.0999999994392,"{""waypoints"":(-9850.8452, -6568.0365), ""unsafe_region"":[[40.0, 20.0], [80.0, 20.0], [80.0, 60.0], [40.0, 60.0]], }"
1821.0999999994392,"{""waypoints"":(-9850.8452, -6568.0365), ""unsafe_region"":[[40.0, 20.0], [80.0, 20.0], [80.0, 60.0], [40.0, 60.0]], }"
1821.0999999994392,"{""waypoints"":(-9850.8452, -6568.0365), ""unsafe_region"":[[40.0, 20.0], [80.0, 20.0], [80.0, 60.0], [40.0, 60.0]], }"
1821.0999999994392,"{""waypoints"":(-9850.8452, -6568.0365), ""unsafe_region"":[[40.0, 20.0], [80.0, 20.0], [80.0, 60.0], [40.0, 60.0]], }"
1821.0999999994392,"{""waypoints"":(-9850.8452, -6568.0365), ""unsafe_region"":[[40.0, 20.0], [80.0, 20.0], [80.0, 60.0], [40.0, 60.0]], }"
1821.0999999994392,"{""waypoints"":(-9850.8452, -6568.0365), ""unsafe_region"":[[40.0, 20.0], [80.0, 20.0], [80.0, 60.0], [40.0, 60.0]], }"
1821.0999999994392,"{""waypoints"":(-9850.8452, -6568.0365), ""unsafe_region"":[[40.0, 20.0], [80.0, 20.0], [80.0, 60.0], [40.0, 60.0]], }"
1821.0999999994392,"{""waypoints"":(-9850.8452, -6568.0365), ""unsafe_region"":[[40.0, 20.0], [80.0, 20.0], [80.0, 60.0], [40.0, 60.0]], }"
1821.0999999994392,"{""waypoints"":(-9850.8452, -6568.0365), ""unsafe_region"":[[40.0, 20.0], [80.0, 20.0], [80.0, 60.0], [40.0, 60.0]], }"
1821.0999999994392,"{""waypoints"":(-9850.8452, -6568.0365), ""unsafe_region"":[[40.0, 20.0], [80.0, 20.0], [80.0, 60.0], [40.0, 60.0]], }"
1821.0999999994392,"{""waypoints"":(-9850.8452, -6568.0365), ""unsafe_region"":[[40.0, 20.0], [80.0, 20.0], [80.0, 60.0], [40.0, 60.0]], }"
1821.0999999994392,"{""waypoints"":(-9850.8452, -6568.0365), ""unsafe_region"":[[40.0, 20.0], [80.0, 20.0], [80.0, 60.0], [40.0, 60.0]], }"
1821.0999999994392,"{""waypoints"":(-9850.8452, -6568.0365), ""unsafe_region"":[[40.0, 20.0], [80.0, 20.0], [80.0, 60.0], [40.0, 60.0]], }"
1821.0999999994392,"{""waypoints"":(-9850.8452, -6568.0365), ""unsafe_region"":[[40.0, 20.0], [80.0, 20.0], [80.0, 60.0], [40.0, 60.0]], }"
1821.0999999994392,"{""waypoints"":(-9850.8452, -6568.0365), ""unsafe_region"":[[40.0, 20.0], [80.0, 20.0], [80.0, 60.0], [40.0, 60.0]], }"
1821.0999999994392,"{""waypoints"":(-9850.8452, -6568.0365), ""unsafe_region"":[[40.0, 20.0], [80.0, 20.0], [80.0, 60.0], [40.0, 60.0]], }"
1821.0999999994392,"{""waypoints"":(-9850.8452, -6568.0365), ""unsafe_region"":[[40.0, 20.0], [80.0, 20.0], [80.0, 60.0], [40.0, 60.0]], }"
1821.0999999994392,"{""waypoints"":(-9850.8452, -6568.0365), ""unsafe_region"":[[40.0, 20.0], [80.0, 20.0], [80.0, 60.0], [40.0, 60.0]], }"
1821.0999999994392,"{""waypoints"":(-9850.8452, -6568.0365), ""unsafe_region"":[[40.0, 20.0], [80.0, 20.0], [80.0, 60.0], [40.0, 60.0]], }"
1821.0999999994392,"{""waypoints"":(-9850.8452, -6568.0365), ""unsafe_region"":[[40.0, 20.0], [80.0, 20.0], [80.0, 60.0], [40.0, 60.0]], }"
1821.0999999994392,"{""waypoints"":(-9850.8452, -6568.0365), ""unsafe_region"":[[40.0, 20.0], [80.0, 20.0], [80.0, 60.0], [40.0, 60.0]], }"
1821.0999999994392,"{""waypoints"":(-9850.8452, -6568.0365), ""unsafe_region"":[[40.0, 20.0], [80.0, 20.0], [80.0, 60.0], [40.0, 60.0]], }"
1821.0999999994392,"{""waypoints"":(-9850.8452, -6568.0365), ""unsafe_region"":[[40.0, 20.0], [80.0, 20.0], [80.0, 60.0], [40.0, 60.0]], }"
1821.0999999994392,"{""waypoints"":(-9850.8452, -6568.0365), ""unsafe_region"":[[40.0, 20.0], [80.0, 20.0], [80.0, 60.0], [40.0, 60.0]], }"
1821.0999999994392,"{""waypoints"":(-9850.8452, -6568.0365), ""unsafe_region"":[[40.0, 20.0], [80.0, 20.0], [80.0, 60.0], [40.0, 60.0]], }"
1821.0999999994392,"{""waypoints"":(-9850.8452, -6568.0365), ""unsafe_region"":[[40.0, 20.0], [80.0, 20.0], [80.0, 60.0], [40.0, 60.0]], }"
1821.0999999994392,"{""waypoints"":(-9850.8452, -6568.0365), ""unsafe_region"":[[40.0, 20.0], [80.0, 20.0], [80.0, 60.0], [40.0, 60.0]], }"
1821.0999999994392,"{""waypoints"":(-9850.8452, -6568.0365), ""unsafe_region"":[[40.0, 20.0], [80.0, 20.0], [80.0, 60.0], [40.0, 60.0]], }"
1821.0999999994392,"{""waypoints"":(-9850.8452, -6568.0365), ""unsafe_region"":[[40.0, 20.0], [80.0, 20.0], [80.0, 60.0], [40.0, 60.0]], }"
1821.0999999994392,"{""waypoints"":(-9850.8452, -6568.0365), ""unsafe_region"":[[40.0, 20.0], [80.0, 20.0], [80.0, 60.0], [40.0, 60.0]], }"
1821.0999999994392,"{""waypoints"":(-9850.8452, -6568.0365), ""unsafe_region"":[[40.0, 20.0], [80.0, 20.0], [80.0, 60.0], [40.0, 60.0]], }"
1821.0999999994392,"{""waypoints"":(-9850.8452, -6568.0365), ""unsafe_region"":[[40.0, 20.0], [80.0, 20.0], [80.0, 60.0], [40.0, 60.0]], }"
1821.0999999994392,"{""waypoints"":(-9850.8452, -6568.0365), ""unsafe_region"":[[40.0, 20.0], [80.0, 20.0], [80.0, 60.0], [40.0, 60.0]], }"
1821.0999999994392,"{""waypoints"":(-9850.8452, -6568.0365), ""unsafe_region"":[[40.0, 20.0], [80.0, 20.0], [80.0, 60.0], [40.0, 60.0]], }"
1821.0999999994392,"{""waypoints"":(-9850.8452, -6568.0365), ""unsafe_region"":[[40.0, 20.0], [80.0, 20.0], [80.0, 60.0], [40.0, 60.0]], }"
1821.0999999994392,"{""waypoints"":(-9850.8452, -6568.0365), ""unsafe_region"":[[40.0, 20.0], [80.0, 20.0], [80.0, 60.0], [40.0, 60.0]], }"
1821.0999999994392,"{""waypoints"":(-9850.8452, -6568.0365), ""unsafe_region"":[[40.0, 20.0], [80.0, 20.0], [80.0, 60.0], [40.0, 60.0]], }"
1821.0999999994392,"{""waypoints"":(-9850.8452, -6568.0365), ""unsafe_region"":[[40.0, 20.0], [80.0, 20.0], [80.0, 60.0], [40.0, 60.0]], }"
1821.0999999994392,"{""waypoints"":(-9850.8452, -6568.0365), ""unsafe_region"":[[40.0, 20.0], [80.0, 20.0], [80.0, 60.0], [40.0, 60.0]], }"
1821.0999999994392,"{""waypoints"":(-9850.8452, -6568.0365), ""unsafe_region"":[[40.0, 20.0], [80.0, 20.0], [80.0, 60.0], [40.0, 60.0]], }"
1821.0999999994392,"{""waypoints"":(-9850.8452, -6568.0365), ""unsafe_region"":[[40.0, 20.0], [80.0, 20.0], [80.0, 60.0], [40.0, 60.0]], }"
1821.0999999994392,"{""waypoints"":(-9850.8452, -6568.0365), ""unsafe_region"":[[40.0, 20.0], [80.0, 20.0], [80.0, 60.0], [40.0, 60.0]], }"
1821.0999999994392,"{""waypoints"":(-9850.8452, -6568.0365), ""unsafe_region"":[[40.0, 20.0], [80.0, 20.0], [80.0, 60.0], [40.0, 60.0]], }"
1821.0999999994392,"{""waypoints"":(-9850.8452, -6568.0365), ""unsafe_region"":[[40.0, 20.0], [80.0, 20.0], [80.0, 60.0], [40.0, 60.0]], }"
1889.9999999993765,"{""waypoints"":(-9850.8452, -6568.0365), ""unsafe_region"":[[40.0, 20.0], [80.0, 20.0], [80.0, 60.0], [40.0, 60.0]], }"
1890.0999999993765,"{""waypoints"":(-9850.8452, -6568.0365), ""unsafe_region"":[[40.0, 20.0], [80.0, 20.0], [80.0, 60.0], [40.0, 60.0]], }"
1890.0999999993765,"{""waypoints"":(-9850.8452, -6568.0365), ""unsafe_region"":[[40.0, 20.0], [80.0, 20.0], [80.0, 60.0], [40.0, 60.0]], }"
1890.0999999993765,"{""waypoints"":(-9850.8452, -6568.0365), ""unsafe_region"":[[40.0, 20.0], [80.0, 20.0], [80.0, 60.0], [40.0, 60.0]], }"
1890.0999999993765,"{""waypoints"":(-9850.8452, -6568.0365), ""unsafe_region"":[[40.0, 20.0], [80.0, 20.0], [80.0, 60.0], [40.0, 60.0]], }"
1890.0999999993765,"{""waypoints"":(-9850.8452, -6568.0365), ""unsafe_region"":[[40.0, 20.0], [80.0, 20.0], [80.0, 60.0], [40.0, 60.0]], }"
1890.0999999993765,"{""waypoints"":(-9850.8452, -6568.0365), ""unsafe_region"":[[40.0, 20.0], [80.0, 20.0], [80.0, 60.0], [40.0, 60.0]], }"
1890.0999999993765,"{""waypoints"":(-9850.8452, -6568.0365), ""unsafe_region"":[[40.0, 20.0], [80.0, 20.0], [80.0, 60.0], [40.0, 60.0]], }"
1890.0999999993765,"{""waypoints"":(-9850.8452, -6568.0365), ""unsafe_region"":[[40.0, 20.0], [80.0, 20.0], [80.0, 60.0], [40.0, 60.0]], }"
1890.0999999993765,"{""waypoints"":(-9850.8452, -6568.0365), ""unsafe_region"":[[40.0, 20.0], [80.0, 20.0], [80.0, 60.0], [40.0, 60.0]], }"
1890.0999999993765,"{""waypoints"":(-9850.8452, -6568.0365), ""unsafe_region"":[[40.0, 20.0], [80.0, 20.0], [80.0, 60.0], [40.0, 60.0]], }"
1890.0999999993765,"{""waypoints"":(-9850.8452, -6568.0365), ""unsafe_region"":[[40.0, 20.0], [80.0, 20.0], [80.0, 60.0], [40.0, 60.0]], }"
1890.0999999993765,"{""waypoints"":(-9850.8452, -6568.0365), ""unsafe_region"":[[40.0, 20.0], [80.0, 20.0], [80.0, 60.0], [40.0, 60.0]], }"
1890.0999999993765,"{""waypoints"":(-9850.8452, -6568.0365), ""unsafe_region"":[[40.0, 20.0], [80.0, 20.0], [80.0, 60.0], [40.0, 60.0]], }"
1890.0999999993765,"{""waypoints"":(-9850.8452, -6568.0365), ""unsafe_region"":[[40.0, 20.0], [80.0, 20.0], [80.0, 60.0], [40.0, 60.0]], }"
1890.0999999993765,"{""waypoints"":(-9850.8452, -6568.0365), ""unsafe_region"":[[40.0, 20.0], [80.0, 20.0], [80.0, 60.0], [40.0, 60.0]], }"
1890.0999999993765,"{""waypoints"":(-9850.8452, -6568.0365), ""unsafe_region"":[[40.0, 20.0], [80.0, 20.0], [80.0, 60.0], [40.0, 60.0]], }"
1890.0999999993765,"{""waypoints"":(-9850.8452, -6568.0365), ""unsafe_region"":[[40.0, 20.0], [80.0, 20.0], [80.0, 60.0], [40.0, 60.0]], }"
1890.0999999993765,"{""waypoints"":(-9850.8452, -6568.0365), ""unsafe_region"":[[40.0, 20.0], [80.0, 20.0], [80.0, 60.0], [40.0, 60.0]], }"
1890.0999999993765,"{""waypoints"":(-9850.8452, -6568.0365), ""unsafe_region"":[[40.0, 20.0], [80.0, 20.0], [80.0, 60.0], [40.0, 60.0]], }"
1890.0999999993765,"{""waypoints"":(-9850.8452, -6568.0365), ""unsafe_region"":[[40.0, 20.0], [80.0, 20.0], [80.0, 60.0], [40.0, 60.0]], }"
1890.0999999993765,"{""waypoints"":(-9850.8452, -6568.0365), ""unsafe_region"":[[40.0, 20.0], [80.0, 20.0], [80.0, 60.0], [40.0, 60.0]], }"
1890.0999999993765,"{""waypoints"":(-9850.8452, -6568.0365), ""unsafe_region"":[[40.0, 20.0], [80.0, 20.0], [80.0, 60.0], [40.0, 60.0]], }"
1890.0999999993765,"{""waypoints"":(-9850.8452, -6568.0365), ""unsafe_region"":[[40.0, 20.0], [80.0, 20.0], [80.0, 60.0], [40.0, 60.0]], }"
1890.0999999993765,"{""waypoints"":(-9850.8452, -6568.0365), ""unsafe_region"":[[40.0, 20.0], [80.0, 20.0], [80.0, 60.0], [40.0, 60.0]], }"
1890.0999999993765,"{""waypoints"":(-9850.8452, -6568.0365), ""unsafe_region"":[[40.0, 20.0], [80.0, 20.0], [80.0, 60.0], [40.0, 60.0]], }"
1890.0999999993765,"{""waypoints"":(-9850.8452, -6568.0365), ""unsafe_region"":[[40.0, 20.0], [80.0, 20.0], [80.0, 60.0], [40.0, 60.0]], }"
1890.0999999993765,"{""waypoints"":(-9850.8452, -6568.0365), ""unsafe_region"":[[40.0, 20.0], [80.0, 20.0], [80.0, 60.0], [40.0, 60.0]], }"
1890.0999999993765,"{""waypoints"":(-9850.8452, -6568.0365), ""unsafe_region"":[[40.0, 20.0], [80.0, 20.0], [80.0, 60.0], [40.0, 60.0]], }"
1890.0999999993765,"{""waypoints"":(-9850.8452, -6568.0365), ""unsafe_region"":[[40.0, 20.0], [80.0, 20.0], [80.0, 60.0], [40.0, 60.0]], }"
1890.0999999993765,"{""waypoints"":(-9850.8452, -6568.0365), ""unsafe_region"":[[40.0, 20.0], [80.0, 20.0], [80.0, 60.0], [40.0, 60.0]], }"
1890.0999999993765,"{""waypoints"":(-9850.8452, -6568.0365), ""unsafe_region"":[[40.0, 20.0], [80.0, 20.0], [80.0, 60.0], [40.0, 60.0]], }"
1890.0999999993765,"{""waypoints"":(-9850.8452, -6568.0365), ""unsafe_region"":[[40.0, 20.0], [80.0, 20.0], [80.0, 60.0], [40.0, 60.0]], }"
1890.0999999993765,"{""waypoints"":(-9850.8452, -6568.0365), ""unsafe_region"":[[40.0, 20.0], [80.0, 20.0], [80.0, 60.0], [40.0, 60.0]], }"
1890.0999999993765,"{""waypoints"":(-9850.8452, -6568.0365), ""unsafe_region"":[[40.0, 20.0], [80.0, 20.0], [80.0, 60.0], [40.0, 60.0]], }"
1890.0999999993765,"{""waypoints"":(-9850.8452, -6568.0365), ""unsafe_region"":[[40.0, 20.0], [80.0, 20.0], [80.0, 60.0], [40.0, 60.0]], }"
1890.0999999993765,"{""waypoints"":(-9850.8452, -6568.0365), ""unsafe_region"":[[40.0, 20.0], [80.0, 20.0], [80.0, 60.0], [40.0, 60.0]], }"
1890.0999999993765,"{""waypoints"":(-9850.8452, -6568.0365), ""unsafe_region"":[[40.0, 20.0], [80.0, 20.0], [80.0, 60.0], [40.0, 60.0]], }"
1890.0999999993765,"{""waypoints"":(-9850.8452, -6568.0365), ""unsafe_region"":[[40.0, 20.0], [80.0, 20.0], [80.0, 60.0], [40.0, 60.0]], }"
1890.0999999993765,"{""waypoints"":(-9850.8452, -6568.0365), ""unsafe_region"":[[40.0, 20.0], [80.0, 20.0], [80.0, 60.0], [40.0, 60.0]], }"
1890.0999999993765,"{""waypoints"":(-9850.8452, -6568.0365), ""unsafe_region"":[[40.0, 20.0], [80.0, 20.0], [80.0, 60.0], [40.0, 60.0]], }"
1890.0999999993765,"{""waypoints"":(-9850.8452, -6568.0365), ""unsafe_region"":[[40.0, 20.0], [80.0, 20.0], [80.0, 60.0], [40.0, 60.0]], }"
1890.0999999993765,"{""waypoints"":(-9850.8452, -6568.0365), ""unsafe_region"":[[40.0, 20.0], [80.0, 20.0], [80.0, 60.0], [40.0, 60.0]], }"
1890.0999999993765,"{""waypoints"":(-9850.8452, -6568.0365), ""unsafe_region"":[[40.0, 20.0], [80.0, 20.0], [80.0, 60.0], [40.0, 60.0]], }"
1890.0999999993765,"{""waypoints"":(-9850.8452, -6568.0365), ""unsafe_region"":[[40.0, 20.0], [80.0, 20.0], [80.0, 60.0], [40.0, 60.0]], }"
1890.0999999993765,"{""waypoints"":(-9850.8452, -6568.0365), ""unsafe_region"":[[40.0, 20.0], [80.0, 20.0], [80.0, 60.0], [40.0, 60.0]], }"
1890.0999999993765,"{""waypoints"":(-9850.8452, -6568.0365), ""unsafe_region"":[[40.0, 20.0], [80.0, 20.0], [80.0, 60.0], [40.0, 60.0]], }"
1890.0999999993765,"{""waypoints"":(-9850.8452, -6568.0365), ""unsafe_region"":[[40.0, 20.0], [80.0, 20.0], [80.0, 60.0], [40.0, 60.0]], }"
1890.0999999993765,"{""waypoints"":(-9850.8452, -6568.0365), ""unsafe_region"":[[40.0, 20.0], [80.0, 20.0], [80.0, 60.0], [40.0, 60.0]], }"
1890.0999999993765,"{""waypoints"":(-9850.8452, -6568.0365), ""unsafe_region"":[[40.0, 20.0], [80.0, 20.0], [80.0, 60.0], [40.0, 60.0]], }"
1890.0999999993765,"{""waypoints"":(-9850.8452, -6568.0365), ""unsafe_region"":[[40.0, 20.0], [80.0, 20.0], [80.0, 60.0], [40.0, 60.0]], }"
1890.0999999993765,"{""waypoints"":(-9850.8452, -6568.0365), ""unsafe_region"":[[40.0, 20.0], [80.0, 20.0], [80.0, 60.0], [40.0, 60.0]], }"
1890.0999999993765,"{""waypoints"":(-9850.8452, -6568.0365), ""unsafe_region"":[[40.0, 20.0], [80.0, 20.0], [80.0, 60.0], [40.0, 60.0]], }"
1890.0999999993765,"{""waypoints"":(-9850.8452, -6568.0365), ""unsafe_region"":[[40.0, 20.0], [80.0, 20.0], [80.0, 60.0], [40.0, 60.0]], }"
1890.0999999993765,"{""waypoints"":(-9850.8452, -6568.0365), ""unsafe_region"":[[40.0, 20.0], [80.0, 20.0], [80.0, 60.0], [40.0, 60.0]], }"
1890.0999999993765,"{""waypoints"":(-9850.8452, -6568.0365), ""unsafe_region"":[[40.0, 20.0], [80.0, 20.0], [80.0, 60.0], [40.0, 60.0]], }"
1890.0999999993765,"{""waypoints"":(-9850.8452, -6568.0365), ""unsafe_region"":[[40.0, 20.0], [80.0, 20.0], [80.0, 60.0], [40.0, 60.0]], }"
1890.0999999993765,"{""waypoints"":(-9850.8452, -6568.0365), ""unsafe_region"":[[40.0, 20.0], [80.0, 20.0], [80.0, 60.0], [40.0, 60.0]], }"
1890.0999999993765,"{""waypoints"":(-9850.8452, -6568.0365), ""unsafe_region"":[[40.0, 20.0], [80.0, 20.0], [80.0, 60.0], [40.0, 60.0]], }"
1890.0999999993765,"{""waypoints"":(-9850.8452, -6568.0365), ""unsafe_region"":[[40.0, 20.0], [80.0, 20.0], [80.0, 60.0], [40.0, 60.0]], }"
1890.0999999993765,"{""waypoints"":(-9850.8452, -6568.0365), ""unsafe_region"":[[40.0, 20.0], [80.0, 20.0], [80.0, 60.0], [40.0, 60.0]], }"
1890.0999999993765,"{""waypoints"":(-9850.8452, -6568.0365), ""unsafe_region"":[[40.0, 20.0], [80.0, 20.0], [80.0, 60.0], [40.0, 60.0]], }"
1890.0999999993765,"{""waypoints"":(-9850.8452, -6568.0365), ""unsafe_region"":[[40.0, 20.0], [80.0, 20.0], [80.0, 60.0], [40.0, 60.0]], }"
1890.0999999993765,"{""waypoints"":(-9850.8452, -6568.0365), ""unsafe_region"":[[40.0, 20.0], [80.0, 20.0], [80.0, 60.0], [40.0, 60.0]], }"
1890.0999999993765,"{""waypoints"":(-9850.8452, -6568.0365), ""unsafe_region"":[[40.0, 20.0], [80.0, 20.0], [80.0, 60.0], [40.0, 60.0]], }"
1890.0999999993765,"{""waypoints"":(-9850.8452, -6568.0365), ""unsafe_region"":[[40.0, 20.0], [80.0, 20.0], [80.0, 60.0], [40.0, 60.0]], }"
1890.0999999993765,"{""waypoints"":(-9850.8452, -6568.0365), ""unsafe_region"":[[40.0, 20.0], [80.0, 20.0], [80.0, 60.0], [40.0, 60.0]], }"
1890.0999999993765,"{""waypoints"":(-9850.8452, -6568.0365), ""unsafe_region"":[[40.0, 20.0], [80.0, 20.0], [80.0, 60.0], [40.0, 60.0]], }"
1890.0999999993765,"{""waypoints"":(-9850.8452, -6568.0365), ""unsafe_region"":[[40.0, 20.0], [80.0, 20.0], [80.0, 60.0], [40.0, 60.0]], }"
1960.899999999312,"{""waypoints"":(-9850.8452, -6568.0365), ""unsafe_region"":[[40.0, 20.0], [80.0, 20.0], [80.0, 60.0], [40.0, 60.0]], }"
1960.999999999312,"{""waypoints"":(-9850.8452, -6568.0365), ""unsafe_region"":[[40.0, 20.0], [80.0, 20.0], [80.0, 60.0], [40.0, 60.0]], }"
1960.999999999312,"{""waypoints"":(-9850.8452, -6568.0365), ""unsafe_region"":[[40.0, 20.0], [80.0, 20.0], [80.0, 60.0], [40.0, 60.0]], }"
1960.999999999312,"{""waypoints"":(-9850.8452, -6568.0365), ""unsafe_region"":[[40.0, 20.0], [80.0, 20.0], [80.0, 60.0], [40.0, 60.0]], }"
1960.999999999312,"{""waypoints"":(-9850.8452, -6568.0365), ""unsafe_region"":[[40.0, 20.0], [80.0, 20.0], [80.0, 60.0], [40.0, 60.0]], }"
1960.999999999312,"{""waypoints"":(-9850.8452, -6568.0365), ""unsafe_region"":[[40.0, 20.0], [80.0, 20.0], [80.0, 60.0], [40.0, 60.0]], }"
1960.999999999312,"{""waypoints"":(-9850.8452, -6568.0365), ""unsafe_region"":[[40.0, 20.0], [80.0, 20.0], [80.0, 60.0], [40.0, 60.0]], }"
1960.999999999312,"{""waypoints"":(-9850.8452, -6568.0365), ""unsafe_region"":[[40.0, 20.0], [80.0, 20.0], [80.0, 60.0], [40.0, 60.0]], }"
1960.999999999312,"{""waypoints"":(-9850.8452, -6568.0365), ""unsafe_region"":[[40.0, 20.0], [80.0, 20.0], [80.0, 60.0], [40.0, 60.0]], }"
1960.999999999312,"{""waypoints"":(-9850.8452, -6568.0365), ""unsafe_region"":[[40.0, 20.0], [80.0, 20.0], [80.0, 60.0], [40.0, 60.0]], }"
1960.999999999312,"{""waypoints"":(-9850.8452, -6568.0365), ""unsafe_region"":[[40.0, 20.0], [80.0, 20.0], [80.0, 60.0], [40.0, 60.0]], }"
1960.999999999312,"{""waypoints"":(-9850.8452, -6568.0365), ""unsafe_region"":[[40.0, 20.0], [80.0, 20.0], [80.0, 60.0], [40.0, 60.0]], }"
1960.999999999312,"{""waypoints"":(-9850.8452, -6568.0365), ""unsafe_region"":[[40.0, 20.0], [80.0, 20.0], [80.0, 60.0], [40.0, 60.0]], }"
1960.999999999312,"{""waypoints"":(-9850.8452, -6568.0365), ""unsafe_region"":[[40.0, 20.0], [80.0, 20.0], [80.0, 60.0], [40.0, 60.0]], }"
1960.999999999312,"{""waypoints"":(-9850.8452, -6568.0365), ""unsafe_region"":[[40.0, 20.0], [80.0, 20.0], [80.0, 60.0], [40.0, 60.0]], }"
1960.999999999312,"{""waypoints"":(-9850.8452, -6568.0365), ""unsafe_region"":[[40.0, 20.0], [80.0, 20.0], [80.0, 60.0], [40.0, 60.0]], }"
1960.999999999312,"{""waypoints"":(-9850.8452, -6568.0365), ""unsafe_region"":[[40.0, 20.0], [80.0, 20.0], [80.0, 60.0], [40.0, 60.0]], }"
1960.999999999312,"{""waypoints"":(-9850.8452, -6568.0365), ""unsafe_region"":[[40.0, 20.0], [80.0, 20.0], [80.0, 60.0], [40.0, 60.0]], }"
1960.999999999312,"{""waypoints"":(-9850.8452, -6568.0365), ""unsafe_region"":[[40.0, 20.0], [80.0, 20.0], [80.0, 60.0], [40.0, 60.0]], }"
1960.999999999312,"{""waypoints"":(-9850.8452, -6568.0365), ""unsafe_region"":[[40.0, 20.0], [80.0, 20.0], [80.0, 60.0], [40.0, 60.0]], }"
1960.999999999312,"{""waypoints"":(-9850.8452, -6568.0365), ""unsafe_region"":[[40.0, 20.0], [80.0, 20.0], [80.0, 60.0], [40.0, 60.0]], }"
1960.999999999312,"{""waypoints"":(-9850.8452, -6568.0365), ""unsafe_region"":[[40.0, 20.0], [80.0, 20.0], [80.0, 60.0], [40.0, 60.0]], }"
1960.999999999312,"{""waypoints"":(-9850.8452, -6568.0365), ""unsafe_region"":[[40.0, 20.0], [80.0, 20.0], [80.0, 60.0], [40.0, 60.0]], }"
1960.999999999312,"{""waypoints"":(-9850.8452, -6568.0365), ""unsafe_region"":[[40.0, 20.0], [80.0, 20.0], [80.0, 60.0], [40.0, 60.0]], }"
1960.999999999312,"{""waypoints"":(-9850.8452, -6568.0365), ""unsafe_region"":[[40.0, 20.0], [80.0, 20.0], [80.0, 60.0], [40.0, 60.0]], }"
1960.999999999312,"{""waypoints"":(-9850.8452, -6568.0365), ""unsafe_region"":[[40.0, 20.0], [80.0, 20.0], [80.0, 60.0], [40.0, 60.0]], }"
1960.999999999312,"{""waypoints"":(-9850.8452, -6568.0365), ""unsafe_region"":[[40.0, 20.0], [80.0, 20.0], [80.0, 60.0], [40.0, 60.0]], }"
1960.999999999312,"{""waypoints"":(-9850.8452, -6568.0365), ""unsafe_region"":[[40.0, 20.0], [80.0, 20.0], [80.0, 60.0], [40.0, 60.0]], }"
1960.999999999312,"{""waypoints"":(-9850.8452, -6568.0365), ""unsafe_region"":[[40.0, 20.0], [80.0, 20.0], [80.0, 60.0], [40.0, 60.0]], }"
1960.999999999312,"{""waypoints"":(-9850.8452, -6568.0365), ""unsafe_region"":[[40.0, 20.0], [80.0, 20.0], [80.0, 60.0], [40.0, 60.0]], }"
1960.999999999312,"{""waypoints"":(-9850.8452, -6568.0365), ""unsafe_region"":[[40.0, 20.0], [80.0, 20.0], [80.0, 60.0], [40.0, 60.0]], }"
1960.999999999312,"{""waypoints"":(-9850.8452, -6568.0365), ""unsafe_region"":[[40.0, 20.0], [80.0, 20.0], [80.0, 60.0], [40.0, 60.0]], }"
1960.999999999312,"{""waypoints"":(-9850.8452, -6568.0365), ""unsafe_region"":[[40.0, 20.0], [80.0, 20.0], [80.0, 60.0], [40.0, 60.0]], }"
1960.999999999312,"{""waypoints"":(-9850.8452, -6568.0365), ""unsafe_region"":[[40.0, 20.0], [80.0, 20.0], [80.0, 60.0], [40.0, 60.0]], }"
1960.999999999312,"{""waypoints"":(-9850.8452, -6568.0365), ""unsafe_region"":[[40.0, 20.0], [80.0, 20.0], [80.0, 60.0], [40.0, 60.0]], }"
1960.999999999312,"{""waypoints"":(-9850.8452, -6568.0365), ""unsafe_region"":[[40.0, 20.0], [80.0, 20.0], [80.0, 60.0], [40.0, 60.0]], }"
1960.999999999312,"{""waypoints"":(-9850.8452, -6568.0365), ""unsafe_region"":[[40.0, 20.0], [80.0, 20.0], [80.0, 60.0], [40.0, 60.0]], }"
1960.999999999312,"{""waypoints"":(-9850.8452, -6568.0365), ""unsafe_region"":[[40.0, 20.0], [80.0, 20.0], [80.0, 60.0], [40.0, 60.0]], }"
1960.999999999312,"{""waypoints"":(-9850.8452, -6568.0365), ""unsafe_region"":[[40.0, 20.0], [80.0, 20.0], [80.0, 60.0], [40.0, 60.0]], }"
1960.999999999312,"{""waypoints"":(-9850.8452, -6568.0365), ""unsafe_region"":[[40.0, 20.0], [80.0, 20.0], [80.0, 60.0], [40.0, 60.0]], }"
1960.999999999312,"{""waypoints"":(-9850.8452, -6568.0365), ""unsafe_region"":[[40.0, 20.0], [80.0, 20.0], [80.0, 60.0], [40.0, 60.0]], }"
1960.999999999312,"{""waypoints"":(-9850.8452, -6568.0365), ""unsafe_region"":[[40.0, 20.0], [80.0, 20.0], [80.0, 60.0], [40.0, 60.0]], }"
1960.999999999312,"{""waypoints"":(-9850.8452, -6568.0365), ""unsafe_region"":[[40.0, 20.0], [80.0, 20.0], [80.0, 60.0], [40.0, 60.0]], }"
1960.999999999312,"{""waypoints"":(-9850.8452, -6568.0365), ""unsafe_region"":[[40.0, 20.0], [80.0, 20.0], [80.0, 60.0], [40.0, 60.0]], }"
1960.999999999312,"{""waypoints"":(-9850.8452, -6568.0365), ""unsafe_region"":[[40.0, 20.0], [80.0, 20.0], [80.0, 60.0], [40.0, 60.0]], }"
1960.999999999312,"{""waypoints"":(-9850.8452, -6568.0365), ""unsafe_region"":[[40.0, 20.0], [80.0, 20.0], [80.0, 60.0], [40.0, 60.0]], }"
1960.999999999312,"{""waypoints"":(-9850.8452, -6568.0365), ""unsafe_region"":[[40.0, 20.0], [80.0, 20.0], [80.0, 60.0], [40.0, 60.0]], }"
1960.999999999312,"{""waypoints"":(-9850.8452, -6568.0365), ""unsafe_region"":[[40.0, 20.0], [80.0, 20.0], [80.0, 60.0], [40.0, 60.0]], }"
1960.999999999312,"{""waypoints"":(-9850.8452, -6568.0365), ""unsafe_region"":[[40.0, 20.0], [80.0, 20.0], [80.0, 60.0], [40.0, 60.0]], }"
1960.999999999312,"{""waypoints"":(-9850.8452, -6568.0365), ""unsafe_region"":[[40.0, 20.0], [80.0, 20.0], [80.0, 60.0], [40.0, 60.0]], }"
1960.999999999312,"{""waypoints"":(-9850.8452, -6568.0365), ""unsafe_region"":[[40.0, 20.0], [80.0, 20.0], [80.0, 60.0], [40.0, 60.0]], }"
1960.999999999312,"{""waypoints"":(-9850.8452, -6568.0365), ""unsafe_region"":[[40.0, 20.0], [80.0, 20.0], [80.0, 60.0], [40.0, 60.0]], }"
1960.999999999312,"{""waypoints"":(-9850.8452, -6568.0365), ""unsafe_region"":[[40.0, 20.0], [80.0, 20.0], [80.0, 60.0], [40.0, 60.0]], }"
1960.999999999312,"{""waypoints"":(-9850.8452, -6568.0365), ""unsafe_region"":[[40.0, 20.0], [80.0, 20.0], [80.0, 60.0], [40.0, 60.0]], }"
1960.999999999312,"{""waypoints"":(-9850.8452, -6568.0365), ""unsafe_region"":[[40.0, 20.0], [80.0, 20.0], [80.0, 60.0], [40.0, 60.0]], }"
1960.999999999312,"{""waypoints"":(-9850.8452, -6568.0365), ""unsafe_region"":[[40.0, 20.0], [80.0, 20.0], [80.0, 60.0], [40.0, 60.0]], }"
1960.999999999312,"{""waypoints"":(-9850.8452, -6568.0365), ""unsafe_region"":[[40.0, 20.0], [80.0, 20.0], [80.0, 60.0], [40.0, 60.0]], }"
1960.999999999312,"{""waypoints"":(-9850.8452, -6568.0365), ""unsafe_region"":[[40.0, 20.0], [80.0, 20.0], [80.0, 60.0], [40.0, 60.0]], }"
1960.999999999312,"{""waypoints"":(-9850.8452, -6568.0365), ""unsafe_region"":[[40.0, 20.0], [80.0, 20.0], [80.0, 60.0], [40.0, 60.0]], }"
1960.999999999312,"{""waypoints"":(-9850.8452, -6568.0365), ""unsafe_region"":[[40.0, 20.0], [80.0, 20.0], [80.0, 60.0], [40.0, 60.0]], }"
1960.999999999312,"{""waypoints"":(-9850.8452, -6568.0365), ""unsafe_region"":[[40.0, 20.0], [80.0, 20.0], [80.0, 60.0], [40.0, 60.0]], }"
1960.999999999312,"{""waypoints"":(-9850.8452, -6568.0365), ""unsafe_region"":[[40.0, 20.0], [80.0, 20.0], [80.0, 60.0], [40.0, 60.0]], }"
1960.999999999312,"{""waypoints"":(-9850.8452, -6568.0365), ""unsafe_region"":[[40.0, 20.0], [80.0, 20.0], [80.0, 60.0], [40.0, 60.0]], }"
1960.999999999312,"{""waypoints"":(-9850.8452, -6568.0365), ""unsafe_region"":[[40.0, 20.0], [80.0, 20.0], [80.0, 60.0], [40.0, 60.0]], }"
1960.999999999312,"{""waypoints"":(-9850.8452, -6568.0365), ""unsafe_region"":[[40.0, 20.0], [80.0, 20.0], [80.0, 60.0], [40.0, 60.0]], }"
1960.999999999312,"{""waypoints"":(-9850.8452, -6568.0365), ""unsafe_region"":[[40.0, 20.0], [80.0, 20.0], [80.0, 60.0], [40.0, 60.0]], }"
1960.999999999312,"{""waypoints"":(-9850.8452, -6568.0365), ""unsafe_region"":[[40.0, 20.0], [80.0, 20.0], [80.0, 60.0], [40.0, 60.0]], }"
1960.999999999312,"{""waypoints"":(-9850.8452, -6568.0365), ""unsafe_region"":[[40.0, 20.0], [80.0, 20.0], [80.0, 60.0], [40.0, 60.0]], }"
1960.999999999312,"{""waypoints"":(-9850.8452, -6568.0365), ""unsafe_region"":[[40.0, 20.0], [80.0, 20.0], [80.0, 60.0], [40.0, 60.0]], }"
1960.999999999312,"{""waypoints"":(-9850.8452, -6568.0365), ""unsafe_region"":[[40.0, 20.0], [80.0, 20.0], [80.0, 60.0], [40.0, 60.0]], }"
1960.999999999312,"{""waypoints"":(-9850.8452, -6568.0365), ""unsafe_region"":[[40.0, 20.0], [80.0, 20.0], [80.0, 60.0], [40.0, 60.0]], }"
2039.5999999992405,"{""waypoints"":(-9850.8452, -6568.0365), ""unsafe_region"":[[40.0, 20.0], [80.0, 20.0], [80.0, 60.0], [40.0, 60.0]], }"
2039.6999999992404,"{""waypoints"":(-9850.8452, -6568.0365), ""unsafe_region"":[[40.0, 20.0], [80.0, 20.0], [80.0, 60.0], [40.0, 60.0]], }"
2039.6999999992404,"{""waypoints"":(-9850.8452, -6568.0365), ""unsafe_region"":[[40.0, 20.0], [80.0, 20.0], [80.0, 60.0], [40.0, 60.0]], }"
2039.6999999992404,"{""waypoints"":(-9850.8452, -6568.0365), ""unsafe_region"":[[40.0, 20.0], [80.0, 20.0], [80.0, 60.0], [40.0, 60.0]], }"
2039.6999999992404,"{""waypoints"":(-9850.8452, -6568.0365), ""unsafe_region"":[[40.0, 20.0], [80.0, 20.0], [80.0, 60.0], [40.0, 60.0]], }"
2039.6999999992404,"{""waypoints"":(-9850.8452, -6568.0365), ""unsafe_region"":[[40.0, 20.0], [80.0, 20.0], [80.0, 60.0], [40.0, 60.0]], }"
2039.6999999992404,"{""waypoints"":(-9850.8452, -6568.0365), ""unsafe_region"":[[40.0, 20.0], [80.0, 20.0], [80.0, 60.0], [40.0, 60.0]], }"
2039.6999999992404,"{""waypoints"":(-9850.8452, -6568.0365), ""unsafe_region"":[[40.0, 20.0], [80.0, 20.0], [80.0, 60.0], [40.0, 60.0]], }"
2039.6999999992404,"{""waypoints"":(-9850.8452, -6568.0365), ""unsafe_region"":[[40.0, 20.0], [80.0, 20.0], [80.0, 60.0], [40.0, 60.0]], }"
2039.6999999992404,"{""waypoints"":(-9850.8452, -6568.0365), ""unsafe_region"":[[40.0, 20.0], [80.0, 20.0], [80.0, 60.0], [40.0, 60.0]], }"
2039.6999999992404,"{""waypoints"":(-9850.8452, -6568.0365), ""unsafe_region"":[[40.0, 20.0], [80.0, 20.0], [80.0, 60.0], [40.0, 60.0]], }"
2039.6999999992404,"{""waypoints"":(-9850.8452, -6568.0365), ""unsafe_region"":[[40.0, 20.0], [80.0, 20.0], [80.0, 60.0], [40.0, 60.0]], }"
2039.6999999992404,"{""waypoints"":(-9850.8452, -6568.0365), ""unsafe_region"":[[40.0, 20.0], [80.0, 20.0], [80.0, 60.0], [40.0, 60.0]], }"
2039.6999999992404,"{""waypoints"":(-9850.8452, -6568.0365), ""unsafe_region"":[[40.0, 20.0], [80.0, 20.0], [80.0, 60.0], [40.0, 60.0]], }"
2039.6999999992404,"{""waypoints"":(-9850.8452, -6568.0365), ""unsafe_region"":[[40.0, 20.0], [80.0, 20.0], [80.0, 60.0], [40.0, 60.0]], }"
2039.6999999992404,"{""waypoints"":(-9850.8452, -6568.0365), ""unsafe_region"":[[40.0, 20.0], [80.0, 20.0], [80.0, 60.0], [40.0, 60.0]], }"
2039.6999999992404,"{""waypoints"":(-9850.8452, -6568.0365), ""unsafe_region"":[[40.0, 20.0], [80.0, 20.0], [80.0, 60.0], [40.0, 60.0]], }"
2039.6999999992404,"{""waypoints"":(-9850.8452, -6568.0365), ""unsafe_region"":[[40.0, 20.0], [80.0, 20.0], [80.0, 60.0], [40.0, 60.0]], }"
2039.6999999992404,"{""waypoints"":(-9850.8452, -6568.0365), ""unsafe_region"":[[40.0, 20.0], [80.0, 20.0], [80.0, 60.0], [40.0, 60.0]], }"
2039.6999999992404,"{""waypoints"":(-9850.8452, -6568.0365), ""unsafe_region"":[[40.0, 20.0], [80.0, 20.0], [80.0, 60.0], [40.0, 60.0]], }"
2039.6999999992404,"{""waypoints"":(-9850.8452, -6568.0365), ""unsafe_region"":[[40.0, 20.0], [80.0, 20.0], [80.0, 60.0], [40.0, 60.0]], }"
2039.6999999992404,"{""waypoints"":(-9850.8452, -6568.0365), ""unsafe_region"":[[40.0, 20.0], [80.0, 20.0], [80.0, 60.0], [40.0, 60.0]], }"
2039.6999999992404,"{""waypoints"":(-9850.8452, -6568.0365), ""unsafe_region"":[[40.0, 20.0], [80.0, 20.0], [80.0, 60.0], [40.0, 60.0]], }"
2039.6999999992404,"{""waypoints"":(-9850.8452, -6568.0365), ""unsafe_region"":[[40.0, 20.0], [80.0, 20.0], [80.0, 60.0], [40.0, 60.0]], }"
2039.6999999992404,"{""waypoints"":(-9850.8452, -6568.0365), ""unsafe_region"":[[40.0, 20.0], [80.0, 20.0], [80.0, 60.0], [40.0, 60.0]], }"
2039.6999999992404,"{""waypoints"":(-9850.8452, -6568.0365), ""unsafe_region"":[[40.0, 20.0], [80.0, 20.0], [80.0, 60.0], [40.0, 60.0]], }"
2039.6999999992404,"{""waypoints"":(-9850.8452, -6568.0365), ""unsafe_region"":[[40.0, 20.0], [80.0, 20.0], [80.0, 60.0], [40.0, 60.0]], }"
2039.6999999992404,"{""waypoints"":(-9850.8452, -6568.0365), ""unsafe_region"":[[40.0, 20.0], [80.0, 20.0], [80.0, 60.0], [40.0, 60.0]], }"
2039.6999999992404,"{""waypoints"":(-9850.8452, -6568.0365), ""unsafe_region"":[[40.0, 20.0], [80.0, 20.0], [80.0, 60.0], [40.0, 60.0]], }"
2039.6999999992404,"{""waypoints"":(-9850.8452, -6568.0365), ""unsafe_region"":[[40.0, 20.0], [80.0, 20.0], [80.0, 60.0], [40.0, 60.0]], }"
2039.6999999992404,"{""waypoints"":(-9850.8452, -6568.0365), ""unsafe_region"":[[40.0, 20.0], [80.0, 20.0], [80.0, 60.0], [40.0, 60.0]], }"
2039.6999999992404,"{""waypoints"":(-9850.8452, -6568.0365), ""unsafe_region"":[[40.0, 20.0], [80.0, 20.0], [80.0, 60.0], [40.0, 60.0]], }"
2039.6999999992404,"{""waypoints"":(-9850.8452, -6568.0365), ""unsafe_region"":[[40.0, 20.0], [80.0, 20.0], [80.0, 60.0], [40.0, 60.0]], }"
2039.6999999992404,"{""waypoints"":(-9850.8452, -6568.0365), ""unsafe_region"":[[40.0, 20.0], [80.0, 20.0], [80.0, 60.0], [40.0, 60.0]], }"
2039.6999999992404,"{""waypoints"":(-9850.8452, -6568.0365), ""unsafe_region"":[[40.0, 20.0], [80.0, 20.0], [80.0, 60.0], [40.0, 60.0]], }"
2039.6999999992404,"{""waypoints"":(-9850.8452, -6568.0365), ""unsafe_region"":[[40.0, 20.0], [80.0, 20.0], [80.0, 60.0], [40.0, 60.0]], }"
2039.6999999992404,"{""waypoints"":(-9850.8452, -6568.0365), ""unsafe_region"":[[40.0, 20.0], [80.0, 20.0], [80.0, 60.0], [40.0, 60.0]], }"
2039.6999999992404,"{""waypoints"":(-9850.8452, -6568.0365), ""unsafe_region"":[[40.0, 20.0], [80.0, 20.0], [80.0, 60.0], [40.0, 60.0]], }"
2039.6999999992404,"{""waypoints"":(-9850.8452, -6568.0365), ""unsafe_region"":[[40.0, 20.0], [80.0, 20.0], [80.0, 60.0], [40.0, 60.0]], }"
2039.6999999992404,"{""waypoints"":(-9850.8452, -6568.0365), ""unsafe_region"":[[40.0, 20.0], [80.0, 20.0], [80.0, 60.0], [40.0, 60.0]], }"
2039.6999999992404,"{""waypoints"":(-9850.8452, -6568.0365), ""unsafe_region"":[[40.0, 20.0], [80.0, 20.0], [80.0, 60.0], [40.0, 60.0]], }"
2039.6999999992404,"{""waypoints"":(-9850.8452, -6568.0365), ""unsafe_region"":[[40.0, 20.0], [80.0, 20.0], [80.0, 60.0], [40.0, 60.0]], }"
2039.7999999992403,"{""waypoints"":(-9850.8452, -6568.0365), ""unsafe_region"":[[40.0, 20.0], [80.0, 20.0], [80.0, 60.0], [40.0, 60.0]], }"
2039.7999999992403,"{""waypoints"":(-9850.8452, -6568.0365), ""unsafe_region"":[[40.0, 20.0], [80.0, 20.0], [80.0, 60.0], [40.0, 60.0]], }"
2039.7999999992403,"{""waypoints"":(-9850.8452, -6568.0365), ""unsafe_region"":[[40.0, 20.0], [80.0, 20.0], [80.0, 60.0], [40.0, 60.0]], }"
2039.7999999992403,"{""waypoints"":(-9850.8452, -6568.0365), ""unsafe_region"":[[40.0, 20.0], [80.0, 20.0], [80.0, 60.0], [40.0, 60.0]], }"
2039.7999999992403,"{""waypoints"":(-9850.8452, -6568.0365), ""unsafe_region"":[[40.0, 20.0], [80.0, 20.0], [80.0, 60.0], [40.0, 60.0]], }"
2039.7999999992403,"{""waypoints"":(-9850.8452, -6568.0365), ""unsafe_region"":[[40.0, 20.0], [80.0, 20.0], [80.0, 60.0], [40.0, 60.0]], }"
2039.7999999992403,"{""waypoints"":(-9850.8452, -6568.0365), ""unsafe_region"":[[40.0, 20.0], [80.0, 20.0], [80.0, 60.0], [40.0, 60.0]], }"
2039.7999999992403,"{""waypoints"":(-9850.8452, -6568.0365), ""unsafe_region"":[[40.0, 20.0], [80.0, 20.0], [80.0, 60.0], [40.0, 60.0]], }"
2039.7999999992403,"{""waypoints"":(-9850.8452, -6568.0365), ""unsafe_region"":[[40.0, 20.0], [80.0, 20.0], [80.0, 60.0], [40.0, 60.0]], }"
2039.7999999992403,"{""waypoints"":(-9850.8452, -6568.0365), ""unsafe_region"":[[40.0, 20.0], [80.0, 20.0], [80.0, 60.0], [40.0, 60.0]], }"
2039.7999999992403,"{""waypoints"":(-9850.8452, -6568.0365), ""unsafe_region"":[[40.0, 20.0], [80.0, 20.0], [80.0, 60.0], [40.0, 60.0]], }"
2039.7999999992403,"{""waypoints"":(-9850.8452, -6568.0365), ""unsafe_region"":[[40.0, 20.0], [80.0, 20.0], [80.0, 60.0], [40.0, 60.0]], }"
2039.7999999992403,"{""waypoints"":(-9850.8452, -6568.0365), ""unsafe_region"":[[40.0, 20.0], [80.0, 20.0], [80.0, 60.0], [40.0, 60.0]], }"
2039.7999999992403,"{""waypoints"":(-9850.8452, -6568.0365), ""unsafe_region"":[[40.0, 20.0], [80.0, 20.0], [80.0, 60.0], [40.0, 60.0]], }"
2039.7999999992403,"{""waypoints"":(-9850.8452, -6568.0365), ""unsafe_region"":[[40.0, 20.0], [80.0, 20.0], [80.0, 60.0], [40.0, 60.0]], }"
2039.7999999992403,"{""waypoints"":(-9850.8452, -6568.0365), ""unsafe_region"":[[40.0, 20.0], [80.0, 20.0], [80.0, 60.0], [40.0, 60.0]], }"
2039.7999999992403,"{""waypoints"":(-9850.8452, -6568.0365), ""unsafe_region"":[[40.0, 20.0], [80.0, 20.0], [80.0, 60.0], [40.0, 60.0]], }"
2039.7999999992403,"{""waypoints"":(-9850.8452, -6568.0365), ""unsafe_region"":[[40.0, 20.0], [80.0, 20.0], [80.0, 60.0], [40.0, 60.0]], }"
2039.7999999992403,"{""waypoints"":(-9850.8452, -6568.0365), ""unsafe_region"":[[40.0, 20.0], [80.0, 20.0], [80.0, 60.0], [40.0, 60.0]], }"
2039.7999999992403,"{""waypoints"":(-9850.8452, -6568.0365), ""unsafe_region"":[[40.0, 20.0], [80.0, 20.0], [80.0, 60.0], [40.0, 60.0]], }"
2039.7999999992403,"{""waypoints"":(-9850.8452, -6568.0365), ""unsafe_region"":[[40.0, 20.0], [80.0, 20.0], [80.0, 60.0], [40.0, 60.0]], }"
2039.7999999992403,"{""waypoints"":(-9850.8452, -6568.0365), ""unsafe_region"":[[40.0, 20.0], [80.0, 20.0], [80.0, 60.0], [40.0, 60.0]], }"
2039.7999999992403,"{""waypoints"":(-9850.8452, -6568.0365), ""unsafe_region"":[[40.0, 20.0], [80.0, 20.0], [80.0, 60.0], [40.0, 60.0]], }"
2039.7999999992403,"{""waypoints"":(-9850.8452, -6568.0365), ""unsafe_region"":[[40.0, 20.0], [80.0, 20.0], [80.0, 60.0], [40.0, 60.0]], }"
2039.7999999992403,"{""waypoints"":(-9850.8452, -6568.0365), ""unsafe_region"":[[40.0, 20.0], [80.0, 20.0], [80.0, 60.0], [40.0, 60.0]], }"
2039.7999999992403,"{""waypoints"":(-9850.8452, -6568.0365), ""unsafe_region"":[[40.0, 20.0], [80.0, 20.0], [80.0, 60.0], [40.0, 60.0]], }"
2039.7999999992403,"{""waypoints"":(-9850.8452, -6568.0365), ""unsafe_region"":[[40.0, 20.0], [80.0, 20.0], [80.0, 60.0], [40.0, 60.0]], }"
2039.7999999992403,"{""waypoints"":(-9850.8452, -6568.0365), ""unsafe_region"":[[40.0, 20.0], [80.0, 20.0], [80.0, 60.0], [40.0, 60.0]], }"
2039.7999999992403,"{""waypoints"":(-9850.8452, -6568.0365), ""unsafe_region"":[[40.0, 20.0], [80.0, 20.0], [80.0, 60.0], [40.0, 60.0]], }"
2039.7999999992403,"{""waypoints"":(-9850.8452, -6568.0365), ""unsafe_region"":[[40.0, 20.0], [80.0, 20.0], [80.0, 60.0], [40.0, 60.0]], }"
2039.7999999992403,"{""waypoints"":(-9850.8452, -6568.0365), ""unsafe_region"":[[40.0, 20.0], [80.0, 20.0], [80.0, 60.0], [40.0, 60.0]], }"
2039.7999999992403,"{""waypoints"":(-9850.8452, -6568.0365), ""unsafe_region"":[[40.0, 20.0], [80.0, 20.0], [80.0, 60.0], [40.0, 60.0]], }"
2039.7999999992403,"{""waypoints"":(-9850.8452, -6568.0365), ""unsafe_region"":[[40.0, 20.0], [80.0, 20.0], [80.0, 60.0], [40.0, 60.0]], }"
2039.7999999992403,"{""waypoints"":(-9850.8452, -6568.0365), ""unsafe_region"":[[40.0, 20.0], [80.0, 20.0], [80.0, 60.0], [40.0, 60.0]], }"
2039.7999999992403,"{""waypoints"":(-9850.8452, -6568.0365), ""unsafe_region"":[[40.0, 20.0], [80.0, 20.0], [80.0, 60.0], [40.0, 60.0]], }"
2039.7999999992403,"{""waypoints"":(-9850.8452, -6568.0365), ""unsafe_region"":[[40.0, 20.0], [80.0, 20.0], [80.0, 60.0], [40.0, 60.0]], }"
2054.8999999992266,"{""waypoints"":(-9850.8452, -6568.0365), ""unsafe_region"":[[40.0, 20.0], [80.0, 20.0], [80.0, 60.0], [40.0, 60.0]], }"
2054.9999999992265,"{""waypoints"":(-9850.8452, -6568.0365), ""unsafe_region"":[[40.0, 20.0], [80.0, 20.0], [80.0, 60.0], [40.0, 60.0]], }"
2054.9999999992265,"{""waypoints"":(-9850.8452, -6568.0365), ""unsafe_region"":[[40.0, 20.0], [80.0, 20.0], [80.0, 60.0], [40.0, 60.0]], }"
2054.9999999992265,"{""waypoints"":(-9850.8452, -6568.0365), ""unsafe_region"":[[40.0, 20.0], [80.0, 20.0], [80.0, 60.0], [40.0, 60.0]], }"
2054.9999999992265,"{""waypoints"":(-9850.8452, -6568.0365), ""unsafe_region"":[[40.0, 20.0], [80.0, 20.0], [80.0, 60.0], [40.0, 60.0]], }"
2054.9999999992265,"{""waypoints"":(-9850.8452, -6568.0365), ""unsafe_region"":[[40.0, 20.0], [80.0, 20.0], [80.0, 60.0], [40.0, 60.0]], }"
2054.9999999992265,"{""waypoints"":(-9850.8452, -6568.0365), ""unsafe_region"":[[40.0, 20.0], [80.0, 20.0], [80.0, 60.0], [40.0, 60.0]], }"
2054.9999999992265,"{""waypoints"":(-9850.8452, -6568.0365), ""unsafe_region"":[[40.0, 20.0], [80.0, 20.0], [80.0, 60.0], [40.0, 60.0]], }"
2054.9999999992265,"{""waypoints"":(-9850.8452, -6568.0365), ""unsafe_region"":[[40.0, 20.0], [80.0, 20.0], [80.0, 60.0], [40.0, 60.0]], }"
2054.9999999992265,"{""waypoints"":(-9850.8452, -6568.0365), ""unsafe_region"":[[40.0, 20.0], [80.0, 20.0], [80.0, 60.0], [40.0, 60.0]], }"
2054.9999999992265,"{""waypoints"":(-9850.8452, -6568.0365), ""unsafe_region"":[[40.0, 20.0], [80.0, 20.0], [80.0, 60.0], [40.0, 60.0]], }"
2054.9999999992265,"{""waypoints"":(-9850.8452, -6568.0365), ""unsafe_region"":[[40.0, 20.0], [80.0, 20.0], [80.0, 60.0], [40.0, 60.0]], }"
2054.9999999992265,"{""waypoints"":(-9850.8452, -6568.0365), ""unsafe_region"":[[40.0, 20.0], [80.0, 20.0], [80.0, 60.0], [40.0, 60.0]], }"
2054.9999999992265,"{""waypoints"":(-9850.8452, -6568.0365), ""unsafe_region"":[[40.0, 20.0], [80.0, 20.0], [80.0, 60.0], [40.0, 60.0]], }"
2054.9999999992265,"{""waypoints"":(-9850.8452, -6568.0365), ""unsafe_region"":[[40.0, 20.0], [80.0, 20.0], [80.0, 60.0], [40.0, 60.0]], }"
2054.9999999992265,"{""waypoints"":(-9850.8452, -6568.0365), ""unsafe_region"":[[40.0, 20.0], [80.0, 20.0], [80.0, 60.0], [40.0, 60.0]], }"
2130.8999999991574,"{""waypoints"":(-9850.8452, -6568.0365), ""unsafe_region"":[[40.0, 20.0], [80.0, 20.0], [80.0, 60.0], [40.0, 60.0]], }"
2130.9999999991574,"{""waypoints"":(-9850.8452, -6568.0365), ""unsafe_region"":[[40.0, 20.0], [80.0, 20.0], [80.0, 60.0], [40.0, 60.0]], }"
2130.9999999991574,"{""waypoints"":(-9850.8452, -6568.0365), ""unsafe_region"":[[40.0, 20.0], [80.0, 20.0], [80.0, 60.0], [40.0, 60.0]], }"
2130.9999999991574,"{""waypoints"":(-9850.8452, -6568.0365), ""unsafe_region"":[[40.0, 20.0], [80.0, 20.0], [80.0, 60.0], [40.0, 60.0]], }"
2130.9999999991574,"{""waypoints"":(-9850.8452, -6568.0365), ""unsafe_region"":[[40.0, 20.0], [80.0, 20.0], [80.0, 60.0], [40.0, 60.0]], }"
2130.9999999991574,"{""waypoints"":(-9850.8452, -6568.0365), ""unsafe_region"":[[40.0, 20.0], [80.0, 20.0], [80.0, 60.0], [40.0, 60.0]], }"
2130.9999999991574,"{""waypoints"":(-9850.8452, -6568.0365), ""unsafe_region"":[[40.0, 20.0], [80.0, 20.0], [80.0, 60.0], [40.0, 60.0]], }"
2130.9999999991574,"{""waypoints"":(-9850.8452, -6568.0365), ""unsafe_region"":[[40.0, 20.0], [80.0, 20.0], [80.0, 60.0], [40.0, 60.0]], }"
2130.9999999991574,"{""waypoints"":(-9850.8452, -6568.0365), ""unsafe_region"":[[40.0, 20.0], [80.0, 20.0], [80.0, 60.0], [40.0, 60.0]], }"
2130.9999999991574,"{""waypoints"":(-9850.8452, -6568.0365), ""unsafe_region"":[[40.0, 20.0], [80.0, 20.0], [80.0, 60.0], [40.0, 60.0]], }"
2130.9999999991574,"{""waypoints"":(-9850.8452, -6568.0365), ""unsafe_region"":[[40.0, 20.0], [80.0, 20.0], [80.0, 60.0], [40.0, 60.0]], }"
2130.9999999991574,"{""waypoints"":(-9850.8452, -6568.0365), ""unsafe_region"":[[40.0, 20.0], [80.0, 20.0], [80.0, 60.0], [40.0, 60.0]], }"
2130.9999999991574,"{""waypoints"":(-9850.8452, -6568.0365), ""unsafe_region"":[[40.0, 20.0], [80.0, 20.0], [80.0, 60.0], [40.0, 60.0]], }"
2130.9999999991574,"{""waypoints"":(-9850.8452, -6568.0365), ""unsafe_region"":[[40.0, 20.0], [80.0, 20.0], [80.0, 60.0], [40.0, 60.0]], }"
2130.9999999991574,"{""waypoints"":(-9850.8452, -6568.0365), ""unsafe_region"":[[40.0, 20.0], [80.0, 20.0], [80.0, 60.0], [40.0, 60.0]], }"
2130.9999999991574,"{""waypoints"":(-9850.8452, -6568.0365), ""unsafe_region"":[[40.0, 20.0], [80.0, 20.0], [80.0, 60.0], [40.0, 60.0]], }"
2130.9999999991574,"{""waypoints"":(-9850.8452, -6568.0365), ""unsafe_region"":[[40.0, 20.0], [80.0, 20.0], [80.0, 60.0], [40.0, 60.0]], }"
2130.9999999991574,"{""waypoints"":(-9850.8452, -6568.0365), ""unsafe_region"":[[40.0, 20.0], [80.0, 20.0], [80.0, 60.0], [40.0, 60.0]], }"
2130.9999999991574,"{""waypoints"":(-9850.8452, -6568.0365), ""unsafe_region"":[[40.0, 20.0], [80.0, 20.0], [80.0, 60.0], [40.0, 60.0]], }"
2130.9999999991574,"{""waypoints"":(-9850.8452, -6568.0365), ""unsafe_region"":[[40.0, 20.0], [80.0, 20.0], [80.0, 60.0], [40.0, 60.0]], }"
2130.9999999991574,"{""waypoints"":(-9850.8452, -6568.0365), ""unsafe_region"":[[40.0, 20.0], [80.0, 20.0], [80.0, 60.0], [40.0, 60.0]], }"
2130.9999999991574,"{""waypoints"":(-9850.8452, -6568.0365), ""unsafe_region"":[[40.0, 20.0], [80.0, 20.0], [80.0, 60.0], [40.0, 60.0]], }"
2130.9999999991574,"{""waypoints"":(-9850.8452, -6568.0365), ""unsafe_region"":[[40.0, 20.0], [80.0, 20.0], [80.0, 60.0], [40.0, 60.0]], }"
2130.9999999991574,"{""waypoints"":(-9850.8452, -6568.0365), ""unsafe_region"":[[40.0, 20.0], [80.0, 20.0], [80.0, 60.0], [40.0, 60.0]], }"
2130.9999999991574,"{""waypoints"":(-9850.8452, -6568.0365), ""unsafe_region"":[[40.0, 20.0], [80.0, 20.0], [80.0, 60.0], [40.0, 60.0]], }"
2130.9999999991574,"{""waypoints"":(-9850.8452, -6568.0365), ""unsafe_region"":[[40.0, 20.0], [80.0, 20.0], [80.0, 60.0], [40.0, 60.0]], }"
2130.9999999991574,"{""waypoints"":(-9850.8452, -6568.0365), ""unsafe_region"":[[40.0, 20.0], [80.0, 20.0], [80.0, 60.0], [40.0, 60.0]], }"
2130.9999999991574,"{""waypoints"":(-9850.8452, -6568.0365), ""unsafe_region"":[[40.0, 20.0], [80.0, 20.0], [80.0, 60.0], [40.0, 60.0]], }"
2130.9999999991574,"{""waypoints"":(-9850.8452, -6568.0365), ""unsafe_region"":[[40.0, 20.0], [80.0, 20.0], [80.0, 60.0], [40.0, 60.0]], }"
2130.9999999991574,"{""waypoints"":(-9850.8452, -6568.0365), ""unsafe_region"":[[40.0, 20.0], [80.0, 20.0], [80.0, 60.0], [40.0, 60.0]], }"
2130.9999999991574,"{""waypoints"":(-9850.8452, -6568.0365), ""unsafe_region"":[[40.0, 20.0], [80.0, 20.0], [80.0, 60.0], [40.0, 60.0]], }"
2130.9999999991574,"{""waypoints"":(-9850.8452, -6568.0365), ""unsafe_region"":[[40.0, 20.0], [80.0, 20.0], [80.0, 60.0], [40.0, 60.0]], }"
2130.9999999991574,"{""waypoints"":(-9850.8452, -6568.0365), ""unsafe_region"":[[40.0, 20.0], [80.0, 20.0], [80.0, 60.0], [40.0, 60.0]], }"
2130.9999999991574,"{""waypoints"":(-9850.8452, -6568.0365), ""unsafe_region"":[[40.0, 20.0], [80.0, 20.0], [80.0, 60.0], [40.0, 60.0]], }"
2130.9999999991574,"{""waypoints"":(-9850.8452, -6568.0365), ""unsafe_region"":[[40.0, 20.0], [80.0, 20.0], [80.0, 60.0], [40.0, 60.0]], }"
2130.9999999991574,"{""waypoints"":(-9850.8452, -6568.0365), ""unsafe_region"":[[40.0, 20.0], [80.0, 20.0], [80.0, 60.0], [40.0, 60.0]], }"
2130.9999999991574,"{""waypoints"":(-9850.8452, -6568.0365), ""unsafe_region"":[[40.0, 20.0], [80.0, 20.0], [80.0, 60.0], [40.0, 60.0]], }"
2130.9999999991574,"{""waypoints"":(-9850.8452, -6568.0365), ""unsafe_region"":[[40.0, 20.0], [80.0, 20.0], [80.0, 60.0], [40.0, 60.0]], }"
2130.9999999991574,"{""waypoints"":(-9850.8452, -6568.0365), ""unsafe_region"":[[40.0, 20.0], [80.0, 20.0], [80.0, 60.0], [40.0, 60.0]], }"
2130.9999999991574,"{""waypoints"":(-9850.8452, -6568.0365), ""unsafe_region"":[[40.0, 20.0], [80.0, 20.0], [80.0, 60.0], [40.0, 60.0]], }"
2130.9999999991574,"{""waypoints"":(-9850.8452, -6568.0365), ""unsafe_region"":[[40.0, 20.0], [80.0, 20.0], [80.0, 60.0], [40.0, 60.0]], }"
2130.9999999991574,"{""waypoints"":(-9850.8452, -6568.0365), ""unsafe_region"":[[40.0, 20.0], [80.0, 20.0], [80.0, 60.0], [40.0, 60.0]], }"
2130.9999999991574,"{""waypoints"":(-9850.8452, -6568.0365), ""unsafe_region"":[[40.0, 20.0], [80.0, 20.0], [80.0, 60.0], [40.0, 60.0]], }"
2130.9999999991574,"{""waypoints"":(-9850.8452, -6568.0365), ""unsafe_region"":[[40.0, 20.0], [80.0, 20.0], [80.0, 60.0], [40.0, 60.0]], }"
2130.9999999991574,"{""waypoints"":(-9850.8452, -6568.0365), ""unsafe_region"":[[40.0, 20.0], [80.0, 20.0], [80.0, 60.0], [40.0, 60.0]], }"
2130.9999999991574,"{""waypoints"":(-9850.8452, -6568.0365), ""unsafe_region"":[[40.0, 20.0], [80.0, 20.0], [80.0, 60.0], [40.0, 60.0]], }"
2130.9999999991574,"{""waypoints"":(-9850.8452, -6568.0365), ""unsafe_region"":[[40.0, 20.0], [80.0, 20.0], [80.0, 60.0], [40.0, 60.0]], }"
2130.9999999991574,"{""waypoints"":(-9850.8452, -6568.0365), ""unsafe_region"":[[40.0, 20.0], [80.0, 20.0], [80.0, 60.0], [40.0, 60.0]], }"
2130.9999999991574,"{""waypoints"":(-9850.8452, -6568.0365), ""unsafe_region"":[[40.0, 20.0], [80.0, 20.0], [80.0, 60.0], [40.0, 60.0]], }"
2130.9999999991574,"{""waypoints"":(-9850.8452, -6568.0365), ""unsafe_region"":[[40.0, 20.0], [80.0, 20.0], [80.0, 60.0], [40.0, 60.0]], }"
2130.9999999991574,"{""waypoints"":(-9850.8452, -6568.0365), ""unsafe_region"":[[40.0, 20.0], [80.0, 20.0], [80.0, 60.0], [40.0, 60.0]], }"
2130.9999999991574,"{""waypoints"":(-9850.8452, -6568.0365), ""unsafe_region"":[[40.0, 20.0], [80.0, 20.0], [80.0, 60.0], [40.0, 60.0]], }"
2130.9999999991574,"{""waypoints"":(-9850.8452, -6568.0365), ""unsafe_region"":[[40.0, 20.0], [80.0, 20.0], [80.0, 60.0], [40.0, 60.0]], }"
2130.9999999991574,"{""waypoints"":(-9850.8452, -6568.0365), ""unsafe_region"":[[40.0, 20.0], [80.0, 20.0], [80.0, 60.0], [40.0, 60.0]], }"
2130.9999999991574,"{""waypoints"":(-9850.8452, -6568.0365), ""unsafe_region"":[[40.0, 20.0], [80.0, 20.0], [80.0, 60.0], [40.0, 60.0]], }"
2130.9999999991574,"{""waypoints"":(-9850.8452, -6568.0365), ""unsafe_region"":[[40.0, 20.0], [80.0, 20.0], [80.0, 60.0], [40.0, 60.0]], }"
2130.9999999991574,"{""waypoints"":(-9850.8452, -6568.0365), ""unsafe_region"":[[40.0, 20.0], [80.0, 20.0], [80.0, 60.0], [40.0, 60.0]], }"
2130.9999999991574,"{""waypoints"":(-9850.8452, -6568.0365), ""unsafe_region"":[[40.0, 20.0], [80.0, 20.0], [80.0, 60.0], [40.0, 60.0]], }"
2130.9999999991574,"{""waypoints"":(-9850.8452, -6568.0365), ""unsafe_region"":[[40.0, 20.0], [80.0, 20.0], [80.0, 60.0], [40.0, 60.0]], }"
2130.9999999991574,"{""waypoints"":(-9850.8452, -6568.0365), ""unsafe_region"":[[40.0, 20.0], [80.0, 20.0], [80.0, 60.0], [40.0, 60.0]], }"
2130.9999999991574,"{""waypoints"":(-9850.8452, -6568.0365), ""unsafe_region"":[[40.0, 20.0], [80.0, 20.0], [80.0, 60.0], [40.0, 60.0]], }"
2130.9999999991574,"{""waypoints"":(-9850.8452, -6568.0365), ""unsafe_region"":[[40.0, 20.0], [80.0, 20.0], [80.0, 60.0], [40.0, 60.0]], }"
2130.9999999991574,"{""waypoints"":(-9850.8452, -6568.0365), ""unsafe_region"":[[40.0, 20.0], [80.0, 20.0], [80.0, 60.0], [40.0, 60.0]], }"
2130.9999999991574,"{""waypoints"":(-9850.8452, -6568.0365), ""unsafe_region"":[[40.0, 20.0], [80.0, 20.0], [80.0, 60.0], [40.0, 60.0]], }"
2130.9999999991574,"{""waypoints"":(-9850.8452, -6568.0365), ""unsafe_region"":[[40.0, 20.0], [80.0, 20.0], [80.0, 60.0], [40.0, 60.0]], }"
2130.9999999991574,"{""waypoints"":(-9850.8452, -6568.0365), ""unsafe_region"":[[40.0, 20.0], [80.0, 20.0], [80.0, 60.0], [40.0, 60.0]], }"
2130.9999999991574,"{""waypoints"":(-9850.8452, -6568.0365), ""unsafe_region"":[[40.0, 20.0], [80.0, 20.0], [80.0, 60.0], [40.0, 60.0]], }"
2130.9999999991574,"{""waypoints"":(-9850.8452, -6568.0365), ""unsafe_region"":[[40.0, 20.0], [80.0, 20.0], [80.0, 60.0], [40.0, 60.0]], }"
2130.9999999991574,"{""waypoints"":(-9850.8452, -6568.0365), ""unsafe_region"":[[40.0, 20.0], [80.0, 20.0], [80.0, 60.0], [40.0, 60.0]], }"
2130.9999999991574,"{""waypoints"":(-9850.8452, -6568.0365), ""unsafe_region"":[[40.0, 20.0], [80.0, 20.0], [80.0, 60.0], [40.0, 60.0]], }"
2130.9999999991574,"{""waypoints"":(-9850.8452, -6568.0365), ""unsafe_region"":[[40.0, 20.0], [80.0, 20.0], [80.0, 60.0], [40.0, 60.0]], }"
2130.9999999991574,"{""waypoints"":(-9850.8452, -6568.0365), ""unsafe_region"":[[40.0, 20.0], [80.0, 20.0], [80.0, 60.0], [40.0, 60.0]], }"
2130.9999999991574,"{""waypoints"":(-9850.8452, -6568.0365), ""unsafe_region"":[[40.0, 20.0], [80.0, 20.0], [80.0, 60.0], [40.0, 60.0]], }"
2130.9999999991574,"{""waypoints"":(-9850.8452, -6568.0365), ""unsafe_region"":[[40.0, 20.0], [80.0, 20.0], [80.0, 60.0], [40.0, 60.0]], }"
2130.9999999991574,"{""waypoints"":(-9850.8452, -6568.0365), ""unsafe_region"":[[40.0, 20.0], [80.0, 20.0], [80.0, 60.0], [40.0, 60.0]], }"
2130.9999999991574,"{""waypoints"":(-9850.8452, -6568.0365), ""unsafe_region"":[[40.0, 20.0], [80.0, 20.0], [80.0, 60.0], [40.0, 60.0]], }"
2206.8999999990883,"{""waypoints"":(-9850.8452, -6568.0365), ""unsafe_region"":[[40.0, 20.0], [80.0, 20.0], [80.0, 60.0], [40.0, 60.0]], }"
2206.9999999990882,"{""waypoints"":(-9850.8452, -6568.0365), ""unsafe_region"":[[40.0, 20.0], [80.0, 20.0], [80.0, 60.0], [40.0, 60.0]], }"
2206.9999999990882,"{""waypoints"":(-9850.8452, -6568.0365), ""unsafe_region"":[[40.0, 20.0], [80.0, 20.0], [80.0, 60.0], [40.0, 60.0]], }"
2206.9999999990882,"{""waypoints"":(-9850.8452, -6568.0365), ""unsafe_region"":[[40.0, 20.0], [80.0, 20.0], [80.0, 60.0], [40.0, 60.0]], }"
2206.9999999990882,"{""waypoints"":(-9850.8452, -6568.0365), ""unsafe_region"":[[40.0, 20.0], [80.0, 20.0], [80.0, 60.0], [40.0, 60.0]], }"
2206.9999999990882,"{""waypoints"":(-9850.8452, -6568.0365), ""unsafe_region"":[[40.0, 20.0], [80.0, 20.0], [80.0, 60.0], [40.0, 60.0]], }"
2206.9999999990882,"{""waypoints"":(-9850.8452, -6568.0365), ""unsafe_region"":[[40.0, 20.0], [80.0, 20.0], [80.0, 60.0], [40.0, 60.0]], }"
2206.9999999990882,"{""waypoints"":(-9850.8452, -6568.0365), ""unsafe_region"":[[40.0, 20.0], [80.0, 20.0], [80.0, 60.0], [40.0, 60.0]], }"
2206.9999999990882,"{""waypoints"":(-9850.8452, -6568.0365), ""unsafe_region"":[[40.0, 20.0], [80.0, 20.0], [80.0, 60.0], [40.0, 60.0]], }"
2206.9999999990882,"{""waypoints"":(-9850.8452, -6568.0365), ""unsafe_region"":[[40.0, 20.0], [80.0, 20.0], [80.0, 60.0], [40.0, 60.0]], }"
2206.9999999990882,"{""waypoints"":(-9850.8452, -6568.0365), ""unsafe_region"":[[40.0, 20.0], [80.0, 20.0], [80.0, 60.0], [40.0, 60.0]], }"
2206.9999999990882,"{""waypoints"":(-9850.8452, -6568.0365), ""unsafe_region"":[[40.0, 20.0], [80.0, 20.0], [80.0, 60.0], [40.0, 60.0]], }"
2206.9999999990882,"{""waypoints"":(-9850.8452, -6568.0365), ""unsafe_region"":[[40.0, 20.0], [80.0, 20.0], [80.0, 60.0], [40.0, 60.0]], }"
2206.9999999990882,"{""waypoints"":(-9850.8452, -6568.0365), ""unsafe_region"":[[40.0, 20.0], [80.0, 20.0], [80.0, 60.0], [40.0, 60.0]], }"
2206.9999999990882,"{""waypoints"":(-9850.8452, -6568.0365), ""unsafe_region"":[[40.0, 20.0], [80.0, 20.0], [80.0, 60.0], [40.0, 60.0]], }"
2206.9999999990882,"{""waypoints"":(-9850.8452, -6568.0365), ""unsafe_region"":[[40.0, 20.0], [80.0, 20.0], [80.0, 60.0], [40.0, 60.0]], }"
2206.9999999990882,"{""waypoints"":(-9850.8452, -6568.0365), ""unsafe_region"":[[40.0, 20.0], [80.0, 20.0], [80.0, 60.0], [40.0, 60.0]], }"
2206.9999999990882,"{""waypoints"":(-9850.8452, -6568.0365), ""unsafe_region"":[[40.0, 20.0], [80.0, 20.0], [80.0, 60.0], [40.0, 60.0]], }"
2206.9999999990882,"{""waypoints"":(-9850.8452, -6568.0365), ""unsafe_region"":[[40.0, 20.0], [80.0, 20.0], [80.0, 60.0], [40.0, 60.0]], }"
2206.9999999990882,"{""waypoints"":(-9850.8452, -6568.0365), ""unsafe_region"":[[40.0, 20.0], [80.0, 20.0], [80.0, 60.0], [40.0, 60.0]], }"
2206.9999999990882,"{""waypoints"":(-9850.8452, -6568.0365), ""unsafe_region"":[[40.0, 20.0], [80.0, 20.0], [80.0, 60.0], [40.0, 60.0]], }"
2206.9999999990882,"{""waypoints"":(-9850.8452, -6568.0365), ""unsafe_region"":[[40.0, 20.0], [80.0, 20.0], [80.0, 60.0], [40.0, 60.0]], }"
2206.9999999990882,"{""waypoints"":(-9850.8452, -6568.0365), ""unsafe_region"":[[40.0, 20.0], [80.0, 20.0], [80.0, 60.0], [40.0, 60.0]], }"
2206.9999999990882,"{""waypoints"":(-9850.8452, -6568.0365), ""unsafe_region"":[[40.0, 20.0], [80.0, 20.0], [80.0, 60.0], [40.0, 60.0]], }"
2206.9999999990882,"{""waypoints"":(-9850.8452, -6568.0365), ""unsafe_region"":[[40.0, 20.0], [80.0, 20.0], [80.0, 60.0], [40.0, 60.0]], }"
2206.9999999990882,"{""waypoints"":(-9850.8452, -6568.0365), ""unsafe_region"":[[40.0, 20.0], [80.0, 20.0], [80.0, 60.0], [40.0, 60.0]], }"
2206.9999999990882,"{""waypoints"":(-9850.8452, -6568.0365), ""unsafe_region"":[[40.0, 20.0], [80.0, 20.0], [80.0, 60.0], [40.0, 60.0]], }"
2206.9999999990882,"{""waypoints"":(-9850.8452, -6568.0365), ""unsafe_region"":[[40.0, 20.0], [80.0, 20.0], [80.0, 60.0], [40.0, 60.0]], }"
2206.9999999990882,"{""waypoints"":(-9850.8452, -6568.0365), ""unsafe_region"":[[40.0, 20.0], [80.0, 20.0], [80.0, 60.0], [40.0, 60.0]], }"
2206.9999999990882,"{""waypoints"":(-9850.8452, -6568.0365), ""unsafe_region"":[[40.0, 20.0], [80.0, 20.0], [80.0, 60.0], [40.0, 60.0]], }"
2206.9999999990882,"{""waypoints"":(-9850.8452, -6568.0365), ""unsafe_region"":[[40.0, 20.0], [80.0, 20.0], [80.0, 60.0], [40.0, 60.0]], }"
2206.9999999990882,"{""waypoints"":(-9850.8452, -6568.0365), ""unsafe_region"":[[40.0, 20.0], [80.0, 20.0], [80.0, 60.0], [40.0, 60.0]], }"
2206.9999999990882,"{""waypoints"":(-9850.8452, -6568.0365), ""unsafe_region"":[[40.0, 20.0], [80.0, 20.0], [80.0, 60.0], [40.0, 60.0]], }"
2206.9999999990882,"{""waypoints"":(-9850.8452, -6568.0365), ""unsafe_region"":[[40.0, 20.0], [80.0, 20.0], [80.0, 60.0], [40.0, 60.0]], }"
2206.9999999990882,"{""waypoints"":(-9850.8452, -6568.0365), ""unsafe_region"":[[40.0, 20.0], [80.0, 20.0], [80.0, 60.0], [40.0, 60.0]], }"
2206.9999999990882,"{""waypoints"":(-9850.8452, -6568.0365), ""unsafe_region"":[[40.0, 20.0], [80.0, 20.0], [80.0, 60.0], [40.0, 60.0]], }"
2206.9999999990882,"{""waypoints"":(-9850.8452, -6568.0365), ""unsafe_region"":[[40.0, 20.0], [80.0, 20.0], [80.0, 60.0], [40.0, 60.0]], }"
2206.9999999990882,"{""waypoints"":(-9850.8452, -6568.0365), ""unsafe_region"":[[40.0, 20.0], [80.0, 20.0], [80.0, 60.0], [40.0, 60.0]], }"
2206.9999999990882,"{""waypoints"":(-9850.8452, -6568.0365), ""unsafe_region"":[[40.0, 20.0], [80.0, 20.0], [80.0, 60.0], [40.0, 60.0]], }"
2206.9999999990882,"{""waypoints"":(-9850.8452, -6568.0365), ""unsafe_region"":[[40.0, 20.0], [80.0, 20.0], [80.0, 60.0], [40.0, 60.0]], }"
2206.9999999990882,"{""waypoints"":(-9850.8452, -6568.0365), ""unsafe_region"":[[40.0, 20.0], [80.0, 20.0], [80.0, 60.0], [40.0, 60.0]], }"
2206.9999999990882,"{""waypoints"":(-9850.8452, -6568.0365), ""unsafe_region"":[[40.0, 20.0], [80.0, 20.0], [80.0, 60.0], [40.0, 60.0]], }"
2206.9999999990882,"{""waypoints"":(-9850.8452, -6568.0365), ""unsafe_region"":[[40.0, 20.0], [80.0, 20.0], [80.0, 60.0], [40.0, 60.0]], }"
2206.9999999990882,"{""waypoints"":(-9850.8452, -6568.0365), ""unsafe_region"":[[40.0, 20.0], [80.0, 20.0], [80.0, 60.0], [40.0, 60.0]], }"
2206.9999999990882,"{""waypoints"":(-9850.8452, -6568.0365), ""unsafe_region"":[[40.0, 20.0], [80.0, 20.0], [80.0, 60.0], [40.0, 60.0]], }"
2206.9999999990882,"{""waypoints"":(-9850.8452, -6568.0365), ""unsafe_region"":[[40.0, 20.0], [80.0, 20.0], [80.0, 60.0], [40.0, 60.0]], }"
2206.9999999990882,"{""waypoints"":(-9850.8452, -6568.0365), ""unsafe_region"":[[40.0, 20.0], [80.0, 20.0], [80.0, 60.0], [40.0, 60.0]], }"
2206.9999999990882,"{""waypoints"":(-9850.8452, -6568.0365), ""unsafe_region"":[[40.0, 20.0], [80.0, 20.0], [80.0, 60.0], [40.0, 60.0]], }"
2206.9999999990882,"{""waypoints"":(-9850.8452, -6568.0365), ""unsafe_region"":[[40.0, 20.0], [80.0, 20.0], [80.0, 60.0], [40.0, 60.0]], }"
2206.9999999990882,"{""waypoints"":(-9850.8452, -6568.0365), ""unsafe_region"":[[40.0, 20.0], [80.0, 20.0], [80.0, 60.0], [40.0, 60.0]], }"
2206.9999999990882,"{""waypoints"":(-9850.8452, -6568.0365), ""unsafe_region"":[[40.0, 20.0], [80.0, 20.0], [80.0, 60.0], [40.0, 60.0]], }"
2206.9999999990882,"{""waypoints"":(-9850.8452, -6568.0365), ""unsafe_region"":[[40.0, 20.0], [80.0, 20.0], [80.0, 60.0], [40.0, 60.0]], }"
2206.9999999990882,"{""waypoints"":(-9850.8452, -6568.0365), ""unsafe_region"":[[40.0, 20.0], [80.0, 20.0], [80.0, 60.0], [40.0, 60.0]], }"
2206.9999999990882,"{""waypoints"":(-9850.8452, -6568.0365), ""unsafe_region"":[[40.0, 20.0], [80.0, 20.0], [80.0, 60.0], [40.0, 60.0]], }"
2206.9999999990882,"{""waypoints"":(-9850.8452, -6568.0365), ""unsafe_region"":[[40.0, 20.0], [80.0, 20.0], [80.0, 60.0], [40.0, 60.0]], }"
2206.9999999990882,"{""waypoints"":(-9850.8452, -6568.0365), ""unsafe_region"":[[40.0, 20.0], [80.0, 20.0], [80.0, 60.0], [40.0, 60.0]], }"
2206.9999999990882,"{""waypoints"":(-9850.8452, -6568.0365), ""unsafe_region"":[[40.0, 20.0], [80.0, 20.0], [80.0, 60.0], [40.0, 60.0]], }"
2206.9999999990882,"{""waypoints"":(-9850.8452, -6568.0365), ""unsafe_region"":[[40.0, 20.0], [80.0, 20.0], [80.0, 60.0], [40.0, 60.0]], }"
2206.9999999990882,"{""waypoints"":(-9850.8452, -6568.0365), ""unsafe_region"":[[40.0, 20.0], [80.0, 20.0], [80.0, 60.0], [40.0, 60.0]], }"
2206.9999999990882,"{""waypoints"":(-9850.8452, -6568.0365), ""unsafe_region"":[[40.0, 20.0], [80.0, 20.0], [80.0, 60.0], [40.0, 60.0]], }"
2206.9999999990882,"{""waypoints"":(-9850.8452, -6568.0365), ""unsafe_region"":[[40.0, 20.0], [80.0, 20.0], [80.0, 60.0], [40.0, 60.0]], }"
2206.9999999990882,"{""waypoints"":(-9850.8452, -6568.0365), ""unsafe_region"":[[40.0, 20.0], [80.0, 20.0], [80.0, 60.0], [40.0, 60.0]], }"
2206.9999999990882,"{""waypoints"":(-9850.8452, -6568.0365), ""unsafe_region"":[[40.0, 20.0], [80.0, 20.0], [80.0, 60.0], [40.0, 60.0]], }"
2206.9999999990882,"{""waypoints"":(-9850.8452, -6568.0365), ""unsafe_region"":[[40.0, 20.0], [80.0, 20.0], [80.0, 60.0], [40.0, 60.0]], }"
2206.9999999990882,"{""waypoints"":(-9850.8452, -6568.0365), ""unsafe_region"":[[40.0, 20.0], [80.0, 20.0], [80.0, 60.0], [40.0, 60.0]], }"
2206.9999999990882,"{""waypoints"":(-9850.8452, -6568.0365), ""unsafe_region"":[[40.0, 20.0], [80.0, 20.0], [80.0, 60.0], [40.0, 60.0]], }"
2206.9999999990882,"{""waypoints"":(-9850.8452, -6568.0365), ""unsafe_region"":[[40.0, 20.0], [80.0, 20.0], [80.0, 60.0], [40.0, 60.0]], }"
2206.9999999990882,"{""waypoints"":(-9850.8452, -6568.0365), ""unsafe_region"":[[40.0, 20.0], [80.0, 20.0], [80.0, 60.0], [40.0, 60.0]], }"
2206.9999999990882,"{""waypoints"":(-9850.8452, -6568.0365), ""unsafe_region"":[[40.0, 20.0], [80.0, 20.0], [80.0, 60.0], [40.0, 60.0]], }"
2206.9999999990882,"{""waypoints"":(-9850.8452, -6568.0365), ""unsafe_region"":[[40.0, 20.0], [80.0, 20.0], [80.0, 60.0], [40.0, 60.0]], }"
2206.9999999990882,"{""waypoints"":(-9850.8452, -6568.0365), ""unsafe_region"":[[40.0, 20.0], [80.0, 20.0], [80.0, 60.0], [40.0, 60.0]], }"
2206.9999999990882,"{""waypoints"":(-9850.8452, -6568.0365), ""unsafe_region"":[[40.0, 20.0], [80.0, 20.0], [80.0, 60.0], [40.0, 60.0]], }"
2206.9999999990882,"{""waypoints"":(-9850.8452, -6568.0365), ""unsafe_region"":[[40.0, 20.0], [80.0, 20.0], [80.0, 60.0], [40.0, 60.0]], }"
2206.9999999990882,"{""waypoints"":(-9850.8452, -6568.0365), ""unsafe_region"":[[40.0, 20.0], [80.0, 20.0], [80.0, 60.0], [40.0, 60.0]], }"
2206.9999999990882,"{""waypoints"":(-9850.8452, -6568.0365), ""unsafe_region"":[[40.0, 20.0], [80.0, 20.0], [80.0, 60.0], [40.0, 60.0]], }"
2206.9999999990882,"{""waypoints"":(-9850.8452, -6568.0365), ""unsafe_region"":[[40.0, 20.0], [80.0, 20.0], [80.0, 60.0], [40.0, 60.0]], }"
2281.099999999021,"{""waypoints"":(-9850.8452, -6568.0365), ""unsafe_region"":[[40.0, 20.0], [80.0, 20.0], [80.0, 60.0], [40.0, 60.0]], }"
2281.1999999990207,"{""waypoints"":(-9850.8452, -6568.0365), ""unsafe_region"":[[40.0, 20.0], [80.0, 20.0], [80.0, 60.0], [40.0, 60.0]], }"
2281.1999999990207,"{""waypoints"":(-9850.8452, -6568.0365), ""unsafe_region"":[[40.0, 20.0], [80.0, 20.0], [80.0, 60.0], [40.0, 60.0]], }"
2281.1999999990207,"{""waypoints"":(-9850.8452, -6568.0365), ""unsafe_region"":[[40.0, 20.0], [80.0, 20.0], [80.0, 60.0], [40.0, 60.0]], }"
2281.1999999990207,"{""waypoints"":(-9850.8452, -6568.0365), ""unsafe_region"":[[40.0, 20.0], [80.0, 20.0], [80.0, 60.0], [40.0, 60.0]], }"
2281.1999999990207,"{""waypoints"":(-9850.8452, -6568.0365), ""unsafe_region"":[[40.0, 20.0], [80.0, 20.0], [80.0, 60.0], [40.0, 60.0]], }"
2281.1999999990207,"{""waypoints"":(-9850.8452, -6568.0365), ""unsafe_region"":[[40.0, 20.0], [80.0, 20.0], [80.0, 60.0], [40.0, 60.0]], }"
2281.1999999990207,"{""waypoints"":(-9850.8452, -6568.0365), ""unsafe_region"":[[40.0, 20.0], [80.0, 20.0], [80.0, 60.0], [40.0, 60.0]], }"
2281.1999999990207,"{""waypoints"":(-9850.8452, -6568.0365), ""unsafe_region"":[[40.0, 20.0], [80.0, 20.0], [80.0, 60.0], [40.0, 60.0]], }"
2281.1999999990207,"{""waypoints"":(-9850.8452, -6568.0365), ""unsafe_region"":[[40.0, 20.0], [80.0, 20.0], [80.0, 60.0], [40.0, 60.0]], }"
2281.1999999990207,"{""waypoints"":(-9850.8452, -6568.0365), ""unsafe_region"":[[40.0, 20.0], [80.0, 20.0], [80.0, 60.0], [40.0, 60.0]], }"
2281.1999999990207,"{""waypoints"":(-9850.8452, -6568.0365), ""unsafe_region"":[[40.0, 20.0], [80.0, 20.0], [80.0, 60.0], [40.0, 60.0]], }"
2281.1999999990207,"{""waypoints"":(-9850.8452, -6568.0365), ""unsafe_region"":[[40.0, 20.0], [80.0, 20.0], [80.0, 60.0], [40.0, 60.0]], }"
2281.1999999990207,"{""waypoints"":(-9850.8452, -6568.0365), ""unsafe_region"":[[40.0, 20.0], [80.0, 20.0], [80.0, 60.0], [40.0, 60.0]], }"
2281.1999999990207,"{""waypoints"":(-9850.8452, -6568.0365), ""unsafe_region"":[[40.0, 20.0], [80.0, 20.0], [80.0, 60.0], [40.0, 60.0]], }"
2281.1999999990207,"{""waypoints"":(-9850.8452, -6568.0365), ""unsafe_region"":[[40.0, 20.0], [80.0, 20.0], [80.0, 60.0], [40.0, 60.0]], }"
2281.1999999990207,"{""waypoints"":(-9850.8452, -6568.0365), ""unsafe_region"":[[40.0, 20.0], [80.0, 20.0], [80.0, 60.0], [40.0, 60.0]], }"
2281.1999999990207,"{""waypoints"":(-9850.8452, -6568.0365), ""unsafe_region"":[[40.0, 20.0], [80.0, 20.0], [80.0, 60.0], [40.0, 60.0]], }"
2281.1999999990207,"{""waypoints"":(-9850.8452, -6568.0365), ""unsafe_region"":[[40.0, 20.0], [80.0, 20.0], [80.0, 60.0], [40.0, 60.0]], }"
2281.1999999990207,"{""waypoints"":(-9850.8452, -6568.0365), ""unsafe_region"":[[40.0, 20.0], [80.0, 20.0], [80.0, 60.0], [40.0, 60.0]], }"
2281.1999999990207,"{""waypoints"":(-9850.8452, -6568.0365), ""unsafe_region"":[[40.0, 20.0], [80.0, 20.0], [80.0, 60.0], [40.0, 60.0]], }"
2281.1999999990207,"{""waypoints"":(-9850.8452, -6568.0365), ""unsafe_region"":[[40.0, 20.0], [80.0, 20.0], [80.0, 60.0], [40.0, 60.0]], }"
2281.1999999990207,"{""waypoints"":(-9850.8452, -6568.0365), ""unsafe_region"":[[40.0, 20.0], [80.0, 20.0], [80.0, 60.0], [40.0, 60.0]], }"
2281.1999999990207,"{""waypoints"":(-9850.8452, -6568.0365), ""unsafe_region"":[[40.0, 20.0], [80.0, 20.0], [80.0, 60.0], [40.0, 60.0]], }"
2281.1999999990207,"{""waypoints"":(-9850.8452, -6568.0365), ""unsafe_region"":[[40.0, 20.0], [80.0, 20.0], [80.0, 60.0], [40.0, 60.0]], }"
2281.1999999990207,"{""waypoints"":(-9850.8452, -6568.0365), ""unsafe_region"":[[40.0, 20.0], [80.0, 20.0], [80.0, 60.0], [40.0, 60.0]], }"
2281.1999999990207,"{""waypoints"":(-9850.8452, -6568.0365), ""unsafe_region"":[[40.0, 20.0], [80.0, 20.0], [80.0, 60.0], [40.0, 60.0]], }"
2281.1999999990207,"{""waypoints"":(-9850.8452, -6568.0365), ""unsafe_region"":[[40.0, 20.0], [80.0, 20.0], [80.0, 60.0], [40.0, 60.0]], }"
2281.1999999990207,"{""waypoints"":(-9850.8452, -6568.0365), ""unsafe_region"":[[40.0, 20.0], [80.0, 20.0], [80.0, 60.0], [40.0, 60.0]], }"
2281.1999999990207,"{""waypoints"":(-9850.8452, -6568.0365), ""unsafe_region"":[[40.0, 20.0], [80.0, 20.0], [80.0, 60.0], [40.0, 60.0]], }"
2281.1999999990207,"{""waypoints"":(-9850.8452, -6568.0365), ""unsafe_region"":[[40.0, 20.0], [80.0, 20.0], [80.0, 60.0], [40.0, 60.0]], }"
2281.1999999990207,"{""waypoints"":(-9850.8452, -6568.0365), ""unsafe_region"":[[40.0, 20.0], [80.0, 20.0], [80.0, 60.0], [40.0, 60.0]], }"
2281.1999999990207,"{""waypoints"":(-9850.8452, -6568.0365), ""unsafe_region"":[[40.0, 20.0], [80.0, 20.0], [80.0, 60.0], [40.0, 60.0]], }"
2281.1999999990207,"{""waypoints"":(-9850.8452, -6568.0365), ""unsafe_region"":[[40.0, 20.0], [80.0, 20.0], [80.0, 60.0], [40.0, 60.0]], }"
2281.1999999990207,"{""waypoints"":(-9850.8452, -6568.0365), ""unsafe_region"":[[40.0, 20.0], [80.0, 20.0], [80.0, 60.0], [40.0, 60.0]], }"
2281.1999999990207,"{""waypoints"":(-9850.8452, -6568.0365), ""unsafe_region"":[[40.0, 20.0], [80.0, 20.0], [80.0, 60.0], [40.0, 60.0]], }"
2281.1999999990207,"{""waypoints"":(-9850.8452, -6568.0365), ""unsafe_region"":[[40.0, 20.0], [80.0, 20.0], [80.0, 60.0], [40.0, 60.0]], }"
2281.1999999990207,"{""waypoints"":(-9850.8452, -6568.0365), ""unsafe_region"":[[40.0, 20.0], [80.0, 20.0], [80.0, 60.0], [40.0, 60.0]], }"
2281.1999999990207,"{""waypoints"":(-9850.8452, -6568.0365), ""unsafe_region"":[[40.0, 20.0], [80.0, 20.0], [80.0, 60.0], [40.0, 60.0]], }"
2281.1999999990207,"{""waypoints"":(-9850.8452, -6568.0365), ""unsafe_region"":[[40.0, 20.0], [80.0, 20.0], [80.0, 60.0], [40.0, 60.0]], }"
2281.1999999990207,"{""waypoints"":(-9850.8452, -6568.0365), ""unsafe_region"":[[40.0, 20.0], [80.0, 20.0], [80.0, 60.0], [40.0, 60.0]], }"
2281.1999999990207,"{""waypoints"":(-9850.8452, -6568.0365), ""unsafe_region"":[[40.0, 20.0], [80.0, 20.0], [80.0, 60.0], [40.0, 60.0]], }"
2281.1999999990207,"{""waypoints"":(-9850.8452, -6568.0365), ""unsafe_region"":[[40.0, 20.0], [80.0, 20.0], [80.0, 60.0], [40.0, 60.0]], }"
2281.1999999990207,"{""waypoints"":(-9850.8452, -6568.0365), ""unsafe_region"":[[40.0, 20.0], [80.0, 20.0], [80.0, 60.0], [40.0, 60.0]], }"
2281.1999999990207,"{""waypoints"":(-9850.8452, -6568.0365), ""unsafe_region"":[[40.0, 20.0], [80.0, 20.0], [80.0, 60.0], [40.0, 60.0]], }"
2281.1999999990207,"{""waypoints"":(-9850.8452, -6568.0365), ""unsafe_region"":[[40.0, 20.0], [80.0, 20.0], [80.0, 60.0], [40.0, 60.0]], }"
2281.1999999990207,"{""waypoints"":(-9850.8452, -6568.0365), ""unsafe_region"":[[40.0, 20.0], [80.0, 20.0], [80.0, 60.0], [40.0, 60.0]], }"
2281.1999999990207,"{""waypoints"":(-9850.8452, -6568.0365), ""unsafe_region"":[[40.0, 20.0], [80.0, 20.0], [80.0, 60.0], [40.0, 60.0]], }"
2281.1999999990207,"{""waypoints"":(-9850.8452, -6568.0365), ""unsafe_region"":[[40.0, 20.0], [80.0, 20.0], [80.0, 60.0], [40.0, 60.0]], }"
2281.1999999990207,"{""waypoints"":(-9850.8452, -6568.0365), ""unsafe_region"":[[40.0, 20.0], [80.0, 20.0], [80.0, 60.0], [40.0, 60.0]], }"
2281.1999999990207,"{""waypoints"":(-9850.8452, -6568.0365), ""unsafe_region"":[[40.0, 20.0], [80.0, 20.0], [80.0, 60.0], [40.0, 60.0]], }"
2281.1999999990207,"{""waypoints"":(-9850.8452, -6568.0365), ""unsafe_region"":[[40.0, 20.0], [80.0, 20.0], [80.0, 60.0], [40.0, 60.0]], }"
2281.1999999990207,"{""waypoints"":(-9850.8452, -6568.0365), ""unsafe_region"":[[40.0, 20.0], [80.0, 20.0], [80.0, 60.0], [40.0, 60.0]], }"
2281.1999999990207,"{""waypoints"":(-9850.8452, -6568.0365), ""unsafe_region"":[[40.0, 20.0], [80.0, 20.0], [80.0, 60.0], [40.0, 60.0]], }"
2281.1999999990207,"{""waypoints"":(-9850.8452, -6568.0365), ""unsafe_region"":[[40.0, 20.0], [80.0, 20.0], [80.0, 60.0], [40.0, 60.0]], }"
2281.1999999990207,"{""waypoints"":(-9850.8452, -6568.0365), ""unsafe_region"":[[40.0, 20.0], [80.0, 20.0], [80.0, 60.0], [40.0, 60.0]], }"
2281.1999999990207,"{""waypoints"":(-9850.8452, -6568.0365), ""unsafe_region"":[[40.0, 20.0], [80.0, 20.0], [80.0, 60.0], [40.0, 60.0]], }"
2281.1999999990207,"{""waypoints"":(-9850.8452, -6568.0365), ""unsafe_region"":[[40.0, 20.0], [80.0, 20.0], [80.0, 60.0], [40.0, 60.0]], }"
2281.1999999990207,"{""waypoints"":(-9850.8452, -6568.0365), ""unsafe_region"":[[40.0, 20.0], [80.0, 20.0], [80.0, 60.0], [40.0, 60.0]], }"
2281.1999999990207,"{""waypoints"":(-9850.8452, -6568.0365), ""unsafe_region"":[[40.0, 20.0], [80.0, 20.0], [80.0, 60.0], [40.0, 60.0]], }"
2281.1999999990207,"{""waypoints"":(-9850.8452, -6568.0365), ""unsafe_region"":[[40.0, 20.0], [80.0, 20.0], [80.0, 60.0], [40.0, 60.0]], }"
2281.1999999990207,"{""waypoints"":(-9850.8452, -6568.0365), ""unsafe_region"":[[40.0, 20.0], [80.0, 20.0], [80.0, 60.0], [40.0, 60.0]], }"
2281.1999999990207,"{""waypoints"":(-9850.8452, -6568.0365), ""unsafe_region"":[[40.0, 20.0], [80.0, 20.0], [80.0, 60.0], [40.0, 60.0]], }"
2281.1999999990207,"{""waypoints"":(-9850.8452, -6568.0365), ""unsafe_region"":[[40.0, 20.0], [80.0, 20.0], [80.0, 60.0], [40.0, 60.0]], }"
2281.1999999990207,"{""waypoints"":(-9850.8452, -6568.0365), ""unsafe_region"":[[40.0, 20.0], [80.0, 20.0], [80.0, 60.0], [40.0, 60.0]], }"
2281.1999999990207,"{""waypoints"":(-9850.8452, -6568.0365), ""unsafe_region"":[[40.0, 20.0], [80.0, 20.0], [80.0, 60.0], [40.0, 60.0]], }"
2281.1999999990207,"{""waypoints"":(-9850.8452, -6568.0365), ""unsafe_region"":[[40.0, 20.0], [80.0, 20.0], [80.0, 60.0], [40.0, 60.0]], }"
2281.1999999990207,"{""waypoints"":(-9850.8452, -6568.0365), ""unsafe_region"":[[40.0, 20.0], [80.0, 20.0], [80.0, 60.0], [40.0, 60.0]], }"
2281.1999999990207,"{""waypoints"":(-9850.8452, -6568.0365), ""unsafe_region"":[[40.0, 20.0], [80.0, 20.0], [80.0, 60.0], [40.0, 60.0]], }"
2281.1999999990207,"{""waypoints"":(-9850.8452, -6568.0365), ""unsafe_region"":[[40.0, 20.0], [80.0, 20.0], [80.0, 60.0], [40.0, 60.0]], }"
2281.1999999990207,"{""waypoints"":(-9850.8452, -6568.0365), ""unsafe_region"":[[40.0, 20.0], [80.0, 20.0], [80.0, 60.0], [40.0, 60.0]], }"
2281.1999999990207,"{""waypoints"":(-9850.8452, -6568.0365), ""unsafe_region"":[[40.0, 20.0], [80.0, 20.0], [80.0, 60.0], [40.0, 60.0]], }"
2281.1999999990207,"{""waypoints"":(-9850.8452, -6568.0365), ""unsafe_region"":[[40.0, 20.0], [80.0, 20.0], [80.0, 60.0], [40.0, 60.0]], }"
2281.1999999990207,"{""waypoints"":(-9850.8452, -6568.0365), ""unsafe_region"":[[40.0, 20.0], [80.0, 20.0], [80.0, 60.0], [40.0, 60.0]], }"
2340.399999998967,"{""waypoints"":(-9850.8452, -6568.0365), ""unsafe_region"":[[40.0, 20.0], [80.0, 20.0], [80.0, 60.0], [40.0, 60.0]], }"
2340.499999998967,"{""waypoints"":(-9850.8452, -6568.0365), ""unsafe_region"":[[40.0, 20.0], [80.0, 20.0], [80.0, 60.0], [40.0, 60.0]], }"
2340.499999998967,"{""waypoints"":(-9850.8452, -6568.0365), ""unsafe_region"":[[40.0, 20.0], [80.0, 20.0], [80.0, 60.0], [40.0, 60.0]], }"
2340.499999998967,"{""waypoints"":(-9850.8452, -6568.0365), ""unsafe_region"":[[40.0, 20.0], [80.0, 20.0], [80.0, 60.0], [40.0, 60.0]], }"
2340.499999998967,"{""waypoints"":(-9850.8452, -6568.0365), ""unsafe_region"":[[40.0, 20.0], [80.0, 20.0], [80.0, 60.0], [40.0, 60.0]], }"
2340.499999998967,"{""waypoints"":(-9850.8452, -6568.0365), ""unsafe_region"":[[40.0, 20.0], [80.0, 20.0], [80.0, 60.0], [40.0, 60.0]], }"
2340.499999998967,"{""waypoints"":(-9850.8452, -6568.0365), ""unsafe_region"":[[40.0, 20.0], [80.0, 20.0], [80.0, 60.0], [40.0, 60.0]], }"
2340.499999998967,"{""waypoints"":(-9850.8452, -6568.0365), ""unsafe_region"":[[40.0, 20.0], [80.0, 20.0], [80.0, 60.0], [40.0, 60.0]], }"
2340.499999998967,"{""waypoints"":(-9850.8452, -6568.0365), ""unsafe_region"":[[40.0, 20.0], [80.0, 20.0], [80.0, 60.0], [40.0, 60.0]], }"
2340.499999998967,"{""waypoints"":(-9850.8452, -6568.0365), ""unsafe_region"":[[40.0, 20.0], [80.0, 20.0], [80.0, 60.0], [40.0, 60.0]], }"
2340.499999998967,"{""waypoints"":(-9850.8452, -6568.0365), ""unsafe_region"":[[40.0, 20.0], [80.0, 20.0], [80.0, 60.0], [40.0, 60.0]], }"
2340.499999998967,"{""waypoints"":(-9850.8452, -6568.0365), ""unsafe_region"":[[40.0, 20.0], [80.0, 20.0], [80.0, 60.0], [40.0, 60.0]], }"
2340.499999998967,"{""waypoints"":(-9850.8452, -6568.0365), ""unsafe_region"":[[40.0, 20.0], [80.0, 20.0], [80.0, 60.0], [40.0, 60.0]], }"
2340.499999998967,"{""waypoints"":(-9850.8452, -6568.0365), ""unsafe_region"":[[40.0, 20.0], [80.0, 20.0], [80.0, 60.0], [40.0, 60.0]], }"
2340.499999998967,"{""waypoints"":(-9850.8452, -6568.0365), ""unsafe_region"":[[40.0, 20.0], [80.0, 20.0], [80.0, 60.0], [40.0, 60.0]], }"
2340.499999998967,"{""waypoints"":(-9850.8452, -6568.0365), ""unsafe_region"":[[40.0, 20.0], [80.0, 20.0], [80.0, 60.0], [40.0, 60.0]], }"
2340.499999998967,"{""waypoints"":(-9850.8452, -6568.0365), ""unsafe_region"":[[40.0, 20.0], [80.0, 20.0], [80.0, 60.0], [40.0, 60.0]], }"
2340.499999998967,"{""waypoints"":(-9850.8452, -6568.0365), ""unsafe_region"":[[40.0, 20.0], [80.0, 20.0], [80.0, 60.0], [40.0, 60.0]], }"
2340.499999998967,"{""waypoints"":(-9850.8452, -6568.0365), ""unsafe_region"":[[40.0, 20.0], [80.0, 20.0], [80.0, 60.0], [40.0, 60.0]], }"
2340.499999998967,"{""waypoints"":(-9850.8452, -6568.0365), ""unsafe_region"":[[40.0, 20.0], [80.0, 20.0], [80.0, 60.0], [40.0, 60.0]], }"
2340.499999998967,"{""waypoints"":(-9850.8452, -6568.0365), ""unsafe_region"":[[40.0, 20.0], [80.0, 20.0], [80.0, 60.0], [40.0, 60.0]], }"
2340.499999998967,"{""waypoints"":(-9850.8452, -6568.0365), ""unsafe_region"":[[40.0, 20.0], [80.0, 20.0], [80.0, 60.0], [40.0, 60.0]], }"
2340.499999998967,"{""waypoints"":(-9850.8452, -6568.0365), ""unsafe_region"":[[40.0, 20.0], [80.0, 20.0], [80.0, 60.0], [40.0, 60.0]], }"
2340.499999998967,"{""waypoints"":(-9850.8452, -6568.0365), ""unsafe_region"":[[40.0, 20.0], [80.0, 20.0], [80.0, 60.0], [40.0, 60.0]], }"
2340.499999998967,"{""waypoints"":(-9850.8452, -6568.0365), ""unsafe_region"":[[40.0, 20.0], [80.0, 20.0], [80.0, 60.0], [40.0, 60.0]], }"
2340.499999998967,"{""waypoints"":(-9850.8452, -6568.0365), ""unsafe_region"":[[40.0, 20.0], [80.0, 20.0], [80.0, 60.0], [40.0, 60.0]], }"
2340.499999998967,"{""waypoints"":(-9850.8452, -6568.0365), ""unsafe_region"":[[40.0, 20.0], [80.0, 20.0], [80.0, 60.0], [40.0, 60.0]], }"
2340.499999998967,"{""waypoints"":(-9850.8452, -6568.0365), ""unsafe_region"":[[40.0, 20.0], [80.0, 20.0], [80.0, 60.0], [40.0, 60.0]], }"
2340.499999998967,"{""waypoints"":(-9850.8452, -6568.0365), ""unsafe_region"":[[40.0, 20.0], [80.0, 20.0], [80.0, 60.0], [40.0, 60.0]], }"
2340.499999998967,"{""waypoints"":(-9850.8452, -6568.0365), ""unsafe_region"":[[40.0, 20.0], [80.0, 20.0], [80.0, 60.0], [40.0, 60.0]], }"
2340.499999998967,"{""waypoints"":(-9850.8452, -6568.0365), ""unsafe_region"":[[40.0, 20.0], [80.0, 20.0], [80.0, 60.0], [40.0, 60.0]], }"
2340.499999998967,"{""waypoints"":(-9850.8452, -6568.0365), ""unsafe_region"":[[40.0, 20.0], [80.0, 20.0], [80.0, 60.0], [40.0, 60.0]], }"
2340.499999998967,"{""waypoints"":(-9850.8452, -6568.0365), ""unsafe_region"":[[40.0, 20.0], [80.0, 20.0], [80.0, 60.0], [40.0, 60.0]], }"
2340.499999998967,"{""waypoints"":(-9850.8452, -6568.0365), ""unsafe_region"":[[40.0, 20.0], [80.0, 20.0], [80.0, 60.0], [40.0, 60.0]], }"
2340.499999998967,"{""waypoints"":(-9850.8452, -6568.0365), ""unsafe_region"":[[40.0, 20.0], [80.0, 20.0], [80.0, 60.0], [40.0, 60.0]], }"
2340.499999998967,"{""waypoints"":(-9850.8452, -6568.0365), ""unsafe_region"":[[40.0, 20.0], [80.0, 20.0], [80.0, 60.0], [40.0, 60.0]], }"
2340.499999998967,"{""waypoints"":(-9850.8452, -6568.0365), ""unsafe_region"":[[40.0, 20.0], [80.0, 20.0], [80.0, 60.0], [40.0, 60.0]], }"
2340.499999998967,"{""waypoints"":(-9850.8452, -6568.0365), ""unsafe_region"":[[40.0, 20.0], [80.0, 20.0], [80.0, 60.0], [40.0, 60.0]], }"
2340.499999998967,"{""waypoints"":(-9850.8452, -6568.0365), ""unsafe_region"":[[40.0, 20.0], [80.0, 20.0], [80.0, 60.0], [40.0, 60.0]], }"
2340.499999998967,"{""waypoints"":(-9850.8452, -6568.0365), ""unsafe_region"":[[40.0, 20.0], [80.0, 20.0], [80.0, 60.0], [40.0, 60.0]], }"
2340.499999998967,"{""waypoints"":(-9850.8452, -6568.0365), ""unsafe_region"":[[40.0, 20.0], [80.0, 20.0], [80.0, 60.0], [40.0, 60.0]], }"
2340.499999998967,"{""waypoints"":(-9850.8452, -6568.0365), ""unsafe_region"":[[40.0, 20.0], [80.0, 20.0], [80.0, 60.0], [40.0, 60.0]], }"
2340.499999998967,"{""waypoints"":(-9850.8452, -6568.0365), ""unsafe_region"":[[40.0, 20.0], [80.0, 20.0], [80.0, 60.0], [40.0, 60.0]], }"
2340.499999998967,"{""waypoints"":(-9850.8452, -6568.0365), ""unsafe_region"":[[40.0, 20.0], [80.0, 20.0], [80.0, 60.0], [40.0, 60.0]], }"
2340.499999998967,"{""waypoints"":(-9850.8452, -6568.0365), ""unsafe_region"":[[40.0, 20.0], [80.0, 20.0], [80.0, 60.0], [40.0, 60.0]], }"
2340.499999998967,"{""waypoints"":(-9850.8452, -6568.0365), ""unsafe_region"":[[40.0, 20.0], [80.0, 20.0], [80.0, 60.0], [40.0, 60.0]], }"
2340.499999998967,"{""waypoints"":(-9850.8452, -6568.0365), ""unsafe_region"":[[40.0, 20.0], [80.0, 20.0], [80.0, 60.0], [40.0, 60.0]], }"
2340.499999998967,"{""waypoints"":(-9850.8452, -6568.0365), ""unsafe_region"":[[40.0, 20.0], [80.0, 20.0], [80.0, 60.0], [40.0, 60.0]], }"
2340.499999998967,"{""waypoints"":(-9850.8452, -6568.0365), ""unsafe_region"":[[40.0, 20.0], [80.0, 20.0], [80.0, 60.0], [40.0, 60.0]], }"
2340.499999998967,"{""waypoints"":(-9850.8452, -6568.0365), ""unsafe_region"":[[40.0, 20.0], [80.0, 20.0], [80.0, 60.0], [40.0, 60.0]], }"
2340.499999998967,"{""waypoints"":(-9850.8452, -6568.0365), ""unsafe_region"":[[40.0, 20.0], [80.0, 20.0], [80.0, 60.0], [40.0, 60.0]], }"
2340.499999998967,"{""waypoints"":(-9850.8452, -6568.0365), ""unsafe_region"":[[40.0, 20.0], [80.0, 20.0], [80.0, 60.0], [40.0, 60.0]], }"
2340.499999998967,"{""waypoints"":(-9850.8452, -6568.0365), ""unsafe_region"":[[40.0, 20.0], [80.0, 20.0], [80.0, 60.0], [40.0, 60.0]], }"
2340.499999998967,"{""waypoints"":(-9850.8452, -6568.0365), ""unsafe_region"":[[40.0, 20.0], [80.0, 20.0], [80.0, 60.0], [40.0, 60.0]], }"
2340.499999998967,"{""waypoints"":(-9850.8452, -6568.0365), ""unsafe_region"":[[40.0, 20.0], [80.0, 20.0], [80.0, 60.0], [40.0, 60.0]], }"
2340.499999998967,"{""waypoints"":(-9850.8452, -6568.0365), ""unsafe_region"":[[40.0, 20.0], [80.0, 20.0], [80.0, 60.0], [40.0, 60.0]], }"
2340.499999998967,"{""waypoints"":(-9850.8452, -6568.0365), ""unsafe_region"":[[40.0, 20.0], [80.0, 20.0], [80.0, 60.0], [40.0, 60.0]], }"
2340.499999998967,"{""waypoints"":(-9850.8452, -6568.0365), ""unsafe_region"":[[40.0, 20.0], [80.0, 20.0], [80.0, 60.0], [40.0, 60.0]], }"
2340.499999998967,"{""waypoints"":(-9850.8452, -6568.0365), ""unsafe_region"":[[40.0, 20.0], [80.0, 20.0], [80.0, 60.0], [40.0, 60.0]], }"
2377.699999998933,"{""waypoints"":(-9850.8452, -6568.0365), ""unsafe_region"":[[40.0, 20.0], [80.0, 20.0], [80.0, 60.0], [40.0, 60.0]], }"
2377.699999998933,"{""waypoints"":(-9850.8452, -6568.0365), ""unsafe_region"":[[40.0, 20.0], [80.0, 20.0], [80.0, 60.0], [40.0, 60.0]], }"
2377.699999998933,"{""waypoints"":(-9850.8452, -6568.0365), ""unsafe_region"":[[40.0, 20.0], [80.0, 20.0], [80.0, 60.0], [40.0, 60.0]], }"
2377.699999998933,"{""waypoints"":(-9850.8452, -6568.0365), ""unsafe_region"":[[40.0, 20.0], [80.0, 20.0], [80.0, 60.0], [40.0, 60.0]], }"
2377.699999998933,"{""waypoints"":(-9850.8452, -6568.0365), ""unsafe_region"":[[40.0, 20.0], [80.0, 20.0], [80.0, 60.0], [40.0, 60.0]], }"
2377.699999998933,"{""waypoints"":(-9850.8452, -6568.0365), ""unsafe_region"":[[40.0, 20.0], [80.0, 20.0], [80.0, 60.0], [40.0, 60.0]], }"
2377.699999998933,"{""waypoints"":(-9850.8452, -6568.0365), ""unsafe_region"":[[40.0, 20.0], [80.0, 20.0], [80.0, 60.0], [40.0, 60.0]], }"
2377.699999998933,"{""waypoints"":(-9850.8452, -6568.0365), ""unsafe_region"":[[40.0, 20.0], [80.0, 20.0], [80.0, 60.0], [40.0, 60.0]], }"
2377.699999998933,"{""waypoints"":(-9850.8452, -6568.0365), ""unsafe_region"":[[40.0, 20.0], [80.0, 20.0], [80.0, 60.0], [40.0, 60.0]], }"
2377.699999998933,"{""waypoints"":(-9850.8452, -6568.0365), ""unsafe_region"":[[40.0, 20.0], [80.0, 20.0], [80.0, 60.0], [40.0, 60.0]], }"
2377.699999998933,"{""waypoints"":(-9850.8452, -6568.0365), ""unsafe_region"":[[40.0, 20.0], [80.0, 20.0], [80.0, 60.0], [40.0, 60.0]], }"
2377.699999998933,"{""waypoints"":(-9850.8452, -6568.0365), ""unsafe_region"":[[40.0, 20.0], [80.0, 20.0], [80.0, 60.0], [40.0, 60.0]], }"
2377.699999998933,"{""waypoints"":(-9850.8452, -6568.0365), ""unsafe_region"":[[40.0, 20.0], [80.0, 20.0], [80.0, 60.0], [40.0, 60.0]], }"
2377.699999998933,"{""waypoints"":(-9850.8452, -6568.0365), ""unsafe_region"":[[40.0, 20.0], [80.0, 20.0], [80.0, 60.0], [40.0, 60.0]], }"
2377.699999998933,"{""waypoints"":(-9850.8452, -6568.0365), ""unsafe_region"":[[40.0, 20.0], [80.0, 20.0], [80.0, 60.0], [40.0, 60.0]], }"
2377.699999998933,"{""waypoints"":(-9850.8452, -6568.0365), ""unsafe_region"":[[40.0, 20.0], [80.0, 20.0], [80.0, 60.0], [40.0, 60.0]], }"
2377.699999998933,"{""waypoints"":(-9850.8452, -6568.0365), ""unsafe_region"":[[40.0, 20.0], [80.0, 20.0], [80.0, 60.0], [40.0, 60.0]], }"
2377.699999998933,"{""waypoints"":(-9850.8452, -6568.0365), ""unsafe_region"":[[40.0, 20.0], [80.0, 20.0], [80.0, 60.0], [40.0, 60.0]], }"
2377.699999998933,"{""waypoints"":(-9850.8452, -6568.0365), ""unsafe_region"":[[40.0, 20.0], [80.0, 20.0], [80.0, 60.0], [40.0, 60.0]], }"
2377.699999998933,"{""waypoints"":(-9850.8452, -6568.0365), ""unsafe_region"":[[40.0, 20.0], [80.0, 20.0], [80.0, 60.0], [40.0, 60.0]], }"
2377.699999998933,"{""waypoints"":(-9850.8452, -6568.0365), ""unsafe_region"":[[40.0, 20.0], [80.0, 20.0], [80.0, 60.0], [40.0, 60.0]], }"
2377.699999998933,"{""waypoints"":(-9850.8452, -6568.0365), ""unsafe_region"":[[40.0, 20.0], [80.0, 20.0], [80.0, 60.0], [40.0, 60.0]], }"
2377.699999998933,"{""waypoints"":(-9850.8452, -6568.0365), ""unsafe_region"":[[40.0, 20.0], [80.0, 20.0], [80.0, 60.0], [40.0, 60.0]], }"
2377.699999998933,"{""waypoints"":(-9850.8452, -6568.0365), ""unsafe_region"":[[40.0, 20.0], [80.0, 20.0], [80.0, 60.0], [40.0, 60.0]], }"
2377.699999998933,"{""waypoints"":(-9850.8452, -6568.0365), ""unsafe_region"":[[40.0, 20.0], [80.0, 20.0], [80.0, 60.0], [40.0, 60.0]], }"
2377.699999998933,"{""waypoints"":(-9850.8452, -6568.0365), ""unsafe_region"":[[40.0, 20.0], [80.0, 20.0], [80.0, 60.0], [40.0, 60.0]], }"
2377.699999998933,"{""waypoints"":(-9850.8452, -6568.0365), ""unsafe_region"":[[40.0, 20.0], [80.0, 20.0], [80.0, 60.0], [40.0, 60.0]], }"
2377.699999998933,"{""waypoints"":(-9850.8452, -6568.0365), ""unsafe_region"":[[40.0, 20.0], [80.0, 20.0], [80.0, 60.0], [40.0, 60.0]], }"
2377.699999998933,"{""waypoints"":(-9850.8452, -6568.0365), ""unsafe_region"":[[40.0, 20.0], [80.0, 20.0], [80.0, 60.0], [40.0, 60.0]], }"
2377.699999998933,"{""waypoints"":(-9850.8452, -6568.0365), ""unsafe_region"":[[40.0, 20.0], [80.0, 20.0], [80.0, 60.0], [40.0, 60.0]], }"
2377.699999998933,"{""waypoints"":(-9850.8452, -6568.0365), ""unsafe_region"":[[40.0, 20.0], [80.0, 20.0], [80.0, 60.0], [40.0, 60.0]], }"
2377.699999998933,"{""waypoints"":(-9850.8452, -6568.0365), ""unsafe_region"":[[40.0, 20.0], [80.0, 20.0], [80.0, 60.0], [40.0, 60.0]], }"
2377.699999998933,"{""waypoints"":(-9850.8452, -6568.0365), ""unsafe_region"":[[40.0, 20.0], [80.0, 20.0], [80.0, 60.0], [40.0, 60.0]], }"
2377.699999998933,"{""waypoints"":(-9850.8452, -6568.0365), ""unsafe_region"":[[40.0, 20.0], [80.0, 20.0], [80.0, 60.0], [40.0, 60.0]], }"
2377.699999998933,"{""waypoints"":(-9850.8452, -6568.0365), ""unsafe_region"":[[40.0, 20.0], [80.0, 20.0], [80.0, 60.0], [40.0, 60.0]], }"
2377.699999998933,"{""waypoints"":(-9850.8452, -6568.0365), ""unsafe_region"":[[40.0, 20.0], [80.0, 20.0], [80.0, 60.0], [40.0, 60.0]], }"
2377.699999998933,"{""waypoints"":(-9850.8452, -6568.0365), ""unsafe_region"":[[40.0, 20.0], [80.0, 20.0], [80.0, 60.0], [40.0, 60.0]], }"
2400.2999999989124,"{""waypoints"":(-9850.8452, -6568.0365), ""unsafe_region"":[[40.0, 20.0], [80.0, 20.0], [80.0, 60.0], [40.0, 60.0]], }"
2400.3999999989123,"{""waypoints"":(-9850.8452, -6568.0365), ""unsafe_region"":[[40.0, 20.0], [80.0, 20.0], [80.0, 60.0], [40.0, 60.0]], }"
2400.3999999989123,"{""waypoints"":(-9850.8452, -6568.0365), ""unsafe_region"":[[40.0, 20.0], [80.0, 20.0], [80.0, 60.0], [40.0, 60.0]], }"
2400.3999999989123,"{""waypoints"":(-9850.8452, -6568.0365), ""unsafe_region"":[[40.0, 20.0], [80.0, 20.0], [80.0, 60.0], [40.0, 60.0]], }"
2400.3999999989123,"{""waypoints"":(-9850.8452, -6568.0365), ""unsafe_region"":[[40.0, 20.0], [80.0, 20.0], [80.0, 60.0], [40.0, 60.0]], }"
2400.3999999989123,"{""waypoints"":(-9850.8452, -6568.0365), ""unsafe_region"":[[40.0, 20.0], [80.0, 20.0], [80.0, 60.0], [40.0, 60.0]], }"
2400.3999999989123,"{""waypoints"":(-9850.8452, -6568.0365), ""unsafe_region"":[[40.0, 20.0], [80.0, 20.0], [80.0, 60.0], [40.0, 60.0]], }"
2400.3999999989123,"{""waypoints"":(-9850.8452, -6568.0365), ""unsafe_region"":[[40.0, 20.0], [80.0, 20.0], [80.0, 60.0], [40.0, 60.0]], }"
2400.3999999989123,"{""waypoints"":(-9850.8452, -6568.0365), ""unsafe_region"":[[40.0, 20.0], [80.0, 20.0], [80.0, 60.0], [40.0, 60.0]], }"
2400.3999999989123,"{""waypoints"":(-9850.8452, -6568.0365), ""unsafe_region"":[[40.0, 20.0], [80.0, 20.0], [80.0, 60.0], [40.0, 60.0]], }"
2400.3999999989123,"{""waypoints"":(-9850.8452, -6568.0365), ""unsafe_region"":[[40.0, 20.0], [80.0, 20.0], [80.0, 60.0], [40.0, 60.0]], }"
2400.3999999989123,"{""waypoints"":(-9850.8452, -6568.0365), ""unsafe_region"":[[40.0, 20.0], [80.0, 20.0], [80.0, 60.0], [40.0, 60.0]], }"
2400.3999999989123,"{""waypoints"":(-9850.8452, -6568.0365), ""unsafe_region"":[[40.0, 20.0], [80.0, 20.0], [80.0, 60.0], [40.0, 60.0]], }"
2400.3999999989123,"{""waypoints"":(-9850.8452, -6568.0365), ""unsafe_region"":[[40.0, 20.0], [80.0, 20.0], [80.0, 60.0], [40.0, 60.0]], }"
2400.3999999989123,"{""waypoints"":(-9850.8452, -6568.0365), ""unsafe_region"":[[40.0, 20.0], [80.0, 20.0], [80.0, 60.0], [40.0, 60.0]], }"
2400.3999999989123,"{""waypoints"":(-9850.8452, -6568.0365), ""unsafe_region"":[[40.0, 20.0], [80.0, 20.0], [80.0, 60.0], [40.0, 60.0]], }"
2400.3999999989123,"{""waypoints"":(-9850.8452, -6568.0365), ""unsafe_region"":[[40.0, 20.0], [80.0, 20.0], [80.0, 60.0], [40.0, 60.0]], }"
2400.3999999989123,"{""waypoints"":(-9850.8452, -6568.0365), ""unsafe_region"":[[40.0, 20.0], [80.0, 20.0], [80.0, 60.0], [40.0, 60.0]], }"
2400.3999999989123,"{""waypoints"":(-9850.8452, -6568.0365), ""unsafe_region"":[[40.0, 20.0], [80.0, 20.0], [80.0, 60.0], [40.0, 60.0]], }"
2400.3999999989123,"{""waypoints"":(-9850.8452, -6568.0365), ""unsafe_region"":[[40.0, 20.0], [80.0, 20.0], [80.0, 60.0], [40.0, 60.0]], }"
2400.3999999989123,"{""waypoints"":(-9850.8452, -6568.0365), ""unsafe_region"":[[40.0, 20.0], [80.0, 20.0], [80.0, 60.0], [40.0, 60.0]], }"
2400.3999999989123,"{""waypoints"":(-9850.8452, -6568.0365), ""unsafe_region"":[[40.0, 20.0], [80.0, 20.0], [80.0, 60.0], [40.0, 60.0]], }"
2400.3999999989123,"{""waypoints"":(-9850.8452, -6568.0365), ""unsafe_region"":[[40.0, 20.0], [80.0, 20.0], [80.0, 60.0], [40.0, 60.0]], }"
2445.699999998871,"{""waypoints"":(-9850.8452, -6568.0365), ""unsafe_region"":[[40.0, 20.0], [80.0, 20.0], [80.0, 60.0], [40.0, 60.0]], }"
2445.799999998871,"{""waypoints"":(-9850.8452, -6568.0365), ""unsafe_region"":[[40.0, 20.0], [80.0, 20.0], [80.0, 60.0], [40.0, 60.0]], }"
2445.799999998871,"{""waypoints"":(-9850.8452, -6568.0365), ""unsafe_region"":[[40.0, 20.0], [80.0, 20.0], [80.0, 60.0], [40.0, 60.0]], }"
2445.799999998871,"{""waypoints"":(-9850.8452, -6568.0365), ""unsafe_region"":[[40.0, 20.0], [80.0, 20.0], [80.0, 60.0], [40.0, 60.0]], }"
2445.799999998871,"{""waypoints"":(-9850.8452, -6568.0365), ""unsafe_region"":[[40.0, 20.0], [80.0, 20.0], [80.0, 60.0], [40.0, 60.0]], }"
2445.799999998871,"{""waypoints"":(-9850.8452, -6568.0365), ""unsafe_region"":[[40.0, 20.0], [80.0, 20.0], [80.0, 60.0], [40.0, 60.0]], }"
2445.799999998871,"{""waypoints"":(-9850.8452, -6568.0365), ""unsafe_region"":[[40.0, 20.0], [80.0, 20.0], [80.0, 60.0], [40.0, 60.0]], }"
2445.799999998871,"{""waypoints"":(-9850.8452, -6568.0365), ""unsafe_region"":[[40.0, 20.0], [80.0, 20.0], [80.0, 60.0], [40.0, 60.0]], }"
2445.799999998871,"{""waypoints"":(-9850.8452, -6568.0365), ""unsafe_region"":[[40.0, 20.0], [80.0, 20.0], [80.0, 60.0], [40.0, 60.0]], }"
2445.799999998871,"{""waypoints"":(-9850.8452, -6568.0365), ""unsafe_region"":[[40.0, 20.0], [80.0, 20.0], [80.0, 60.0], [40.0, 60.0]], }"
2445.799999998871,"{""waypoints"":(-9850.8452, -6568.0365), ""unsafe_region"":[[40.0, 20.0], [80.0, 20.0], [80.0, 60.0], [40.0, 60.0]], }"
2445.799999998871,"{""waypoints"":(-9850.8452, -6568.0365), ""unsafe_region"":[[40.0, 20.0], [80.0, 20.0], [80.0, 60.0], [40.0, 60.0]], }"
2445.799999998871,"{""waypoints"":(-9850.8452, -6568.0365), ""unsafe_region"":[[40.0, 20.0], [80.0, 20.0], [80.0, 60.0], [40.0, 60.0]], }"
2445.799999998871,"{""waypoints"":(-9850.8452, -6568.0365), ""unsafe_region"":[[40.0, 20.0], [80.0, 20.0], [80.0, 60.0], [40.0, 60.0]], }"
2445.799999998871,"{""waypoints"":(-9850.8452, -6568.0365), ""unsafe_region"":[[40.0, 20.0], [80.0, 20.0], [80.0, 60.0], [40.0, 60.0]], }"
2445.799999998871,"{""waypoints"":(-9850.8452, -6568.0365), ""unsafe_region"":[[40.0, 20.0], [80.0, 20.0], [80.0, 60.0], [40.0, 60.0]], }"
2445.799999998871,"{""waypoints"":(-9850.8452, -6568.0365), ""unsafe_region"":[[40.0, 20.0], [80.0, 20.0], [80.0, 60.0], [40.0, 60.0]], }"
2445.799999998871,"{""waypoints"":(-9850.8452, -6568.0365), ""unsafe_region"":[[40.0, 20.0], [80.0, 20.0], [80.0, 60.0], [40.0, 60.0]], }"
2445.799999998871,"{""waypoints"":(-9850.8452, -6568.0365), ""unsafe_region"":[[40.0, 20.0], [80.0, 20.0], [80.0, 60.0], [40.0, 60.0]], }"
2445.799999998871,"{""waypoints"":(-9850.8452, -6568.0365), ""unsafe_region"":[[40.0, 20.0], [80.0, 20.0], [80.0, 60.0], [40.0, 60.0]], }"
2445.799999998871,"{""waypoints"":(-9850.8452, -6568.0365), ""unsafe_region"":[[40.0, 20.0], [80.0, 20.0], [80.0, 60.0], [40.0, 60.0]], }"
2445.799999998871,"{""waypoints"":(-9850.8452, -6568.0365), ""unsafe_region"":[[40.0, 20.0], [80.0, 20.0], [80.0, 60.0], [40.0, 60.0]], }"
2445.799999998871,"{""waypoints"":(-9850.8452, -6568.0365), ""unsafe_region"":[[40.0, 20.0], [80.0, 20.0], [80.0, 60.0], [40.0, 60.0]], }"
2445.799999998871,"{""waypoints"":(-9850.8452, -6568.0365), ""unsafe_region"":[[40.0, 20.0], [80.0, 20.0], [80.0, 60.0], [40.0, 60.0]], }"
2445.799999998871,"{""waypoints"":(-9850.8452, -6568.0365), ""unsafe_region"":[[40.0, 20.0], [80.0, 20.0], [80.0, 60.0], [40.0, 60.0]], }"
2445.799999998871,"{""waypoints"":(-9850.8452, -6568.0365), ""unsafe_region"":[[40.0, 20.0], [80.0, 20.0], [80.0, 60.0], [40.0, 60.0]], }"
2445.799999998871,"{""waypoints"":(-9850.8452, -6568.0365), ""unsafe_region"":[[40.0, 20.0], [80.0, 20.0], [80.0, 60.0], [40.0, 60.0]], }"
2445.799999998871,"{""waypoints"":(-9850.8452, -6568.0365), ""unsafe_region"":[[40.0, 20.0], [80.0, 20.0], [80.0, 60.0], [40.0, 60.0]], }"
2445.799999998871,"{""waypoints"":(-9850.8452, -6568.0365), ""unsafe_region"":[[40.0, 20.0], [80.0, 20.0], [80.0, 60.0], [40.0, 60.0]], }"
2445.799999998871,"{""waypoints"":(-9850.8452, -6568.0365), ""unsafe_region"":[[40.0, 20.0], [80.0, 20.0], [80.0, 60.0], [40.0, 60.0]], }"
2445.799999998871,"{""waypoints"":(-9850.8452, -6568.0365), ""unsafe_region"":[[40.0, 20.0], [80.0, 20.0], [80.0, 60.0], [40.0, 60.0]], }"
2445.799999998871,"{""waypoints"":(-9850.8452, -6568.0365), ""unsafe_region"":[[40.0, 20.0], [80.0, 20.0], [80.0, 60.0], [40.0, 60.0]], }"
2445.799999998871,"{""waypoints"":(-9850.8452, -6568.0365), ""unsafe_region"":[[40.0, 20.0], [80.0, 20.0], [80.0, 60.0], [40.0, 60.0]], }"
2445.799999998871,"{""waypoints"":(-9850.8452, -6568.0365), ""unsafe_region"":[[40.0, 20.0], [80.0, 20.0], [80.0, 60.0], [40.0, 60.0]], }"
2445.799999998871,"{""waypoints"":(-9850.8452, -6568.0365), ""unsafe_region"":[[40.0, 20.0], [80.0, 20.0], [80.0, 60.0], [40.0, 60.0]], }"
2445.799999998871,"{""waypoints"":(-9850.8452, -6568.0365), ""unsafe_region"":[[40.0, 20.0], [80.0, 20.0], [80.0, 60.0], [40.0, 60.0]], }"
2445.799999998871,"{""waypoints"":(-9850.8452, -6568.0365), ""unsafe_region"":[[40.0, 20.0], [80.0, 20.0], [80.0, 60.0], [40.0, 60.0]], }"
2445.799999998871,"{""waypoints"":(-9850.8452, -6568.0365), ""unsafe_region"":[[40.0, 20.0], [80.0, 20.0], [80.0, 60.0], [40.0, 60.0]], }"
2445.799999998871,"{""waypoints"":(-9850.8452, -6568.0365), ""unsafe_region"":[[40.0, 20.0], [80.0, 20.0], [80.0, 60.0], [40.0, 60.0]], }"
2445.799999998871,"{""waypoints"":(-9850.8452, -6568.0365), ""unsafe_region"":[[40.0, 20.0], [80.0, 20.0], [80.0, 60.0], [40.0, 60.0]], }"
2445.799999998871,"{""waypoints"":(-9850.8452, -6568.0365), ""unsafe_region"":[[40.0, 20.0], [80.0, 20.0], [80.0, 60.0], [40.0, 60.0]], }"
2445.799999998871,"{""waypoints"":(-9850.8452, -6568.0365), ""unsafe_region"":[[40.0, 20.0], [80.0, 20.0], [80.0, 60.0], [40.0, 60.0]], }"
2445.799999998871,"{""waypoints"":(-9850.8452, -6568.0365), ""unsafe_region"":[[40.0, 20.0], [80.0, 20.0], [80.0, 60.0], [40.0, 60.0]], }"
2445.799999998871,"{""waypoints"":(-9850.8452, -6568.0365), ""unsafe_region"":[[40.0, 20.0], [80.0, 20.0], [80.0, 60.0], [40.0, 60.0]], }"
2445.799999998871,"{""waypoints"":(-9850.8452, -6568.0365), ""unsafe_region"":[[40.0, 20.0], [80.0, 20.0], [80.0, 60.0], [40.0, 60.0]], }"
2462.099999998856,"{""waypoints"":(-9850.8452, -6568.0365), ""unsafe_region"":[[40.0, 20.0], [80.0, 20.0], [80.0, 60.0], [40.0, 60.0]], }"
2462.099999998856,"{""waypoints"":(-9850.8452, -6568.0365), ""unsafe_region"":[[40.0, 20.0], [80.0, 20.0], [80.0, 60.0], [40.0, 60.0]], }"
2462.099999998856,"{""waypoints"":(-9850.8452, -6568.0365), ""unsafe_region"":[[40.0, 20.0], [80.0, 20.0], [80.0, 60.0], [40.0, 60.0]], }"
2462.099999998856,"{""waypoints"":(-9850.8452, -6568.0365), ""unsafe_region"":[[40.0, 20.0], [80.0, 20.0], [80.0, 60.0], [40.0, 60.0]], }"
2462.099999998856,"{""waypoints"":(-9850.8452, -6568.0365), ""unsafe_region"":[[40.0, 20.0], [80.0, 20.0], [80.0, 60.0], [40.0, 60.0]], }"
2462.099999998856,"{""waypoints"":(-9850.8452, -6568.0365), ""unsafe_region"":[[40.0, 20.0], [80.0, 20.0], [80.0, 60.0], [40.0, 60.0]], }"
2462.099999998856,"{""waypoints"":(-9850.8452, -6568.0365), ""unsafe_region"":[[40.0, 20.0], [80.0, 20.0], [80.0, 60.0], [40.0, 60.0]], }"
2462.099999998856,"{""waypoints"":(-9850.8452, -6568.0365), ""unsafe_region"":[[40.0, 20.0], [80.0, 20.0], [80.0, 60.0], [40.0, 60.0]], }"
2462.099999998856,"{""waypoints"":(-9850.8452, -6568.0365), ""unsafe_region"":[[40.0, 20.0], [80.0, 20.0], [80.0, 60.0], [40.0, 60.0]], }"
2462.099999998856,"{""waypoints"":(-9850.8452, -6568.0365), ""unsafe_region"":[[40.0, 20.0], [80.0, 20.0], [80.0, 60.0], [40.0, 60.0]], }"
2462.099999998856,"{""waypoints"":(-9850.8452, -6568.0365), ""unsafe_region"":[[40.0, 20.0], [80.0, 20.0], [80.0, 60.0], [40.0, 60.0]], }"
2462.099999998856,"{""waypoints"":(-9850.8452, -6568.0365), ""unsafe_region"":[[40.0, 20.0], [80.0, 20.0], [80.0, 60.0], [40.0, 60.0]], }"
2462.099999998856,"{""waypoints"":(-9850.8452, -6568.0365), ""unsafe_region"":[[40.0, 20.0], [80.0, 20.0], [80.0, 60.0], [40.0, 60.0]], }"
2462.099999998856,"{""waypoints"":(-9850.8452, -6568.0365), ""unsafe_region"":[[40.0, 20.0], [80.0, 20.0], [80.0, 60.0], [40.0, 60.0]], }"
2462.099999998856,"{""waypoints"":(-9850.8452, -6568.0365), ""unsafe_region"":[[40.0, 20.0], [80.0, 20.0], [80.0, 60.0], [40.0, 60.0]], }"
2462.099999998856,"{""waypoints"":(-9850.8452, -6568.0365), ""unsafe_region"":[[40.0, 20.0], [80.0, 20.0], [80.0, 60.0], [40.0, 60.0]], }"
2462.099999998856,"{""waypoints"":(-9850.8452, -6568.0365), ""unsafe_region"":[[40.0, 20.0], [80.0, 20.0], [80.0, 60.0], [40.0, 60.0]], }"
2530.7999999987937,"{""waypoints"":(-9850.8452, -6568.0365), ""unsafe_region"":[[40.0, 20.0], [80.0, 20.0], [80.0, 60.0], [40.0, 60.0]], }"
2530.7999999987937,"{""waypoints"":(-9850.8452, -6568.0365), ""unsafe_region"":[[40.0, 20.0], [80.0, 20.0], [80.0, 60.0], [40.0, 60.0]], }"
2530.7999999987937,"{""waypoints"":(-9850.8452, -6568.0365), ""unsafe_region"":[[40.0, 20.0], [80.0, 20.0], [80.0, 60.0], [40.0, 60.0]], }"
2530.7999999987937,"{""waypoints"":(-9850.8452, -6568.0365), ""unsafe_region"":[[40.0, 20.0], [80.0, 20.0], [80.0, 60.0], [40.0, 60.0]], }"
2530.7999999987937,"{""waypoints"":(-9850.8452, -6568.0365), ""unsafe_region"":[[40.0, 20.0], [80.0, 20.0], [80.0, 60.0], [40.0, 60.0]], }"
2530.7999999987937,"{""waypoints"":(-9850.8452, -6568.0365), ""unsafe_region"":[[40.0, 20.0], [80.0, 20.0], [80.0, 60.0], [40.0, 60.0]], }"
2530.7999999987937,"{""waypoints"":(-9850.8452, -6568.0365), ""unsafe_region"":[[40.0, 20.0], [80.0, 20.0], [80.0, 60.0], [40.0, 60.0]], }"
2530.7999999987937,"{""waypoints"":(-9850.8452, -6568.0365), ""unsafe_region"":[[40.0, 20.0], [80.0, 20.0], [80.0, 60.0], [40.0, 60.0]], }"
2530.7999999987937,"{""waypoints"":(-9850.8452, -6568.0365), ""unsafe_region"":[[40.0, 20.0], [80.0, 20.0], [80.0, 60.0], [40.0, 60.0]], }"
2530.7999999987937,"{""waypoints"":(-9850.8452, -6568.0365), ""unsafe_region"":[[40.0, 20.0], [80.0, 20.0], [80.0, 60.0], [40.0, 60.0]], }"
2530.7999999987937,"{""waypoints"":(-9850.8452, -6568.0365), ""unsafe_region"":[[40.0, 20.0], [80.0, 20.0], [80.0, 60.0], [40.0, 60.0]], }"
2530.7999999987937,"{""waypoints"":(-9850.8452, -6568.0365), ""unsafe_region"":[[40.0, 20.0], [80.0, 20.0], [80.0, 60.0], [40.0, 60.0]], }"
2530.7999999987937,"{""waypoints"":(-9850.8452, -6568.0365), ""unsafe_region"":[[40.0, 20.0], [80.0, 20.0], [80.0, 60.0], [40.0, 60.0]], }"
2530.7999999987937,"{""waypoints"":(-9850.8452, -6568.0365), ""unsafe_region"":[[40.0, 20.0], [80.0, 20.0], [80.0, 60.0], [40.0, 60.0]], }"
2530.7999999987937,"{""waypoints"":(-9850.8452, -6568.0365), ""unsafe_region"":[[40.0, 20.0], [80.0, 20.0], [80.0, 60.0], [40.0, 60.0]], }"
2530.7999999987937,"{""waypoints"":(-9850.8452, -6568.0365), ""unsafe_region"":[[40.0, 20.0], [80.0, 20.0], [80.0, 60.0], [40.0, 60.0]], }"
2530.7999999987937,"{""waypoints"":(-9850.8452, -6568.0365), ""unsafe_region"":[[40.0, 20.0], [80.0, 20.0], [80.0, 60.0], [40.0, 60.0]], }"
2530.7999999987937,"{""waypoints"":(-9850.8452, -6568.0365), ""unsafe_region"":[[40.0, 20.0], [80.0, 20.0], [80.0, 60.0], [40.0, 60.0]], }"
2530.7999999987937,"{""waypoints"":(-9850.8452, -6568.0365), ""unsafe_region"":[[40.0, 20.0], [80.0, 20.0], [80.0, 60.0], [40.0, 60.0]], }"
2530.7999999987937,"{""waypoints"":(-9850.8452, -6568.0365), ""unsafe_region"":[[40.0, 20.0], [80.0, 20.0], [80.0, 60.0], [40.0, 60.0]], }"
2530.7999999987937,"{""waypoints"":(-9850.8452, -6568.0365), ""unsafe_region"":[[40.0, 20.0], [80.0, 20.0], [80.0, 60.0], [40.0, 60.0]], }"
2530.7999999987937,"{""waypoints"":(-9850.8452, -6568.0365), ""unsafe_region"":[[40.0, 20.0], [80.0, 20.0], [80.0, 60.0], [40.0, 60.0]], }"
2530.7999999987937,"{""waypoints"":(-9850.8452, -6568.0365), ""unsafe_region"":[[40.0, 20.0], [80.0, 20.0], [80.0, 60.0], [40.0, 60.0]], }"
2530.7999999987937,"{""waypoints"":(-9850.8452, -6568.0365), ""unsafe_region"":[[40.0, 20.0], [80.0, 20.0], [80.0, 60.0], [40.0, 60.0]], }"
2530.7999999987937,"{""waypoints"":(-9850.8452, -6568.0365), ""unsafe_region"":[[40.0, 20.0], [80.0, 20.0], [80.0, 60.0], [40.0, 60.0]], }"
2530.7999999987937,"{""waypoints"":(-9850.8452, -6568.0365), ""unsafe_region"":[[40.0, 20.0], [80.0, 20.0], [80.0, 60.0], [40.0, 60.0]], }"
2530.7999999987937,"{""waypoints"":(-9850.8452, -6568.0365), ""unsafe_region"":[[40.0, 20.0], [80.0, 20.0], [80.0, 60.0], [40.0, 60.0]], }"
2530.7999999987937,"{""waypoints"":(-9850.8452, -6568.0365), ""unsafe_region"":[[40.0, 20.0], [80.0, 20.0], [80.0, 60.0], [40.0, 60.0]], }"
2530.7999999987937,"{""waypoints"":(-9850.8452, -6568.0365), ""unsafe_region"":[[40.0, 20.0], [80.0, 20.0], [80.0, 60.0], [40.0, 60.0]], }"
2530.7999999987937,"{""waypoints"":(-9850.8452, -6568.0365), ""unsafe_region"":[[40.0, 20.0], [80.0, 20.0], [80.0, 60.0], [40.0, 60.0]], }"
2530.7999999987937,"{""waypoints"":(-9850.8452, -6568.0365), ""unsafe_region"":[[40.0, 20.0], [80.0, 20.0], [80.0, 60.0], [40.0, 60.0]], }"
2530.7999999987937,"{""waypoints"":(-9850.8452, -6568.0365), ""unsafe_region"":[[40.0, 20.0], [80.0, 20.0], [80.0, 60.0], [40.0, 60.0]], }"
2530.7999999987937,"{""waypoints"":(-9850.8452, -6568.0365), ""unsafe_region"":[[40.0, 20.0], [80.0, 20.0], [80.0, 60.0], [40.0, 60.0]], }"
2530.7999999987937,"{""waypoints"":(-9850.8452, -6568.0365), ""unsafe_region"":[[40.0, 20.0], [80.0, 20.0], [80.0, 60.0], [40.0, 60.0]], }"
2530.7999999987937,"{""waypoints"":(-9850.8452, -6568.0365), ""unsafe_region"":[[40.0, 20.0], [80.0, 20.0], [80.0, 60.0], [40.0, 60.0]], }"
2530.7999999987937,"{""waypoints"":(-9850.8452, -6568.0365), ""unsafe_region"":[[40.0, 20.0], [80.0, 20.0], [80.0, 60.0], [40.0, 60.0]], }"
2530.7999999987937,"{""waypoints"":(-9850.8452, -6568.0365), ""unsafe_region"":[[40.0, 20.0], [80.0, 20.0], [80.0, 60.0], [40.0, 60.0]], }"
2530.7999999987937,"{""waypoints"":(-9850.8452, -6568.0365), ""unsafe_region"":[[40.0, 20.0], [80.0, 20.0], [80.0, 60.0], [40.0, 60.0]], }"
2530.7999999987937,"{""waypoints"":(-9850.8452, -6568.0365), ""unsafe_region"":[[40.0, 20.0], [80.0, 20.0], [80.0, 60.0], [40.0, 60.0]], }"
2530.7999999987937,"{""waypoints"":(-9850.8452, -6568.0365), ""unsafe_region"":[[40.0, 20.0], [80.0, 20.0], [80.0, 60.0], [40.0, 60.0]], }"
2530.7999999987937,"{""waypoints"":(-9850.8452, -6568.0365), ""unsafe_region"":[[40.0, 20.0], [80.0, 20.0], [80.0, 60.0], [40.0, 60.0]], }"
2530.7999999987937,"{""waypoints"":(-9850.8452, -6568.0365), ""unsafe_region"":[[40.0, 20.0], [80.0, 20.0], [80.0, 60.0], [40.0, 60.0]], }"
2530.7999999987937,"{""waypoints"":(-9850.8452, -6568.0365), ""unsafe_region"":[[40.0, 20.0], [80.0, 20.0], [80.0, 60.0], [40.0, 60.0]], }"
2530.7999999987937,"{""waypoints"":(-9850.8452, -6568.0365), ""unsafe_region"":[[40.0, 20.0], [80.0, 20.0], [80.0, 60.0], [40.0, 60.0]], }"
2530.7999999987937,"{""waypoints"":(-9850.8452, -6568.0365), ""unsafe_region"":[[40.0, 20.0], [80.0, 20.0], [80.0, 60.0], [40.0, 60.0]], }"
2530.7999999987937,"{""waypoints"":(-9850.8452, -6568.0365), ""unsafe_region"":[[40.0, 20.0], [80.0, 20.0], [80.0, 60.0], [40.0, 60.0]], }"
2530.7999999987937,"{""waypoints"":(-9850.8452, -6568.0365), ""unsafe_region"":[[40.0, 20.0], [80.0, 20.0], [80.0, 60.0], [40.0, 60.0]], }"
2530.7999999987937,"{""waypoints"":(-9850.8452, -6568.0365), ""unsafe_region"":[[40.0, 20.0], [80.0, 20.0], [80.0, 60.0], [40.0, 60.0]], }"
2530.7999999987937,"{""waypoints"":(-9850.8452, -6568.0365), ""unsafe_region"":[[40.0, 20.0], [80.0, 20.0], [80.0, 60.0], [40.0, 60.0]], }"
2530.7999999987937,"{""waypoints"":(-9850.8452, -6568.0365), ""unsafe_region"":[[40.0, 20.0], [80.0, 20.0], [80.0, 60.0], [40.0, 60.0]], }"
2530.7999999987937,"{""waypoints"":(-9850.8452, -6568.0365), ""unsafe_region"":[[40.0, 20.0], [80.0, 20.0], [80.0, 60.0], [40.0, 60.0]], }"
2530.7999999987937,"{""waypoints"":(-9850.8452, -6568.0365), ""unsafe_region"":[[40.0, 20.0], [80.0, 20.0], [80.0, 60.0], [40.0, 60.0]], }"
2530.7999999987937,"{""waypoints"":(-9850.8452, -6568.0365), ""unsafe_region"":[[40.0, 20.0], [80.0, 20.0], [80.0, 60.0], [40.0, 60.0]], }"
2530.7999999987937,"{""waypoints"":(-9850.8452, -6568.0365), ""unsafe_region"":[[40.0, 20.0], [80.0, 20.0], [80.0, 60.0], [40.0, 60.0]], }"
2530.7999999987937,"{""waypoints"":(-9850.8452, -6568.0365), ""unsafe_region"":[[40.0, 20.0], [80.0, 20.0], [80.0, 60.0], [40.0, 60.0]], }"
2530.7999999987937,"{""waypoints"":(-9850.8452, -6568.0365), ""unsafe_region"":[[40.0, 20.0], [80.0, 20.0], [80.0, 60.0], [40.0, 60.0]], }"
2530.7999999987937,"{""waypoints"":(-9850.8452, -6568.0365), ""unsafe_region"":[[40.0, 20.0], [80.0, 20.0], [80.0, 60.0], [40.0, 60.0]], }"
2530.7999999987937,"{""waypoints"":(-9850.8452, -6568.0365), ""unsafe_region"":[[40.0, 20.0], [80.0, 20.0], [80.0, 60.0], [40.0, 60.0]], }"
2530.7999999987937,"{""waypoints"":(-9850.8452, -6568.0365), ""unsafe_region"":[[40.0, 20.0], [80.0, 20.0], [80.0, 60.0], [40.0, 60.0]], }"
2530.7999999987937,"{""waypoints"":(-9850.8452, -6568.0365), ""unsafe_region"":[[40.0, 20.0], [80.0, 20.0], [80.0, 60.0], [40.0, 60.0]], }"
2530.7999999987937,"{""waypoints"":(-9850.8452, -6568.0365), ""unsafe_region"":[[40.0, 20.0], [80.0, 20.0], [80.0, 60.0], [40.0, 60.0]], }"
2530.7999999987937,"{""waypoints"":(-9850.8452, -6568.0365), ""unsafe_region"":[[40.0, 20.0], [80.0, 20.0], [80.0, 60.0], [40.0, 60.0]], }"
2530.7999999987937,"{""waypoints"":(-9850.8452, -6568.0365), ""unsafe_region"":[[40.0, 20.0], [80.0, 20.0], [80.0, 60.0], [40.0, 60.0]], }"
2530.7999999987937,"{""waypoints"":(-9850.8452, -6568.0365), ""unsafe_region"":[[40.0, 20.0], [80.0, 20.0], [80.0, 60.0], [40.0, 60.0]], }"
2530.7999999987937,"{""waypoints"":(-9850.8452, -6568.0365), ""unsafe_region"":[[40.0, 20.0], [80.0, 20.0], [80.0, 60.0], [40.0, 60.0]], }"
2530.7999999987937,"{""waypoints"":(-9850.8452, -6568.0365), ""unsafe_region"":[[40.0, 20.0], [80.0, 20.0], [80.0, 60.0], [40.0, 60.0]], }"
2530.7999999987937,"{""waypoints"":(-9850.8452, -6568.0365), ""unsafe_region"":[[40.0, 20.0], [80.0, 20.0], [80.0, 60.0], [40.0, 60.0]], }"
2530.7999999987937,"{""waypoints"":(-9850.8452, -6568.0365), ""unsafe_region"":[[40.0, 20.0], [80.0, 20.0], [80.0, 60.0], [40.0, 60.0]], }"
2545.0999999987807,"{""waypoints"":(-9850.8452, -6568.0365), ""unsafe_region"":[[40.0, 20.0], [80.0, 20.0], [80.0, 60.0], [40.0, 60.0]], }"
2545.1999999987806,"{""waypoints"":(-9850.8452, -6568.0365), ""unsafe_region"":[[40.0, 20.0], [80.0, 20.0], [80.0, 60.0], [40.0, 60.0]], }"
2545.1999999987806,"{""waypoints"":(-9850.8452, -6568.0365), ""unsafe_region"":[[40.0, 20.0], [80.0, 20.0], [80.0, 60.0], [40.0, 60.0]], }"
2545.1999999987806,"{""waypoints"":(-9850.8452, -6568.0365), ""unsafe_region"":[[40.0, 20.0], [80.0, 20.0], [80.0, 60.0], [40.0, 60.0]], }"
2545.1999999987806,"{""waypoints"":(-9850.8452, -6568.0365), ""unsafe_region"":[[40.0, 20.0], [80.0, 20.0], [80.0, 60.0], [40.0, 60.0]], }"
2545.1999999987806,"{""waypoints"":(-9850.8452, -6568.0365), ""unsafe_region"":[[40.0, 20.0], [80.0, 20.0], [80.0, 60.0], [40.0, 60.0]], }"
2545.1999999987806,"{""waypoints"":(-9850.8452, -6568.0365), ""unsafe_region"":[[40.0, 20.0], [80.0, 20.0], [80.0, 60.0], [40.0, 60.0]], }"
2545.1999999987806,"{""waypoints"":(-9850.8452, -6568.0365), ""unsafe_region"":[[40.0, 20.0], [80.0, 20.0], [80.0, 60.0], [40.0, 60.0]], }"
2545.1999999987806,"{""waypoints"":(-9850.8452, -6568.0365), ""unsafe_region"":[[40.0, 20.0], [80.0, 20.0], [80.0, 60.0], [40.0, 60.0]], }"
2545.1999999987806,"{""waypoints"":(-9850.8452, -6568.0365), ""unsafe_region"":[[40.0, 20.0], [80.0, 20.0], [80.0, 60.0], [40.0, 60.0]], }"
2545.1999999987806,"{""waypoints"":(-9850.8452, -6568.0365), ""unsafe_region"":[[40.0, 20.0], [80.0, 20.0], [80.0, 60.0], [40.0, 60.0]], }"
2545.1999999987806,"{""waypoints"":(-9850.8452, -6568.0365), ""unsafe_region"":[[40.0, 20.0], [80.0, 20.0], [80.0, 60.0], [40.0, 60.0]], }"
2545.1999999987806,"{""waypoints"":(-9850.8452, -6568.0365), ""unsafe_region"":[[40.0, 20.0], [80.0, 20.0], [80.0, 60.0], [40.0, 60.0]], }"
2545.1999999987806,"{""waypoints"":(-9850.8452, -6568.0365), ""unsafe_region"":[[40.0, 20.0], [80.0, 20.0], [80.0, 60.0], [40.0, 60.0]], }"
2545.1999999987806,"{""waypoints"":(-9850.8452, -6568.0365), ""unsafe_region"":[[40.0, 20.0], [80.0, 20.0], [80.0, 60.0], [40.0, 60.0]], }"
2605.199999998726,"{""waypoints"":(-9850.8452, -6568.0365), ""unsafe_region"":[[40.0, 20.0], [80.0, 20.0], [80.0, 60.0], [40.0, 60.0]], }"
2605.299999998726,"{""waypoints"":(-9850.8452, -6568.0365), ""unsafe_region"":[[40.0, 20.0], [80.0, 20.0], [80.0, 60.0], [40.0, 60.0]], }"
2605.299999998726,"{""waypoints"":(-9850.8452, -6568.0365), ""unsafe_region"":[[40.0, 20.0], [80.0, 20.0], [80.0, 60.0], [40.0, 60.0]], }"
2605.299999998726,"{""waypoints"":(-9850.8452, -6568.0365), ""unsafe_region"":[[40.0, 20.0], [80.0, 20.0], [80.0, 60.0], [40.0, 60.0]], }"
2605.299999998726,"{""waypoints"":(-9850.8452, -6568.0365), ""unsafe_region"":[[40.0, 20.0], [80.0, 20.0], [80.0, 60.0], [40.0, 60.0]], }"
2605.299999998726,"{""waypoints"":(-9850.8452, -6568.0365), ""unsafe_region"":[[40.0, 20.0], [80.0, 20.0], [80.0, 60.0], [40.0, 60.0]], }"
2605.299999998726,"{""waypoints"":(-9850.8452, -6568.0365), ""unsafe_region"":[[40.0, 20.0], [80.0, 20.0], [80.0, 60.0], [40.0, 60.0]], }"
2605.299999998726,"{""waypoints"":(-9850.8452, -6568.0365), ""unsafe_region"":[[40.0, 20.0], [80.0, 20.0], [80.0, 60.0], [40.0, 60.0]], }"
2605.299999998726,"{""waypoints"":(-9850.8452, -6568.0365), ""unsafe_region"":[[40.0, 20.0], [80.0, 20.0], [80.0, 60.0], [40.0, 60.0]], }"
2605.299999998726,"{""waypoints"":(-9850.8452, -6568.0365), ""unsafe_region"":[[40.0, 20.0], [80.0, 20.0], [80.0, 60.0], [40.0, 60.0]], }"
2605.299999998726,"{""waypoints"":(-9850.8452, -6568.0365), ""unsafe_region"":[[40.0, 20.0], [80.0, 20.0], [80.0, 60.0], [40.0, 60.0]], }"
2605.299999998726,"{""waypoints"":(-9850.8452, -6568.0365), ""unsafe_region"":[[40.0, 20.0], [80.0, 20.0], [80.0, 60.0], [40.0, 60.0]], }"
2605.299999998726,"{""waypoints"":(-9850.8452, -6568.0365), ""unsafe_region"":[[40.0, 20.0], [80.0, 20.0], [80.0, 60.0], [40.0, 60.0]], }"
2605.299999998726,"{""waypoints"":(-9850.8452, -6568.0365), ""unsafe_region"":[[40.0, 20.0], [80.0, 20.0], [80.0, 60.0], [40.0, 60.0]], }"
2605.299999998726,"{""waypoints"":(-9850.8452, -6568.0365), ""unsafe_region"":[[40.0, 20.0], [80.0, 20.0], [80.0, 60.0], [40.0, 60.0]], }"
2605.299999998726,"{""waypoints"":(-9850.8452, -6568.0365), ""unsafe_region"":[[40.0, 20.0], [80.0, 20.0], [80.0, 60.0], [40.0, 60.0]], }"
2605.299999998726,"{""waypoints"":(-9850.8452, -6568.0365), ""unsafe_region"":[[40.0, 20.0], [80.0, 20.0], [80.0, 60.0], [40.0, 60.0]], }"
2605.299999998726,"{""waypoints"":(-9850.8452, -6568.0365), ""unsafe_region"":[[40.0, 20.0], [80.0, 20.0], [80.0, 60.0], [40.0, 60.0]], }"
2605.299999998726,"{""waypoints"":(-9850.8452, -6568.0365), ""unsafe_region"":[[40.0, 20.0], [80.0, 20.0], [80.0, 60.0], [40.0, 60.0]], }"
2605.299999998726,"{""waypoints"":(-9850.8452, -6568.0365), ""unsafe_region"":[[40.0, 20.0], [80.0, 20.0], [80.0, 60.0], [40.0, 60.0]], }"
2605.299999998726,"{""waypoints"":(-9850.8452, -6568.0365), ""unsafe_region"":[[40.0, 20.0], [80.0, 20.0], [80.0, 60.0], [40.0, 60.0]], }"
2605.299999998726,"{""waypoints"":(-9850.8452, -6568.0365), ""unsafe_region"":[[40.0, 20.0], [80.0, 20.0], [80.0, 60.0], [40.0, 60.0]], }"
2605.299999998726,"{""waypoints"":(-9850.8452, -6568.0365), ""unsafe_region"":[[40.0, 20.0], [80.0, 20.0], [80.0, 60.0], [40.0, 60.0]], }"
2605.299999998726,"{""waypoints"":(-9850.8452, -6568.0365), ""unsafe_region"":[[40.0, 20.0], [80.0, 20.0], [80.0, 60.0], [40.0, 60.0]], }"
2605.299999998726,"{""waypoints"":(-9850.8452, -6568.0365), ""unsafe_region"":[[40.0, 20.0], [80.0, 20.0], [80.0, 60.0], [40.0, 60.0]], }"
2605.299999998726,"{""waypoints"":(-9850.8452, -6568.0365), ""unsafe_region"":[[40.0, 20.0], [80.0, 20.0], [80.0, 60.0], [40.0, 60.0]], }"
2605.299999998726,"{""waypoints"":(-9850.8452, -6568.0365), ""unsafe_region"":[[40.0, 20.0], [80.0, 20.0], [80.0, 60.0], [40.0, 60.0]], }"
2605.299999998726,"{""waypoints"":(-9850.8452, -6568.0365), ""unsafe_region"":[[40.0, 20.0], [80.0, 20.0], [80.0, 60.0], [40.0, 60.0]], }"
2605.299999998726,"{""waypoints"":(-9850.8452, -6568.0365), ""unsafe_region"":[[40.0, 20.0], [80.0, 20.0], [80.0, 60.0], [40.0, 60.0]], }"
2605.299999998726,"{""waypoints"":(-9850.8452, -6568.0365), ""unsafe_region"":[[40.0, 20.0], [80.0, 20.0], [80.0, 60.0], [40.0, 60.0]], }"
2605.299999998726,"{""waypoints"":(-9850.8452, -6568.0365), ""unsafe_region"":[[40.0, 20.0], [80.0, 20.0], [80.0, 60.0], [40.0, 60.0]], }"
2605.299999998726,"{""waypoints"":(-9850.8452, -6568.0365), ""unsafe_region"":[[40.0, 20.0], [80.0, 20.0], [80.0, 60.0], [40.0, 60.0]], }"
2605.299999998726,"{""waypoints"":(-9850.8452, -6568.0365), ""unsafe_region"":[[40.0, 20.0], [80.0, 20.0], [80.0, 60.0], [40.0, 60.0]], }"
2605.299999998726,"{""waypoints"":(-9850.8452, -6568.0365), ""unsafe_region"":[[40.0, 20.0], [80.0, 20.0], [80.0, 60.0], [40.0, 60.0]], }"
2605.299999998726,"{""waypoints"":(-9850.8452, -6568.0365), ""unsafe_region"":[[40.0, 20.0], [80.0, 20.0], [80.0, 60.0], [40.0, 60.0]], }"
2605.299999998726,"{""waypoints"":(-9850.8452, -6568.0365), ""unsafe_region"":[[40.0, 20.0], [80.0, 20.0], [80.0, 60.0], [40.0, 60.0]], }"
2605.299999998726,"{""waypoints"":(-9850.8452, -6568.0365), ""unsafe_region"":[[40.0, 20.0], [80.0, 20.0], [80.0, 60.0], [40.0, 60.0]], }"
2605.299999998726,"{""waypoints"":(-9850.8452, -6568.0365), ""unsafe_region"":[[40.0, 20.0], [80.0, 20.0], [80.0, 60.0], [40.0, 60.0]], }"
2605.299999998726,"{""waypoints"":(-9850.8452, -6568.0365), ""unsafe_region"":[[40.0, 20.0], [80.0, 20.0], [80.0, 60.0], [40.0, 60.0]], }"
2605.299999998726,"{""waypoints"":(-9850.8452, -6568.0365), ""unsafe_region"":[[40.0, 20.0], [80.0, 20.0], [80.0, 60.0], [40.0, 60.0]], }"
2605.299999998726,"{""waypoints"":(-9850.8452, -6568.0365), ""unsafe_region"":[[40.0, 20.0], [80.0, 20.0], [80.0, 60.0], [40.0, 60.0]], }"
2605.299999998726,"{""waypoints"":(-9850.8452, -6568.0365), ""unsafe_region"":[[40.0, 20.0], [80.0, 20.0], [80.0, 60.0], [40.0, 60.0]], }"
2605.299999998726,"{""waypoints"":(-9850.8452, -6568.0365), ""unsafe_region"":[[40.0, 20.0], [80.0, 20.0], [80.0, 60.0], [40.0, 60.0]], }"
2605.299999998726,"{""waypoints"":(-9850.8452, -6568.0365), ""unsafe_region"":[[40.0, 20.0], [80.0, 20.0], [80.0, 60.0], [40.0, 60.0]], }"
2605.299999998726,"{""waypoints"":(-9850.8452, -6568.0365), ""unsafe_region"":[[40.0, 20.0], [80.0, 20.0], [80.0, 60.0], [40.0, 60.0]], }"
2605.299999998726,"{""waypoints"":(-9850.8452, -6568.0365), ""unsafe_region"":[[40.0, 20.0], [80.0, 20.0], [80.0, 60.0], [40.0, 60.0]], }"
2605.299999998726,"{""waypoints"":(-9850.8452, -6568.0365), ""unsafe_region"":[[40.0, 20.0], [80.0, 20.0], [80.0, 60.0], [40.0, 60.0]], }"
2605.299999998726,"{""waypoints"":(-9850.8452, -6568.0365), ""unsafe_region"":[[40.0, 20.0], [80.0, 20.0], [80.0, 60.0], [40.0, 60.0]], }"
2605.299999998726,"{""waypoints"":(-9850.8452, -6568.0365), ""unsafe_region"":[[40.0, 20.0], [80.0, 20.0], [80.0, 60.0], [40.0, 60.0]], }"
2605.299999998726,"{""waypoints"":(-9850.8452, -6568.0365), ""unsafe_region"":[[40.0, 20.0], [80.0, 20.0], [80.0, 60.0], [40.0, 60.0]], }"
2605.299999998726,"{""waypoints"":(-9850.8452, -6568.0365), ""unsafe_region"":[[40.0, 20.0], [80.0, 20.0], [80.0, 60.0], [40.0, 60.0]], }"
2605.299999998726,"{""waypoints"":(-9850.8452, -6568.0365), ""unsafe_region"":[[40.0, 20.0], [80.0, 20.0], [80.0, 60.0], [40.0, 60.0]], }"
2605.299999998726,"{""waypoints"":(-9850.8452, -6568.0365), ""unsafe_region"":[[40.0, 20.0], [80.0, 20.0], [80.0, 60.0], [40.0, 60.0]], }"
2605.299999998726,"{""waypoints"":(-9850.8452, -6568.0365), ""unsafe_region"":[[40.0, 20.0], [80.0, 20.0], [80.0, 60.0], [40.0, 60.0]], }"
2605.299999998726,"{""waypoints"":(-9850.8452, -6568.0365), ""unsafe_region"":[[40.0, 20.0], [80.0, 20.0], [80.0, 60.0], [40.0, 60.0]], }"
2605.299999998726,"{""waypoints"":(-9850.8452, -6568.0365), ""unsafe_region"":[[40.0, 20.0], [80.0, 20.0], [80.0, 60.0], [40.0, 60.0]], }"
2605.299999998726,"{""waypoints"":(-9850.8452, -6568.0365), ""unsafe_region"":[[40.0, 20.0], [80.0, 20.0], [80.0, 60.0], [40.0, 60.0]], }"
2605.299999998726,"{""waypoints"":(-9850.8452, -6568.0365), ""unsafe_region"":[[40.0, 20.0], [80.0, 20.0], [80.0, 60.0], [40.0, 60.0]], }"
2605.299999998726,"{""waypoints"":(-9850.8452, -6568.0365), ""unsafe_region"":[[40.0, 20.0], [80.0, 20.0], [80.0, 60.0], [40.0, 60.0]], }"
2605.299999998726,"{""waypoints"":(-9850.8452, -6568.0365), ""unsafe_region"":[[40.0, 20.0], [80.0, 20.0], [80.0, 60.0], [40.0, 60.0]], }"
2659.299999998677,"{""waypoints"":(-9850.8452, -6568.0365), ""unsafe_region"":[[40.0, 20.0], [80.0, 20.0], [80.0, 60.0], [40.0, 60.0]], }"
2659.299999998677,"{""waypoints"":(-9850.8452, -6568.0365), ""unsafe_region"":[[40.0, 20.0], [80.0, 20.0], [80.0, 60.0], [40.0, 60.0]], }"
2659.299999998677,"{""waypoints"":(-9850.8452, -6568.0365), ""unsafe_region"":[[40.0, 20.0], [80.0, 20.0], [80.0, 60.0], [40.0, 60.0]], }"
2659.299999998677,"{""waypoints"":(-9850.8452, -6568.0365), ""unsafe_region"":[[40.0, 20.0], [80.0, 20.0], [80.0, 60.0], [40.0, 60.0]], }"
2659.299999998677,"{""waypoints"":(-9850.8452, -6568.0365), ""unsafe_region"":[[40.0, 20.0], [80.0, 20.0], [80.0, 60.0], [40.0, 60.0]], }"
2659.299999998677,"{""waypoints"":(-9850.8452, -6568.0365), ""unsafe_region"":[[40.0, 20.0], [80.0, 20.0], [80.0, 60.0], [40.0, 60.0]], }"
2659.299999998677,"{""waypoints"":(-9850.8452, -6568.0365), ""unsafe_region"":[[40.0, 20.0], [80.0, 20.0], [80.0, 60.0], [40.0, 60.0]], }"
2659.299999998677,"{""waypoints"":(-9850.8452, -6568.0365), ""unsafe_region"":[[40.0, 20.0], [80.0, 20.0], [80.0, 60.0], [40.0, 60.0]], }"
2659.299999998677,"{""waypoints"":(-9850.8452, -6568.0365), ""unsafe_region"":[[40.0, 20.0], [80.0, 20.0], [80.0, 60.0], [40.0, 60.0]], }"
2659.299999998677,"{""waypoints"":(-9850.8452, -6568.0365), ""unsafe_region"":[[40.0, 20.0], [80.0, 20.0], [80.0, 60.0], [40.0, 60.0]], }"
2659.299999998677,"{""waypoints"":(-9850.8452, -6568.0365), ""unsafe_region"":[[40.0, 20.0], [80.0, 20.0], [80.0, 60.0], [40.0, 60.0]], }"
2659.299999998677,"{""waypoints"":(-9850.8452, -6568.0365), ""unsafe_region"":[[40.0, 20.0], [80.0, 20.0], [80.0, 60.0], [40.0, 60.0]], }"
2659.299999998677,"{""waypoints"":(-9850.8452, -6568.0365), ""unsafe_region"":[[40.0, 20.0], [80.0, 20.0], [80.0, 60.0], [40.0, 60.0]], }"
2659.299999998677,"{""waypoints"":(-9850.8452, -6568.0365), ""unsafe_region"":[[40.0, 20.0], [80.0, 20.0], [80.0, 60.0], [40.0, 60.0]], }"
2659.299999998677,"{""waypoints"":(-9850.8452, -6568.0365), ""unsafe_region"":[[40.0, 20.0], [80.0, 20.0], [80.0, 60.0], [40.0, 60.0]], }"
2659.299999998677,"{""waypoints"":(-9850.8452, -6568.0365), ""unsafe_region"":[[40.0, 20.0], [80.0, 20.0], [80.0, 60.0], [40.0, 60.0]], }"
2659.299999998677,"{""waypoints"":(-9850.8452, -6568.0365), ""unsafe_region"":[[40.0, 20.0], [80.0, 20.0], [80.0, 60.0], [40.0, 60.0]], }"
2659.299999998677,"{""waypoints"":(-9850.8452, -6568.0365), ""unsafe_region"":[[40.0, 20.0], [80.0, 20.0], [80.0, 60.0], [40.0, 60.0]], }"
2659.299999998677,"{""waypoints"":(-9850.8452, -6568.0365), ""unsafe_region"":[[40.0, 20.0], [80.0, 20.0], [80.0, 60.0], [40.0, 60.0]], }"
2659.299999998677,"{""waypoints"":(-9850.8452, -6568.0365), ""unsafe_region"":[[40.0, 20.0], [80.0, 20.0], [80.0, 60.0], [40.0, 60.0]], }"
2659.299999998677,"{""waypoints"":(-9850.8452, -6568.0365), ""unsafe_region"":[[40.0, 20.0], [80.0, 20.0], [80.0, 60.0], [40.0, 60.0]], }"
2659.299999998677,"{""waypoints"":(-9850.8452, -6568.0365), ""unsafe_region"":[[40.0, 20.0], [80.0, 20.0], [80.0, 60.0], [40.0, 60.0]], }"
2659.299999998677,"{""waypoints"":(-9850.8452, -6568.0365), ""unsafe_region"":[[40.0, 20.0], [80.0, 20.0], [80.0, 60.0], [40.0, 60.0]], }"
2659.299999998677,"{""waypoints"":(-9850.8452, -6568.0365), ""unsafe_region"":[[40.0, 20.0], [80.0, 20.0], [80.0, 60.0], [40.0, 60.0]], }"
2659.299999998677,"{""waypoints"":(-9850.8452, -6568.0365), ""unsafe_region"":[[40.0, 20.0], [80.0, 20.0], [80.0, 60.0], [40.0, 60.0]], }"
2659.299999998677,"{""waypoints"":(-9850.8452, -6568.0365), ""unsafe_region"":[[40.0, 20.0], [80.0, 20.0], [80.0, 60.0], [40.0, 60.0]], }"
2659.299999998677,"{""waypoints"":(-9850.8452, -6568.0365), ""unsafe_region"":[[40.0, 20.0], [80.0, 20.0], [80.0, 60.0], [40.0, 60.0]], }"
2659.299999998677,"{""waypoints"":(-9850.8452, -6568.0365), ""unsafe_region"":[[40.0, 20.0], [80.0, 20.0], [80.0, 60.0], [40.0, 60.0]], }"
2659.299999998677,"{""waypoints"":(-9850.8452, -6568.0365), ""unsafe_region"":[[40.0, 20.0], [80.0, 20.0], [80.0, 60.0], [40.0, 60.0]], }"
2659.299999998677,"{""waypoints"":(-9850.8452, -6568.0365), ""unsafe_region"":[[40.0, 20.0], [80.0, 20.0], [80.0, 60.0], [40.0, 60.0]], }"
2659.299999998677,"{""waypoints"":(-9850.8452, -6568.0365), ""unsafe_region"":[[40.0, 20.0], [80.0, 20.0], [80.0, 60.0], [40.0, 60.0]], }"
2659.299999998677,"{""waypoints"":(-9850.8452, -6568.0365), ""unsafe_region"":[[40.0, 20.0], [80.0, 20.0], [80.0, 60.0], [40.0, 60.0]], }"
2659.299999998677,"{""waypoints"":(-9850.8452, -6568.0365), ""unsafe_region"":[[40.0, 20.0], [80.0, 20.0], [80.0, 60.0], [40.0, 60.0]], }"
2659.299999998677,"{""waypoints"":(-9850.8452, -6568.0365), ""unsafe_region"":[[40.0, 20.0], [80.0, 20.0], [80.0, 60.0], [40.0, 60.0]], }"
2659.299999998677,"{""waypoints"":(-9850.8452, -6568.0365), ""unsafe_region"":[[40.0, 20.0], [80.0, 20.0], [80.0, 60.0], [40.0, 60.0]], }"
2659.299999998677,"{""waypoints"":(-9850.8452, -6568.0365), ""unsafe_region"":[[40.0, 20.0], [80.0, 20.0], [80.0, 60.0], [40.0, 60.0]], }"
2659.299999998677,"{""waypoints"":(-9850.8452, -6568.0365), ""unsafe_region"":[[40.0, 20.0], [80.0, 20.0], [80.0, 60.0], [40.0, 60.0]], }"
2659.299999998677,"{""waypoints"":(-9850.8452, -6568.0365), ""unsafe_region"":[[40.0, 20.0], [80.0, 20.0], [80.0, 60.0], [40.0, 60.0]], }"
2659.299999998677,"{""waypoints"":(-9850.8452, -6568.0365), ""unsafe_region"":[[40.0, 20.0], [80.0, 20.0], [80.0, 60.0], [40.0, 60.0]], }"
2659.299999998677,"{""waypoints"":(-9850.8452, -6568.0365), ""unsafe_region"":[[40.0, 20.0], [80.0, 20.0], [80.0, 60.0], [40.0, 60.0]], }"
2659.299999998677,"{""waypoints"":(-9850.8452, -6568.0365), ""unsafe_region"":[[40.0, 20.0], [80.0, 20.0], [80.0, 60.0], [40.0, 60.0]], }"
2659.299999998677,"{""waypoints"":(-9850.8452, -6568.0365), ""unsafe_region"":[[40.0, 20.0], [80.0, 20.0], [80.0, 60.0], [40.0, 60.0]], }"
2659.299999998677,"{""waypoints"":(-9850.8452, -6568.0365), ""unsafe_region"":[[40.0, 20.0], [80.0, 20.0], [80.0, 60.0], [40.0, 60.0]], }"
2659.299999998677,"{""waypoints"":(-9850.8452, -6568.0365), ""unsafe_region"":[[40.0, 20.0], [80.0, 20.0], [80.0, 60.0], [40.0, 60.0]], }"
2659.299999998677,"{""waypoints"":(-9850.8452, -6568.0365), ""unsafe_region"":[[40.0, 20.0], [80.0, 20.0], [80.0, 60.0], [40.0, 60.0]], }"
2659.299999998677,"{""waypoints"":(-9850.8452, -6568.0365), ""unsafe_region"":[[40.0, 20.0], [80.0, 20.0], [80.0, 60.0], [40.0, 60.0]], }"
2659.299999998677,"{""waypoints"":(-9850.8452, -6568.0365), ""unsafe_region"":[[40.0, 20.0], [80.0, 20.0], [80.0, 60.0], [40.0, 60.0]], }"
2659.299999998677,"{""waypoints"":(-9850.8452, -6568.0365), ""unsafe_region"":[[40.0, 20.0], [80.0, 20.0], [80.0, 60.0], [40.0, 60.0]], }"
2659.299999998677,"{""waypoints"":(-9850.8452, -6568.0365), ""unsafe_region"":[[40.0, 20.0], [80.0, 20.0], [80.0, 60.0], [40.0, 60.0]], }"
2659.299999998677,"{""waypoints"":(-9850.8452, -6568.0365), ""unsafe_region"":[[40.0, 20.0], [80.0, 20.0], [80.0, 60.0], [40.0, 60.0]], }"
2659.299999998677,"{""waypoints"":(-9850.8452, -6568.0365), ""unsafe_region"":[[40.0, 20.0], [80.0, 20.0], [80.0, 60.0], [40.0, 60.0]], }"
2659.299999998677,"{""waypoints"":(-9850.8452, -6568.0365), ""unsafe_region"":[[40.0, 20.0], [80.0, 20.0], [80.0, 60.0], [40.0, 60.0]], }"
2659.299999998677,"{""waypoints"":(-9850.8452, -6568.0365), ""unsafe_region"":[[40.0, 20.0], [80.0, 20.0], [80.0, 60.0], [40.0, 60.0]], }"
2659.299999998677,"{""waypoints"":(-9850.8452, -6568.0365), ""unsafe_region"":[[40.0, 20.0], [80.0, 20.0], [80.0, 60.0], [40.0, 60.0]], }"
2712.3999999986286,"{""waypoints"":(-9850.8452, -6568.0365), ""unsafe_region"":[[40.0, 20.0], [80.0, 20.0], [80.0, 60.0], [40.0, 60.0]], }"
2712.3999999986286,"{""waypoints"":(-9850.8452, -6568.0365), ""unsafe_region"":[[40.0, 20.0], [80.0, 20.0], [80.0, 60.0], [40.0, 60.0]], }"
2712.3999999986286,"{""waypoints"":(-9850.8452, -6568.0365), ""unsafe_region"":[[40.0, 20.0], [80.0, 20.0], [80.0, 60.0], [40.0, 60.0]], }"
2712.3999999986286,"{""waypoints"":(-9850.8452, -6568.0365), ""unsafe_region"":[[40.0, 20.0], [80.0, 20.0], [80.0, 60.0], [40.0, 60.0]], }"
2712.3999999986286,"{""waypoints"":(-9850.8452, -6568.0365), ""unsafe_region"":[[40.0, 20.0], [80.0, 20.0], [80.0, 60.0], [40.0, 60.0]], }"
2712.3999999986286,"{""waypoints"":(-9850.8452, -6568.0365), ""unsafe_region"":[[40.0, 20.0], [80.0, 20.0], [80.0, 60.0], [40.0, 60.0]], }"
2712.3999999986286,"{""waypoints"":(-9850.8452, -6568.0365), ""unsafe_region"":[[40.0, 20.0], [80.0, 20.0], [80.0, 60.0], [40.0, 60.0]], }"
2712.3999999986286,"{""waypoints"":(-9850.8452, -6568.0365), ""unsafe_region"":[[40.0, 20.0], [80.0, 20.0], [80.0, 60.0], [40.0, 60.0]], }"
2712.3999999986286,"{""waypoints"":(-9850.8452, -6568.0365), ""unsafe_region"":[[40.0, 20.0], [80.0, 20.0], [80.0, 60.0], [40.0, 60.0]], }"
2712.3999999986286,"{""waypoints"":(-9850.8452, -6568.0365), ""unsafe_region"":[[40.0, 20.0], [80.0, 20.0], [80.0, 60.0], [40.0, 60.0]], }"
2712.3999999986286,"{""waypoints"":(-9850.8452, -6568.0365), ""unsafe_region"":[[40.0, 20.0], [80.0, 20.0], [80.0, 60.0], [40.0, 60.0]], }"
2712.3999999986286,"{""waypoints"":(-9850.8452, -6568.0365), ""unsafe_region"":[[40.0, 20.0], [80.0, 20.0], [80.0, 60.0], [40.0, 60.0]], }"
2712.3999999986286,"{""waypoints"":(-9850.8452, -6568.0365), ""unsafe_region"":[[40.0, 20.0], [80.0, 20.0], [80.0, 60.0], [40.0, 60.0]], }"
2712.3999999986286,"{""waypoints"":(-9850.8452, -6568.0365), ""unsafe_region"":[[40.0, 20.0], [80.0, 20.0], [80.0, 60.0], [40.0, 60.0]], }"
2712.3999999986286,"{""waypoints"":(-9850.8452, -6568.0365), ""unsafe_region"":[[40.0, 20.0], [80.0, 20.0], [80.0, 60.0], [40.0, 60.0]], }"
2712.3999999986286,"{""waypoints"":(-9850.8452, -6568.0365), ""unsafe_region"":[[40.0, 20.0], [80.0, 20.0], [80.0, 60.0], [40.0, 60.0]], }"
2712.3999999986286,"{""waypoints"":(-9850.8452, -6568.0365), ""unsafe_region"":[[40.0, 20.0], [80.0, 20.0], [80.0, 60.0], [40.0, 60.0]], }"
2712.3999999986286,"{""waypoints"":(-9850.8452, -6568.0365), ""unsafe_region"":[[40.0, 20.0], [80.0, 20.0], [80.0, 60.0], [40.0, 60.0]], }"
2712.3999999986286,"{""waypoints"":(-9850.8452, -6568.0365), ""unsafe_region"":[[40.0, 20.0], [80.0, 20.0], [80.0, 60.0], [40.0, 60.0]], }"
2712.3999999986286,"{""waypoints"":(-9850.8452, -6568.0365), ""unsafe_region"":[[40.0, 20.0], [80.0, 20.0], [80.0, 60.0], [40.0, 60.0]], }"
2712.3999999986286,"{""waypoints"":(-9850.8452, -6568.0365), ""unsafe_region"":[[40.0, 20.0], [80.0, 20.0], [80.0, 60.0], [40.0, 60.0]], }"
2712.3999999986286,"{""waypoints"":(-9850.8452, -6568.0365), ""unsafe_region"":[[40.0, 20.0], [80.0, 20.0], [80.0, 60.0], [40.0, 60.0]], }"
2712.3999999986286,"{""waypoints"":(-9850.8452, -6568.0365), ""unsafe_region"":[[40.0, 20.0], [80.0, 20.0], [80.0, 60.0], [40.0, 60.0]], }"
2712.3999999986286,"{""waypoints"":(-9850.8452, -6568.0365), ""unsafe_region"":[[40.0, 20.0], [80.0, 20.0], [80.0, 60.0], [40.0, 60.0]], }"
2712.3999999986286,"{""waypoints"":(-9850.8452, -6568.0365), ""unsafe_region"":[[40.0, 20.0], [80.0, 20.0], [80.0, 60.0], [40.0, 60.0]], }"
2712.3999999986286,"{""waypoints"":(-9850.8452, -6568.0365), ""unsafe_region"":[[40.0, 20.0], [80.0, 20.0], [80.0, 60.0], [40.0, 60.0]], }"
2712.3999999986286,"{""waypoints"":(-9850.8452, -6568.0365), ""unsafe_region"":[[40.0, 20.0], [80.0, 20.0], [80.0, 60.0], [40.0, 60.0]], }"
2712.3999999986286,"{""waypoints"":(-9850.8452, -6568.0365), ""unsafe_region"":[[40.0, 20.0], [80.0, 20.0], [80.0, 60.0], [40.0, 60.0]], }"
2712.3999999986286,"{""waypoints"":(-9850.8452, -6568.0365), ""unsafe_region"":[[40.0, 20.0], [80.0, 20.0], [80.0, 60.0], [40.0, 60.0]], }"
2712.3999999986286,"{""waypoints"":(-9850.8452, -6568.0365), ""unsafe_region"":[[40.0, 20.0], [80.0, 20.0], [80.0, 60.0], [40.0, 60.0]], }"
2712.3999999986286,"{""waypoints"":(-9850.8452, -6568.0365), ""unsafe_region"":[[40.0, 20.0], [80.0, 20.0], [80.0, 60.0], [40.0, 60.0]], }"
2712.3999999986286,"{""waypoints"":(-9850.8452, -6568.0365), ""unsafe_region"":[[40.0, 20.0], [80.0, 20.0], [80.0, 60.0], [40.0, 60.0]], }"
2712.3999999986286,"{""waypoints"":(-9850.8452, -6568.0365), ""unsafe_region"":[[40.0, 20.0], [80.0, 20.0], [80.0, 60.0], [40.0, 60.0]], }"
2712.3999999986286,"{""waypoints"":(-9850.8452, -6568.0365), ""unsafe_region"":[[40.0, 20.0], [80.0, 20.0], [80.0, 60.0], [40.0, 60.0]], }"
2712.3999999986286,"{""waypoints"":(-9850.8452, -6568.0365), ""unsafe_region"":[[40.0, 20.0], [80.0, 20.0], [80.0, 60.0], [40.0, 60.0]], }"
2712.3999999986286,"{""waypoints"":(-9850.8452, -6568.0365), ""unsafe_region"":[[40.0, 20.0], [80.0, 20.0], [80.0, 60.0], [40.0, 60.0]], }"
2712.3999999986286,"{""waypoints"":(-9850.8452, -6568.0365), ""unsafe_region"":[[40.0, 20.0], [80.0, 20.0], [80.0, 60.0], [40.0, 60.0]], }"
2712.3999999986286,"{""waypoints"":(-9850.8452, -6568.0365), ""unsafe_region"":[[40.0, 20.0], [80.0, 20.0], [80.0, 60.0], [40.0, 60.0]], }"
2712.3999999986286,"{""waypoints"":(-9850.8452, -6568.0365), ""unsafe_region"":[[40.0, 20.0], [80.0, 20.0], [80.0, 60.0], [40.0, 60.0]], }"
2712.3999999986286,"{""waypoints"":(-9850.8452, -6568.0365), ""unsafe_region"":[[40.0, 20.0], [80.0, 20.0], [80.0, 60.0], [40.0, 60.0]], }"
2712.3999999986286,"{""waypoints"":(-9850.8452, -6568.0365), ""unsafe_region"":[[40.0, 20.0], [80.0, 20.0], [80.0, 60.0], [40.0, 60.0]], }"
2712.3999999986286,"{""waypoints"":(-9850.8452, -6568.0365), ""unsafe_region"":[[40.0, 20.0], [80.0, 20.0], [80.0, 60.0], [40.0, 60.0]], }"
2712.3999999986286,"{""waypoints"":(-9850.8452, -6568.0365), ""unsafe_region"":[[40.0, 20.0], [80.0, 20.0], [80.0, 60.0], [40.0, 60.0]], }"
2712.3999999986286,"{""waypoints"":(-9850.8452, -6568.0365), ""unsafe_region"":[[40.0, 20.0], [80.0, 20.0], [80.0, 60.0], [40.0, 60.0]], }"
2712.3999999986286,"{""waypoints"":(-9850.8452, -6568.0365), ""unsafe_region"":[[40.0, 20.0], [80.0, 20.0], [80.0, 60.0], [40.0, 60.0]], }"
2712.3999999986286,"{""waypoints"":(-9850.8452, -6568.0365), ""unsafe_region"":[[40.0, 20.0], [80.0, 20.0], [80.0, 60.0], [40.0, 60.0]], }"
2712.3999999986286,"{""waypoints"":(-9850.8452, -6568.0365), ""unsafe_region"":[[40.0, 20.0], [80.0, 20.0], [80.0, 60.0], [40.0, 60.0]], }"
2712.3999999986286,"{""waypoints"":(-9850.8452, -6568.0365), ""unsafe_region"":[[40.0, 20.0], [80.0, 20.0], [80.0, 60.0], [40.0, 60.0]], }"
2712.3999999986286,"{""waypoints"":(-9850.8452, -6568.0365), ""unsafe_region"":[[40.0, 20.0], [80.0, 20.0], [80.0, 60.0], [40.0, 60.0]], }"
2712.3999999986286,"{""waypoints"":(-9850.8452, -6568.0365), ""unsafe_region"":[[40.0, 20.0], [80.0, 20.0], [80.0, 60.0], [40.0, 60.0]], }"
2712.3999999986286,"{""waypoints"":(-9850.8452, -6568.0365), ""unsafe_region"":[[40.0, 20.0], [80.0, 20.0], [80.0, 60.0], [40.0, 60.0]], }"
2712.3999999986286,"{""waypoints"":(-9850.8452, -6568.0365), ""unsafe_region"":[[40.0, 20.0], [80.0, 20.0], [80.0, 60.0], [40.0, 60.0]], }"
2712.3999999986286,"{""waypoints"":(-9850.8452, -6568.0365), ""unsafe_region"":[[40.0, 20.0], [80.0, 20.0], [80.0, 60.0], [40.0, 60.0]], }"
2758.299999998587,"{""waypoints"":(-9850.8452, -6568.0365), ""unsafe_region"":[[40.0, 20.0], [80.0, 20.0], [80.0, 60.0], [40.0, 60.0]], }"
2758.299999998587,"{""waypoints"":(-9850.8452, -6568.0365), ""unsafe_region"":[[40.0, 20.0], [80.0, 20.0], [80.0, 60.0], [40.0, 60.0]], }"
2758.299999998587,"{""waypoints"":(-9850.8452, -6568.0365), ""unsafe_region"":[[40.0, 20.0], [80.0, 20.0], [80.0, 60.0], [40.0, 60.0]], }"
2758.299999998587,"{""waypoints"":(-9850.8452, -6568.0365), ""unsafe_region"":[[40.0, 20.0], [80.0, 20.0], [80.0, 60.0], [40.0, 60.0]], }"
2758.299999998587,"{""waypoints"":(-9850.8452, -6568.0365), ""unsafe_region"":[[40.0, 20.0], [80.0, 20.0], [80.0, 60.0], [40.0, 60.0]], }"
2758.299999998587,"{""waypoints"":(-9850.8452, -6568.0365), ""unsafe_region"":[[40.0, 20.0], [80.0, 20.0], [80.0, 60.0], [40.0, 60.0]], }"
2758.299999998587,"{""waypoints"":(-9850.8452, -6568.0365), ""unsafe_region"":[[40.0, 20.0], [80.0, 20.0], [80.0, 60.0], [40.0, 60.0]], }"
2758.299999998587,"{""waypoints"":(-9850.8452, -6568.0365), ""unsafe_region"":[[40.0, 20.0], [80.0, 20.0], [80.0, 60.0], [40.0, 60.0]], }"
2758.299999998587,"{""waypoints"":(-9850.8452, -6568.0365), ""unsafe_region"":[[40.0, 20.0], [80.0, 20.0], [80.0, 60.0], [40.0, 60.0]], }"
2758.299999998587,"{""waypoints"":(-9850.8452, -6568.0365), ""unsafe_region"":[[40.0, 20.0], [80.0, 20.0], [80.0, 60.0], [40.0, 60.0]], }"
2758.299999998587,"{""waypoints"":(-9850.8452, -6568.0365), ""unsafe_region"":[[40.0, 20.0], [80.0, 20.0], [80.0, 60.0], [40.0, 60.0]], }"
2758.299999998587,"{""waypoints"":(-9850.8452, -6568.0365), ""unsafe_region"":[[40.0, 20.0], [80.0, 20.0], [80.0, 60.0], [40.0, 60.0]], }"
2758.299999998587,"{""waypoints"":(-9850.8452, -6568.0365), ""unsafe_region"":[[40.0, 20.0], [80.0, 20.0], [80.0, 60.0], [40.0, 60.0]], }"
2758.299999998587,"{""waypoints"":(-9850.8452, -6568.0365), ""unsafe_region"":[[40.0, 20.0], [80.0, 20.0], [80.0, 60.0], [40.0, 60.0]], }"
2758.299999998587,"{""waypoints"":(-9850.8452, -6568.0365), ""unsafe_region"":[[40.0, 20.0], [80.0, 20.0], [80.0, 60.0], [40.0, 60.0]], }"
2758.299999998587,"{""waypoints"":(-9850.8452, -6568.0365), ""unsafe_region"":[[40.0, 20.0], [80.0, 20.0], [80.0, 60.0], [40.0, 60.0]], }"
2758.299999998587,"{""waypoints"":(-9850.8452, -6568.0365), ""unsafe_region"":[[40.0, 20.0], [80.0, 20.0], [80.0, 60.0], [40.0, 60.0]], }"
2758.299999998587,"{""waypoints"":(-9850.8452, -6568.0365), ""unsafe_region"":[[40.0, 20.0], [80.0, 20.0], [80.0, 60.0], [40.0, 60.0]], }"
2758.299999998587,"{""waypoints"":(-9850.8452, -6568.0365), ""unsafe_region"":[[40.0, 20.0], [80.0, 20.0], [80.0, 60.0], [40.0, 60.0]], }"
2758.299999998587,"{""waypoints"":(-9850.8452, -6568.0365), ""unsafe_region"":[[40.0, 20.0], [80.0, 20.0], [80.0, 60.0], [40.0, 60.0]], }"
2758.299999998587,"{""waypoints"":(-9850.8452, -6568.0365), ""unsafe_region"":[[40.0, 20.0], [80.0, 20.0], [80.0, 60.0], [40.0, 60.0]], }"
2758.299999998587,"{""waypoints"":(-9850.8452, -6568.0365), ""unsafe_region"":[[40.0, 20.0], [80.0, 20.0], [80.0, 60.0], [40.0, 60.0]], }"
2758.299999998587,"{""waypoints"":(-9850.8452, -6568.0365), ""unsafe_region"":[[40.0, 20.0], [80.0, 20.0], [80.0, 60.0], [40.0, 60.0]], }"
2758.299999998587,"{""waypoints"":(-9850.8452, -6568.0365), ""unsafe_region"":[[40.0, 20.0], [80.0, 20.0], [80.0, 60.0], [40.0, 60.0]], }"
2758.299999998587,"{""waypoints"":(-9850.8452, -6568.0365), ""unsafe_region"":[[40.0, 20.0], [80.0, 20.0], [80.0, 60.0], [40.0, 60.0]], }"
2758.299999998587,"{""waypoints"":(-9850.8452, -6568.0365), ""unsafe_region"":[[40.0, 20.0], [80.0, 20.0], [80.0, 60.0], [40.0, 60.0]], }"
2758.299999998587,"{""waypoints"":(-9850.8452, -6568.0365), ""unsafe_region"":[[40.0, 20.0], [80.0, 20.0], [80.0, 60.0], [40.0, 60.0]], }"
2758.299999998587,"{""waypoints"":(-9850.8452, -6568.0365), ""unsafe_region"":[[40.0, 20.0], [80.0, 20.0], [80.0, 60.0], [40.0, 60.0]], }"
2758.299999998587,"{""waypoints"":(-9850.8452, -6568.0365), ""unsafe_region"":[[40.0, 20.0], [80.0, 20.0], [80.0, 60.0], [40.0, 60.0]], }"
2758.299999998587,"{""waypoints"":(-9850.8452, -6568.0365), ""unsafe_region"":[[40.0, 20.0], [80.0, 20.0], [80.0, 60.0], [40.0, 60.0]], }"
2758.299999998587,"{""waypoints"":(-9850.8452, -6568.0365), ""unsafe_region"":[[40.0, 20.0], [80.0, 20.0], [80.0, 60.0], [40.0, 60.0]], }"
2758.299999998587,"{""waypoints"":(-9850.8452, -6568.0365), ""unsafe_region"":[[40.0, 20.0], [80.0, 20.0], [80.0, 60.0], [40.0, 60.0]], }"
2758.299999998587,"{""waypoints"":(-9850.8452, -6568.0365), ""unsafe_region"":[[40.0, 20.0], [80.0, 20.0], [80.0, 60.0], [40.0, 60.0]], }"
2758.299999998587,"{""waypoints"":(-9850.8452, -6568.0365), ""unsafe_region"":[[40.0, 20.0], [80.0, 20.0], [80.0, 60.0], [40.0, 60.0]], }"
2758.299999998587,"{""waypoints"":(-9850.8452, -6568.0365), ""unsafe_region"":[[40.0, 20.0], [80.0, 20.0], [80.0, 60.0], [40.0, 60.0]], }"
2758.299999998587,"{""waypoints"":(-9850.8452, -6568.0365), ""unsafe_region"":[[40.0, 20.0], [80.0, 20.0], [80.0, 60.0], [40.0, 60.0]], }"
2758.299999998587,"{""waypoints"":(-9850.8452, -6568.0365), ""unsafe_region"":[[40.0, 20.0], [80.0, 20.0], [80.0, 60.0], [40.0, 60.0]], }"
2758.299999998587,"{""waypoints"":(-9850.8452, -6568.0365), ""unsafe_region"":[[40.0, 20.0], [80.0, 20.0], [80.0, 60.0], [40.0, 60.0]], }"
2758.299999998587,"{""waypoints"":(-9850.8452, -6568.0365), ""unsafe_region"":[[40.0, 20.0], [80.0, 20.0], [80.0, 60.0], [40.0, 60.0]], }"
2758.299999998587,"{""waypoints"":(-9850.8452, -6568.0365), ""unsafe_region"":[[40.0, 20.0], [80.0, 20.0], [80.0, 60.0], [40.0, 60.0]], }"
2758.299999998587,"{""waypoints"":(-9850.8452, -6568.0365), ""unsafe_region"":[[40.0, 20.0], [80.0, 20.0], [80.0, 60.0], [40.0, 60.0]], }"
2758.299999998587,"{""waypoints"":(-9850.8452, -6568.0365), ""unsafe_region"":[[40.0, 20.0], [80.0, 20.0], [80.0, 60.0], [40.0, 60.0]], }"
2758.299999998587,"{""waypoints"":(-9850.8452, -6568.0365), ""unsafe_region"":[[40.0, 20.0], [80.0, 20.0], [80.0, 60.0], [40.0, 60.0]], }"
2758.299999998587,"{""waypoints"":(-9850.8452, -6568.0365), ""unsafe_region"":[[40.0, 20.0], [80.0, 20.0], [80.0, 60.0], [40.0, 60.0]], }"
2758.299999998587,"{""waypoints"":(-9850.8452, -6568.0365), ""unsafe_region"":[[40.0, 20.0], [80.0, 20.0], [80.0, 60.0], [40.0, 60.0]], }"
2758.299999998587,"{""waypoints"":(-9850.8452, -6568.0365), ""unsafe_region"":[[40.0, 20.0], [80.0, 20.0], [80.0, 60.0], [40.0, 60.0]], }"
2811.1999999985387,"{""waypoints"":(-9850.8452, -6568.0365), ""unsafe_region"":[[40.0, 20.0], [80.0, 20.0], [80.0, 60.0], [40.0, 60.0]], }"
2811.2999999985386,"{""waypoints"":(-9850.8452, -6568.0365), ""unsafe_region"":[[40.0, 20.0], [80.0, 20.0], [80.0, 60.0], [40.0, 60.0]], }"
2811.2999999985386,"{""waypoints"":(-9850.8452, -6568.0365), ""unsafe_region"":[[40.0, 20.0], [80.0, 20.0], [80.0, 60.0], [40.0, 60.0]], }"
2811.2999999985386,"{""waypoints"":(-9850.8452, -6568.0365), ""unsafe_region"":[[40.0, 20.0], [80.0, 20.0], [80.0, 60.0], [40.0, 60.0]], }"
2811.2999999985386,"{""waypoints"":(-9850.8452, -6568.0365), ""unsafe_region"":[[40.0, 20.0], [80.0, 20.0], [80.0, 60.0], [40.0, 60.0]], }"
2811.2999999985386,"{""waypoints"":(-9850.8452, -6568.0365), ""unsafe_region"":[[40.0, 20.0], [80.0, 20.0], [80.0, 60.0], [40.0, 60.0]], }"
2811.2999999985386,"{""waypoints"":(-9850.8452, -6568.0365), ""unsafe_region"":[[40.0, 20.0], [80.0, 20.0], [80.0, 60.0], [40.0, 60.0]], }"
2811.2999999985386,"{""waypoints"":(-9850.8452, -6568.0365), ""unsafe_region"":[[40.0, 20.0], [80.0, 20.0], [80.0, 60.0], [40.0, 60.0]], }"
2811.2999999985386,"{""waypoints"":(-9850.8452, -6568.0365), ""unsafe_region"":[[40.0, 20.0], [80.0, 20.0], [80.0, 60.0], [40.0, 60.0]], }"
2811.2999999985386,"{""waypoints"":(-9850.8452, -6568.0365), ""unsafe_region"":[[40.0, 20.0], [80.0, 20.0], [80.0, 60.0], [40.0, 60.0]], }"
2811.2999999985386,"{""waypoints"":(-9850.8452, -6568.0365), ""unsafe_region"":[[40.0, 20.0], [80.0, 20.0], [80.0, 60.0], [40.0, 60.0]], }"
2811.2999999985386,"{""waypoints"":(-9850.8452, -6568.0365), ""unsafe_region"":[[40.0, 20.0], [80.0, 20.0], [80.0, 60.0], [40.0, 60.0]], }"
2811.2999999985386,"{""waypoints"":(-9850.8452, -6568.0365), ""unsafe_region"":[[40.0, 20.0], [80.0, 20.0], [80.0, 60.0], [40.0, 60.0]], }"
2811.2999999985386,"{""waypoints"":(-9850.8452, -6568.0365), ""unsafe_region"":[[40.0, 20.0], [80.0, 20.0], [80.0, 60.0], [40.0, 60.0]], }"
2811.2999999985386,"{""waypoints"":(-9850.8452, -6568.0365), ""unsafe_region"":[[40.0, 20.0], [80.0, 20.0], [80.0, 60.0], [40.0, 60.0]], }"
2811.2999999985386,"{""waypoints"":(-9850.8452, -6568.0365), ""unsafe_region"":[[40.0, 20.0], [80.0, 20.0], [80.0, 60.0], [40.0, 60.0]], }"
2811.2999999985386,"{""waypoints"":(-9850.8452, -6568.0365), ""unsafe_region"":[[40.0, 20.0], [80.0, 20.0], [80.0, 60.0], [40.0, 60.0]], }"
2811.2999999985386,"{""waypoints"":(-9850.8452, -6568.0365), ""unsafe_region"":[[40.0, 20.0], [80.0, 20.0], [80.0, 60.0], [40.0, 60.0]], }"
2811.2999999985386,"{""waypoints"":(-9850.8452, -6568.0365), ""unsafe_region"":[[40.0, 20.0], [80.0, 20.0], [80.0, 60.0], [40.0, 60.0]], }"
2811.2999999985386,"{""waypoints"":(-9850.8452, -6568.0365), ""unsafe_region"":[[40.0, 20.0], [80.0, 20.0], [80.0, 60.0], [40.0, 60.0]], }"
2811.2999999985386,"{""waypoints"":(-9850.8452, -6568.0365), ""unsafe_region"":[[40.0, 20.0], [80.0, 20.0], [80.0, 60.0], [40.0, 60.0]], }"
2811.2999999985386,"{""waypoints"":(-9850.8452, -6568.0365), ""unsafe_region"":[[40.0, 20.0], [80.0, 20.0], [80.0, 60.0], [40.0, 60.0]], }"
2811.2999999985386,"{""waypoints"":(-9850.8452, -6568.0365), ""unsafe_region"":[[40.0, 20.0], [80.0, 20.0], [80.0, 60.0], [40.0, 60.0]], }"
2811.2999999985386,"{""waypoints"":(-9850.8452, -6568.0365), ""unsafe_region"":[[40.0, 20.0], [80.0, 20.0], [80.0, 60.0], [40.0, 60.0]], }"
2811.2999999985386,"{""waypoints"":(-9850.8452, -6568.0365), ""unsafe_region"":[[40.0, 20.0], [80.0, 20.0], [80.0, 60.0], [40.0, 60.0]], }"
2811.2999999985386,"{""waypoints"":(-9850.8452, -6568.0365), ""unsafe_region"":[[40.0, 20.0], [80.0, 20.0], [80.0, 60.0], [40.0, 60.0]], }"
2811.2999999985386,"{""waypoints"":(-9850.8452, -6568.0365), ""unsafe_region"":[[40.0, 20.0], [80.0, 20.0], [80.0, 60.0], [40.0, 60.0]], }"
2811.2999999985386,"{""waypoints"":(-9850.8452, -6568.0365), ""unsafe_region"":[[40.0, 20.0], [80.0, 20.0], [80.0, 60.0], [40.0, 60.0]], }"
2811.2999999985386,"{""waypoints"":(-9850.8452, -6568.0365), ""unsafe_region"":[[40.0, 20.0], [80.0, 20.0], [80.0, 60.0], [40.0, 60.0]], }"
2811.2999999985386,"{""waypoints"":(-9850.8452, -6568.0365), ""unsafe_region"":[[40.0, 20.0], [80.0, 20.0], [80.0, 60.0], [40.0, 60.0]], }"
2811.2999999985386,"{""waypoints"":(-9850.8452, -6568.0365), ""unsafe_region"":[[40.0, 20.0], [80.0, 20.0], [80.0, 60.0], [40.0, 60.0]], }"
2811.2999999985386,"{""waypoints"":(-9850.8452, -6568.0365), ""unsafe_region"":[[40.0, 20.0], [80.0, 20.0], [80.0, 60.0], [40.0, 60.0]], }"
2811.2999999985386,"{""waypoints"":(-9850.8452, -6568.0365), ""unsafe_region"":[[40.0, 20.0], [80.0, 20.0], [80.0, 60.0], [40.0, 60.0]], }"
2811.2999999985386,"{""waypoints"":(-9850.8452, -6568.0365), ""unsafe_region"":[[40.0, 20.0], [80.0, 20.0], [80.0, 60.0], [40.0, 60.0]], }"
2811.2999999985386,"{""waypoints"":(-9850.8452, -6568.0365), ""unsafe_region"":[[40.0, 20.0], [80.0, 20.0], [80.0, 60.0], [40.0, 60.0]], }"
2811.2999999985386,"{""waypoints"":(-9850.8452, -6568.0365), ""unsafe_region"":[[40.0, 20.0], [80.0, 20.0], [80.0, 60.0], [40.0, 60.0]], }"
2811.2999999985386,"{""waypoints"":(-9850.8452, -6568.0365), ""unsafe_region"":[[40.0, 20.0], [80.0, 20.0], [80.0, 60.0], [40.0, 60.0]], }"
2811.2999999985386,"{""waypoints"":(-9850.8452, -6568.0365), ""unsafe_region"":[[40.0, 20.0], [80.0, 20.0], [80.0, 60.0], [40.0, 60.0]], }"
2811.2999999985386,"{""waypoints"":(-9850.8452, -6568.0365), ""unsafe_region"":[[40.0, 20.0], [80.0, 20.0], [80.0, 60.0], [40.0, 60.0]], }"
2811.2999999985386,"{""waypoints"":(-9850.8452, -6568.0365), ""unsafe_region"":[[40.0, 20.0], [80.0, 20.0], [80.0, 60.0], [40.0, 60.0]], }"
2811.2999999985386,"{""waypoints"":(-9850.8452, -6568.0365), ""unsafe_region"":[[40.0, 20.0], [80.0, 20.0], [80.0, 60.0], [40.0, 60.0]], }"
2811.2999999985386,"{""waypoints"":(-9850.8452, -6568.0365), ""unsafe_region"":[[40.0, 20.0], [80.0, 20.0], [80.0, 60.0], [40.0, 60.0]], }"
2811.2999999985386,"{""waypoints"":(-9850.8452, -6568.0365), ""unsafe_region"":[[40.0, 20.0], [80.0, 20.0], [80.0, 60.0], [40.0, 60.0]], }"
2811.2999999985386,"{""waypoints"":(-9850.8452, -6568.0365), ""unsafe_region"":[[40.0, 20.0], [80.0, 20.0], [80.0, 60.0], [40.0, 60.0]], }"
2811.2999999985386,"{""waypoints"":(-9850.8452, -6568.0365), ""unsafe_region"":[[40.0, 20.0], [80.0, 20.0], [80.0, 60.0], [40.0, 60.0]], }"
2811.2999999985386,"{""waypoints"":(-9850.8452, -6568.0365), ""unsafe_region"":[[40.0, 20.0], [80.0, 20.0], [80.0, 60.0], [40.0, 60.0]], }"
2811.2999999985386,"{""waypoints"":(-9850.8452, -6568.0365), ""unsafe_region"":[[40.0, 20.0], [80.0, 20.0], [80.0, 60.0], [40.0, 60.0]], }"
2811.2999999985386,"{""waypoints"":(-9850.8452, -6568.0365), ""unsafe_region"":[[40.0, 20.0], [80.0, 20.0], [80.0, 60.0], [40.0, 60.0]], }"
2811.2999999985386,"{""waypoints"":(-9850.8452, -6568.0365), ""unsafe_region"":[[40.0, 20.0], [80.0, 20.0], [80.0, 60.0], [40.0, 60.0]], }"
2811.2999999985386,"{""waypoints"":(-9850.8452, -6568.0365), ""unsafe_region"":[[40.0, 20.0], [80.0, 20.0], [80.0, 60.0], [40.0, 60.0]], }"
2811.2999999985386,"{""waypoints"":(-9850.8452, -6568.0365), ""unsafe_region"":[[40.0, 20.0], [80.0, 20.0], [80.0, 60.0], [40.0, 60.0]], }"
2811.2999999985386,"{""waypoints"":(-9850.8452, -6568.0365), ""unsafe_region"":[[40.0, 20.0], [80.0, 20.0], [80.0, 60.0], [40.0, 60.0]], }"
2811.2999999985386,"{""waypoints"":(-9850.8452, -6568.0365), ""unsafe_region"":[[40.0, 20.0], [80.0, 20.0], [80.0, 60.0], [40.0, 60.0]], }"
2861.9999999984925,"{""waypoints"":(-9850.8452, -6568.0365), ""unsafe_region"":[[40.0, 20.0], [80.0, 20.0], [80.0, 60.0], [40.0, 60.0]], }"
2861.9999999984925,"{""waypoints"":(-9850.8452, -6568.0365), ""unsafe_region"":[[40.0, 20.0], [80.0, 20.0], [80.0, 60.0], [40.0, 60.0]], }"
2861.9999999984925,"{""waypoints"":(-9850.8452, -6568.0365), ""unsafe_region"":[[40.0, 20.0], [80.0, 20.0], [80.0, 60.0], [40.0, 60.0]], }"
2861.9999999984925,"{""waypoints"":(-9850.8452, -6568.0365), ""unsafe_region"":[[40.0, 20.0], [80.0, 20.0], [80.0, 60.0], [40.0, 60.0]], }"
2861.9999999984925,"{""waypoints"":(-9850.8452, -6568.0365), ""unsafe_region"":[[40.0, 20.0], [80.0, 20.0], [80.0, 60.0], [40.0, 60.0]], }"
2861.9999999984925,"{""waypoints"":(-9850.8452, -6568.0365), ""unsafe_region"":[[40.0, 20.0], [80.0, 20.0], [80.0, 60.0], [40.0, 60.0]], }"
2861.9999999984925,"{""waypoints"":(-9850.8452, -6568.0365), ""unsafe_region"":[[40.0, 20.0], [80.0, 20.0], [80.0, 60.0], [40.0, 60.0]], }"
2861.9999999984925,"{""waypoints"":(-9850.8452, -6568.0365), ""unsafe_region"":[[40.0, 20.0], [80.0, 20.0], [80.0, 60.0], [40.0, 60.0]], }"
2861.9999999984925,"{""waypoints"":(-9850.8452, -6568.0365), ""unsafe_region"":[[40.0, 20.0], [80.0, 20.0], [80.0, 60.0], [40.0, 60.0]], }"
2861.9999999984925,"{""waypoints"":(-9850.8452, -6568.0365), ""unsafe_region"":[[40.0, 20.0], [80.0, 20.0], [80.0, 60.0], [40.0, 60.0]], }"
2861.9999999984925,"{""waypoints"":(-9850.8452, -6568.0365), ""unsafe_region"":[[40.0, 20.0], [80.0, 20.0], [80.0, 60.0], [40.0, 60.0]], }"
2861.9999999984925,"{""waypoints"":(-9850.8452, -6568.0365), ""unsafe_region"":[[40.0, 20.0], [80.0, 20.0], [80.0, 60.0], [40.0, 60.0]], }"
2861.9999999984925,"{""waypoints"":(-9850.8452, -6568.0365), ""unsafe_region"":[[40.0, 20.0], [80.0, 20.0], [80.0, 60.0], [40.0, 60.0]], }"
2861.9999999984925,"{""waypoints"":(-9850.8452, -6568.0365), ""unsafe_region"":[[40.0, 20.0], [80.0, 20.0], [80.0, 60.0], [40.0, 60.0]], }"
2861.9999999984925,"{""waypoints"":(-9850.8452, -6568.0365), ""unsafe_region"":[[40.0, 20.0], [80.0, 20.0], [80.0, 60.0], [40.0, 60.0]], }"
2861.9999999984925,"{""waypoints"":(-9850.8452, -6568.0365), ""unsafe_region"":[[40.0, 20.0], [80.0, 20.0], [80.0, 60.0], [40.0, 60.0]], }"
2861.9999999984925,"{""waypoints"":(-9850.8452, -6568.0365), ""unsafe_region"":[[40.0, 20.0], [80.0, 20.0], [80.0, 60.0], [40.0, 60.0]], }"
2861.9999999984925,"{""waypoints"":(-9850.8452, -6568.0365), ""unsafe_region"":[[40.0, 20.0], [80.0, 20.0], [80.0, 60.0], [40.0, 60.0]], }"
2861.9999999984925,"{""waypoints"":(-9850.8452, -6568.0365), ""unsafe_region"":[[40.0, 20.0], [80.0, 20.0], [80.0, 60.0], [40.0, 60.0]], }"
2861.9999999984925,"{""waypoints"":(-9850.8452, -6568.0365), ""unsafe_region"":[[40.0, 20.0], [80.0, 20.0], [80.0, 60.0], [40.0, 60.0]], }"
2861.9999999984925,"{""waypoints"":(-9850.8452, -6568.0365), ""unsafe_region"":[[40.0, 20.0], [80.0, 20.0], [80.0, 60.0], [40.0, 60.0]], }"
2861.9999999984925,"{""waypoints"":(-9850.8452, -6568.0365), ""unsafe_region"":[[40.0, 20.0], [80.0, 20.0], [80.0, 60.0], [40.0, 60.0]], }"
2861.9999999984925,"{""waypoints"":(-9850.8452, -6568.0365), ""unsafe_region"":[[40.0, 20.0], [80.0, 20.0], [80.0, 60.0], [40.0, 60.0]], }"
2861.9999999984925,"{""waypoints"":(-9850.8452, -6568.0365), ""unsafe_region"":[[40.0, 20.0], [80.0, 20.0], [80.0, 60.0], [40.0, 60.0]], }"
2861.9999999984925,"{""waypoints"":(-9850.8452, -6568.0365), ""unsafe_region"":[[40.0, 20.0], [80.0, 20.0], [80.0, 60.0], [40.0, 60.0]], }"
2861.9999999984925,"{""waypoints"":(-9850.8452, -6568.0365), ""unsafe_region"":[[40.0, 20.0], [80.0, 20.0], [80.0, 60.0], [40.0, 60.0]], }"
2861.9999999984925,"{""waypoints"":(-9850.8452, -6568.0365), ""unsafe_region"":[[40.0, 20.0], [80.0, 20.0], [80.0, 60.0], [40.0, 60.0]], }"
2861.9999999984925,"{""waypoints"":(-9850.8452, -6568.0365), ""unsafe_region"":[[40.0, 20.0], [80.0, 20.0], [80.0, 60.0], [40.0, 60.0]], }"
2861.9999999984925,"{""waypoints"":(-9850.8452, -6568.0365), ""unsafe_region"":[[40.0, 20.0], [80.0, 20.0], [80.0, 60.0], [40.0, 60.0]], }"
2861.9999999984925,"{""waypoints"":(-9850.8452, -6568.0365), ""unsafe_region"":[[40.0, 20.0], [80.0, 20.0], [80.0, 60.0], [40.0, 60.0]], }"
2861.9999999984925,"{""waypoints"":(-9850.8452, -6568.0365), ""unsafe_region"":[[40.0, 20.0], [80.0, 20.0], [80.0, 60.0], [40.0, 60.0]], }"
2861.9999999984925,"{""waypoints"":(-9850.8452, -6568.0365), ""unsafe_region"":[[40.0, 20.0], [80.0, 20.0], [80.0, 60.0], [40.0, 60.0]], }"
2861.9999999984925,"{""waypoints"":(-9850.8452, -6568.0365), ""unsafe_region"":[[40.0, 20.0], [80.0, 20.0], [80.0, 60.0], [40.0, 60.0]], }"
2861.9999999984925,"{""waypoints"":(-9850.8452, -6568.0365), ""unsafe_region"":[[40.0, 20.0], [80.0, 20.0], [80.0, 60.0], [40.0, 60.0]], }"
2861.9999999984925,"{""waypoints"":(-9850.8452, -6568.0365), ""unsafe_region"":[[40.0, 20.0], [80.0, 20.0], [80.0, 60.0], [40.0, 60.0]], }"
2861.9999999984925,"{""waypoints"":(-9850.8452, -6568.0365), ""unsafe_region"":[[40.0, 20.0], [80.0, 20.0], [80.0, 60.0], [40.0, 60.0]], }"
2861.9999999984925,"{""waypoints"":(-9850.8452, -6568.0365), ""unsafe_region"":[[40.0, 20.0], [80.0, 20.0], [80.0, 60.0], [40.0, 60.0]], }"
2861.9999999984925,"{""waypoints"":(-9850.8452, -6568.0365), ""unsafe_region"":[[40.0, 20.0], [80.0, 20.0], [80.0, 60.0], [40.0, 60.0]], }"
2861.9999999984925,"{""waypoints"":(-9850.8452, -6568.0365), ""unsafe_region"":[[40.0, 20.0], [80.0, 20.0], [80.0, 60.0], [40.0, 60.0]], }"
2861.9999999984925,"{""waypoints"":(-9850.8452, -6568.0365), ""unsafe_region"":[[40.0, 20.0], [80.0, 20.0], [80.0, 60.0], [40.0, 60.0]], }"
2861.9999999984925,"{""waypoints"":(-9850.8452, -6568.0365), ""unsafe_region"":[[40.0, 20.0], [80.0, 20.0], [80.0, 60.0], [40.0, 60.0]], }"
2861.9999999984925,"{""waypoints"":(-9850.8452, -6568.0365), ""unsafe_region"":[[40.0, 20.0], [80.0, 20.0], [80.0, 60.0], [40.0, 60.0]], }"
2861.9999999984925,"{""waypoints"":(-9850.8452, -6568.0365), ""unsafe_region"":[[40.0, 20.0], [80.0, 20.0], [80.0, 60.0], [40.0, 60.0]], }"
2861.9999999984925,"{""waypoints"":(-9850.8452, -6568.0365), ""unsafe_region"":[[40.0, 20.0], [80.0, 20.0], [80.0, 60.0], [40.0, 60.0]], }"
2861.9999999984925,"{""waypoints"":(-9850.8452, -6568.0365), ""unsafe_region"":[[40.0, 20.0], [80.0, 20.0], [80.0, 60.0], [40.0, 60.0]], }"
2861.9999999984925,"{""waypoints"":(-9850.8452, -6568.0365), ""unsafe_region"":[[40.0, 20.0], [80.0, 20.0], [80.0, 60.0], [40.0, 60.0]], }"
2861.9999999984925,"{""waypoints"":(-9850.8452, -6568.0365), ""unsafe_region"":[[40.0, 20.0], [80.0, 20.0], [80.0, 60.0], [40.0, 60.0]], }"
2861.9999999984925,"{""waypoints"":(-9850.8452, -6568.0365), ""unsafe_region"":[[40.0, 20.0], [80.0, 20.0], [80.0, 60.0], [40.0, 60.0]], }"
2861.9999999984925,"{""waypoints"":(-9850.8452, -6568.0365), ""unsafe_region"":[[40.0, 20.0], [80.0, 20.0], [80.0, 60.0], [40.0, 60.0]], }"
2861.9999999984925,"{""waypoints"":(-9850.8452, -6568.0365), ""unsafe_region"":[[40.0, 20.0], [80.0, 20.0], [80.0, 60.0], [40.0, 60.0]], }"
2861.9999999984925,"{""waypoints"":(-9850.8452, -6568.0365), ""unsafe_region"":[[40.0, 20.0], [80.0, 20.0], [80.0, 60.0], [40.0, 60.0]], }"
2937.8999999984235,"{""waypoints"":(-9850.8452, -6568.0365), ""unsafe_region"":[[40.0, 20.0], [80.0, 20.0], [80.0, 60.0], [40.0, 60.0]], }"
2937.9999999984234,"{""waypoints"":(-9850.8452, -6568.0365), ""unsafe_region"":[[40.0, 20.0], [80.0, 20.0], [80.0, 60.0], [40.0, 60.0]], }"
2937.9999999984234,"{""waypoints"":(-9850.8452, -6568.0365), ""unsafe_region"":[[40.0, 20.0], [80.0, 20.0], [80.0, 60.0], [40.0, 60.0]], }"
2937.9999999984234,"{""waypoints"":(-9850.8452, -6568.0365), ""unsafe_region"":[[40.0, 20.0], [80.0, 20.0], [80.0, 60.0], [40.0, 60.0]], }"
2937.9999999984234,"{""waypoints"":(-9850.8452, -6568.0365), ""unsafe_region"":[[40.0, 20.0], [80.0, 20.0], [80.0, 60.0], [40.0, 60.0]], }"
2937.9999999984234,"{""waypoints"":(-9850.8452, -6568.0365), ""unsafe_region"":[[40.0, 20.0], [80.0, 20.0], [80.0, 60.0], [40.0, 60.0]], }"
2937.9999999984234,"{""waypoints"":(-9850.8452, -6568.0365), ""unsafe_region"":[[40.0, 20.0], [80.0, 20.0], [80.0, 60.0], [40.0, 60.0]], }"
2937.9999999984234,"{""waypoints"":(-9850.8452, -6568.0365), ""unsafe_region"":[[40.0, 20.0], [80.0, 20.0], [80.0, 60.0], [40.0, 60.0]], }"
2937.9999999984234,"{""waypoints"":(-9850.8452, -6568.0365), ""unsafe_region"":[[40.0, 20.0], [80.0, 20.0], [80.0, 60.0], [40.0, 60.0]], }"
2937.9999999984234,"{""waypoints"":(-9850.8452, -6568.0365), ""unsafe_region"":[[40.0, 20.0], [80.0, 20.0], [80.0, 60.0], [40.0, 60.0]], }"
2937.9999999984234,"{""waypoints"":(-9850.8452, -6568.0365), ""unsafe_region"":[[40.0, 20.0], [80.0, 20.0], [80.0, 60.0], [40.0, 60.0]], }"
2937.9999999984234,"{""waypoints"":(-9850.8452, -6568.0365), ""unsafe_region"":[[40.0, 20.0], [80.0, 20.0], [80.0, 60.0], [40.0, 60.0]], }"
2937.9999999984234,"{""waypoints"":(-9850.8452, -6568.0365), ""unsafe_region"":[[40.0, 20.0], [80.0, 20.0], [80.0, 60.0], [40.0, 60.0]], }"
2937.9999999984234,"{""waypoints"":(-9850.8452, -6568.0365), ""unsafe_region"":[[40.0, 20.0], [80.0, 20.0], [80.0, 60.0], [40.0, 60.0]], }"
2937.9999999984234,"{""waypoints"":(-9850.8452, -6568.0365), ""unsafe_region"":[[40.0, 20.0], [80.0, 20.0], [80.0, 60.0], [40.0, 60.0]], }"
2937.9999999984234,"{""waypoints"":(-9850.8452, -6568.0365), ""unsafe_region"":[[40.0, 20.0], [80.0, 20.0], [80.0, 60.0], [40.0, 60.0]], }"
2937.9999999984234,"{""waypoints"":(-9850.8452, -6568.0365), ""unsafe_region"":[[40.0, 20.0], [80.0, 20.0], [80.0, 60.0], [40.0, 60.0]], }"
2937.9999999984234,"{""waypoints"":(-9850.8452, -6568.0365), ""unsafe_region"":[[40.0, 20.0], [80.0, 20.0], [80.0, 60.0], [40.0, 60.0]], }"
2937.9999999984234,"{""waypoints"":(-9850.8452, -6568.0365), ""unsafe_region"":[[40.0, 20.0], [80.0, 20.0], [80.0, 60.0], [40.0, 60.0]], }"
2937.9999999984234,"{""waypoints"":(-9850.8452, -6568.0365), ""unsafe_region"":[[40.0, 20.0], [80.0, 20.0], [80.0, 60.0], [40.0, 60.0]], }"
2937.9999999984234,"{""waypoints"":(-9850.8452, -6568.0365), ""unsafe_region"":[[40.0, 20.0], [80.0, 20.0], [80.0, 60.0], [40.0, 60.0]], }"
2937.9999999984234,"{""waypoints"":(-9850.8452, -6568.0365), ""unsafe_region"":[[40.0, 20.0], [80.0, 20.0], [80.0, 60.0], [40.0, 60.0]], }"
2937.9999999984234,"{""waypoints"":(-9850.8452, -6568.0365), ""unsafe_region"":[[40.0, 20.0], [80.0, 20.0], [80.0, 60.0], [40.0, 60.0]], }"
2937.9999999984234,"{""waypoints"":(-9850.8452, -6568.0365), ""unsafe_region"":[[40.0, 20.0], [80.0, 20.0], [80.0, 60.0], [40.0, 60.0]], }"
2937.9999999984234,"{""waypoints"":(-9850.8452, -6568.0365), ""unsafe_region"":[[40.0, 20.0], [80.0, 20.0], [80.0, 60.0], [40.0, 60.0]], }"
2937.9999999984234,"{""waypoints"":(-9850.8452, -6568.0365), ""unsafe_region"":[[40.0, 20.0], [80.0, 20.0], [80.0, 60.0], [40.0, 60.0]], }"
2937.9999999984234,"{""waypoints"":(-9850.8452, -6568.0365), ""unsafe_region"":[[40.0, 20.0], [80.0, 20.0], [80.0, 60.0], [40.0, 60.0]], }"
2937.9999999984234,"{""waypoints"":(-9850.8452, -6568.0365), ""unsafe_region"":[[40.0, 20.0], [80.0, 20.0], [80.0, 60.0], [40.0, 60.0]], }"
2937.9999999984234,"{""waypoints"":(-9850.8452, -6568.0365), ""unsafe_region"":[[40.0, 20.0], [80.0, 20.0], [80.0, 60.0], [40.0, 60.0]], }"
2937.9999999984234,"{""waypoints"":(-9850.8452, -6568.0365), ""unsafe_region"":[[40.0, 20.0], [80.0, 20.0], [80.0, 60.0], [40.0, 60.0]], }"
2937.9999999984234,"{""waypoints"":(-9850.8452, -6568.0365), ""unsafe_region"":[[40.0, 20.0], [80.0, 20.0], [80.0, 60.0], [40.0, 60.0]], }"
2937.9999999984234,"{""waypoints"":(-9850.8452, -6568.0365), ""unsafe_region"":[[40.0, 20.0], [80.0, 20.0], [80.0, 60.0], [40.0, 60.0]], }"
2937.9999999984234,"{""waypoints"":(-9850.8452, -6568.0365), ""unsafe_region"":[[40.0, 20.0], [80.0, 20.0], [80.0, 60.0], [40.0, 60.0]], }"
2937.9999999984234,"{""waypoints"":(-9850.8452, -6568.0365), ""unsafe_region"":[[40.0, 20.0], [80.0, 20.0], [80.0, 60.0], [40.0, 60.0]], }"
2937.9999999984234,"{""waypoints"":(-9850.8452, -6568.0365), ""unsafe_region"":[[40.0, 20.0], [80.0, 20.0], [80.0, 60.0], [40.0, 60.0]], }"
2937.9999999984234,"{""waypoints"":(-9850.8452, -6568.0365), ""unsafe_region"":[[40.0, 20.0], [80.0, 20.0], [80.0, 60.0], [40.0, 60.0]], }"
2937.9999999984234,"{""waypoints"":(-9850.8452, -6568.0365), ""unsafe_region"":[[40.0, 20.0], [80.0, 20.0], [80.0, 60.0], [40.0, 60.0]], }"
2937.9999999984234,"{""waypoints"":(-9850.8452, -6568.0365), ""unsafe_region"":[[40.0, 20.0], [80.0, 20.0], [80.0, 60.0], [40.0, 60.0]], }"
2937.9999999984234,"{""waypoints"":(-9850.8452, -6568.0365), ""unsafe_region"":[[40.0, 20.0], [80.0, 20.0], [80.0, 60.0], [40.0, 60.0]], }"
2937.9999999984234,"{""waypoints"":(-9850.8452, -6568.0365), ""unsafe_region"":[[40.0, 20.0], [80.0, 20.0], [80.0, 60.0], [40.0, 60.0]], }"
2937.9999999984234,"{""waypoints"":(-9850.8452, -6568.0365), ""unsafe_region"":[[40.0, 20.0], [80.0, 20.0], [80.0, 60.0], [40.0, 60.0]], }"
2937.9999999984234,"{""waypoints"":(-9850.8452, -6568.0365), ""unsafe_region"":[[40.0, 20.0], [80.0, 20.0], [80.0, 60.0], [40.0, 60.0]], }"
2937.9999999984234,"{""waypoints"":(-9850.8452, -6568.0365), ""unsafe_region"":[[40.0, 20.0], [80.0, 20.0], [80.0, 60.0], [40.0, 60.0]], }"
2937.9999999984234,"{""waypoints"":(-9850.8452, -6568.0365), ""unsafe_region"":[[40.0, 20.0], [80.0, 20.0], [80.0, 60.0], [40.0, 60.0]], }"
2937.9999999984234,"{""waypoints"":(-9850.8452, -6568.0365), ""unsafe_region"":[[40.0, 20.0], [80.0, 20.0], [80.0, 60.0], [40.0, 60.0]], }"
2937.9999999984234,"{""waypoints"":(-9850.8452, -6568.0365), ""unsafe_region"":[[40.0, 20.0], [80.0, 20.0], [80.0, 60.0], [40.0, 60.0]], }"
2937.9999999984234,"{""waypoints"":(-9850.8452, -6568.0365), ""unsafe_region"":[[40.0, 20.0], [80.0, 20.0], [80.0, 60.0], [40.0, 60.0]], }"
2937.9999999984234,"{""waypoints"":(-9850.8452, -6568.0365), ""unsafe_region"":[[40.0, 20.0], [80.0, 20.0], [80.0, 60.0], [40.0, 60.0]], }"
2937.9999999984234,"{""waypoints"":(-9850.8452, -6568.0365), ""unsafe_region"":[[40.0, 20.0], [80.0, 20.0], [80.0, 60.0], [40.0, 60.0]], }"
2937.9999999984234,"{""waypoints"":(-9850.8452, -6568.0365), ""unsafe_region"":[[40.0, 20.0], [80.0, 20.0], [80.0, 60.0], [40.0, 60.0]], }"
2937.9999999984234,"{""waypoints"":(-9850.8452, -6568.0365), ""unsafe_region"":[[40.0, 20.0], [80.0, 20.0], [80.0, 60.0], [40.0, 60.0]], }"
2937.9999999984234,"{""waypoints"":(-9850.8452, -6568.0365), ""unsafe_region"":[[40.0, 20.0], [80.0, 20.0], [80.0, 60.0], [40.0, 60.0]], }"
2937.9999999984234,"{""waypoints"":(-9850.8452, -6568.0365), ""unsafe_region"":[[40.0, 20.0], [80.0, 20.0], [80.0, 60.0], [40.0, 60.0]], }"
2937.9999999984234,"{""waypoints"":(-9850.8452, -6568.0365), ""unsafe_region"":[[40.0, 20.0], [80.0, 20.0], [80.0, 60.0], [40.0, 60.0]], }"
2937.9999999984234,"{""waypoints"":(-9850.8452, -6568.0365), ""unsafe_region"":[[40.0, 20.0], [80.0, 20.0], [80.0, 60.0], [40.0, 60.0]], }"
2937.9999999984234,"{""waypoints"":(-9850.8452, -6568.0365), ""unsafe_region"":[[40.0, 20.0], [80.0, 20.0], [80.0, 60.0], [40.0, 60.0]], }"
2937.9999999984234,"{""waypoints"":(-9850.8452, -6568.0365), ""unsafe_region"":[[40.0, 20.0], [80.0, 20.0], [80.0, 60.0], [40.0, 60.0]], }"
2937.9999999984234,"{""waypoints"":(-9850.8452, -6568.0365), ""unsafe_region"":[[40.0, 20.0], [80.0, 20.0], [80.0, 60.0], [40.0, 60.0]], }"
2937.9999999984234,"{""waypoints"":(-9850.8452, -6568.0365), ""unsafe_region"":[[40.0, 20.0], [80.0, 20.0], [80.0, 60.0], [40.0, 60.0]], }"
2937.9999999984234,"{""waypoints"":(-9850.8452, -6568.0365), ""unsafe_region"":[[40.0, 20.0], [80.0, 20.0], [80.0, 60.0], [40.0, 60.0]], }"
2937.9999999984234,"{""waypoints"":(-9850.8452, -6568.0365), ""unsafe_region"":[[40.0, 20.0], [80.0, 20.0], [80.0, 60.0], [40.0, 60.0]], }"
2937.9999999984234,"{""waypoints"":(-9850.8452, -6568.0365), ""unsafe_region"":[[40.0, 20.0], [80.0, 20.0], [80.0, 60.0], [40.0, 60.0]], }"
2937.9999999984234,"{""waypoints"":(-9850.8452, -6568.0365), ""unsafe_region"":[[40.0, 20.0], [80.0, 20.0], [80.0, 60.0], [40.0, 60.0]], }"
2937.9999999984234,"{""waypoints"":(-9850.8452, -6568.0365), ""unsafe_region"":[[40.0, 20.0], [80.0, 20.0], [80.0, 60.0], [40.0, 60.0]], }"
2937.9999999984234,"{""waypoints"":(-9850.8452, -6568.0365), ""unsafe_region"":[[40.0, 20.0], [80.0, 20.0], [80.0, 60.0], [40.0, 60.0]], }"
2937.9999999984234,"{""waypoints"":(-9850.8452, -6568.0365), ""unsafe_region"":[[40.0, 20.0], [80.0, 20.0], [80.0, 60.0], [40.0, 60.0]], }"
2937.9999999984234,"{""waypoints"":(-9850.8452, -6568.0365), ""unsafe_region"":[[40.0, 20.0], [80.0, 20.0], [80.0, 60.0], [40.0, 60.0]], }"
2937.9999999984234,"{""waypoints"":(-9850.8452, -6568.0365), ""unsafe_region"":[[40.0, 20.0], [80.0, 20.0], [80.0, 60.0], [40.0, 60.0]], }"
2937.9999999984234,"{""waypoints"":(-9850.8452, -6568.0365), ""unsafe_region"":[[40.0, 20.0], [80.0, 20.0], [80.0, 60.0], [40.0, 60.0]], }"
2937.9999999984234,"{""waypoints"":(-9850.8452, -6568.0365), ""unsafe_region"":[[40.0, 20.0], [80.0, 20.0], [80.0, 60.0], [40.0, 60.0]], }"
2937.9999999984234,"{""waypoints"":(-9850.8452, -6568.0365), ""unsafe_region"":[[40.0, 20.0], [80.0, 20.0], [80.0, 60.0], [40.0, 60.0]], }"
2937.9999999984234,"{""waypoints"":(-9850.8452, -6568.0365), ""unsafe_region"":[[40.0, 20.0], [80.0, 20.0], [80.0, 60.0], [40.0, 60.0]], }"
2937.9999999984234,"{""waypoints"":(-9850.8452, -6568.0365), ""unsafe_region"":[[40.0, 20.0], [80.0, 20.0], [80.0, 60.0], [40.0, 60.0]], }"
2937.9999999984234,"{""waypoints"":(-9850.8452, -6568.0365), ""unsafe_region"":[[40.0, 20.0], [80.0, 20.0], [80.0, 60.0], [40.0, 60.0]], }"
2937.9999999984234,"{""waypoints"":(-9850.8452, -6568.0365), ""unsafe_region"":[[40.0, 20.0], [80.0, 20.0], [80.0, 60.0], [40.0, 60.0]], }"
2937.9999999984234,"{""waypoints"":(-9850.8452, -6568.0365), ""unsafe_region"":[[40.0, 20.0], [80.0, 20.0], [80.0, 60.0], [40.0, 60.0]], }"
3009.899999998358,"{""waypoints"":(-9850.8452, -6568.0365), ""unsafe_region"":[[40.0, 20.0], [80.0, 20.0], [80.0, 60.0], [40.0, 60.0]], }"
3009.899999998358,"{""waypoints"":(-9850.8452, -6568.0365), ""unsafe_region"":[[40.0, 20.0], [80.0, 20.0], [80.0, 60.0], [40.0, 60.0]], }"
3009.899999998358,"{""waypoints"":(-9850.8452, -6568.0365), ""unsafe_region"":[[40.0, 20.0], [80.0, 20.0], [80.0, 60.0], [40.0, 60.0]], }"
3009.899999998358,"{""waypoints"":(-9850.8452, -6568.0365), ""unsafe_region"":[[40.0, 20.0], [80.0, 20.0], [80.0, 60.0], [40.0, 60.0]], }"
3009.899999998358,"{""waypoints"":(-9850.8452, -6568.0365), ""unsafe_region"":[[40.0, 20.0], [80.0, 20.0], [80.0, 60.0], [40.0, 60.0]], }"
3009.899999998358,"{""waypoints"":(-9850.8452, -6568.0365), ""unsafe_region"":[[40.0, 20.0], [80.0, 20.0], [80.0, 60.0], [40.0, 60.0]], }"
3009.899999998358,"{""waypoints"":(-9850.8452, -6568.0365), ""unsafe_region"":[[40.0, 20.0], [80.0, 20.0], [80.0, 60.0], [40.0, 60.0]], }"
3009.899999998358,"{""waypoints"":(-9850.8452, -6568.0365), ""unsafe_region"":[[40.0, 20.0], [80.0, 20.0], [80.0, 60.0], [40.0, 60.0]], }"
3009.899999998358,"{""waypoints"":(-9850.8452, -6568.0365), ""unsafe_region"":[[40.0, 20.0], [80.0, 20.0], [80.0, 60.0], [40.0, 60.0]], }"
3009.899999998358,"{""waypoints"":(-9850.8452, -6568.0365), ""unsafe_region"":[[40.0, 20.0], [80.0, 20.0], [80.0, 60.0], [40.0, 60.0]], }"
3009.899999998358,"{""waypoints"":(-9850.8452, -6568.0365), ""unsafe_region"":[[40.0, 20.0], [80.0, 20.0], [80.0, 60.0], [40.0, 60.0]], }"
3009.899999998358,"{""waypoints"":(-9850.8452, -6568.0365), ""unsafe_region"":[[40.0, 20.0], [80.0, 20.0], [80.0, 60.0], [40.0, 60.0]], }"
3009.899999998358,"{""waypoints"":(-9850.8452, -6568.0365), ""unsafe_region"":[[40.0, 20.0], [80.0, 20.0], [80.0, 60.0], [40.0, 60.0]], }"
3009.899999998358,"{""waypoints"":(-9850.8452, -6568.0365), ""unsafe_region"":[[40.0, 20.0], [80.0, 20.0], [80.0, 60.0], [40.0, 60.0]], }"
3009.899999998358,"{""waypoints"":(-9850.8452, -6568.0365), ""unsafe_region"":[[40.0, 20.0], [80.0, 20.0], [80.0, 60.0], [40.0, 60.0]], }"
3009.899999998358,"{""waypoints"":(-9850.8452, -6568.0365), ""unsafe_region"":[[40.0, 20.0], [80.0, 20.0], [80.0, 60.0], [40.0, 60.0]], }"
3009.899999998358,"{""waypoints"":(-9850.8452, -6568.0365), ""unsafe_region"":[[40.0, 20.0], [80.0, 20.0], [80.0, 60.0], [40.0, 60.0]], }"
3009.899999998358,"{""waypoints"":(-9850.8452, -6568.0365), ""unsafe_region"":[[40.0, 20.0], [80.0, 20.0], [80.0, 60.0], [40.0, 60.0]], }"
3009.899999998358,"{""waypoints"":(-9850.8452, -6568.0365), ""unsafe_region"":[[40.0, 20.0], [80.0, 20.0], [80.0, 60.0], [40.0, 60.0]], }"
3009.899999998358,"{""waypoints"":(-9850.8452, -6568.0365), ""unsafe_region"":[[40.0, 20.0], [80.0, 20.0], [80.0, 60.0], [40.0, 60.0]], }"
3009.899999998358,"{""waypoints"":(-9850.8452, -6568.0365), ""unsafe_region"":[[40.0, 20.0], [80.0, 20.0], [80.0, 60.0], [40.0, 60.0]], }"
3009.899999998358,"{""waypoints"":(-9850.8452, -6568.0365), ""unsafe_region"":[[40.0, 20.0], [80.0, 20.0], [80.0, 60.0], [40.0, 60.0]], }"
3009.899999998358,"{""waypoints"":(-9850.8452, -6568.0365), ""unsafe_region"":[[40.0, 20.0], [80.0, 20.0], [80.0, 60.0], [40.0, 60.0]], }"
3009.899999998358,"{""waypoints"":(-9850.8452, -6568.0365), ""unsafe_region"":[[40.0, 20.0], [80.0, 20.0], [80.0, 60.0], [40.0, 60.0]], }"
3009.899999998358,"{""waypoints"":(-9850.8452, -6568.0365), ""unsafe_region"":[[40.0, 20.0], [80.0, 20.0], [80.0, 60.0], [40.0, 60.0]], }"
3009.899999998358,"{""waypoints"":(-9850.8452, -6568.0365), ""unsafe_region"":[[40.0, 20.0], [80.0, 20.0], [80.0, 60.0], [40.0, 60.0]], }"
3009.899999998358,"{""waypoints"":(-9850.8452, -6568.0365), ""unsafe_region"":[[40.0, 20.0], [80.0, 20.0], [80.0, 60.0], [40.0, 60.0]], }"
3009.899999998358,"{""waypoints"":(-9850.8452, -6568.0365), ""unsafe_region"":[[40.0, 20.0], [80.0, 20.0], [80.0, 60.0], [40.0, 60.0]], }"
3009.899999998358,"{""waypoints"":(-9850.8452, -6568.0365), ""unsafe_region"":[[40.0, 20.0], [80.0, 20.0], [80.0, 60.0], [40.0, 60.0]], }"
3009.899999998358,"{""waypoints"":(-9850.8452, -6568.0365), ""unsafe_region"":[[40.0, 20.0], [80.0, 20.0], [80.0, 60.0], [40.0, 60.0]], }"
3009.899999998358,"{""waypoints"":(-9850.8452, -6568.0365), ""unsafe_region"":[[40.0, 20.0], [80.0, 20.0], [80.0, 60.0], [40.0, 60.0]], }"
3009.899999998358,"{""waypoints"":(-9850.8452, -6568.0365), ""unsafe_region"":[[40.0, 20.0], [80.0, 20.0], [80.0, 60.0], [40.0, 60.0]], }"
3009.899999998358,"{""waypoints"":(-9850.8452, -6568.0365), ""unsafe_region"":[[40.0, 20.0], [80.0, 20.0], [80.0, 60.0], [40.0, 60.0]], }"
3009.899999998358,"{""waypoints"":(-9850.8452, -6568.0365), ""unsafe_region"":[[40.0, 20.0], [80.0, 20.0], [80.0, 60.0], [40.0, 60.0]], }"
3009.899999998358,"{""waypoints"":(-9850.8452, -6568.0365), ""unsafe_region"":[[40.0, 20.0], [80.0, 20.0], [80.0, 60.0], [40.0, 60.0]], }"
3009.899999998358,"{""waypoints"":(-9850.8452, -6568.0365), ""unsafe_region"":[[40.0, 20.0], [80.0, 20.0], [80.0, 60.0], [40.0, 60.0]], }"
3009.899999998358,"{""waypoints"":(-9850.8452, -6568.0365), ""unsafe_region"":[[40.0, 20.0], [80.0, 20.0], [80.0, 60.0], [40.0, 60.0]], }"
3009.899999998358,"{""waypoints"":(-9850.8452, -6568.0365), ""unsafe_region"":[[40.0, 20.0], [80.0, 20.0], [80.0, 60.0], [40.0, 60.0]], }"
3009.899999998358,"{""waypoints"":(-9850.8452, -6568.0365), ""unsafe_region"":[[40.0, 20.0], [80.0, 20.0], [80.0, 60.0], [40.0, 60.0]], }"
3009.899999998358,"{""waypoints"":(-9850.8452, -6568.0365), ""unsafe_region"":[[40.0, 20.0], [80.0, 20.0], [80.0, 60.0], [40.0, 60.0]], }"
3009.899999998358,"{""waypoints"":(-9850.8452, -6568.0365), ""unsafe_region"":[[40.0, 20.0], [80.0, 20.0], [80.0, 60.0], [40.0, 60.0]], }"
3009.899999998358,"{""waypoints"":(-9850.8452, -6568.0365), ""unsafe_region"":[[40.0, 20.0], [80.0, 20.0], [80.0, 60.0], [40.0, 60.0]], }"
3009.899999998358,"{""waypoints"":(-9850.8452, -6568.0365), ""unsafe_region"":[[40.0, 20.0], [80.0, 20.0], [80.0, 60.0], [40.0, 60.0]], }"
3009.899999998358,"{""waypoints"":(-9850.8452, -6568.0365), ""unsafe_region"":[[40.0, 20.0], [80.0, 20.0], [80.0, 60.0], [40.0, 60.0]], }"
3009.899999998358,"{""waypoints"":(-9850.8452, -6568.0365), ""unsafe_region"":[[40.0, 20.0], [80.0, 20.0], [80.0, 60.0], [40.0, 60.0]], }"
3009.899999998358,"{""waypoints"":(-9850.8452, -6568.0365), ""unsafe_region"":[[40.0, 20.0], [80.0, 20.0], [80.0, 60.0], [40.0, 60.0]], }"
3009.899999998358,"{""waypoints"":(-9850.8452, -6568.0365), ""unsafe_region"":[[40.0, 20.0], [80.0, 20.0], [80.0, 60.0], [40.0, 60.0]], }"
3009.899999998358,"{""waypoints"":(-9850.8452, -6568.0365), ""unsafe_region"":[[40.0, 20.0], [80.0, 20.0], [80.0, 60.0], [40.0, 60.0]], }"
3009.899999998358,"{""waypoints"":(-9850.8452, -6568.0365), ""unsafe_region"":[[40.0, 20.0], [80.0, 20.0], [80.0, 60.0], [40.0, 60.0]], }"
3009.899999998358,"{""waypoints"":(-9850.8452, -6568.0365), ""unsafe_region"":[[40.0, 20.0], [80.0, 20.0], [80.0, 60.0], [40.0, 60.0]], }"
3009.899999998358,"{""waypoints"":(-9850.8452, -6568.0365), ""unsafe_region"":[[40.0, 20.0], [80.0, 20.0], [80.0, 60.0], [40.0, 60.0]], }"
3009.899999998358,"{""waypoints"":(-9850.8452, -6568.0365), ""unsafe_region"":[[40.0, 20.0], [80.0, 20.0], [80.0, 60.0], [40.0, 60.0]], }"
3009.899999998358,"{""waypoints"":(-9850.8452, -6568.0365), ""unsafe_region"":[[40.0, 20.0], [80.0, 20.0], [80.0, 60.0], [40.0, 60.0]], }"
3009.899999998358,"{""waypoints"":(-9850.8452, -6568.0365), ""unsafe_region"":[[40.0, 20.0], [80.0, 20.0], [80.0, 60.0], [40.0, 60.0]], }"
3009.899999998358,"{""waypoints"":(-9850.8452, -6568.0365), ""unsafe_region"":[[40.0, 20.0], [80.0, 20.0], [80.0, 60.0], [40.0, 60.0]], }"
3009.899999998358,"{""waypoints"":(-9850.8452, -6568.0365), ""unsafe_region"":[[40.0, 20.0], [80.0, 20.0], [80.0, 60.0], [40.0, 60.0]], }"
3009.899999998358,"{""waypoints"":(-9850.8452, -6568.0365), ""unsafe_region"":[[40.0, 20.0], [80.0, 20.0], [80.0, 60.0], [40.0, 60.0]], }"
3009.899999998358,"{""waypoints"":(-9850.8452, -6568.0365), ""unsafe_region"":[[40.0, 20.0], [80.0, 20.0], [80.0, 60.0], [40.0, 60.0]], }"
3009.899999998358,"{""waypoints"":(-9850.8452, -6568.0365), ""unsafe_region"":[[40.0, 20.0], [80.0, 20.0], [80.0, 60.0], [40.0, 60.0]], }"
3009.899999998358,"{""waypoints"":(-9850.8452, -6568.0365), ""unsafe_region"":[[40.0, 20.0], [80.0, 20.0], [80.0, 60.0], [40.0, 60.0]], }"
3009.899999998358,"{""waypoints"":(-9850.8452, -6568.0365), ""unsafe_region"":[[40.0, 20.0], [80.0, 20.0], [80.0, 60.0], [40.0, 60.0]], }"
3009.899999998358,"{""waypoints"":(-9850.8452, -6568.0365), ""unsafe_region"":[[40.0, 20.0], [80.0, 20.0], [80.0, 60.0], [40.0, 60.0]], }"
3009.899999998358,"{""waypoints"":(-9850.8452, -6568.0365), ""unsafe_region"":[[40.0, 20.0], [80.0, 20.0], [80.0, 60.0], [40.0, 60.0]], }"
3009.899999998358,"{""waypoints"":(-9850.8452, -6568.0365), ""unsafe_region"":[[40.0, 20.0], [80.0, 20.0], [80.0, 60.0], [40.0, 60.0]], }"
3009.899999998358,"{""waypoints"":(-9850.8452, -6568.0365), ""unsafe_region"":[[40.0, 20.0], [80.0, 20.0], [80.0, 60.0], [40.0, 60.0]], }"
3009.999999998358,"{""waypoints"":(-9850.8452, -6568.0365), ""unsafe_region"":[[40.0, 20.0], [80.0, 20.0], [80.0, 60.0], [40.0, 60.0]], }"
3009.999999998358,"{""waypoints"":(-9850.8452, -6568.0365), ""unsafe_region"":[[40.0, 20.0], [80.0, 20.0], [80.0, 60.0], [40.0, 60.0]], }"
3009.999999998358,"{""waypoints"":(-9850.8452, -6568.0365), ""unsafe_region"":[[40.0, 20.0], [80.0, 20.0], [80.0, 60.0], [40.0, 60.0]], }"
3009.999999998358,"{""waypoints"":(-9850.8452, -6568.0365), ""unsafe_region"":[[40.0, 20.0], [80.0, 20.0], [80.0, 60.0], [40.0, 60.0]], }"
3009.999999998358,"{""waypoints"":(-9850.8452, -6568.0365), ""unsafe_region"":[[40.0, 20.0], [80.0, 20.0], [80.0, 60.0], [40.0, 60.0]], }"
3009.999999998358,"{""waypoints"":(-9850.8452, -6568.0365), ""unsafe_region"":[[40.0, 20.0], [80.0, 20.0], [80.0, 60.0], [40.0, 60.0]], }"
3009.999999998358,"{""waypoints"":(-9850.8452, -6568.0365), ""unsafe_region"":[[40.0, 20.0], [80.0, 20.0], [80.0, 60.0], [40.0, 60.0]], }"
3085.999999998289,"{""waypoints"":(-9850.8452, -6568.0365), ""unsafe_region"":[[40.0, 20.0], [80.0, 20.0], [80.0, 60.0], [40.0, 60.0]], }"
3085.999999998289,"{""waypoints"":(-9850.8452, -6568.0365), ""unsafe_region"":[[40.0, 20.0], [80.0, 20.0], [80.0, 60.0], [40.0, 60.0]], }"
3085.999999998289,"{""waypoints"":(-9850.8452, -6568.0365), ""unsafe_region"":[[40.0, 20.0], [80.0, 20.0], [80.0, 60.0], [40.0, 60.0]], }"
3085.999999998289,"{""waypoints"":(-9850.8452, -6568.0365), ""unsafe_region"":[[40.0, 20.0], [80.0, 20.0], [80.0, 60.0], [40.0, 60.0]], }"
3085.999999998289,"{""waypoints"":(-9850.8452, -6568.0365), ""unsafe_region"":[[40.0, 20.0], [80.0, 20.0], [80.0, 60.0], [40.0, 60.0]], }"
3085.999999998289,"{""waypoints"":(-9850.8452, -6568.0365), ""unsafe_region"":[[40.0, 20.0], [80.0, 20.0], [80.0, 60.0], [40.0, 60.0]], }"
3085.999999998289,"{""waypoints"":(-9850.8452, -6568.0365), ""unsafe_region"":[[40.0, 20.0], [80.0, 20.0], [80.0, 60.0], [40.0, 60.0]], }"
3085.999999998289,"{""waypoints"":(-9850.8452, -6568.0365), ""unsafe_region"":[[40.0, 20.0], [80.0, 20.0], [80.0, 60.0], [40.0, 60.0]], }"
3085.999999998289,"{""waypoints"":(-9850.8452, -6568.0365), ""unsafe_region"":[[40.0, 20.0], [80.0, 20.0], [80.0, 60.0], [40.0, 60.0]], }"
3085.999999998289,"{""waypoints"":(-9850.8452, -6568.0365), ""unsafe_region"":[[40.0, 20.0], [80.0, 20.0], [80.0, 60.0], [40.0, 60.0]], }"
3085.999999998289,"{""waypoints"":(-9850.8452, -6568.0365), ""unsafe_region"":[[40.0, 20.0], [80.0, 20.0], [80.0, 60.0], [40.0, 60.0]], }"
3085.999999998289,"{""waypoints"":(-9850.8452, -6568.0365), ""unsafe_region"":[[40.0, 20.0], [80.0, 20.0], [80.0, 60.0], [40.0, 60.0]], }"
3085.999999998289,"{""waypoints"":(-9850.8452, -6568.0365), ""unsafe_region"":[[40.0, 20.0], [80.0, 20.0], [80.0, 60.0], [40.0, 60.0]], }"
3085.999999998289,"{""waypoints"":(-9850.8452, -6568.0365), ""unsafe_region"":[[40.0, 20.0], [80.0, 20.0], [80.0, 60.0], [40.0, 60.0]], }"
3085.999999998289,"{""waypoints"":(-9850.8452, -6568.0365), ""unsafe_region"":[[40.0, 20.0], [80.0, 20.0], [80.0, 60.0], [40.0, 60.0]], }"
3085.999999998289,"{""waypoints"":(-9850.8452, -6568.0365), ""unsafe_region"":[[40.0, 20.0], [80.0, 20.0], [80.0, 60.0], [40.0, 60.0]], }"
3085.999999998289,"{""waypoints"":(-9850.8452, -6568.0365), ""unsafe_region"":[[40.0, 20.0], [80.0, 20.0], [80.0, 60.0], [40.0, 60.0]], }"
3085.999999998289,"{""waypoints"":(-9850.8452, -6568.0365), ""unsafe_region"":[[40.0, 20.0], [80.0, 20.0], [80.0, 60.0], [40.0, 60.0]], }"
3085.999999998289,"{""waypoints"":(-9850.8452, -6568.0365), ""unsafe_region"":[[40.0, 20.0], [80.0, 20.0], [80.0, 60.0], [40.0, 60.0]], }"
3085.999999998289,"{""waypoints"":(-9850.8452, -6568.0365), ""unsafe_region"":[[40.0, 20.0], [80.0, 20.0], [80.0, 60.0], [40.0, 60.0]], }"
3085.999999998289,"{""waypoints"":(-9850.8452, -6568.0365), ""unsafe_region"":[[40.0, 20.0], [80.0, 20.0], [80.0, 60.0], [40.0, 60.0]], }"
3085.999999998289,"{""waypoints"":(-9850.8452, -6568.0365), ""unsafe_region"":[[40.0, 20.0], [80.0, 20.0], [80.0, 60.0], [40.0, 60.0]], }"
3085.999999998289,"{""waypoints"":(-9850.8452, -6568.0365), ""unsafe_region"":[[40.0, 20.0], [80.0, 20.0], [80.0, 60.0], [40.0, 60.0]], }"
3085.999999998289,"{""waypoints"":(-9850.8452, -6568.0365), ""unsafe_region"":[[40.0, 20.0], [80.0, 20.0], [80.0, 60.0], [40.0, 60.0]], }"
3085.999999998289,"{""waypoints"":(-9850.8452, -6568.0365), ""unsafe_region"":[[40.0, 20.0], [80.0, 20.0], [80.0, 60.0], [40.0, 60.0]], }"
3085.999999998289,"{""waypoints"":(-9850.8452, -6568.0365), ""unsafe_region"":[[40.0, 20.0], [80.0, 20.0], [80.0, 60.0], [40.0, 60.0]], }"
3085.999999998289,"{""waypoints"":(-9850.8452, -6568.0365), ""unsafe_region"":[[40.0, 20.0], [80.0, 20.0], [80.0, 60.0], [40.0, 60.0]], }"
3085.999999998289,"{""waypoints"":(-9850.8452, -6568.0365), ""unsafe_region"":[[40.0, 20.0], [80.0, 20.0], [80.0, 60.0], [40.0, 60.0]], }"
3085.999999998289,"{""waypoints"":(-9850.8452, -6568.0365), ""unsafe_region"":[[40.0, 20.0], [80.0, 20.0], [80.0, 60.0], [40.0, 60.0]], }"
3085.999999998289,"{""waypoints"":(-9850.8452, -6568.0365), ""unsafe_region"":[[40.0, 20.0], [80.0, 20.0], [80.0, 60.0], [40.0, 60.0]], }"
3085.999999998289,"{""waypoints"":(-9850.8452, -6568.0365), ""unsafe_region"":[[40.0, 20.0], [80.0, 20.0], [80.0, 60.0], [40.0, 60.0]], }"
3085.999999998289,"{""waypoints"":(-9850.8452, -6568.0365), ""unsafe_region"":[[40.0, 20.0], [80.0, 20.0], [80.0, 60.0], [40.0, 60.0]], }"
3085.999999998289,"{""waypoints"":(-9850.8452, -6568.0365), ""unsafe_region"":[[40.0, 20.0], [80.0, 20.0], [80.0, 60.0], [40.0, 60.0]], }"
3085.999999998289,"{""waypoints"":(-9850.8452, -6568.0365), ""unsafe_region"":[[40.0, 20.0], [80.0, 20.0], [80.0, 60.0], [40.0, 60.0]], }"
3085.999999998289,"{""waypoints"":(-9850.8452, -6568.0365), ""unsafe_region"":[[40.0, 20.0], [80.0, 20.0], [80.0, 60.0], [40.0, 60.0]], }"
3085.999999998289,"{""waypoints"":(-9850.8452, -6568.0365), ""unsafe_region"":[[40.0, 20.0], [80.0, 20.0], [80.0, 60.0], [40.0, 60.0]], }"
3085.999999998289,"{""waypoints"":(-9850.8452, -6568.0365), ""unsafe_region"":[[40.0, 20.0], [80.0, 20.0], [80.0, 60.0], [40.0, 60.0]], }"
3085.999999998289,"{""waypoints"":(-9850.8452, -6568.0365), ""unsafe_region"":[[40.0, 20.0], [80.0, 20.0], [80.0, 60.0], [40.0, 60.0]], }"
3085.999999998289,"{""waypoints"":(-9850.8452, -6568.0365), ""unsafe_region"":[[40.0, 20.0], [80.0, 20.0], [80.0, 60.0], [40.0, 60.0]], }"
3085.999999998289,"{""waypoints"":(-9850.8452, -6568.0365), ""unsafe_region"":[[40.0, 20.0], [80.0, 20.0], [80.0, 60.0], [40.0, 60.0]], }"
3085.999999998289,"{""waypoints"":(-9850.8452, -6568.0365), ""unsafe_region"":[[40.0, 20.0], [80.0, 20.0], [80.0, 60.0], [40.0, 60.0]], }"
3085.999999998289,"{""waypoints"":(-9850.8452, -6568.0365), ""unsafe_region"":[[40.0, 20.0], [80.0, 20.0], [80.0, 60.0], [40.0, 60.0]], }"
3085.999999998289,"{""waypoints"":(-9850.8452, -6568.0365), ""unsafe_region"":[[40.0, 20.0], [80.0, 20.0], [80.0, 60.0], [40.0, 60.0]], }"
3085.999999998289,"{""waypoints"":(-9850.8452, -6568.0365), ""unsafe_region"":[[40.0, 20.0], [80.0, 20.0], [80.0, 60.0], [40.0, 60.0]], }"
3085.999999998289,"{""waypoints"":(-9850.8452, -6568.0365), ""unsafe_region"":[[40.0, 20.0], [80.0, 20.0], [80.0, 60.0], [40.0, 60.0]], }"
3085.999999998289,"{""waypoints"":(-9850.8452, -6568.0365), ""unsafe_region"":[[40.0, 20.0], [80.0, 20.0], [80.0, 60.0], [40.0, 60.0]], }"
3085.999999998289,"{""waypoints"":(-9850.8452, -6568.0365), ""unsafe_region"":[[40.0, 20.0], [80.0, 20.0], [80.0, 60.0], [40.0, 60.0]], }"
3085.999999998289,"{""waypoints"":(-9850.8452, -6568.0365), ""unsafe_region"":[[40.0, 20.0], [80.0, 20.0], [80.0, 60.0], [40.0, 60.0]], }"
3085.999999998289,"{""waypoints"":(-9850.8452, -6568.0365), ""unsafe_region"":[[40.0, 20.0], [80.0, 20.0], [80.0, 60.0], [40.0, 60.0]], }"
3085.999999998289,"{""waypoints"":(-9850.8452, -6568.0365), ""unsafe_region"":[[40.0, 20.0], [80.0, 20.0], [80.0, 60.0], [40.0, 60.0]], }"
3085.999999998289,"{""waypoints"":(-9850.8452, -6568.0365), ""unsafe_region"":[[40.0, 20.0], [80.0, 20.0], [80.0, 60.0], [40.0, 60.0]], }"
3085.999999998289,"{""waypoints"":(-9850.8452, -6568.0365), ""unsafe_region"":[[40.0, 20.0], [80.0, 20.0], [80.0, 60.0], [40.0, 60.0]], }"
3085.999999998289,"{""waypoints"":(-9850.8452, -6568.0365), ""unsafe_region"":[[40.0, 20.0], [80.0, 20.0], [80.0, 60.0], [40.0, 60.0]], }"
3085.999999998289,"{""waypoints"":(-9850.8452, -6568.0365), ""unsafe_region"":[[40.0, 20.0], [80.0, 20.0], [80.0, 60.0], [40.0, 60.0]], }"
3085.999999998289,"{""waypoints"":(-9850.8452, -6568.0365), ""unsafe_region"":[[40.0, 20.0], [80.0, 20.0], [80.0, 60.0], [40.0, 60.0]], }"
3085.999999998289,"{""waypoints"":(-9850.8452, -6568.0365), ""unsafe_region"":[[40.0, 20.0], [80.0, 20.0], [80.0, 60.0], [40.0, 60.0]], }"
3085.999999998289,"{""waypoints"":(-9850.8452, -6568.0365), ""unsafe_region"":[[40.0, 20.0], [80.0, 20.0], [80.0, 60.0], [40.0, 60.0]], }"
3085.999999998289,"{""waypoints"":(-9850.8452, -6568.0365), ""unsafe_region"":[[40.0, 20.0], [80.0, 20.0], [80.0, 60.0], [40.0, 60.0]], }"
3085.999999998289,"{""waypoints"":(-9850.8452, -6568.0365), ""unsafe_region"":[[40.0, 20.0], [80.0, 20.0], [80.0, 60.0], [40.0, 60.0]], }"
3085.999999998289,"{""waypoints"":(-9850.8452, -6568.0365), ""unsafe_region"":[[40.0, 20.0], [80.0, 20.0], [80.0, 60.0], [40.0, 60.0]], }"
3085.999999998289,"{""waypoints"":(-9850.8452, -6568.0365), ""unsafe_region"":[[40.0, 20.0], [80.0, 20.0], [80.0, 60.0], [40.0, 60.0]], }"
3085.999999998289,"{""waypoints"":(-9850.8452, -6568.0365), ""unsafe_region"":[[40.0, 20.0], [80.0, 20.0], [80.0, 60.0], [40.0, 60.0]], }"
3085.999999998289,"{""waypoints"":(-9850.8452, -6568.0365), ""unsafe_region"":[[40.0, 20.0], [80.0, 20.0], [80.0, 60.0], [40.0, 60.0]], }"
3085.999999998289,"{""waypoints"":(-9850.8452, -6568.0365), ""unsafe_region"":[[40.0, 20.0], [80.0, 20.0], [80.0, 60.0], [40.0, 60.0]], }"
3085.999999998289,"{""waypoints"":(-9850.8452, -6568.0365), ""unsafe_region"":[[40.0, 20.0], [80.0, 20.0], [80.0, 60.0], [40.0, 60.0]], }"
3085.999999998289,"{""waypoints"":(-9850.8452, -6568.0365), ""unsafe_region"":[[40.0, 20.0], [80.0, 20.0], [80.0, 60.0], [40.0, 60.0]], }"
3085.999999998289,"{""waypoints"":(-9850.8452, -6568.0365), ""unsafe_region"":[[40.0, 20.0], [80.0, 20.0], [80.0, 60.0], [40.0, 60.0]], }"
3085.999999998289,"{""waypoints"":(-9850.8452, -6568.0365), ""unsafe_region"":[[40.0, 20.0], [80.0, 20.0], [80.0, 60.0], [40.0, 60.0]], }"
3085.999999998289,"{""waypoints"":(-9850.8452, -6568.0365), ""unsafe_region"":[[40.0, 20.0], [80.0, 20.0], [80.0, 60.0], [40.0, 60.0]], }"
3085.999999998289,"{""waypoints"":(-9850.8452, -6568.0365), ""unsafe_region"":[[40.0, 20.0], [80.0, 20.0], [80.0, 60.0], [40.0, 60.0]], }"
3085.999999998289,"{""waypoints"":(-9850.8452, -6568.0365), ""unsafe_region"":[[40.0, 20.0], [80.0, 20.0], [80.0, 60.0], [40.0, 60.0]], }"
3085.999999998289,"{""waypoints"":(-9850.8452, -6568.0365), ""unsafe_region"":[[40.0, 20.0], [80.0, 20.0], [80.0, 60.0], [40.0, 60.0]], }"
3085.999999998289,"{""waypoints"":(-9850.8452, -6568.0365), ""unsafe_region"":[[40.0, 20.0], [80.0, 20.0], [80.0, 60.0], [40.0, 60.0]], }"
3085.999999998289,"{""waypoints"":(-9850.8452, -6568.0365), ""unsafe_region"":[[40.0, 20.0], [80.0, 20.0], [80.0, 60.0], [40.0, 60.0]], }"
3085.999999998289,"{""waypoints"":(-9850.8452, -6568.0365), ""unsafe_region"":[[40.0, 20.0], [80.0, 20.0], [80.0, 60.0], [40.0, 60.0]], }"
3085.999999998289,"{""waypoints"":(-9850.8452, -6568.0365), ""unsafe_region"":[[40.0, 20.0], [80.0, 20.0], [80.0, 60.0], [40.0, 60.0]], }"
3164.699999998217,"{""waypoints"":(-9850.8452, -6568.0365), ""unsafe_region"":[[40.0, 20.0], [80.0, 20.0], [80.0, 60.0], [40.0, 60.0]], }"
3164.799999998217,"{""waypoints"":(-9850.8452, -6568.0365), ""unsafe_region"":[[40.0, 20.0], [80.0, 20.0], [80.0, 60.0], [40.0, 60.0]], }"
3164.799999998217,"{""waypoints"":(-9850.8452, -6568.0365), ""unsafe_region"":[[40.0, 20.0], [80.0, 20.0], [80.0, 60.0], [40.0, 60.0]], }"
3164.799999998217,"{""waypoints"":(-9850.8452, -6568.0365), ""unsafe_region"":[[40.0, 20.0], [80.0, 20.0], [80.0, 60.0], [40.0, 60.0]], }"
3164.799999998217,"{""waypoints"":(-9850.8452, -6568.0365), ""unsafe_region"":[[40.0, 20.0], [80.0, 20.0], [80.0, 60.0], [40.0, 60.0]], }"
3164.799999998217,"{""waypoints"":(-9850.8452, -6568.0365), ""unsafe_region"":[[40.0, 20.0], [80.0, 20.0], [80.0, 60.0], [40.0, 60.0]], }"
3164.799999998217,"{""waypoints"":(-9850.8452, -6568.0365), ""unsafe_region"":[[40.0, 20.0], [80.0, 20.0], [80.0, 60.0], [40.0, 60.0]], }"
3164.799999998217,"{""waypoints"":(-9850.8452, -6568.0365), ""unsafe_region"":[[40.0, 20.0], [80.0, 20.0], [80.0, 60.0], [40.0, 60.0]], }"
3164.799999998217,"{""waypoints"":(-9850.8452, -6568.0365), ""unsafe_region"":[[40.0, 20.0], [80.0, 20.0], [80.0, 60.0], [40.0, 60.0]], }"
3164.799999998217,"{""waypoints"":(-9850.8452, -6568.0365), ""unsafe_region"":[[40.0, 20.0], [80.0, 20.0], [80.0, 60.0], [40.0, 60.0]], }"
3164.799999998217,"{""waypoints"":(-9850.8452, -6568.0365), ""unsafe_region"":[[40.0, 20.0], [80.0, 20.0], [80.0, 60.0], [40.0, 60.0]], }"
3164.799999998217,"{""waypoints"":(-9850.8452, -6568.0365), ""unsafe_region"":[[40.0, 20.0], [80.0, 20.0], [80.0, 60.0], [40.0, 60.0]], }"
3164.799999998217,"{""waypoints"":(-9850.8452, -6568.0365), ""unsafe_region"":[[40.0, 20.0], [80.0, 20.0], [80.0, 60.0], [40.0, 60.0]], }"
3164.799999998217,"{""waypoints"":(-9850.8452, -6568.0365), ""unsafe_region"":[[40.0, 20.0], [80.0, 20.0], [80.0, 60.0], [40.0, 60.0]], }"
3164.799999998217,"{""waypoints"":(-9850.8452, -6568.0365), ""unsafe_region"":[[40.0, 20.0], [80.0, 20.0], [80.0, 60.0], [40.0, 60.0]], }"
3164.799999998217,"{""waypoints"":(-9850.8452, -6568.0365), ""unsafe_region"":[[40.0, 20.0], [80.0, 20.0], [80.0, 60.0], [40.0, 60.0]], }"
3164.799999998217,"{""waypoints"":(-9850.8452, -6568.0365), ""unsafe_region"":[[40.0, 20.0], [80.0, 20.0], [80.0, 60.0], [40.0, 60.0]], }"
3164.799999998217,"{""waypoints"":(-9850.8452, -6568.0365), ""unsafe_region"":[[40.0, 20.0], [80.0, 20.0], [80.0, 60.0], [40.0, 60.0]], }"
3164.799999998217,"{""waypoints"":(-9850.8452, -6568.0365), ""unsafe_region"":[[40.0, 20.0], [80.0, 20.0], [80.0, 60.0], [40.0, 60.0]], }"
3164.799999998217,"{""waypoints"":(-9850.8452, -6568.0365), ""unsafe_region"":[[40.0, 20.0], [80.0, 20.0], [80.0, 60.0], [40.0, 60.0]], }"
3164.799999998217,"{""waypoints"":(-9850.8452, -6568.0365), ""unsafe_region"":[[40.0, 20.0], [80.0, 20.0], [80.0, 60.0], [40.0, 60.0]], }"
3164.799999998217,"{""waypoints"":(-9850.8452, -6568.0365), ""unsafe_region"":[[40.0, 20.0], [80.0, 20.0], [80.0, 60.0], [40.0, 60.0]], }"
3164.799999998217,"{""waypoints"":(-9850.8452, -6568.0365), ""unsafe_region"":[[40.0, 20.0], [80.0, 20.0], [80.0, 60.0], [40.0, 60.0]], }"
3164.799999998217,"{""waypoints"":(-9850.8452, -6568.0365), ""unsafe_region"":[[40.0, 20.0], [80.0, 20.0], [80.0, 60.0], [40.0, 60.0]], }"
3164.799999998217,"{""waypoints"":(-9850.8452, -6568.0365), ""unsafe_region"":[[40.0, 20.0], [80.0, 20.0], [80.0, 60.0], [40.0, 60.0]], }"
3164.799999998217,"{""waypoints"":(-9850.8452, -6568.0365), ""unsafe_region"":[[40.0, 20.0], [80.0, 20.0], [80.0, 60.0], [40.0, 60.0]], }"
3164.799999998217,"{""waypoints"":(-9850.8452, -6568.0365), ""unsafe_region"":[[40.0, 20.0], [80.0, 20.0], [80.0, 60.0], [40.0, 60.0]], }"
3164.799999998217,"{""waypoints"":(-9850.8452, -6568.0365), ""unsafe_region"":[[40.0, 20.0], [80.0, 20.0], [80.0, 60.0], [40.0, 60.0]], }"
3164.799999998217,"{""waypoints"":(-9850.8452, -6568.0365), ""unsafe_region"":[[40.0, 20.0], [80.0, 20.0], [80.0, 60.0], [40.0, 60.0]], }"
3164.799999998217,"{""waypoints"":(-9850.8452, -6568.0365), ""unsafe_region"":[[40.0, 20.0], [80.0, 20.0], [80.0, 60.0], [40.0, 60.0]], }"
3164.799999998217,"{""waypoints"":(-9850.8452, -6568.0365), ""unsafe_region"":[[40.0, 20.0], [80.0, 20.0], [80.0, 60.0], [40.0, 60.0]], }"
3164.799999998217,"{""waypoints"":(-9850.8452, -6568.0365), ""unsafe_region"":[[40.0, 20.0], [80.0, 20.0], [80.0, 60.0], [40.0, 60.0]], }"
3164.799999998217,"{""waypoints"":(-9850.8452, -6568.0365), ""unsafe_region"":[[40.0, 20.0], [80.0, 20.0], [80.0, 60.0], [40.0, 60.0]], }"
3164.799999998217,"{""waypoints"":(-9850.8452, -6568.0365), ""unsafe_region"":[[40.0, 20.0], [80.0, 20.0], [80.0, 60.0], [40.0, 60.0]], }"
3164.799999998217,"{""waypoints"":(-9850.8452, -6568.0365), ""unsafe_region"":[[40.0, 20.0], [80.0, 20.0], [80.0, 60.0], [40.0, 60.0]], }"
3164.799999998217,"{""waypoints"":(-9850.8452, -6568.0365), ""unsafe_region"":[[40.0, 20.0], [80.0, 20.0], [80.0, 60.0], [40.0, 60.0]], }"
3164.799999998217,"{""waypoints"":(-9850.8452, -6568.0365), ""unsafe_region"":[[40.0, 20.0], [80.0, 20.0], [80.0, 60.0], [40.0, 60.0]], }"
3164.799999998217,"{""waypoints"":(-9850.8452, -6568.0365), ""unsafe_region"":[[40.0, 20.0], [80.0, 20.0], [80.0, 60.0], [40.0, 60.0]], }"
3164.799999998217,"{""waypoints"":(-9850.8452, -6568.0365), ""unsafe_region"":[[40.0, 20.0], [80.0, 20.0], [80.0, 60.0], [40.0, 60.0]], }"
3164.799999998217,"{""waypoints"":(-9850.8452, -6568.0365), ""unsafe_region"":[[40.0, 20.0], [80.0, 20.0], [80.0, 60.0], [40.0, 60.0]], }"
3164.799999998217,"{""waypoints"":(-9850.8452, -6568.0365), ""unsafe_region"":[[40.0, 20.0], [80.0, 20.0], [80.0, 60.0], [40.0, 60.0]], }"
3164.799999998217,"{""waypoints"":(-9850.8452, -6568.0365), ""unsafe_region"":[[40.0, 20.0], [80.0, 20.0], [80.0, 60.0], [40.0, 60.0]], }"
3164.799999998217,"{""waypoints"":(-9850.8452, -6568.0365), ""unsafe_region"":[[40.0, 20.0], [80.0, 20.0], [80.0, 60.0], [40.0, 60.0]], }"
3164.799999998217,"{""waypoints"":(-9850.8452, -6568.0365), ""unsafe_region"":[[40.0, 20.0], [80.0, 20.0], [80.0, 60.0], [40.0, 60.0]], }"
3164.799999998217,"{""waypoints"":(-9850.8452, -6568.0365), ""unsafe_region"":[[40.0, 20.0], [80.0, 20.0], [80.0, 60.0], [40.0, 60.0]], }"
3164.799999998217,"{""waypoints"":(-9850.8452, -6568.0365), ""unsafe_region"":[[40.0, 20.0], [80.0, 20.0], [80.0, 60.0], [40.0, 60.0]], }"
3164.799999998217,"{""waypoints"":(-9850.8452, -6568.0365), ""unsafe_region"":[[40.0, 20.0], [80.0, 20.0], [80.0, 60.0], [40.0, 60.0]], }"
3164.799999998217,"{""waypoints"":(-9850.8452, -6568.0365), ""unsafe_region"":[[40.0, 20.0], [80.0, 20.0], [80.0, 60.0], [40.0, 60.0]], }"
3164.799999998217,"{""waypoints"":(-9850.8452, -6568.0365), ""unsafe_region"":[[40.0, 20.0], [80.0, 20.0], [80.0, 60.0], [40.0, 60.0]], }"
3164.799999998217,"{""waypoints"":(-9850.8452, -6568.0365), ""unsafe_region"":[[40.0, 20.0], [80.0, 20.0], [80.0, 60.0], [40.0, 60.0]], }"
3164.799999998217,"{""waypoints"":(-9850.8452, -6568.0365), ""unsafe_region"":[[40.0, 20.0], [80.0, 20.0], [80.0, 60.0], [40.0, 60.0]], }"
3164.799999998217,"{""waypoints"":(-9850.8452, -6568.0365), ""unsafe_region"":[[40.0, 20.0], [80.0, 20.0], [80.0, 60.0], [40.0, 60.0]], }"
3164.799999998217,"{""waypoints"":(-9850.8452, -6568.0365), ""unsafe_region"":[[40.0, 20.0], [80.0, 20.0], [80.0, 60.0], [40.0, 60.0]], }"
3164.799999998217,"{""waypoints"":(-9850.8452, -6568.0365), ""unsafe_region"":[[40.0, 20.0], [80.0, 20.0], [80.0, 60.0], [40.0, 60.0]], }"
3164.799999998217,"{""waypoints"":(-9850.8452, -6568.0365), ""unsafe_region"":[[40.0, 20.0], [80.0, 20.0], [80.0, 60.0], [40.0, 60.0]], }"
3164.799999998217,"{""waypoints"":(-9850.8452, -6568.0365), ""unsafe_region"":[[40.0, 20.0], [80.0, 20.0], [80.0, 60.0], [40.0, 60.0]], }"
3164.799999998217,"{""waypoints"":(-9850.8452, -6568.0365), ""unsafe_region"":[[40.0, 20.0], [80.0, 20.0], [80.0, 60.0], [40.0, 60.0]], }"
3164.799999998217,"{""waypoints"":(-9850.8452, -6568.0365), ""unsafe_region"":[[40.0, 20.0], [80.0, 20.0], [80.0, 60.0], [40.0, 60.0]], }"
3164.799999998217,"{""waypoints"":(-9850.8452, -6568.0365), ""unsafe_region"":[[40.0, 20.0], [80.0, 20.0], [80.0, 60.0], [40.0, 60.0]], }"
3164.799999998217,"{""waypoints"":(-9850.8452, -6568.0365), ""unsafe_region"":[[40.0, 20.0], [80.0, 20.0], [80.0, 60.0], [40.0, 60.0]], }"
3164.799999998217,"{""waypoints"":(-9850.8452, -6568.0365), ""unsafe_region"":[[40.0, 20.0], [80.0, 20.0], [80.0, 60.0], [40.0, 60.0]], }"
3164.799999998217,"{""waypoints"":(-9850.8452, -6568.0365), ""unsafe_region"":[[40.0, 20.0], [80.0, 20.0], [80.0, 60.0], [40.0, 60.0]], }"
3164.799999998217,"{""waypoints"":(-9850.8452, -6568.0365), ""unsafe_region"":[[40.0, 20.0], [80.0, 20.0], [80.0, 60.0], [40.0, 60.0]], }"
3164.799999998217,"{""waypoints"":(-9850.8452, -6568.0365), ""unsafe_region"":[[40.0, 20.0], [80.0, 20.0], [80.0, 60.0], [40.0, 60.0]], }"
3164.799999998217,"{""waypoints"":(-9850.8452, -6568.0365), ""unsafe_region"":[[40.0, 20.0], [80.0, 20.0], [80.0, 60.0], [40.0, 60.0]], }"
3164.799999998217,"{""waypoints"":(-9850.8452, -6568.0365), ""unsafe_region"":[[40.0, 20.0], [80.0, 20.0], [80.0, 60.0], [40.0, 60.0]], }"
3164.799999998217,"{""waypoints"":(-9850.8452, -6568.0365), ""unsafe_region"":[[40.0, 20.0], [80.0, 20.0], [80.0, 60.0], [40.0, 60.0]], }"
3164.799999998217,"{""waypoints"":(-9850.8452, -6568.0365), ""unsafe_region"":[[40.0, 20.0], [80.0, 20.0], [80.0, 60.0], [40.0, 60.0]], }"
3164.799999998217,"{""waypoints"":(-9850.8452, -6568.0365), ""unsafe_region"":[[40.0, 20.0], [80.0, 20.0], [80.0, 60.0], [40.0, 60.0]], }"
3164.799999998217,"{""waypoints"":(-9850.8452, -6568.0365), ""unsafe_region"":[[40.0, 20.0], [80.0, 20.0], [80.0, 60.0], [40.0, 60.0]], }"
3164.799999998217,"{""waypoints"":(-9850.8452, -6568.0365), ""unsafe_region"":[[40.0, 20.0], [80.0, 20.0], [80.0, 60.0], [40.0, 60.0]], }"
3164.799999998217,"{""waypoints"":(-9850.8452, -6568.0365), ""unsafe_region"":[[40.0, 20.0], [80.0, 20.0], [80.0, 60.0], [40.0, 60.0]], }"
3164.799999998217,"{""waypoints"":(-9850.8452, -6568.0365), ""unsafe_region"":[[40.0, 20.0], [80.0, 20.0], [80.0, 60.0], [40.0, 60.0]], }"
3164.799999998217,"{""waypoints"":(-9850.8452, -6568.0365), ""unsafe_region"":[[40.0, 20.0], [80.0, 20.0], [80.0, 60.0], [40.0, 60.0]], }"
3164.799999998217,"{""waypoints"":(-9850.8452, -6568.0365), ""unsafe_region"":[[40.0, 20.0], [80.0, 20.0], [80.0, 60.0], [40.0, 60.0]], }"
3164.799999998217,"{""waypoints"":(-9850.8452, -6568.0365), ""unsafe_region"":[[40.0, 20.0], [80.0, 20.0], [80.0, 60.0], [40.0, 60.0]], }"
3164.799999998217,"{""waypoints"":(-9850.8452, -6568.0365), ""unsafe_region"":[[40.0, 20.0], [80.0, 20.0], [80.0, 60.0], [40.0, 60.0]], }"
3164.799999998217,"{""waypoints"":(-9850.8452, -6568.0365), ""unsafe_region"":[[40.0, 20.0], [80.0, 20.0], [80.0, 60.0], [40.0, 60.0]], }"
3179.299999998204,"{""waypoints"":(-9850.8452, -6568.0365), ""unsafe_region"":[[40.0, 20.0], [80.0, 20.0], [80.0, 60.0], [40.0, 60.0]], }"
3179.399999998204,"{""waypoints"":(-9850.8452, -6568.0365), ""unsafe_region"":[[40.0, 20.0], [80.0, 20.0], [80.0, 60.0], [40.0, 60.0]], }"
3179.399999998204,"{""waypoints"":(-9850.8452, -6568.0365), ""unsafe_region"":[[40.0, 20.0], [80.0, 20.0], [80.0, 60.0], [40.0, 60.0]], }"
3179.399999998204,"{""waypoints"":(-9850.8452, -6568.0365), ""unsafe_region"":[[40.0, 20.0], [80.0, 20.0], [80.0, 60.0], [40.0, 60.0]], }"
3179.399999998204,"{""waypoints"":(-9850.8452, -6568.0365), ""unsafe_region"":[[40.0, 20.0], [80.0, 20.0], [80.0, 60.0], [40.0, 60.0]], }"
3179.399999998204,"{""waypoints"":(-9850.8452, -6568.0365), ""unsafe_region"":[[40.0, 20.0], [80.0, 20.0], [80.0, 60.0], [40.0, 60.0]], }"
3179.399999998204,"{""waypoints"":(-9850.8452, -6568.0365), ""unsafe_region"":[[40.0, 20.0], [80.0, 20.0], [80.0, 60.0], [40.0, 60.0]], }"
3179.399999998204,"{""waypoints"":(-9850.8452, -6568.0365), ""unsafe_region"":[[40.0, 20.0], [80.0, 20.0], [80.0, 60.0], [40.0, 60.0]], }"
3179.399999998204,"{""waypoints"":(-9850.8452, -6568.0365), ""unsafe_region"":[[40.0, 20.0], [80.0, 20.0], [80.0, 60.0], [40.0, 60.0]], }"
3179.399999998204,"{""waypoints"":(-9850.8452, -6568.0365), ""unsafe_region"":[[40.0, 20.0], [80.0, 20.0], [80.0, 60.0], [40.0, 60.0]], }"
3179.399999998204,"{""waypoints"":(-9850.8452, -6568.0365), ""unsafe_region"":[[40.0, 20.0], [80.0, 20.0], [80.0, 60.0], [40.0, 60.0]], }"
3179.399999998204,"{""waypoints"":(-9850.8452, -6568.0365), ""unsafe_region"":[[40.0, 20.0], [80.0, 20.0], [80.0, 60.0], [40.0, 60.0]], }"
3179.399999998204,"{""waypoints"":(-9850.8452, -6568.0365), ""unsafe_region"":[[40.0, 20.0], [80.0, 20.0], [80.0, 60.0], [40.0, 60.0]], }"
3179.399999998204,"{""waypoints"":(-9850.8452, -6568.0365), ""unsafe_region"":[[40.0, 20.0], [80.0, 20.0], [80.0, 60.0], [40.0, 60.0]], }"
3179.399999998204,"{""waypoints"":(-9850.8452, -6568.0365), ""unsafe_region"":[[40.0, 20.0], [80.0, 20.0], [80.0, 60.0], [40.0, 60.0]], }"
3223.7999999981635,"{""waypoints"":(-9850.8452, -6568.0365), ""unsafe_region"":[[40.0, 20.0], [80.0, 20.0], [80.0, 60.0], [40.0, 60.0]], }"
3223.8999999981634,"{""waypoints"":(-9850.8452, -6568.0365), ""unsafe_region"":[[40.0, 20.0], [80.0, 20.0], [80.0, 60.0], [40.0, 60.0]], }"
3223.8999999981634,"{""waypoints"":(-9850.8452, -6568.0365), ""unsafe_region"":[[40.0, 20.0], [80.0, 20.0], [80.0, 60.0], [40.0, 60.0]], }"
3223.8999999981634,"{""waypoints"":(-9850.8452, -6568.0365), ""unsafe_region"":[[40.0, 20.0], [80.0, 20.0], [80.0, 60.0], [40.0, 60.0]], }"
3223.8999999981634,"{""waypoints"":(-9850.8452, -6568.0365), ""unsafe_region"":[[40.0, 20.0], [80.0, 20.0], [80.0, 60.0], [40.0, 60.0]], }"
3223.8999999981634,"{""waypoints"":(-9850.8452, -6568.0365), ""unsafe_region"":[[40.0, 20.0], [80.0, 20.0], [80.0, 60.0], [40.0, 60.0]], }"
3223.8999999981634,"{""waypoints"":(-9850.8452, -6568.0365), ""unsafe_region"":[[40.0, 20.0], [80.0, 20.0], [80.0, 60.0], [40.0, 60.0]], }"
3223.8999999981634,"{""waypoints"":(-9850.8452, -6568.0365), ""unsafe_region"":[[40.0, 20.0], [80.0, 20.0], [80.0, 60.0], [40.0, 60.0]], }"
3223.8999999981634,"{""waypoints"":(-9850.8452, -6568.0365), ""unsafe_region"":[[40.0, 20.0], [80.0, 20.0], [80.0, 60.0], [40.0, 60.0]], }"
3223.8999999981634,"{""waypoints"":(-9850.8452, -6568.0365), ""unsafe_region"":[[40.0, 20.0], [80.0, 20.0], [80.0, 60.0], [40.0, 60.0]], }"
3223.8999999981634,"{""waypoints"":(-9850.8452, -6568.0365), ""unsafe_region"":[[40.0, 20.0], [80.0, 20.0], [80.0, 60.0], [40.0, 60.0]], }"
3223.8999999981634,"{""waypoints"":(-9850.8452, -6568.0365), ""unsafe_region"":[[40.0, 20.0], [80.0, 20.0], [80.0, 60.0], [40.0, 60.0]], }"
3223.8999999981634,"{""waypoints"":(-9850.8452, -6568.0365), ""unsafe_region"":[[40.0, 20.0], [80.0, 20.0], [80.0, 60.0], [40.0, 60.0]], }"
3223.8999999981634,"{""waypoints"":(-9850.8452, -6568.0365), ""unsafe_region"":[[40.0, 20.0], [80.0, 20.0], [80.0, 60.0], [40.0, 60.0]], }"
3223.8999999981634,"{""waypoints"":(-9850.8452, -6568.0365), ""unsafe_region"":[[40.0, 20.0], [80.0, 20.0], [80.0, 60.0], [40.0, 60.0]], }"
3223.8999999981634,"{""waypoints"":(-9850.8452, -6568.0365), ""unsafe_region"":[[40.0, 20.0], [80.0, 20.0], [80.0, 60.0], [40.0, 60.0]], }"
3223.8999999981634,"{""waypoints"":(-9850.8452, -6568.0365), ""unsafe_region"":[[40.0, 20.0], [80.0, 20.0], [80.0, 60.0], [40.0, 60.0]], }"
3223.8999999981634,"{""waypoints"":(-9850.8452, -6568.0365), ""unsafe_region"":[[40.0, 20.0], [80.0, 20.0], [80.0, 60.0], [40.0, 60.0]], }"
3223.8999999981634,"{""waypoints"":(-9850.8452, -6568.0365), ""unsafe_region"":[[40.0, 20.0], [80.0, 20.0], [80.0, 60.0], [40.0, 60.0]], }"
3223.8999999981634,"{""waypoints"":(-9850.8452, -6568.0365), ""unsafe_region"":[[40.0, 20.0], [80.0, 20.0], [80.0, 60.0], [40.0, 60.0]], }"
3223.8999999981634,"{""waypoints"":(-9850.8452, -6568.0365), ""unsafe_region"":[[40.0, 20.0], [80.0, 20.0], [80.0, 60.0], [40.0, 60.0]], }"
3223.8999999981634,"{""waypoints"":(-9850.8452, -6568.0365), ""unsafe_region"":[[40.0, 20.0], [80.0, 20.0], [80.0, 60.0], [40.0, 60.0]], }"
3223.8999999981634,"{""waypoints"":(-9850.8452, -6568.0365), ""unsafe_region"":[[40.0, 20.0], [80.0, 20.0], [80.0, 60.0], [40.0, 60.0]], }"
3223.8999999981634,"{""waypoints"":(-9850.8452, -6568.0365), ""unsafe_region"":[[40.0, 20.0], [80.0, 20.0], [80.0, 60.0], [40.0, 60.0]], }"
3223.8999999981634,"{""waypoints"":(-9850.8452, -6568.0365), ""unsafe_region"":[[40.0, 20.0], [80.0, 20.0], [80.0, 60.0], [40.0, 60.0]], }"
3223.8999999981634,"{""waypoints"":(-9850.8452, -6568.0365), ""unsafe_region"":[[40.0, 20.0], [80.0, 20.0], [80.0, 60.0], [40.0, 60.0]], }"
3223.8999999981634,"{""waypoints"":(-9850.8452, -6568.0365), ""unsafe_region"":[[40.0, 20.0], [80.0, 20.0], [80.0, 60.0], [40.0, 60.0]], }"
3223.8999999981634,"{""waypoints"":(-9850.8452, -6568.0365), ""unsafe_region"":[[40.0, 20.0], [80.0, 20.0], [80.0, 60.0], [40.0, 60.0]], }"
3223.8999999981634,"{""waypoints"":(-9850.8452, -6568.0365), ""unsafe_region"":[[40.0, 20.0], [80.0, 20.0], [80.0, 60.0], [40.0, 60.0]], }"
3223.8999999981634,"{""waypoints"":(-9850.8452, -6568.0365), ""unsafe_region"":[[40.0, 20.0], [80.0, 20.0], [80.0, 60.0], [40.0, 60.0]], }"
3223.8999999981634,"{""waypoints"":(-9850.8452, -6568.0365), ""unsafe_region"":[[40.0, 20.0], [80.0, 20.0], [80.0, 60.0], [40.0, 60.0]], }"
3223.8999999981634,"{""waypoints"":(-9850.8452, -6568.0365), ""unsafe_region"":[[40.0, 20.0], [80.0, 20.0], [80.0, 60.0], [40.0, 60.0]], }"
3223.8999999981634,"{""waypoints"":(-9850.8452, -6568.0365), ""unsafe_region"":[[40.0, 20.0], [80.0, 20.0], [80.0, 60.0], [40.0, 60.0]], }"
3223.8999999981634,"{""waypoints"":(-9850.8452, -6568.0365), ""unsafe_region"":[[40.0, 20.0], [80.0, 20.0], [80.0, 60.0], [40.0, 60.0]], }"
3223.8999999981634,"{""waypoints"":(-9850.8452, -6568.0365), ""unsafe_region"":[[40.0, 20.0], [80.0, 20.0], [80.0, 60.0], [40.0, 60.0]], }"
3223.8999999981634,"{""waypoints"":(-9850.8452, -6568.0365), ""unsafe_region"":[[40.0, 20.0], [80.0, 20.0], [80.0, 60.0], [40.0, 60.0]], }"
3223.8999999981634,"{""waypoints"":(-9850.8452, -6568.0365), ""unsafe_region"":[[40.0, 20.0], [80.0, 20.0], [80.0, 60.0], [40.0, 60.0]], }"
3223.8999999981634,"{""waypoints"":(-9850.8452, -6568.0365), ""unsafe_region"":[[40.0, 20.0], [80.0, 20.0], [80.0, 60.0], [40.0, 60.0]], }"
3223.8999999981634,"{""waypoints"":(-9850.8452, -6568.0365), ""unsafe_region"":[[40.0, 20.0], [80.0, 20.0], [80.0, 60.0], [40.0, 60.0]], }"
3223.8999999981634,"{""waypoints"":(-9850.8452, -6568.0365), ""unsafe_region"":[[40.0, 20.0], [80.0, 20.0], [80.0, 60.0], [40.0, 60.0]], }"
3223.8999999981634,"{""waypoints"":(-9850.8452, -6568.0365), ""unsafe_region"":[[40.0, 20.0], [80.0, 20.0], [80.0, 60.0], [40.0, 60.0]], }"
3223.8999999981634,"{""waypoints"":(-9850.8452, -6568.0365), ""unsafe_region"":[[40.0, 20.0], [80.0, 20.0], [80.0, 60.0], [40.0, 60.0]], }"
3223.8999999981634,"{""waypoints"":(-9850.8452, -6568.0365), ""unsafe_region"":[[40.0, 20.0], [80.0, 20.0], [80.0, 60.0], [40.0, 60.0]], }"
3223.8999999981634,"{""waypoints"":(-9850.8452, -6568.0365), ""unsafe_region"":[[40.0, 20.0], [80.0, 20.0], [80.0, 60.0], [40.0, 60.0]], }"
3231.5999999981564,"{""waypoints"":(-9850.8452, -6568.0365), ""unsafe_region"":[[40.0, 20.0], [80.0, 20.0], [80.0, 60.0], [40.0, 60.0]], }"
3231.6999999981563,"{""waypoints"":(-9850.8452, -6568.0365), ""unsafe_region"":[[40.0, 20.0], [80.0, 20.0], [80.0, 60.0], [40.0, 60.0]], }"
3231.6999999981563,"{""waypoints"":(-9850.8452, -6568.0365), ""unsafe_region"":[[40.0, 20.0], [80.0, 20.0], [80.0, 60.0], [40.0, 60.0]], }"
3231.6999999981563,"{""waypoints"":(-9850.8452, -6568.0365), ""unsafe_region"":[[40.0, 20.0], [80.0, 20.0], [80.0, 60.0], [40.0, 60.0]], }"
3231.6999999981563,"{""waypoints"":(-9850.8452, -6568.0365), ""unsafe_region"":[[40.0, 20.0], [80.0, 20.0], [80.0, 60.0], [40.0, 60.0]], }"
3231.6999999981563,"{""waypoints"":(-9850.8452, -6568.0365), ""unsafe_region"":[[40.0, 20.0], [80.0, 20.0], [80.0, 60.0], [40.0, 60.0]], }"
3231.6999999981563,"{""waypoints"":(-9850.8452, -6568.0365), ""unsafe_region"":[[40.0, 20.0], [80.0, 20.0], [80.0, 60.0], [40.0, 60.0]], }"
3231.6999999981563,"{""waypoints"":(-9850.8452, -6568.0365), ""unsafe_region"":[[40.0, 20.0], [80.0, 20.0], [80.0, 60.0], [40.0, 60.0]], }"
3255.999999998134,"{""waypoints"":(-9850.8452, -6568.0365), ""unsafe_region"":[[40.0, 20.0], [80.0, 20.0], [80.0, 60.0], [40.0, 60.0]], }"
3256.099999998134,"{""waypoints"":(-9850.8452, -6568.0365), ""unsafe_region"":[[40.0, 20.0], [80.0, 20.0], [80.0, 60.0], [40.0, 60.0]], }"
3256.099999998134,"{""waypoints"":(-9850.8452, -6568.0365), ""unsafe_region"":[[40.0, 20.0], [80.0, 20.0], [80.0, 60.0], [40.0, 60.0]], }"
3256.099999998134,"{""waypoints"":(-9850.8452, -6568.0365), ""unsafe_region"":[[40.0, 20.0], [80.0, 20.0], [80.0, 60.0], [40.0, 60.0]], }"
3256.099999998134,"{""waypoints"":(-9850.8452, -6568.0365), ""unsafe_region"":[[40.0, 20.0], [80.0, 20.0], [80.0, 60.0], [40.0, 60.0]], }"
3256.099999998134,"{""waypoints"":(-9850.8452, -6568.0365), ""unsafe_region"":[[40.0, 20.0], [80.0, 20.0], [80.0, 60.0], [40.0, 60.0]], }"
3256.099999998134,"{""waypoints"":(-9850.8452, -6568.0365), ""unsafe_region"":[[40.0, 20.0], [80.0, 20.0], [80.0, 60.0], [40.0, 60.0]], }"
3256.099999998134,"{""waypoints"":(-9850.8452, -6568.0365), ""unsafe_region"":[[40.0, 20.0], [80.0, 20.0], [80.0, 60.0], [40.0, 60.0]], }"
3256.099999998134,"{""waypoints"":(-9850.8452, -6568.0365), ""unsafe_region"":[[40.0, 20.0], [80.0, 20.0], [80.0, 60.0], [40.0, 60.0]], }"
3256.099999998134,"{""waypoints"":(-9850.8452, -6568.0365), ""unsafe_region"":[[40.0, 20.0], [80.0, 20.0], [80.0, 60.0], [40.0, 60.0]], }"
3256.099999998134,"{""waypoints"":(-9850.8452, -6568.0365), ""unsafe_region"":[[40.0, 20.0], [80.0, 20.0], [80.0, 60.0], [40.0, 60.0]], }"
3256.099999998134,"{""waypoints"":(-9850.8452, -6568.0365), ""unsafe_region"":[[40.0, 20.0], [80.0, 20.0], [80.0, 60.0], [40.0, 60.0]], }"
3256.099999998134,"{""waypoints"":(-9850.8452, -6568.0365), ""unsafe_region"":[[40.0, 20.0], [80.0, 20.0], [80.0, 60.0], [40.0, 60.0]], }"
3256.099999998134,"{""waypoints"":(-9850.8452, -6568.0365), ""unsafe_region"":[[40.0, 20.0], [80.0, 20.0], [80.0, 60.0], [40.0, 60.0]], }"
3256.099999998134,"{""waypoints"":(-9850.8452, -6568.0365), ""unsafe_region"":[[40.0, 20.0], [80.0, 20.0], [80.0, 60.0], [40.0, 60.0]], }"
3256.099999998134,"{""waypoints"":(-9850.8452, -6568.0365), ""unsafe_region"":[[40.0, 20.0], [80.0, 20.0], [80.0, 60.0], [40.0, 60.0]], }"
3256.099999998134,"{""waypoints"":(-9850.8452, -6568.0365), ""unsafe_region"":[[40.0, 20.0], [80.0, 20.0], [80.0, 60.0], [40.0, 60.0]], }"
3256.099999998134,"{""waypoints"":(-9850.8452, -6568.0365), ""unsafe_region"":[[40.0, 20.0], [80.0, 20.0], [80.0, 60.0], [40.0, 60.0]], }"
3256.099999998134,"{""waypoints"":(-9850.8452, -6568.0365), ""unsafe_region"":[[40.0, 20.0], [80.0, 20.0], [80.0, 60.0], [40.0, 60.0]], }"
3256.099999998134,"{""waypoints"":(-9850.8452, -6568.0365), ""unsafe_region"":[[40.0, 20.0], [80.0, 20.0], [80.0, 60.0], [40.0, 60.0]], }"
3256.099999998134,"{""waypoints"":(-9850.8452, -6568.0365), ""unsafe_region"":[[40.0, 20.0], [80.0, 20.0], [80.0, 60.0], [40.0, 60.0]], }"
3256.099999998134,"{""waypoints"":(-9850.8452, -6568.0365), ""unsafe_region"":[[40.0, 20.0], [80.0, 20.0], [80.0, 60.0], [40.0, 60.0]], }"
3256.099999998134,"{""waypoints"":(-9850.8452, -6568.0365), ""unsafe_region"":[[40.0, 20.0], [80.0, 20.0], [80.0, 60.0], [40.0, 60.0]], }"
3256.099999998134,"{""waypoints"":(-9850.8452, -6568.0365), ""unsafe_region"":[[40.0, 20.0], [80.0, 20.0], [80.0, 60.0], [40.0, 60.0]], }"
3256.099999998134,"{""waypoints"":(-9850.8452, -6568.0365), ""unsafe_region"":[[40.0, 20.0], [80.0, 20.0], [80.0, 60.0], [40.0, 60.0]], }"
3322.8999999980733,"{""waypoints"":(-9850.8452, -6568.0365), ""unsafe_region"":[[40.0, 20.0], [80.0, 20.0], [80.0, 60.0], [40.0, 60.0]], }"
3322.9999999980732,"{""waypoints"":(-9850.8452, -6568.0365), ""unsafe_region"":[[40.0, 20.0], [80.0, 20.0], [80.0, 60.0], [40.0, 60.0]], }"
3322.9999999980732,"{""waypoints"":(-9850.8452, -6568.0365), ""unsafe_region"":[[40.0, 20.0], [80.0, 20.0], [80.0, 60.0], [40.0, 60.0]], }"
3322.9999999980732,"{""waypoints"":(-9850.8452, -6568.0365), ""unsafe_region"":[[40.0, 20.0], [80.0, 20.0], [80.0, 60.0], [40.0, 60.0]], }"
3322.9999999980732,"{""waypoints"":(-9850.8452, -6568.0365), ""unsafe_region"":[[40.0, 20.0], [80.0, 20.0], [80.0, 60.0], [40.0, 60.0]], }"
3322.9999999980732,"{""waypoints"":(-9850.8452, -6568.0365), ""unsafe_region"":[[40.0, 20.0], [80.0, 20.0], [80.0, 60.0], [40.0, 60.0]], }"
3322.9999999980732,"{""waypoints"":(-9850.8452, -6568.0365), ""unsafe_region"":[[40.0, 20.0], [80.0, 20.0], [80.0, 60.0], [40.0, 60.0]], }"
3322.9999999980732,"{""waypoints"":(-9850.8452, -6568.0365), ""unsafe_region"":[[40.0, 20.0], [80.0, 20.0], [80.0, 60.0], [40.0, 60.0]], }"
3322.9999999980732,"{""waypoints"":(-9850.8452, -6568.0365), ""unsafe_region"":[[40.0, 20.0], [80.0, 20.0], [80.0, 60.0], [40.0, 60.0]], }"
3322.9999999980732,"{""waypoints"":(-9850.8452, -6568.0365), ""unsafe_region"":[[40.0, 20.0], [80.0, 20.0], [80.0, 60.0], [40.0, 60.0]], }"
3322.9999999980732,"{""waypoints"":(-9850.8452, -6568.0365), ""unsafe_region"":[[40.0, 20.0], [80.0, 20.0], [80.0, 60.0], [40.0, 60.0]], }"
3322.9999999980732,"{""waypoints"":(-9850.8452, -6568.0365), ""unsafe_region"":[[40.0, 20.0], [80.0, 20.0], [80.0, 60.0], [40.0, 60.0]], }"
3322.9999999980732,"{""waypoints"":(-9850.8452, -6568.0365), ""unsafe_region"":[[40.0, 20.0], [80.0, 20.0], [80.0, 60.0], [40.0, 60.0]], }"
3322.9999999980732,"{""waypoints"":(-9850.8452, -6568.0365), ""unsafe_region"":[[40.0, 20.0], [80.0, 20.0], [80.0, 60.0], [40.0, 60.0]], }"
3322.9999999980732,"{""waypoints"":(-9850.8452, -6568.0365), ""unsafe_region"":[[40.0, 20.0], [80.0, 20.0], [80.0, 60.0], [40.0, 60.0]], }"
3322.9999999980732,"{""waypoints"":(-9850.8452, -6568.0365), ""unsafe_region"":[[40.0, 20.0], [80.0, 20.0], [80.0, 60.0], [40.0, 60.0]], }"
3322.9999999980732,"{""waypoints"":(-9850.8452, -6568.0365), ""unsafe_region"":[[40.0, 20.0], [80.0, 20.0], [80.0, 60.0], [40.0, 60.0]], }"
3322.9999999980732,"{""waypoints"":(-9850.8452, -6568.0365), ""unsafe_region"":[[40.0, 20.0], [80.0, 20.0], [80.0, 60.0], [40.0, 60.0]], }"
3322.9999999980732,"{""waypoints"":(-9850.8452, -6568.0365), ""unsafe_region"":[[40.0, 20.0], [80.0, 20.0], [80.0, 60.0], [40.0, 60.0]], }"
3322.9999999980732,"{""waypoints"":(-9850.8452, -6568.0365), ""unsafe_region"":[[40.0, 20.0], [80.0, 20.0], [80.0, 60.0], [40.0, 60.0]], }"
3322.9999999980732,"{""waypoints"":(-9850.8452, -6568.0365), ""unsafe_region"":[[40.0, 20.0], [80.0, 20.0], [80.0, 60.0], [40.0, 60.0]], }"
3322.9999999980732,"{""waypoints"":(-9850.8452, -6568.0365), ""unsafe_region"":[[40.0, 20.0], [80.0, 20.0], [80.0, 60.0], [40.0, 60.0]], }"
3322.9999999980732,"{""waypoints"":(-9850.8452, -6568.0365), ""unsafe_region"":[[40.0, 20.0], [80.0, 20.0], [80.0, 60.0], [40.0, 60.0]], }"
3322.9999999980732,"{""waypoints"":(-9850.8452, -6568.0365), ""unsafe_region"":[[40.0, 20.0], [80.0, 20.0], [80.0, 60.0], [40.0, 60.0]], }"
3322.9999999980732,"{""waypoints"":(-9850.8452, -6568.0365), ""unsafe_region"":[[40.0, 20.0], [80.0, 20.0], [80.0, 60.0], [40.0, 60.0]], }"
3322.9999999980732,"{""waypoints"":(-9850.8452, -6568.0365), ""unsafe_region"":[[40.0, 20.0], [80.0, 20.0], [80.0, 60.0], [40.0, 60.0]], }"
3322.9999999980732,"{""waypoints"":(-9850.8452, -6568.0365), ""unsafe_region"":[[40.0, 20.0], [80.0, 20.0], [80.0, 60.0], [40.0, 60.0]], }"
3322.9999999980732,"{""waypoints"":(-9850.8452, -6568.0365), ""unsafe_region"":[[40.0, 20.0], [80.0, 20.0], [80.0, 60.0], [40.0, 60.0]], }"
3322.9999999980732,"{""waypoints"":(-9850.8452, -6568.0365), ""unsafe_region"":[[40.0, 20.0], [80.0, 20.0], [80.0, 60.0], [40.0, 60.0]], }"
3322.9999999980732,"{""waypoints"":(-9850.8452, -6568.0365), ""unsafe_region"":[[40.0, 20.0], [80.0, 20.0], [80.0, 60.0], [40.0, 60.0]], }"
3322.9999999980732,"{""waypoints"":(-9850.8452, -6568.0365), ""unsafe_region"":[[40.0, 20.0], [80.0, 20.0], [80.0, 60.0], [40.0, 60.0]], }"
3322.9999999980732,"{""waypoints"":(-9850.8452, -6568.0365), ""unsafe_region"":[[40.0, 20.0], [80.0, 20.0], [80.0, 60.0], [40.0, 60.0]], }"
3322.9999999980732,"{""waypoints"":(-9850.8452, -6568.0365), ""unsafe_region"":[[40.0, 20.0], [80.0, 20.0], [80.0, 60.0], [40.0, 60.0]], }"
3322.9999999980732,"{""waypoints"":(-9850.8452, -6568.0365), ""unsafe_region"":[[40.0, 20.0], [80.0, 20.0], [80.0, 60.0], [40.0, 60.0]], }"
3322.9999999980732,"{""waypoints"":(-9850.8452, -6568.0365), ""unsafe_region"":[[40.0, 20.0], [80.0, 20.0], [80.0, 60.0], [40.0, 60.0]], }"
3322.9999999980732,"{""waypoints"":(-9850.8452, -6568.0365), ""unsafe_region"":[[40.0, 20.0], [80.0, 20.0], [80.0, 60.0], [40.0, 60.0]], }"
3322.9999999980732,"{""waypoints"":(-9850.8452, -6568.0365), ""unsafe_region"":[[40.0, 20.0], [80.0, 20.0], [80.0, 60.0], [40.0, 60.0]], }"
3322.9999999980732,"{""waypoints"":(-9850.8452, -6568.0365), ""unsafe_region"":[[40.0, 20.0], [80.0, 20.0], [80.0, 60.0], [40.0, 60.0]], }"
3322.9999999980732,"{""waypoints"":(-9850.8452, -6568.0365), ""unsafe_region"":[[40.0, 20.0], [80.0, 20.0], [80.0, 60.0], [40.0, 60.0]], }"
3322.9999999980732,"{""waypoints"":(-9850.8452, -6568.0365), ""unsafe_region"":[[40.0, 20.0], [80.0, 20.0], [80.0, 60.0], [40.0, 60.0]], }"
3322.9999999980732,"{""waypoints"":(-9850.8452, -6568.0365), ""unsafe_region"":[[40.0, 20.0], [80.0, 20.0], [80.0, 60.0], [40.0, 60.0]], }"
3322.9999999980732,"{""waypoints"":(-9850.8452, -6568.0365), ""unsafe_region"":[[40.0, 20.0], [80.0, 20.0], [80.0, 60.0], [40.0, 60.0]], }"
3322.9999999980732,"{""waypoints"":(-9850.8452, -6568.0365), ""unsafe_region"":[[40.0, 20.0], [80.0, 20.0], [80.0, 60.0], [40.0, 60.0]], }"
3322.9999999980732,"{""waypoints"":(-9850.8452, -6568.0365), ""unsafe_region"":[[40.0, 20.0], [80.0, 20.0], [80.0, 60.0], [40.0, 60.0]], }"
3322.9999999980732,"{""waypoints"":(-9850.8452, -6568.0365), ""unsafe_region"":[[40.0, 20.0], [80.0, 20.0], [80.0, 60.0], [40.0, 60.0]], }"
3322.9999999980732,"{""waypoints"":(-9850.8452, -6568.0365), ""unsafe_region"":[[40.0, 20.0], [80.0, 20.0], [80.0, 60.0], [40.0, 60.0]], }"
3322.9999999980732,"{""waypoints"":(-9850.8452, -6568.0365), ""unsafe_region"":[[40.0, 20.0], [80.0, 20.0], [80.0, 60.0], [40.0, 60.0]], }"
3322.9999999980732,"{""waypoints"":(-9850.8452, -6568.0365), ""unsafe_region"":[[40.0, 20.0], [80.0, 20.0], [80.0, 60.0], [40.0, 60.0]], }"
3322.9999999980732,"{""waypoints"":(-9850.8452, -6568.0365), ""unsafe_region"":[[40.0, 20.0], [80.0, 20.0], [80.0, 60.0], [40.0, 60.0]], }"
3322.9999999980732,"{""waypoints"":(-9850.8452, -6568.0365), ""unsafe_region"":[[40.0, 20.0], [80.0, 20.0], [80.0, 60.0], [40.0, 60.0]], }"
3322.9999999980732,"{""waypoints"":(-9850.8452, -6568.0365), ""unsafe_region"":[[40.0, 20.0], [80.0, 20.0], [80.0, 60.0], [40.0, 60.0]], }"
3322.9999999980732,"{""waypoints"":(-9850.8452, -6568.0365), ""unsafe_region"":[[40.0, 20.0], [80.0, 20.0], [80.0, 60.0], [40.0, 60.0]], }"
3322.9999999980732,"{""waypoints"":(-9850.8452, -6568.0365), ""unsafe_region"":[[40.0, 20.0], [80.0, 20.0], [80.0, 60.0], [40.0, 60.0]], }"
3322.9999999980732,"{""waypoints"":(-9850.8452, -6568.0365), ""unsafe_region"":[[40.0, 20.0], [80.0, 20.0], [80.0, 60.0], [40.0, 60.0]], }"
3322.9999999980732,"{""waypoints"":(-9850.8452, -6568.0365), ""unsafe_region"":[[40.0, 20.0], [80.0, 20.0], [80.0, 60.0], [40.0, 60.0]], }"
3322.9999999980732,"{""waypoints"":(-9850.8452, -6568.0365), ""unsafe_region"":[[40.0, 20.0], [80.0, 20.0], [80.0, 60.0], [40.0, 60.0]], }"
3322.9999999980732,"{""waypoints"":(-9850.8452, -6568.0365), ""unsafe_region"":[[40.0, 20.0], [80.0, 20.0], [80.0, 60.0], [40.0, 60.0]], }"
3322.9999999980732,"{""waypoints"":(-9850.8452, -6568.0365), ""unsafe_region"":[[40.0, 20.0], [80.0, 20.0], [80.0, 60.0], [40.0, 60.0]], }"
3322.9999999980732,"{""waypoints"":(-9850.8452, -6568.0365), ""unsafe_region"":[[40.0, 20.0], [80.0, 20.0], [80.0, 60.0], [40.0, 60.0]], }"
3322.9999999980732,"{""waypoints"":(-9850.8452, -6568.0365), ""unsafe_region"":[[40.0, 20.0], [80.0, 20.0], [80.0, 60.0], [40.0, 60.0]], }"
3322.9999999980732,"{""waypoints"":(-9850.8452, -6568.0365), ""unsafe_region"":[[40.0, 20.0], [80.0, 20.0], [80.0, 60.0], [40.0, 60.0]], }"
3322.9999999980732,"{""waypoints"":(-9850.8452, -6568.0365), ""unsafe_region"":[[40.0, 20.0], [80.0, 20.0], [80.0, 60.0], [40.0, 60.0]], }"
3322.9999999980732,"{""waypoints"":(-9850.8452, -6568.0365), ""unsafe_region"":[[40.0, 20.0], [80.0, 20.0], [80.0, 60.0], [40.0, 60.0]], }"
3322.9999999980732,"{""waypoints"":(-9850.8452, -6568.0365), ""unsafe_region"":[[40.0, 20.0], [80.0, 20.0], [80.0, 60.0], [40.0, 60.0]], }"
3322.9999999980732,"{""waypoints"":(-9850.8452, -6568.0365), ""unsafe_region"":[[40.0, 20.0], [80.0, 20.0], [80.0, 60.0], [40.0, 60.0]], }"
3322.9999999980732,"{""waypoints"":(-9850.8452, -6568.0365), ""unsafe_region"":[[40.0, 20.0], [80.0, 20.0], [80.0, 60.0], [40.0, 60.0]], }"
3322.9999999980732,"{""waypoints"":(-9850.8452, -6568.0365), ""unsafe_region"":[[40.0, 20.0], [80.0, 20.0], [80.0, 60.0], [40.0, 60.0]], }"
3399.199999998004,"{""waypoints"":(-9850.8452, -6568.0365), ""unsafe_region"":[[40.0, 20.0], [80.0, 20.0], [80.0, 60.0], [40.0, 60.0]], }"
3399.299999998004,"{""waypoints"":(-9850.8452, -6568.0365), ""unsafe_region"":[[40.0, 20.0], [80.0, 20.0], [80.0, 60.0], [40.0, 60.0]], }"
3399.299999998004,"{""waypoints"":(-9850.8452, -6568.0365), ""unsafe_region"":[[40.0, 20.0], [80.0, 20.0], [80.0, 60.0], [40.0, 60.0]], }"
3399.299999998004,"{""waypoints"":(-9850.8452, -6568.0365), ""unsafe_region"":[[40.0, 20.0], [80.0, 20.0], [80.0, 60.0], [40.0, 60.0]], }"
3399.299999998004,"{""waypoints"":(-9850.8452, -6568.0365), ""unsafe_region"":[[40.0, 20.0], [80.0, 20.0], [80.0, 60.0], [40.0, 60.0]], }"
3399.299999998004,"{""waypoints"":(-9850.8452, -6568.0365), ""unsafe_region"":[[40.0, 20.0], [80.0, 20.0], [80.0, 60.0], [40.0, 60.0]], }"
3399.299999998004,"{""waypoints"":(-9850.8452, -6568.0365), ""unsafe_region"":[[40.0, 20.0], [80.0, 20.0], [80.0, 60.0], [40.0, 60.0]], }"
3399.299999998004,"{""waypoints"":(-9850.8452, -6568.0365), ""unsafe_region"":[[40.0, 20.0], [80.0, 20.0], [80.0, 60.0], [40.0, 60.0]], }"
3399.299999998004,"{""waypoints"":(-9850.8452, -6568.0365), ""unsafe_region"":[[40.0, 20.0], [80.0, 20.0], [80.0, 60.0], [40.0, 60.0]], }"
3399.299999998004,"{""waypoints"":(-9850.8452, -6568.0365), ""unsafe_region"":[[40.0, 20.0], [80.0, 20.0], [80.0, 60.0], [40.0, 60.0]], }"
3399.299999998004,"{""waypoints"":(-9850.8452, -6568.0365), ""unsafe_region"":[[40.0, 20.0], [80.0, 20.0], [80.0, 60.0], [40.0, 60.0]], }"
3399.299999998004,"{""waypoints"":(-9850.8452, -6568.0365), ""unsafe_region"":[[40.0, 20.0], [80.0, 20.0], [80.0, 60.0], [40.0, 60.0]], }"
3399.299999998004,"{""waypoints"":(-9850.8452, -6568.0365), ""unsafe_region"":[[40.0, 20.0], [80.0, 20.0], [80.0, 60.0], [40.0, 60.0]], }"
3399.299999998004,"{""waypoints"":(-9850.8452, -6568.0365), ""unsafe_region"":[[40.0, 20.0], [80.0, 20.0], [80.0, 60.0], [40.0, 60.0]], }"
3399.299999998004,"{""waypoints"":(-9850.8452, -6568.0365), ""unsafe_region"":[[40.0, 20.0], [80.0, 20.0], [80.0, 60.0], [40.0, 60.0]], }"
3399.299999998004,"{""waypoints"":(-9850.8452, -6568.0365), ""unsafe_region"":[[40.0, 20.0], [80.0, 20.0], [80.0, 60.0], [40.0, 60.0]], }"
3399.299999998004,"{""waypoints"":(-9850.8452, -6568.0365), ""unsafe_region"":[[40.0, 20.0], [80.0, 20.0], [80.0, 60.0], [40.0, 60.0]], }"
3399.299999998004,"{""waypoints"":(-9850.8452, -6568.0365), ""unsafe_region"":[[40.0, 20.0], [80.0, 20.0], [80.0, 60.0], [40.0, 60.0]], }"
3399.299999998004,"{""waypoints"":(-9850.8452, -6568.0365), ""unsafe_region"":[[40.0, 20.0], [80.0, 20.0], [80.0, 60.0], [40.0, 60.0]], }"
3399.299999998004,"{""waypoints"":(-9850.8452, -6568.0365), ""unsafe_region"":[[40.0, 20.0], [80.0, 20.0], [80.0, 60.0], [40.0, 60.0]], }"
3399.299999998004,"{""waypoints"":(-9850.8452, -6568.0365), ""unsafe_region"":[[40.0, 20.0], [80.0, 20.0], [80.0, 60.0], [40.0, 60.0]], }"
3399.299999998004,"{""waypoints"":(-9850.8452, -6568.0365), ""unsafe_region"":[[40.0, 20.0], [80.0, 20.0], [80.0, 60.0], [40.0, 60.0]], }"
3399.299999998004,"{""waypoints"":(-9850.8452, -6568.0365), ""unsafe_region"":[[40.0, 20.0], [80.0, 20.0], [80.0, 60.0], [40.0, 60.0]], }"
3399.299999998004,"{""waypoints"":(-9850.8452, -6568.0365), ""unsafe_region"":[[40.0, 20.0], [80.0, 20.0], [80.0, 60.0], [40.0, 60.0]], }"
3399.299999998004,"{""waypoints"":(-9850.8452, -6568.0365), ""unsafe_region"":[[40.0, 20.0], [80.0, 20.0], [80.0, 60.0], [40.0, 60.0]], }"
3399.299999998004,"{""waypoints"":(-9850.8452, -6568.0365), ""unsafe_region"":[[40.0, 20.0], [80.0, 20.0], [80.0, 60.0], [40.0, 60.0]], }"
3399.299999998004,"{""waypoints"":(-9850.8452, -6568.0365), ""unsafe_region"":[[40.0, 20.0], [80.0, 20.0], [80.0, 60.0], [40.0, 60.0]], }"
3399.299999998004,"{""waypoints"":(-9850.8452, -6568.0365), ""unsafe_region"":[[40.0, 20.0], [80.0, 20.0], [80.0, 60.0], [40.0, 60.0]], }"
3399.299999998004,"{""waypoints"":(-9850.8452, -6568.0365), ""unsafe_region"":[[40.0, 20.0], [80.0, 20.0], [80.0, 60.0], [40.0, 60.0]], }"
3399.299999998004,"{""waypoints"":(-9850.8452, -6568.0365), ""unsafe_region"":[[40.0, 20.0], [80.0, 20.0], [80.0, 60.0], [40.0, 60.0]], }"
3399.299999998004,"{""waypoints"":(-9850.8452, -6568.0365), ""unsafe_region"":[[40.0, 20.0], [80.0, 20.0], [80.0, 60.0], [40.0, 60.0]], }"
3399.299999998004,"{""waypoints"":(-9850.8452, -6568.0365), ""unsafe_region"":[[40.0, 20.0], [80.0, 20.0], [80.0, 60.0], [40.0, 60.0]], }"
3399.299999998004,"{""waypoints"":(-9850.8452, -6568.0365), ""unsafe_region"":[[40.0, 20.0], [80.0, 20.0], [80.0, 60.0], [40.0, 60.0]], }"
3399.299999998004,"{""waypoints"":(-9850.8452, -6568.0365), ""unsafe_region"":[[40.0, 20.0], [80.0, 20.0], [80.0, 60.0], [40.0, 60.0]], }"
3399.299999998004,"{""waypoints"":(-9850.8452, -6568.0365), ""unsafe_region"":[[40.0, 20.0], [80.0, 20.0], [80.0, 60.0], [40.0, 60.0]], }"
3399.299999998004,"{""waypoints"":(-9850.8452, -6568.0365), ""unsafe_region"":[[40.0, 20.0], [80.0, 20.0], [80.0, 60.0], [40.0, 60.0]], }"
3399.299999998004,"{""waypoints"":(-9850.8452, -6568.0365), ""unsafe_region"":[[40.0, 20.0], [80.0, 20.0], [80.0, 60.0], [40.0, 60.0]], }"
3399.299999998004,"{""waypoints"":(-9850.8452, -6568.0365), ""unsafe_region"":[[40.0, 20.0], [80.0, 20.0], [80.0, 60.0], [40.0, 60.0]], }"
3399.299999998004,"{""waypoints"":(-9850.8452, -6568.0365), ""unsafe_region"":[[40.0, 20.0], [80.0, 20.0], [80.0, 60.0], [40.0, 60.0]], }"
3399.299999998004,"{""waypoints"":(-9850.8452, -6568.0365), ""unsafe_region"":[[40.0, 20.0], [80.0, 20.0], [80.0, 60.0], [40.0, 60.0]], }"
3399.299999998004,"{""waypoints"":(-9850.8452, -6568.0365), ""unsafe_region"":[[40.0, 20.0], [80.0, 20.0], [80.0, 60.0], [40.0, 60.0]], }"
3399.299999998004,"{""waypoints"":(-9850.8452, -6568.0365), ""unsafe_region"":[[40.0, 20.0], [80.0, 20.0], [80.0, 60.0], [40.0, 60.0]], }"
3399.299999998004,"{""waypoints"":(-9850.8452, -6568.0365), ""unsafe_region"":[[40.0, 20.0], [80.0, 20.0], [80.0, 60.0], [40.0, 60.0]], }"
3399.299999998004,"{""waypoints"":(-9850.8452, -6568.0365), ""unsafe_region"":[[40.0, 20.0], [80.0, 20.0], [80.0, 60.0], [40.0, 60.0]], }"
3399.299999998004,"{""waypoints"":(-9850.8452, -6568.0365), ""unsafe_region"":[[40.0, 20.0], [80.0, 20.0], [80.0, 60.0], [40.0, 60.0]], }"
3399.299999998004,"{""waypoints"":(-9850.8452, -6568.0365), ""unsafe_region"":[[40.0, 20.0], [80.0, 20.0], [80.0, 60.0], [40.0, 60.0]], }"
3399.299999998004,"{""waypoints"":(-9850.8452, -6568.0365), ""unsafe_region"":[[40.0, 20.0], [80.0, 20.0], [80.0, 60.0], [40.0, 60.0]], }"
3399.299999998004,"{""waypoints"":(-9850.8452, -6568.0365), ""unsafe_region"":[[40.0, 20.0], [80.0, 20.0], [80.0, 60.0], [40.0, 60.0]], }"
3399.299999998004,"{""waypoints"":(-9850.8452, -6568.0365), ""unsafe_region"":[[40.0, 20.0], [80.0, 20.0], [80.0, 60.0], [40.0, 60.0]], }"
3399.299999998004,"{""waypoints"":(-9850.8452, -6568.0365), ""unsafe_region"":[[40.0, 20.0], [80.0, 20.0], [80.0, 60.0], [40.0, 60.0]], }"
3399.299999998004,"{""waypoints"":(-9850.8452, -6568.0365), ""unsafe_region"":[[40.0, 20.0], [80.0, 20.0], [80.0, 60.0], [40.0, 60.0]], }"
3399.299999998004,"{""waypoints"":(-9850.8452, -6568.0365), ""unsafe_region"":[[40.0, 20.0], [80.0, 20.0], [80.0, 60.0], [40.0, 60.0]], }"
3399.299999998004,"{""waypoints"":(-9850.8452, -6568.0365), ""unsafe_region"":[[40.0, 20.0], [80.0, 20.0], [80.0, 60.0], [40.0, 60.0]], }"
3399.299999998004,"{""waypoints"":(-9850.8452, -6568.0365), ""unsafe_region"":[[40.0, 20.0], [80.0, 20.0], [80.0, 60.0], [40.0, 60.0]], }"
3399.299999998004,"{""waypoints"":(-9850.8452, -6568.0365), ""unsafe_region"":[[40.0, 20.0], [80.0, 20.0], [80.0, 60.0], [40.0, 60.0]], }"
3399.299999998004,"{""waypoints"":(-9850.8452, -6568.0365), ""unsafe_region"":[[40.0, 20.0], [80.0, 20.0], [80.0, 60.0], [40.0, 60.0]], }"
3399.299999998004,"{""waypoints"":(-9850.8452, -6568.0365), ""unsafe_region"":[[40.0, 20.0], [80.0, 20.0], [80.0, 60.0], [40.0, 60.0]], }"
3399.299999998004,"{""waypoints"":(-9850.8452, -6568.0365), ""unsafe_region"":[[40.0, 20.0], [80.0, 20.0], [80.0, 60.0], [40.0, 60.0]], }"
3399.299999998004,"{""waypoints"":(-9850.8452, -6568.0365), ""unsafe_region"":[[40.0, 20.0], [80.0, 20.0], [80.0, 60.0], [40.0, 60.0]], }"
3399.299999998004,"{""waypoints"":(-9850.8452, -6568.0365), ""unsafe_region"":[[40.0, 20.0], [80.0, 20.0], [80.0, 60.0], [40.0, 60.0]], }"
3399.299999998004,"{""waypoints"":(-9850.8452, -6568.0365), ""unsafe_region"":[[40.0, 20.0], [80.0, 20.0], [80.0, 60.0], [40.0, 60.0]], }"
3399.299999998004,"{""waypoints"":(-9850.8452, -6568.0365), ""unsafe_region"":[[40.0, 20.0], [80.0, 20.0], [80.0, 60.0], [40.0, 60.0]], }"
3399.299999998004,"{""waypoints"":(-9850.8452, -6568.0365), ""unsafe_region"":[[40.0, 20.0], [80.0, 20.0], [80.0, 60.0], [40.0, 60.0]], }"
3399.299999998004,"{""waypoints"":(-9850.8452, -6568.0365), ""unsafe_region"":[[40.0, 20.0], [80.0, 20.0], [80.0, 60.0], [40.0, 60.0]], }"
3399.299999998004,"{""waypoints"":(-9850.8452, -6568.0365), ""unsafe_region"":[[40.0, 20.0], [80.0, 20.0], [80.0, 60.0], [40.0, 60.0]], }"
3399.299999998004,"{""waypoints"":(-9850.8452, -6568.0365), ""unsafe_region"":[[40.0, 20.0], [80.0, 20.0], [80.0, 60.0], [40.0, 60.0]], }"
3399.299999998004,"{""waypoints"":(-9850.8452, -6568.0365), ""unsafe_region"":[[40.0, 20.0], [80.0, 20.0], [80.0, 60.0], [40.0, 60.0]], }"
3399.299999998004,"{""waypoints"":(-9850.8452, -6568.0365), ""unsafe_region"":[[40.0, 20.0], [80.0, 20.0], [80.0, 60.0], [40.0, 60.0]], }"
3399.299999998004,"{""waypoints"":(-9850.8452, -6568.0365), ""unsafe_region"":[[40.0, 20.0], [80.0, 20.0], [80.0, 60.0], [40.0, 60.0]], }"
3399.299999998004,"{""waypoints"":(-9850.8452, -6568.0365), ""unsafe_region"":[[40.0, 20.0], [80.0, 20.0], [80.0, 60.0], [40.0, 60.0]], }"
3399.299999998004,"{""waypoints"":(-9850.8452, -6568.0365), ""unsafe_region"":[[40.0, 20.0], [80.0, 20.0], [80.0, 60.0], [40.0, 60.0]], }"
3399.299999998004,"{""waypoints"":(-9850.8452, -6568.0365), ""unsafe_region"":[[40.0, 20.0], [80.0, 20.0], [80.0, 60.0], [40.0, 60.0]], }"
3399.299999998004,"{""waypoints"":(-9850.8452, -6568.0365), ""unsafe_region"":[[40.0, 20.0], [80.0, 20.0], [80.0, 60.0], [40.0, 60.0]], }"
3399.299999998004,"{""waypoints"":(-9850.8452, -6568.0365), ""unsafe_region"":[[40.0, 20.0], [80.0, 20.0], [80.0, 60.0], [40.0, 60.0]], }"
3399.299999998004,"{""waypoints"":(-9850.8452, -6568.0365), ""unsafe_region"":[[40.0, 20.0], [80.0, 20.0], [80.0, 60.0], [40.0, 60.0]], }"
3399.299999998004,"{""waypoints"":(-9850.8452, -6568.0365), ""unsafe_region"":[[40.0, 20.0], [80.0, 20.0], [80.0, 60.0], [40.0, 60.0]], }"
3452.899999997955,"{""waypoints"":(-9850.8452, -6568.0365), ""unsafe_region"":[[40.0, 20.0], [80.0, 20.0], [80.0, 60.0], [40.0, 60.0]], }"
3452.999999997955,"{""waypoints"":(-9850.8452, -6568.0365), ""unsafe_region"":[[40.0, 20.0], [80.0, 20.0], [80.0, 60.0], [40.0, 60.0]], }"
3452.999999997955,"{""waypoints"":(-9850.8452, -6568.0365), ""unsafe_region"":[[40.0, 20.0], [80.0, 20.0], [80.0, 60.0], [40.0, 60.0]], }"
3452.999999997955,"{""waypoints"":(-9850.8452, -6568.0365), ""unsafe_region"":[[40.0, 20.0], [80.0, 20.0], [80.0, 60.0], [40.0, 60.0]], }"
3452.999999997955,"{""waypoints"":(-9850.8452, -6568.0365), ""unsafe_region"":[[40.0, 20.0], [80.0, 20.0], [80.0, 60.0], [40.0, 60.0]], }"
3452.999999997955,"{""waypoints"":(-9850.8452, -6568.0365), ""unsafe_region"":[[40.0, 20.0], [80.0, 20.0], [80.0, 60.0], [40.0, 60.0]], }"
3452.999999997955,"{""waypoints"":(-9850.8452, -6568.0365), ""unsafe_region"":[[40.0, 20.0], [80.0, 20.0], [80.0, 60.0], [40.0, 60.0]], }"
3452.999999997955,"{""waypoints"":(-9850.8452, -6568.0365), ""unsafe_region"":[[40.0, 20.0], [80.0, 20.0], [80.0, 60.0], [40.0, 60.0]], }"
3452.999999997955,"{""waypoints"":(-9850.8452, -6568.0365), ""unsafe_region"":[[40.0, 20.0], [80.0, 20.0], [80.0, 60.0], [40.0, 60.0]], }"
3452.999999997955,"{""waypoints"":(-9850.8452, -6568.0365), ""unsafe_region"":[[40.0, 20.0], [80.0, 20.0], [80.0, 60.0], [40.0, 60.0]], }"
3452.999999997955,"{""waypoints"":(-9850.8452, -6568.0365), ""unsafe_region"":[[40.0, 20.0], [80.0, 20.0], [80.0, 60.0], [40.0, 60.0]], }"
3452.999999997955,"{""waypoints"":(-9850.8452, -6568.0365), ""unsafe_region"":[[40.0, 20.0], [80.0, 20.0], [80.0, 60.0], [40.0, 60.0]], }"
3452.999999997955,"{""waypoints"":(-9850.8452, -6568.0365), ""unsafe_region"":[[40.0, 20.0], [80.0, 20.0], [80.0, 60.0], [40.0, 60.0]], }"
3452.999999997955,"{""waypoints"":(-9850.8452, -6568.0365), ""unsafe_region"":[[40.0, 20.0], [80.0, 20.0], [80.0, 60.0], [40.0, 60.0]], }"
3452.999999997955,"{""waypoints"":(-9850.8452, -6568.0365), ""unsafe_region"":[[40.0, 20.0], [80.0, 20.0], [80.0, 60.0], [40.0, 60.0]], }"
3452.999999997955,"{""waypoints"":(-9850.8452, -6568.0365), ""unsafe_region"":[[40.0, 20.0], [80.0, 20.0], [80.0, 60.0], [40.0, 60.0]], }"
3452.999999997955,"{""waypoints"":(-9850.8452, -6568.0365), ""unsafe_region"":[[40.0, 20.0], [80.0, 20.0], [80.0, 60.0], [40.0, 60.0]], }"
3452.999999997955,"{""waypoints"":(-9850.8452, -6568.0365), ""unsafe_region"":[[40.0, 20.0], [80.0, 20.0], [80.0, 60.0], [40.0, 60.0]], }"
3452.999999997955,"{""waypoints"":(-9850.8452, -6568.0365), ""unsafe_region"":[[40.0, 20.0], [80.0, 20.0], [80.0, 60.0], [40.0, 60.0]], }"
3452.999999997955,"{""waypoints"":(-9850.8452, -6568.0365), ""unsafe_region"":[[40.0, 20.0], [80.0, 20.0], [80.0, 60.0], [40.0, 60.0]], }"
3452.999999997955,"{""waypoints"":(-9850.8452, -6568.0365), ""unsafe_region"":[[40.0, 20.0], [80.0, 20.0], [80.0, 60.0], [40.0, 60.0]], }"
3452.999999997955,"{""waypoints"":(-9850.8452, -6568.0365), ""unsafe_region"":[[40.0, 20.0], [80.0, 20.0], [80.0, 60.0], [40.0, 60.0]], }"
3452.999999997955,"{""waypoints"":(-9850.8452, -6568.0365), ""unsafe_region"":[[40.0, 20.0], [80.0, 20.0], [80.0, 60.0], [40.0, 60.0]], }"
3452.999999997955,"{""waypoints"":(-9850.8452, -6568.0365), ""unsafe_region"":[[40.0, 20.0], [80.0, 20.0], [80.0, 60.0], [40.0, 60.0]], }"
3452.999999997955,"{""waypoints"":(-9850.8452, -6568.0365), ""unsafe_region"":[[40.0, 20.0], [80.0, 20.0], [80.0, 60.0], [40.0, 60.0]], }"
3452.999999997955,"{""waypoints"":(-9850.8452, -6568.0365), ""unsafe_region"":[[40.0, 20.0], [80.0, 20.0], [80.0, 60.0], [40.0, 60.0]], }"
3452.999999997955,"{""waypoints"":(-9850.8452, -6568.0365), ""unsafe_region"":[[40.0, 20.0], [80.0, 20.0], [80.0, 60.0], [40.0, 60.0]], }"
3452.999999997955,"{""waypoints"":(-9850.8452, -6568.0365), ""unsafe_region"":[[40.0, 20.0], [80.0, 20.0], [80.0, 60.0], [40.0, 60.0]], }"
3452.999999997955,"{""waypoints"":(-9850.8452, -6568.0365), ""unsafe_region"":[[40.0, 20.0], [80.0, 20.0], [80.0, 60.0], [40.0, 60.0]], }"
3452.999999997955,"{""waypoints"":(-9850.8452, -6568.0365), ""unsafe_region"":[[40.0, 20.0], [80.0, 20.0], [80.0, 60.0], [40.0, 60.0]], }"
3452.999999997955,"{""waypoints"":(-9850.8452, -6568.0365), ""unsafe_region"":[[40.0, 20.0], [80.0, 20.0], [80.0, 60.0], [40.0, 60.0]], }"
3452.999999997955,"{""waypoints"":(-9850.8452, -6568.0365), ""unsafe_region"":[[40.0, 20.0], [80.0, 20.0], [80.0, 60.0], [40.0, 60.0]], }"
3452.999999997955,"{""waypoints"":(-9850.8452, -6568.0365), ""unsafe_region"":[[40.0, 20.0], [80.0, 20.0], [80.0, 60.0], [40.0, 60.0]], }"
3452.999999997955,"{""waypoints"":(-9850.8452, -6568.0365), ""unsafe_region"":[[40.0, 20.0], [80.0, 20.0], [80.0, 60.0], [40.0, 60.0]], }"
3452.999999997955,"{""waypoints"":(-9850.8452, -6568.0365), ""unsafe_region"":[[40.0, 20.0], [80.0, 20.0], [80.0, 60.0], [40.0, 60.0]], }"
3452.999999997955,"{""waypoints"":(-9850.8452, -6568.0365), ""unsafe_region"":[[40.0, 20.0], [80.0, 20.0], [80.0, 60.0], [40.0, 60.0]], }"
3452.999999997955,"{""waypoints"":(-9850.8452, -6568.0365), ""unsafe_region"":[[40.0, 20.0], [80.0, 20.0], [80.0, 60.0], [40.0, 60.0]], }"
3452.999999997955,"{""waypoints"":(-9850.8452, -6568.0365), ""unsafe_region"":[[40.0, 20.0], [80.0, 20.0], [80.0, 60.0], [40.0, 60.0]], }"
3452.999999997955,"{""waypoints"":(-9850.8452, -6568.0365), ""unsafe_region"":[[40.0, 20.0], [80.0, 20.0], [80.0, 60.0], [40.0, 60.0]], }"
3452.999999997955,"{""waypoints"":(-9850.8452, -6568.0365), ""unsafe_region"":[[40.0, 20.0], [80.0, 20.0], [80.0, 60.0], [40.0, 60.0]], }"
3452.999999997955,"{""waypoints"":(-9850.8452, -6568.0365), ""unsafe_region"":[[40.0, 20.0], [80.0, 20.0], [80.0, 60.0], [40.0, 60.0]], }"
3452.999999997955,"{""waypoints"":(-9850.8452, -6568.0365), ""unsafe_region"":[[40.0, 20.0], [80.0, 20.0], [80.0, 60.0], [40.0, 60.0]], }"
3452.999999997955,"{""waypoints"":(-9850.8452, -6568.0365), ""unsafe_region"":[[40.0, 20.0], [80.0, 20.0], [80.0, 60.0], [40.0, 60.0]], }"
3452.999999997955,"{""waypoints"":(-9850.8452, -6568.0365), ""unsafe_region"":[[40.0, 20.0], [80.0, 20.0], [80.0, 60.0], [40.0, 60.0]], }"
3452.999999997955,"{""waypoints"":(-9850.8452, -6568.0365), ""unsafe_region"":[[40.0, 20.0], [80.0, 20.0], [80.0, 60.0], [40.0, 60.0]], }"
3452.999999997955,"{""waypoints"":(-9850.8452, -6568.0365), ""unsafe_region"":[[40.0, 20.0], [80.0, 20.0], [80.0, 60.0], [40.0, 60.0]], }"
3452.999999997955,"{""waypoints"":(-9850.8452, -6568.0365), ""unsafe_region"":[[40.0, 20.0], [80.0, 20.0], [80.0, 60.0], [40.0, 60.0]], }"
3452.999999997955,"{""waypoints"":(-9850.8452, -6568.0365), ""unsafe_region"":[[40.0, 20.0], [80.0, 20.0], [80.0, 60.0], [40.0, 60.0]], }"
3452.999999997955,"{""waypoints"":(-9850.8452, -6568.0365), ""unsafe_region"":[[40.0, 20.0], [80.0, 20.0], [80.0, 60.0], [40.0, 60.0]], }"
3452.999999997955,"{""waypoints"":(-9850.8452, -6568.0365), ""unsafe_region"":[[40.0, 20.0], [80.0, 20.0], [80.0, 60.0], [40.0, 60.0]], }"
3452.999999997955,"{""waypoints"":(-9850.8452, -6568.0365), ""unsafe_region"":[[40.0, 20.0], [80.0, 20.0], [80.0, 60.0], [40.0, 60.0]], }"
3452.999999997955,"{""waypoints"":(-9850.8452, -6568.0365), ""unsafe_region"":[[40.0, 20.0], [80.0, 20.0], [80.0, 60.0], [40.0, 60.0]], }"
3452.999999997955,"{""waypoints"":(-9850.8452, -6568.0365), ""unsafe_region"":[[40.0, 20.0], [80.0, 20.0], [80.0, 60.0], [40.0, 60.0]], }"
3452.999999997955,"{""waypoints"":(-9850.8452, -6568.0365), ""unsafe_region"":[[40.0, 20.0], [80.0, 20.0], [80.0, 60.0], [40.0, 60.0]], }"
3531.299999997884,"{""waypoints"":(-9850.8452, -6568.0365), ""unsafe_region"":[[40.0, 20.0], [80.0, 20.0], [80.0, 60.0], [40.0, 60.0]], }"
3531.3999999978837,"{""waypoints"":(-9850.8452, -6568.0365), ""unsafe_region"":[[40.0, 20.0], [80.0, 20.0], [80.0, 60.0], [40.0, 60.0]], }"
3531.3999999978837,"{""waypoints"":(-9850.8452, -6568.0365), ""unsafe_region"":[[40.0, 20.0], [80.0, 20.0], [80.0, 60.0], [40.0, 60.0]], }"
3531.3999999978837,"{""waypoints"":(-9850.8452, -6568.0365), ""unsafe_region"":[[40.0, 20.0], [80.0, 20.0], [80.0, 60.0], [40.0, 60.0]], }"
3531.3999999978837,"{""waypoints"":(-9850.8452, -6568.0365), ""unsafe_region"":[[40.0, 20.0], [80.0, 20.0], [80.0, 60.0], [40.0, 60.0]], }"
3531.3999999978837,"{""waypoints"":(-9850.8452, -6568.0365), ""unsafe_region"":[[40.0, 20.0], [80.0, 20.0], [80.0, 60.0], [40.0, 60.0]], }"
3531.3999999978837,"{""waypoints"":(-9850.8452, -6568.0365), ""unsafe_region"":[[40.0, 20.0], [80.0, 20.0], [80.0, 60.0], [40.0, 60.0]], }"
3531.3999999978837,"{""waypoints"":(-9850.8452, -6568.0365), ""unsafe_region"":[[40.0, 20.0], [80.0, 20.0], [80.0, 60.0], [40.0, 60.0]], }"
3531.3999999978837,"{""waypoints"":(-9850.8452, -6568.0365), ""unsafe_region"":[[40.0, 20.0], [80.0, 20.0], [80.0, 60.0], [40.0, 60.0]], }"
3531.3999999978837,"{""waypoints"":(-9850.8452, -6568.0365), ""unsafe_region"":[[40.0, 20.0], [80.0, 20.0], [80.0, 60.0], [40.0, 60.0]], }"
3531.3999999978837,"{""waypoints"":(-9850.8452, -6568.0365), ""unsafe_region"":[[40.0, 20.0], [80.0, 20.0], [80.0, 60.0], [40.0, 60.0]], }"
3531.3999999978837,"{""waypoints"":(-9850.8452, -6568.0365), ""unsafe_region"":[[40.0, 20.0], [80.0, 20.0], [80.0, 60.0], [40.0, 60.0]], }"
3531.3999999978837,"{""waypoints"":(-9850.8452, -6568.0365), ""unsafe_region"":[[40.0, 20.0], [80.0, 20.0], [80.0, 60.0], [40.0, 60.0]], }"
3531.3999999978837,"{""waypoints"":(-9850.8452, -6568.0365), ""unsafe_region"":[[40.0, 20.0], [80.0, 20.0], [80.0, 60.0], [40.0, 60.0]], }"
3531.3999999978837,"{""waypoints"":(-9850.8452, -6568.0365), ""unsafe_region"":[[40.0, 20.0], [80.0, 20.0], [80.0, 60.0], [40.0, 60.0]], }"
3531.3999999978837,"{""waypoints"":(-9850.8452, -6568.0365), ""unsafe_region"":[[40.0, 20.0], [80.0, 20.0], [80.0, 60.0], [40.0, 60.0]], }"
3531.3999999978837,"{""waypoints"":(-9850.8452, -6568.0365), ""unsafe_region"":[[40.0, 20.0], [80.0, 20.0], [80.0, 60.0], [40.0, 60.0]], }"
3531.3999999978837,"{""waypoints"":(-9850.8452, -6568.0365), ""unsafe_region"":[[40.0, 20.0], [80.0, 20.0], [80.0, 60.0], [40.0, 60.0]], }"
3531.3999999978837,"{""waypoints"":(-9850.8452, -6568.0365), ""unsafe_region"":[[40.0, 20.0], [80.0, 20.0], [80.0, 60.0], [40.0, 60.0]], }"
3531.3999999978837,"{""waypoints"":(-9850.8452, -6568.0365), ""unsafe_region"":[[40.0, 20.0], [80.0, 20.0], [80.0, 60.0], [40.0, 60.0]], }"
3531.3999999978837,"{""waypoints"":(-9850.8452, -6568.0365), ""unsafe_region"":[[40.0, 20.0], [80.0, 20.0], [80.0, 60.0], [40.0, 60.0]], }"
3531.3999999978837,"{""waypoints"":(-9850.8452, -6568.0365), ""unsafe_region"":[[40.0, 20.0], [80.0, 20.0], [80.0, 60.0], [40.0, 60.0]], }"
3531.3999999978837,"{""waypoints"":(-9850.8452, -6568.0365), ""unsafe_region"":[[40.0, 20.0], [80.0, 20.0], [80.0, 60.0], [40.0, 60.0]], }"
3531.3999999978837,"{""waypoints"":(-9850.8452, -6568.0365), ""unsafe_region"":[[40.0, 20.0], [80.0, 20.0], [80.0, 60.0], [40.0, 60.0]], }"
3531.3999999978837,"{""waypoints"":(-9850.8452, -6568.0365), ""unsafe_region"":[[40.0, 20.0], [80.0, 20.0], [80.0, 60.0], [40.0, 60.0]], }"
3531.3999999978837,"{""waypoints"":(-9850.8452, -6568.0365), ""unsafe_region"":[[40.0, 20.0], [80.0, 20.0], [80.0, 60.0], [40.0, 60.0]], }"
3531.3999999978837,"{""waypoints"":(-9850.8452, -6568.0365), ""unsafe_region"":[[40.0, 20.0], [80.0, 20.0], [80.0, 60.0], [40.0, 60.0]], }"
3531.3999999978837,"{""waypoints"":(-9850.8452, -6568.0365), ""unsafe_region"":[[40.0, 20.0], [80.0, 20.0], [80.0, 60.0], [40.0, 60.0]], }"
3531.3999999978837,"{""waypoints"":(-9850.8452, -6568.0365), ""unsafe_region"":[[40.0, 20.0], [80.0, 20.0], [80.0, 60.0], [40.0, 60.0]], }"
3531.3999999978837,"{""waypoints"":(-9850.8452, -6568.0365), ""unsafe_region"":[[40.0, 20.0], [80.0, 20.0], [80.0, 60.0], [40.0, 60.0]], }"
3531.3999999978837,"{""waypoints"":(-9850.8452, -6568.0365), ""unsafe_region"":[[40.0, 20.0], [80.0, 20.0], [80.0, 60.0], [40.0, 60.0]], }"
3531.3999999978837,"{""waypoints"":(-9850.8452, -6568.0365), ""unsafe_region"":[[40.0, 20.0], [80.0, 20.0], [80.0, 60.0], [40.0, 60.0]], }"
3531.3999999978837,"{""waypoints"":(-9850.8452, -6568.0365), ""unsafe_region"":[[40.0, 20.0], [80.0, 20.0], [80.0, 60.0], [40.0, 60.0]], }"
3531.3999999978837,"{""waypoints"":(-9850.8452, -6568.0365), ""unsafe_region"":[[40.0, 20.0], [80.0, 20.0], [80.0, 60.0], [40.0, 60.0]], }"
3531.3999999978837,"{""waypoints"":(-9850.8452, -6568.0365), ""unsafe_region"":[[40.0, 20.0], [80.0, 20.0], [80.0, 60.0], [40.0, 60.0]], }"
3531.3999999978837,"{""waypoints"":(-9850.8452, -6568.0365), ""unsafe_region"":[[40.0, 20.0], [80.0, 20.0], [80.0, 60.0], [40.0, 60.0]], }"
3531.3999999978837,"{""waypoints"":(-9850.8452, -6568.0365), ""unsafe_region"":[[40.0, 20.0], [80.0, 20.0], [80.0, 60.0], [40.0, 60.0]], }"
3531.3999999978837,"{""waypoints"":(-9850.8452, -6568.0365), ""unsafe_region"":[[40.0, 20.0], [80.0, 20.0], [80.0, 60.0], [40.0, 60.0]], }"
3531.3999999978837,"{""waypoints"":(-9850.8452, -6568.0365), ""unsafe_region"":[[40.0, 20.0], [80.0, 20.0], [80.0, 60.0], [40.0, 60.0]], }"
3531.3999999978837,"{""waypoints"":(-9850.8452, -6568.0365), ""unsafe_region"":[[40.0, 20.0], [80.0, 20.0], [80.0, 60.0], [40.0, 60.0]], }"
3531.3999999978837,"{""waypoints"":(-9850.8452, -6568.0365), ""unsafe_region"":[[40.0, 20.0], [80.0, 20.0], [80.0, 60.0], [40.0, 60.0]], }"
3531.3999999978837,"{""waypoints"":(-9850.8452, -6568.0365), ""unsafe_region"":[[40.0, 20.0], [80.0, 20.0], [80.0, 60.0], [40.0, 60.0]], }"
3531.3999999978837,"{""waypoints"":(-9850.8452, -6568.0365), ""unsafe_region"":[[40.0, 20.0], [80.0, 20.0], [80.0, 60.0], [40.0, 60.0]], }"
3531.3999999978837,"{""waypoints"":(-9850.8452, -6568.0365), ""unsafe_region"":[[40.0, 20.0], [80.0, 20.0], [80.0, 60.0], [40.0, 60.0]], }"
3531.3999999978837,"{""waypoints"":(-9850.8452, -6568.0365), ""unsafe_region"":[[40.0, 20.0], [80.0, 20.0], [80.0, 60.0], [40.0, 60.0]], }"
3531.3999999978837,"{""waypoints"":(-9850.8452, -6568.0365), ""unsafe_region"":[[40.0, 20.0], [80.0, 20.0], [80.0, 60.0], [40.0, 60.0]], }"
3531.3999999978837,"{""waypoints"":(-9850.8452, -6568.0365), ""unsafe_region"":[[40.0, 20.0], [80.0, 20.0], [80.0, 60.0], [40.0, 60.0]], }"
3531.3999999978837,"{""waypoints"":(-9850.8452, -6568.0365), ""unsafe_region"":[[40.0, 20.0], [80.0, 20.0], [80.0, 60.0], [40.0, 60.0]], }"
3531.3999999978837,"{""waypoints"":(-9850.8452, -6568.0365), ""unsafe_region"":[[40.0, 20.0], [80.0, 20.0], [80.0, 60.0], [40.0, 60.0]], }"
3531.3999999978837,"{""waypoints"":(-9850.8452, -6568.0365), ""unsafe_region"":[[40.0, 20.0], [80.0, 20.0], [80.0, 60.0], [40.0, 60.0]], }"
3531.3999999978837,"{""waypoints"":(-9850.8452, -6568.0365), ""unsafe_region"":[[40.0, 20.0], [80.0, 20.0], [80.0, 60.0], [40.0, 60.0]], }"
3531.3999999978837,"{""waypoints"":(-9850.8452, -6568.0365), ""unsafe_region"":[[40.0, 20.0], [80.0, 20.0], [80.0, 60.0], [40.0, 60.0]], }"
3531.3999999978837,"{""waypoints"":(-9850.8452, -6568.0365), ""unsafe_region"":[[40.0, 20.0], [80.0, 20.0], [80.0, 60.0], [40.0, 60.0]], }"
3531.3999999978837,"{""waypoints"":(-9850.8452, -6568.0365), ""unsafe_region"":[[40.0, 20.0], [80.0, 20.0], [80.0, 60.0], [40.0, 60.0]], }"
3531.3999999978837,"{""waypoints"":(-9850.8452, -6568.0365), ""unsafe_region"":[[40.0, 20.0], [80.0, 20.0], [80.0, 60.0], [40.0, 60.0]], }"
3531.3999999978837,"{""waypoints"":(-9850.8452, -6568.0365), ""unsafe_region"":[[40.0, 20.0], [80.0, 20.0], [80.0, 60.0], [40.0, 60.0]], }"
3531.3999999978837,"{""waypoints"":(-9850.8452, -6568.0365), ""unsafe_region"":[[40.0, 20.0], [80.0, 20.0], [80.0, 60.0], [40.0, 60.0]], }"
3531.3999999978837,"{""waypoints"":(-9850.8452, -6568.0365), ""unsafe_region"":[[40.0, 20.0], [80.0, 20.0], [80.0, 60.0], [40.0, 60.0]], }"
3531.3999999978837,"{""waypoints"":(-9850.8452, -6568.0365), ""unsafe_region"":[[40.0, 20.0], [80.0, 20.0], [80.0, 60.0], [40.0, 60.0]], }"
3531.3999999978837,"{""waypoints"":(-9850.8452, -6568.0365), ""unsafe_region"":[[40.0, 20.0], [80.0, 20.0], [80.0, 60.0], [40.0, 60.0]], }"
3531.3999999978837,"{""waypoints"":(-9850.8452, -6568.0365), ""unsafe_region"":[[40.0, 20.0], [80.0, 20.0], [80.0, 60.0], [40.0, 60.0]], }"
3531.3999999978837,"{""waypoints"":(-9850.8452, -6568.0365), ""unsafe_region"":[[40.0, 20.0], [80.0, 20.0], [80.0, 60.0], [40.0, 60.0]], }"
3531.3999999978837,"{""waypoints"":(-9850.8452, -6568.0365), ""unsafe_region"":[[40.0, 20.0], [80.0, 20.0], [80.0, 60.0], [40.0, 60.0]], }"
3531.3999999978837,"{""waypoints"":(-9850.8452, -6568.0365), ""unsafe_region"":[[40.0, 20.0], [80.0, 20.0], [80.0, 60.0], [40.0, 60.0]], }"
3531.3999999978837,"{""waypoints"":(-9850.8452, -6568.0365), ""unsafe_region"":[[40.0, 20.0], [80.0, 20.0], [80.0, 60.0], [40.0, 60.0]], }"
3531.3999999978837,"{""waypoints"":(-9850.8452, -6568.0365), ""unsafe_region"":[[40.0, 20.0], [80.0, 20.0], [80.0, 60.0], [40.0, 60.0]], }"
3531.3999999978837,"{""waypoints"":(-9850.8452, -6568.0365), ""unsafe_region"":[[40.0, 20.0], [80.0, 20.0], [80.0, 60.0], [40.0, 60.0]], }"
3531.3999999978837,"{""waypoints"":(-9850.8452, -6568.0365), ""unsafe_region"":[[40.0, 20.0], [80.0, 20.0], [80.0, 60.0], [40.0, 60.0]], }"
3531.3999999978837,"{""waypoints"":(-9850.8452, -6568.0365), ""unsafe_region"":[[40.0, 20.0], [80.0, 20.0], [80.0, 60.0], [40.0, 60.0]], }"
3531.3999999978837,"{""waypoints"":(-9850.8452, -6568.0365), ""unsafe_region"":[[40.0, 20.0], [80.0, 20.0], [80.0, 60.0], [40.0, 60.0]], }"
3531.3999999978837,"{""waypoints"":(-9850.8452, -6568.0365), ""unsafe_region"":[[40.0, 20.0], [80.0, 20.0], [80.0, 60.0], [40.0, 60.0]], }"
3531.3999999978837,"{""waypoints"":(-9850.8452, -6568.0365), ""unsafe_region"":[[40.0, 20.0], [80.0, 20.0], [80.0, 60.0], [40.0, 60.0]], }"
3531.3999999978837,"{""waypoints"":(-9850.8452, -6568.0365), ""unsafe_region"":[[40.0, 20.0], [80.0, 20.0], [80.0, 60.0], [40.0, 60.0]], }"
3531.3999999978837,"{""waypoints"":(-9850.8452, -6568.0365), ""unsafe_region"":[[40.0, 20.0], [80.0, 20.0], [80.0, 60.0], [40.0, 60.0]], }"
3531.3999999978837,"{""waypoints"":(-9850.8452, -6568.0365), ""unsafe_region"":[[40.0, 20.0], [80.0, 20.0], [80.0, 60.0], [40.0, 60.0]], }"
3531.3999999978837,"{""waypoints"":(-9850.8452, -6568.0365), ""unsafe_region"":[[40.0, 20.0], [80.0, 20.0], [80.0, 60.0], [40.0, 60.0]], }"
3531.3999999978837,"{""waypoints"":(-9850.8452, -6568.0365), ""unsafe_region"":[[40.0, 20.0], [80.0, 20.0], [80.0, 60.0], [40.0, 60.0]], }"
3531.3999999978837,"{""waypoints"":(-9850.8452, -6568.0365), ""unsafe_region"":[[40.0, 20.0], [80.0, 20.0], [80.0, 60.0], [40.0, 60.0]], }"
3577.6999999978416,"{""waypoints"":(-9850.8452, -6568.0365), ""unsafe_region"":[[40.0, 20.0], [80.0, 20.0], [80.0, 60.0], [40.0, 60.0]], }"
3577.7999999978415,"{""waypoints"":(-9850.8452, -6568.0365), ""unsafe_region"":[[40.0, 20.0], [80.0, 20.0], [80.0, 60.0], [40.0, 60.0]], }"
3577.7999999978415,"{""waypoints"":(-9850.8452, -6568.0365), ""unsafe_region"":[[40.0, 20.0], [80.0, 20.0], [80.0, 60.0], [40.0, 60.0]], }"
3577.7999999978415,"{""waypoints"":(-9850.8452, -6568.0365), ""unsafe_region"":[[40.0, 20.0], [80.0, 20.0], [80.0, 60.0], [40.0, 60.0]], }"
3577.7999999978415,"{""waypoints"":(-9850.8452, -6568.0365), ""unsafe_region"":[[40.0, 20.0], [80.0, 20.0], [80.0, 60.0], [40.0, 60.0]], }"
3577.7999999978415,"{""waypoints"":(-9850.8452, -6568.0365), ""unsafe_region"":[[40.0, 20.0], [80.0, 20.0], [80.0, 60.0], [40.0, 60.0]], }"
3577.7999999978415,"{""waypoints"":(-9850.8452, -6568.0365), ""unsafe_region"":[[40.0, 20.0], [80.0, 20.0], [80.0, 60.0], [40.0, 60.0]], }"
3577.7999999978415,"{""waypoints"":(-9850.8452, -6568.0365), ""unsafe_region"":[[40.0, 20.0], [80.0, 20.0], [80.0, 60.0], [40.0, 60.0]], }"
3577.7999999978415,"{""waypoints"":(-9850.8452, -6568.0365), ""unsafe_region"":[[40.0, 20.0], [80.0, 20.0], [80.0, 60.0], [40.0, 60.0]], }"
3577.7999999978415,"{""waypoints"":(-9850.8452, -6568.0365), ""unsafe_region"":[[40.0, 20.0], [80.0, 20.0], [80.0, 60.0], [40.0, 60.0]], }"
3577.7999999978415,"{""waypoints"":(-9850.8452, -6568.0365), ""unsafe_region"":[[40.0, 20.0], [80.0, 20.0], [80.0, 60.0], [40.0, 60.0]], }"
3577.7999999978415,"{""waypoints"":(-9850.8452, -6568.0365), ""unsafe_region"":[[40.0, 20.0], [80.0, 20.0], [80.0, 60.0], [40.0, 60.0]], }"
3577.7999999978415,"{""waypoints"":(-9850.8452, -6568.0365), ""unsafe_region"":[[40.0, 20.0], [80.0, 20.0], [80.0, 60.0], [40.0, 60.0]], }"
3577.7999999978415,"{""waypoints"":(-9850.8452, -6568.0365), ""unsafe_region"":[[40.0, 20.0], [80.0, 20.0], [80.0, 60.0], [40.0, 60.0]], }"
3577.7999999978415,"{""waypoints"":(-9850.8452, -6568.0365), ""unsafe_region"":[[40.0, 20.0], [80.0, 20.0], [80.0, 60.0], [40.0, 60.0]], }"
3577.7999999978415,"{""waypoints"":(-9850.8452, -6568.0365), ""unsafe_region"":[[40.0, 20.0], [80.0, 20.0], [80.0, 60.0], [40.0, 60.0]], }"
3577.7999999978415,"{""waypoints"":(-9850.8452, -6568.0365), ""unsafe_region"":[[40.0, 20.0], [80.0, 20.0], [80.0, 60.0], [40.0, 60.0]], }"
3577.7999999978415,"{""waypoints"":(-9850.8452, -6568.0365), ""unsafe_region"":[[40.0, 20.0], [80.0, 20.0], [80.0, 60.0], [40.0, 60.0]], }"
3577.7999999978415,"{""waypoints"":(-9850.8452, -6568.0365), ""unsafe_region"":[[40.0, 20.0], [80.0, 20.0], [80.0, 60.0], [40.0, 60.0]], }"
3577.7999999978415,"{""waypoints"":(-9850.8452, -6568.0365), ""unsafe_region"":[[40.0, 20.0], [80.0, 20.0], [80.0, 60.0], [40.0, 60.0]], }"
3577.7999999978415,"{""waypoints"":(-9850.8452, -6568.0365), ""unsafe_region"":[[40.0, 20.0], [80.0, 20.0], [80.0, 60.0], [40.0, 60.0]], }"
3577.7999999978415,"{""waypoints"":(-9850.8452, -6568.0365), ""unsafe_region"":[[40.0, 20.0], [80.0, 20.0], [80.0, 60.0], [40.0, 60.0]], }"
3577.7999999978415,"{""waypoints"":(-9850.8452, -6568.0365), ""unsafe_region"":[[40.0, 20.0], [80.0, 20.0], [80.0, 60.0], [40.0, 60.0]], }"
3577.7999999978415,"{""waypoints"":(-9850.8452, -6568.0365), ""unsafe_region"":[[40.0, 20.0], [80.0, 20.0], [80.0, 60.0], [40.0, 60.0]], }"
3577.7999999978415,"{""waypoints"":(-9850.8452, -6568.0365), ""unsafe_region"":[[40.0, 20.0], [80.0, 20.0], [80.0, 60.0], [40.0, 60.0]], }"
3577.7999999978415,"{""waypoints"":(-9850.8452, -6568.0365), ""unsafe_region"":[[40.0, 20.0], [80.0, 20.0], [80.0, 60.0], [40.0, 60.0]], }"
3577.7999999978415,"{""waypoints"":(-9850.8452, -6568.0365), ""unsafe_region"":[[40.0, 20.0], [80.0, 20.0], [80.0, 60.0], [40.0, 60.0]], }"
3577.7999999978415,"{""waypoints"":(-9850.8452, -6568.0365), ""unsafe_region"":[[40.0, 20.0], [80.0, 20.0], [80.0, 60.0], [40.0, 60.0]], }"
3577.7999999978415,"{""waypoints"":(-9850.8452, -6568.0365), ""unsafe_region"":[[40.0, 20.0], [80.0, 20.0], [80.0, 60.0], [40.0, 60.0]], }"
3577.7999999978415,"{""waypoints"":(-9850.8452, -6568.0365), ""unsafe_region"":[[40.0, 20.0], [80.0, 20.0], [80.0, 60.0], [40.0, 60.0]], }"
3577.7999999978415,"{""waypoints"":(-9850.8452, -6568.0365), ""unsafe_region"":[[40.0, 20.0], [80.0, 20.0], [80.0, 60.0], [40.0, 60.0]], }"
3577.7999999978415,"{""waypoints"":(-9850.8452, -6568.0365), ""unsafe_region"":[[40.0, 20.0], [80.0, 20.0], [80.0, 60.0], [40.0, 60.0]], }"
3577.7999999978415,"{""waypoints"":(-9850.8452, -6568.0365), ""unsafe_region"":[[40.0, 20.0], [80.0, 20.0], [80.0, 60.0], [40.0, 60.0]], }"
3577.7999999978415,"{""waypoints"":(-9850.8452, -6568.0365), ""unsafe_region"":[[40.0, 20.0], [80.0, 20.0], [80.0, 60.0], [40.0, 60.0]], }"
3577.7999999978415,"{""waypoints"":(-9850.8452, -6568.0365), ""unsafe_region"":[[40.0, 20.0], [80.0, 20.0], [80.0, 60.0], [40.0, 60.0]], }"
3577.7999999978415,"{""waypoints"":(-9850.8452, -6568.0365), ""unsafe_region"":[[40.0, 20.0], [80.0, 20.0], [80.0, 60.0], [40.0, 60.0]], }"
3577.7999999978415,"{""waypoints"":(-9850.8452, -6568.0365), ""unsafe_region"":[[40.0, 20.0], [80.0, 20.0], [80.0, 60.0], [40.0, 60.0]], }"
3577.7999999978415,"{""waypoints"":(-9850.8452, -6568.0365), ""unsafe_region"":[[40.0, 20.0], [80.0, 20.0], [80.0, 60.0], [40.0, 60.0]], }"
3577.7999999978415,"{""waypoints"":(-9850.8452, -6568.0365), ""unsafe_region"":[[40.0, 20.0], [80.0, 20.0], [80.0, 60.0], [40.0, 60.0]], }"
3577.7999999978415,"{""waypoints"":(-9850.8452, -6568.0365), ""unsafe_region"":[[40.0, 20.0], [80.0, 20.0], [80.0, 60.0], [40.0, 60.0]], }"
3577.7999999978415,"{""waypoints"":(-9850.8452, -6568.0365), ""unsafe_region"":[[40.0, 20.0], [80.0, 20.0], [80.0, 60.0], [40.0, 60.0]], }"
3577.7999999978415,"{""waypoints"":(-9850.8452, -6568.0365), ""unsafe_region"":[[40.0, 20.0], [80.0, 20.0], [80.0, 60.0], [40.0, 60.0]], }"
3577.7999999978415,"{""waypoints"":(-9850.8452, -6568.0365), ""unsafe_region"":[[40.0, 20.0], [80.0, 20.0], [80.0, 60.0], [40.0, 60.0]], }"
3577.7999999978415,"{""waypoints"":(-9850.8452, -6568.0365), ""unsafe_region"":[[40.0, 20.0], [80.0, 20.0], [80.0, 60.0], [40.0, 60.0]], }"
3577.7999999978415,"{""waypoints"":(-9850.8452, -6568.0365), ""unsafe_region"":[[40.0, 20.0], [80.0, 20.0], [80.0, 60.0], [40.0, 60.0]], }"
3577.7999999978415,"{""waypoints"":(-9850.8452, -6568.0365), ""unsafe_region"":[[40.0, 20.0], [80.0, 20.0], [80.0, 60.0], [40.0, 60.0]], }"
3592.599999997828,"{""waypoints"":(-9850.8452, -6568.0365), ""unsafe_region"":[[40.0, 20.0], [80.0, 20.0], [80.0, 60.0], [40.0, 60.0]], }"
3592.699999997828,"{""waypoints"":(-9850.8452, -6568.0365), ""unsafe_region"":[[40.0, 20.0], [80.0, 20.0], [80.0, 60.0], [40.0, 60.0]], }"
3592.699999997828,"{""waypoints"":(-9850.8452, -6568.0365), ""unsafe_region"":[[40.0, 20.0], [80.0, 20.0], [80.0, 60.0], [40.0, 60.0]], }"
3592.699999997828,"{""waypoints"":(-9850.8452, -6568.0365), ""unsafe_region"":[[40.0, 20.0], [80.0, 20.0], [80.0, 60.0], [40.0, 60.0]], }"
3592.699999997828,"{""waypoints"":(-9850.8452, -6568.0365), ""unsafe_region"":[[40.0, 20.0], [80.0, 20.0], [80.0, 60.0], [40.0, 60.0]], }"
3592.699999997828,"{""waypoints"":(-9850.8452, -6568.0365), ""unsafe_region"":[[40.0, 20.0], [80.0, 20.0], [80.0, 60.0], [40.0, 60.0]], }"
3592.699999997828,"{""waypoints"":(-9850.8452, -6568.0365), ""unsafe_region"":[[40.0, 20.0], [80.0, 20.0], [80.0, 60.0], [40.0, 60.0]], }"
3592.699999997828,"{""waypoints"":(-9850.8452, -6568.0365), ""unsafe_region"":[[40.0, 20.0], [80.0, 20.0], [80.0, 60.0], [40.0, 60.0]], }"
3592.699999997828,"{""waypoints"":(-9850.8452, -6568.0365), ""unsafe_region"":[[40.0, 20.0], [80.0, 20.0], [80.0, 60.0], [40.0, 60.0]], }"
3592.699999997828,"{""waypoints"":(-9850.8452, -6568.0365), ""unsafe_region"":[[40.0, 20.0], [80.0, 20.0], [80.0, 60.0], [40.0, 60.0]], }"
3592.699999997828,"{""waypoints"":(-9850.8452, -6568.0365), ""unsafe_region"":[[40.0, 20.0], [80.0, 20.0], [80.0, 60.0], [40.0, 60.0]], }"
3592.699999997828,"{""waypoints"":(-9850.8452, -6568.0365), ""unsafe_region"":[[40.0, 20.0], [80.0, 20.0], [80.0, 60.0], [40.0, 60.0]], }"
3592.699999997828,"{""waypoints"":(-9850.8452, -6568.0365), ""unsafe_region"":[[40.0, 20.0], [80.0, 20.0], [80.0, 60.0], [40.0, 60.0]], }"
3592.699999997828,"{""waypoints"":(-9850.8452, -6568.0365), ""unsafe_region"":[[40.0, 20.0], [80.0, 20.0], [80.0, 60.0], [40.0, 60.0]], }"
3592.699999997828,"{""waypoints"":(-9850.8452, -6568.0365), ""unsafe_region"":[[40.0, 20.0], [80.0, 20.0], [80.0, 60.0], [40.0, 60.0]], }"
3615.599999997807,"{""waypoints"":(-9850.8452, -6568.0365), ""unsafe_region"":[[40.0, 20.0], [80.0, 20.0], [80.0, 60.0], [40.0, 60.0]], }"
3615.599999997807,"{""waypoints"":(-9850.8452, -6568.0365), ""unsafe_region"":[[40.0, 20.0], [80.0, 20.0], [80.0, 60.0], [40.0, 60.0]], }"
3615.599999997807,"{""waypoints"":(-9850.8452, -6568.0365), ""unsafe_region"":[[40.0, 20.0], [80.0, 20.0], [80.0, 60.0], [40.0, 60.0]], }"
3615.599999997807,"{""waypoints"":(-9850.8452, -6568.0365), ""unsafe_region"":[[40.0, 20.0], [80.0, 20.0], [80.0, 60.0], [40.0, 60.0]], }"
3615.599999997807,"{""waypoints"":(-9850.8452, -6568.0365), ""unsafe_region"":[[40.0, 20.0], [80.0, 20.0], [80.0, 60.0], [40.0, 60.0]], }"
3615.599999997807,"{""waypoints"":(-9850.8452, -6568.0365), ""unsafe_region"":[[40.0, 20.0], [80.0, 20.0], [80.0, 60.0], [40.0, 60.0]], }"
3615.599999997807,"{""waypoints"":(-9850.8452, -6568.0365), ""unsafe_region"":[[40.0, 20.0], [80.0, 20.0], [80.0, 60.0], [40.0, 60.0]], }"
3615.599999997807,"{""waypoints"":(-9850.8452, -6568.0365), ""unsafe_region"":[[40.0, 20.0], [80.0, 20.0], [80.0, 60.0], [40.0, 60.0]], }"
3615.599999997807,"{""waypoints"":(-9850.8452, -6568.0365), ""unsafe_region"":[[40.0, 20.0], [80.0, 20.0], [80.0, 60.0], [40.0, 60.0]], }"
3615.599999997807,"{""waypoints"":(-9850.8452, -6568.0365), ""unsafe_region"":[[40.0, 20.0], [80.0, 20.0], [80.0, 60.0], [40.0, 60.0]], }"
3615.599999997807,"{""waypoints"":(-9850.8452, -6568.0365), ""unsafe_region"":[[40.0, 20.0], [80.0, 20.0], [80.0, 60.0], [40.0, 60.0]], }"
3615.599999997807,"{""waypoints"":(-9850.8452, -6568.0365), ""unsafe_region"":[[40.0, 20.0], [80.0, 20.0], [80.0, 60.0], [40.0, 60.0]], }"
3615.599999997807,"{""waypoints"":(-9850.8452, -6568.0365), ""unsafe_region"":[[40.0, 20.0], [80.0, 20.0], [80.0, 60.0], [40.0, 60.0]], }"
3615.599999997807,"{""waypoints"":(-9850.8452, -6568.0365), ""unsafe_region"":[[40.0, 20.0], [80.0, 20.0], [80.0, 60.0], [40.0, 60.0]], }"
3615.599999997807,"{""waypoints"":(-9850.8452, -6568.0365), ""unsafe_region"":[[40.0, 20.0], [80.0, 20.0], [80.0, 60.0], [40.0, 60.0]], }"
3615.599999997807,"{""waypoints"":(-9850.8452, -6568.0365), ""unsafe_region"":[[40.0, 20.0], [80.0, 20.0], [80.0, 60.0], [40.0, 60.0]], }"
3615.599999997807,"{""waypoints"":(-9850.8452, -6568.0365), ""unsafe_region"":[[40.0, 20.0], [80.0, 20.0], [80.0, 60.0], [40.0, 60.0]], }"
3615.599999997807,"{""waypoints"":(-9850.8452, -6568.0365), ""unsafe_region"":[[40.0, 20.0], [80.0, 20.0], [80.0, 60.0], [40.0, 60.0]], }"
3615.599999997807,"{""waypoints"":(-9850.8452, -6568.0365), ""unsafe_region"":[[40.0, 20.0], [80.0, 20.0], [80.0, 60.0], [40.0, 60.0]], }"
3615.599999997807,"{""waypoints"":(-9850.8452, -6568.0365), ""unsafe_region"":[[40.0, 20.0], [80.0, 20.0], [80.0, 60.0], [40.0, 60.0]], }"
3615.599999997807,"{""waypoints"":(-9850.8452, -6568.0365), ""unsafe_region"":[[40.0, 20.0], [80.0, 20.0], [80.0, 60.0], [40.0, 60.0]], }"
3615.599999997807,"{""waypoints"":(-9850.8452, -6568.0365), ""unsafe_region"":[[40.0, 20.0], [80.0, 20.0], [80.0, 60.0], [40.0, 60.0]], }"
3615.599999997807,"{""waypoints"":(-9850.8452, -6568.0365), ""unsafe_region"":[[40.0, 20.0], [80.0, 20.0], [80.0, 60.0], [40.0, 60.0]], }"
3646.0999999977794,"{""waypoints"":(-9850.8452, -6568.0365), ""unsafe_region"":[[40.0, 20.0], [80.0, 20.0], [80.0, 60.0], [40.0, 60.0]], }"
3646.1999999977793,"{""waypoints"":(-9850.8452, -6568.0365), ""unsafe_region"":[[40.0, 20.0], [80.0, 20.0], [80.0, 60.0], [40.0, 60.0]], }"
3646.1999999977793,"{""waypoints"":(-9850.8452, -6568.0365), ""unsafe_region"":[[40.0, 20.0], [80.0, 20.0], [80.0, 60.0], [40.0, 60.0]], }"
3646.1999999977793,"{""waypoints"":(-9850.8452, -6568.0365), ""unsafe_region"":[[40.0, 20.0], [80.0, 20.0], [80.0, 60.0], [40.0, 60.0]], }"
3646.1999999977793,"{""waypoints"":(-9850.8452, -6568.0365), ""unsafe_region"":[[40.0, 20.0], [80.0, 20.0], [80.0, 60.0], [40.0, 60.0]], }"
3646.1999999977793,"{""waypoints"":(-9850.8452, -6568.0365), ""unsafe_region"":[[40.0, 20.0], [80.0, 20.0], [80.0, 60.0], [40.0, 60.0]], }"
3646.1999999977793,"{""waypoints"":(-9850.8452, -6568.0365), ""unsafe_region"":[[40.0, 20.0], [80.0, 20.0], [80.0, 60.0], [40.0, 60.0]], }"
3646.1999999977793,"{""waypoints"":(-9850.8452, -6568.0365), ""unsafe_region"":[[40.0, 20.0], [80.0, 20.0], [80.0, 60.0], [40.0, 60.0]], }"
3646.1999999977793,"{""waypoints"":(-9850.8452, -6568.0365), ""unsafe_region"":[[40.0, 20.0], [80.0, 20.0], [80.0, 60.0], [40.0, 60.0]], }"
3646.1999999977793,"{""waypoints"":(-9850.8452, -6568.0365), ""unsafe_region"":[[40.0, 20.0], [80.0, 20.0], [80.0, 60.0], [40.0, 60.0]], }"
3646.1999999977793,"{""waypoints"":(-9850.8452, -6568.0365), ""unsafe_region"":[[40.0, 20.0], [80.0, 20.0], [80.0, 60.0], [40.0, 60.0]], }"
3646.1999999977793,"{""waypoints"":(-9850.8452, -6568.0365), ""unsafe_region"":[[40.0, 20.0], [80.0, 20.0], [80.0, 60.0], [40.0, 60.0]], }"
3646.1999999977793,"{""waypoints"":(-9850.8452, -6568.0365), ""unsafe_region"":[[40.0, 20.0], [80.0, 20.0], [80.0, 60.0], [40.0, 60.0]], }"
3646.1999999977793,"{""waypoints"":(-9850.8452, -6568.0365), ""unsafe_region"":[[40.0, 20.0], [80.0, 20.0], [80.0, 60.0], [40.0, 60.0]], }"
3646.1999999977793,"{""waypoints"":(-9850.8452, -6568.0365), ""unsafe_region"":[[40.0, 20.0], [80.0, 20.0], [80.0, 60.0], [40.0, 60.0]], }"
3646.1999999977793,"{""waypoints"":(-9850.8452, -6568.0365), ""unsafe_region"":[[40.0, 20.0], [80.0, 20.0], [80.0, 60.0], [40.0, 60.0]], }"
3646.1999999977793,"{""waypoints"":(-9850.8452, -6568.0365), ""unsafe_region"":[[40.0, 20.0], [80.0, 20.0], [80.0, 60.0], [40.0, 60.0]], }"
3646.1999999977793,"{""waypoints"":(-9850.8452, -6568.0365), ""unsafe_region"":[[40.0, 20.0], [80.0, 20.0], [80.0, 60.0], [40.0, 60.0]], }"
3646.1999999977793,"{""waypoints"":(-9850.8452, -6568.0365), ""unsafe_region"":[[40.0, 20.0], [80.0, 20.0], [80.0, 60.0], [40.0, 60.0]], }"
3646.1999999977793,"{""waypoints"":(-9850.8452, -6568.0365), ""unsafe_region"":[[40.0, 20.0], [80.0, 20.0], [80.0, 60.0], [40.0, 60.0]], }"
3646.1999999977793,"{""waypoints"":(-9850.8452, -6568.0365), ""unsafe_region"":[[40.0, 20.0], [80.0, 20.0], [80.0, 60.0], [40.0, 60.0]], }"
3646.1999999977793,"{""waypoints"":(-9850.8452, -6568.0365), ""unsafe_region"":[[40.0, 20.0], [80.0, 20.0], [80.0, 60.0], [40.0, 60.0]], }"
3646.1999999977793,"{""waypoints"":(-9850.8452, -6568.0365), ""unsafe_region"":[[40.0, 20.0], [80.0, 20.0], [80.0, 60.0], [40.0, 60.0]], }"
3646.1999999977793,"{""waypoints"":(-9850.8452, -6568.0365), ""unsafe_region"":[[40.0, 20.0], [80.0, 20.0], [80.0, 60.0], [40.0, 60.0]], }"
3646.1999999977793,"{""waypoints"":(-9850.8452, -6568.0365), ""unsafe_region"":[[40.0, 20.0], [80.0, 20.0], [80.0, 60.0], [40.0, 60.0]], }"
3646.1999999977793,"{""waypoints"":(-9850.8452, -6568.0365), ""unsafe_region"":[[40.0, 20.0], [80.0, 20.0], [80.0, 60.0], [40.0, 60.0]], }"
3646.1999999977793,"{""waypoints"":(-9850.8452, -6568.0365), ""unsafe_region"":[[40.0, 20.0], [80.0, 20.0], [80.0, 60.0], [40.0, 60.0]], }"
3646.1999999977793,"{""waypoints"":(-9850.8452, -6568.0365), ""unsafe_region"":[[40.0, 20.0], [80.0, 20.0], [80.0, 60.0], [40.0, 60.0]], }"
3646.1999999977793,"{""waypoints"":(-9850.8452, -6568.0365), ""unsafe_region"":[[40.0, 20.0], [80.0, 20.0], [80.0, 60.0], [40.0, 60.0]], }"
3646.1999999977793,"{""waypoints"":(-9850.8452, -6568.0365), ""unsafe_region"":[[40.0, 20.0], [80.0, 20.0], [80.0, 60.0], [40.0, 60.0]], }"
3646.1999999977793,"{""waypoints"":(-9850.8452, -6568.0365), ""unsafe_region"":[[40.0, 20.0], [80.0, 20.0], [80.0, 60.0], [40.0, 60.0]], }"
3706.6999999977243,"{""waypoints"":(-9850.8452, -6568.0365), ""unsafe_region"":[[40.0, 20.0], [80.0, 20.0], [80.0, 60.0], [40.0, 60.0]], }"
3706.6999999977243,"{""waypoints"":(-9850.8452, -6568.0365), ""unsafe_region"":[[40.0, 20.0], [80.0, 20.0], [80.0, 60.0], [40.0, 60.0]], }"
3706.6999999977243,"{""waypoints"":(-9850.8452, -6568.0365), ""unsafe_region"":[[40.0, 20.0], [80.0, 20.0], [80.0, 60.0], [40.0, 60.0]], }"
3706.6999999977243,"{""waypoints"":(-9850.8452, -6568.0365), ""unsafe_region"":[[40.0, 20.0], [80.0, 20.0], [80.0, 60.0], [40.0, 60.0]], }"
3706.6999999977243,"{""waypoints"":(-9850.8452, -6568.0365), ""unsafe_region"":[[40.0, 20.0], [80.0, 20.0], [80.0, 60.0], [40.0, 60.0]], }"
3706.6999999977243,"{""waypoints"":(-9850.8452, -6568.0365), ""unsafe_region"":[[40.0, 20.0], [80.0, 20.0], [80.0, 60.0], [40.0, 60.0]], }"
3706.6999999977243,"{""waypoints"":(-9850.8452, -6568.0365), ""unsafe_region"":[[40.0, 20.0], [80.0, 20.0], [80.0, 60.0], [40.0, 60.0]], }"
3706.6999999977243,"{""waypoints"":(-9850.8452, -6568.0365), ""unsafe_region"":[[40.0, 20.0], [80.0, 20.0], [80.0, 60.0], [40.0, 60.0]], }"
3706.6999999977243,"{""waypoints"":(-9850.8452, -6568.0365), ""unsafe_region"":[[40.0, 20.0], [80.0, 20.0], [80.0, 60.0], [40.0, 60.0]], }"
3706.6999999977243,"{""waypoints"":(-9850.8452, -6568.0365), ""unsafe_region"":[[40.0, 20.0], [80.0, 20.0], [80.0, 60.0], [40.0, 60.0]], }"
3706.6999999977243,"{""waypoints"":(-9850.8452, -6568.0365), ""unsafe_region"":[[40.0, 20.0], [80.0, 20.0], [80.0, 60.0], [40.0, 60.0]], }"
3706.6999999977243,"{""waypoints"":(-9850.8452, -6568.0365), ""unsafe_region"":[[40.0, 20.0], [80.0, 20.0], [80.0, 60.0], [40.0, 60.0]], }"
3706.6999999977243,"{""waypoints"":(-9850.8452, -6568.0365), ""unsafe_region"":[[40.0, 20.0], [80.0, 20.0], [80.0, 60.0], [40.0, 60.0]], }"
3706.6999999977243,"{""waypoints"":(-9850.8452, -6568.0365), ""unsafe_region"":[[40.0, 20.0], [80.0, 20.0], [80.0, 60.0], [40.0, 60.0]], }"
3706.6999999977243,"{""waypoints"":(-9850.8452, -6568.0365), ""unsafe_region"":[[40.0, 20.0], [80.0, 20.0], [80.0, 60.0], [40.0, 60.0]], }"
3706.6999999977243,"{""waypoints"":(-9850.8452, -6568.0365), ""unsafe_region"":[[40.0, 20.0], [80.0, 20.0], [80.0, 60.0], [40.0, 60.0]], }"
3706.6999999977243,"{""waypoints"":(-9850.8452, -6568.0365), ""unsafe_region"":[[40.0, 20.0], [80.0, 20.0], [80.0, 60.0], [40.0, 60.0]], }"
3706.6999999977243,"{""waypoints"":(-9850.8452, -6568.0365), ""unsafe_region"":[[40.0, 20.0], [80.0, 20.0], [80.0, 60.0], [40.0, 60.0]], }"
3706.6999999977243,"{""waypoints"":(-9850.8452, -6568.0365), ""unsafe_region"":[[40.0, 20.0], [80.0, 20.0], [80.0, 60.0], [40.0, 60.0]], }"
3706.6999999977243,"{""waypoints"":(-9850.8452, -6568.0365), ""unsafe_region"":[[40.0, 20.0], [80.0, 20.0], [80.0, 60.0], [40.0, 60.0]], }"
3706.6999999977243,"{""waypoints"":(-9850.8452, -6568.0365), ""unsafe_region"":[[40.0, 20.0], [80.0, 20.0], [80.0, 60.0], [40.0, 60.0]], }"
3706.6999999977243,"{""waypoints"":(-9850.8452, -6568.0365), ""unsafe_region"":[[40.0, 20.0], [80.0, 20.0], [80.0, 60.0], [40.0, 60.0]], }"
3706.6999999977243,"{""waypoints"":(-9850.8452, -6568.0365), ""unsafe_region"":[[40.0, 20.0], [80.0, 20.0], [80.0, 60.0], [40.0, 60.0]], }"
3706.6999999977243,"{""waypoints"":(-9850.8452, -6568.0365), ""unsafe_region"":[[40.0, 20.0], [80.0, 20.0], [80.0, 60.0], [40.0, 60.0]], }"
3706.6999999977243,"{""waypoints"":(-9850.8452, -6568.0365), ""unsafe_region"":[[40.0, 20.0], [80.0, 20.0], [80.0, 60.0], [40.0, 60.0]], }"
3706.6999999977243,"{""waypoints"":(-9850.8452, -6568.0365), ""unsafe_region"":[[40.0, 20.0], [80.0, 20.0], [80.0, 60.0], [40.0, 60.0]], }"
3706.6999999977243,"{""waypoints"":(-9850.8452, -6568.0365), ""unsafe_region"":[[40.0, 20.0], [80.0, 20.0], [80.0, 60.0], [40.0, 60.0]], }"
3706.6999999977243,"{""waypoints"":(-9850.8452, -6568.0365), ""unsafe_region"":[[40.0, 20.0], [80.0, 20.0], [80.0, 60.0], [40.0, 60.0]], }"
3706.6999999977243,"{""waypoints"":(-9850.8452, -6568.0365), ""unsafe_region"":[[40.0, 20.0], [80.0, 20.0], [80.0, 60.0], [40.0, 60.0]], }"
3706.6999999977243,"{""waypoints"":(-9850.8452, -6568.0365), ""unsafe_region"":[[40.0, 20.0], [80.0, 20.0], [80.0, 60.0], [40.0, 60.0]], }"
3706.6999999977243,"{""waypoints"":(-9850.8452, -6568.0365), ""unsafe_region"":[[40.0, 20.0], [80.0, 20.0], [80.0, 60.0], [40.0, 60.0]], }"
3706.6999999977243,"{""waypoints"":(-9850.8452, -6568.0365), ""unsafe_region"":[[40.0, 20.0], [80.0, 20.0], [80.0, 60.0], [40.0, 60.0]], }"
3706.6999999977243,"{""waypoints"":(-9850.8452, -6568.0365), ""unsafe_region"":[[40.0, 20.0], [80.0, 20.0], [80.0, 60.0], [40.0, 60.0]], }"
3706.6999999977243,"{""waypoints"":(-9850.8452, -6568.0365), ""unsafe_region"":[[40.0, 20.0], [80.0, 20.0], [80.0, 60.0], [40.0, 60.0]], }"
3706.6999999977243,"{""waypoints"":(-9850.8452, -6568.0365), ""unsafe_region"":[[40.0, 20.0], [80.0, 20.0], [80.0, 60.0], [40.0, 60.0]], }"
3706.6999999977243,"{""waypoints"":(-9850.8452, -6568.0365), ""unsafe_region"":[[40.0, 20.0], [80.0, 20.0], [80.0, 60.0], [40.0, 60.0]], }"
3706.6999999977243,"{""waypoints"":(-9850.8452, -6568.0365), ""unsafe_region"":[[40.0, 20.0], [80.0, 20.0], [80.0, 60.0], [40.0, 60.0]], }"
3706.6999999977243,"{""waypoints"":(-9850.8452, -6568.0365), ""unsafe_region"":[[40.0, 20.0], [80.0, 20.0], [80.0, 60.0], [40.0, 60.0]], }"
3706.6999999977243,"{""waypoints"":(-9850.8452, -6568.0365), ""unsafe_region"":[[40.0, 20.0], [80.0, 20.0], [80.0, 60.0], [40.0, 60.0]], }"
3706.6999999977243,"{""waypoints"":(-9850.8452, -6568.0365), ""unsafe_region"":[[40.0, 20.0], [80.0, 20.0], [80.0, 60.0], [40.0, 60.0]], }"
3706.6999999977243,"{""waypoints"":(-9850.8452, -6568.0365), ""unsafe_region"":[[40.0, 20.0], [80.0, 20.0], [80.0, 60.0], [40.0, 60.0]], }"
3706.6999999977243,"{""waypoints"":(-9850.8452, -6568.0365), ""unsafe_region"":[[40.0, 20.0], [80.0, 20.0], [80.0, 60.0], [40.0, 60.0]], }"
3706.6999999977243,"{""waypoints"":(-9850.8452, -6568.0365), ""unsafe_region"":[[40.0, 20.0], [80.0, 20.0], [80.0, 60.0], [40.0, 60.0]], }"
3706.6999999977243,"{""waypoints"":(-9850.8452, -6568.0365), ""unsafe_region"":[[40.0, 20.0], [80.0, 20.0], [80.0, 60.0], [40.0, 60.0]], }"
3706.6999999977243,"{""waypoints"":(-9850.8452, -6568.0365), ""unsafe_region"":[[40.0, 20.0], [80.0, 20.0], [80.0, 60.0], [40.0, 60.0]], }"
3706.6999999977243,"{""waypoints"":(-9850.8452, -6568.0365), ""unsafe_region"":[[40.0, 20.0], [80.0, 20.0], [80.0, 60.0], [40.0, 60.0]], }"
3706.6999999977243,"{""waypoints"":(-9850.8452, -6568.0365), ""unsafe_region"":[[40.0, 20.0], [80.0, 20.0], [80.0, 60.0], [40.0, 60.0]], }"
3706.6999999977243,"{""waypoints"":(-9850.8452, -6568.0365), ""unsafe_region"":[[40.0, 20.0], [80.0, 20.0], [80.0, 60.0], [40.0, 60.0]], }"
3706.6999999977243,"{""waypoints"":(-9850.8452, -6568.0365), ""unsafe_region"":[[40.0, 20.0], [80.0, 20.0], [80.0, 60.0], [40.0, 60.0]], }"
3706.6999999977243,"{""waypoints"":(-9850.8452, -6568.0365), ""unsafe_region"":[[40.0, 20.0], [80.0, 20.0], [80.0, 60.0], [40.0, 60.0]], }"
3706.6999999977243,"{""waypoints"":(-9850.8452, -6568.0365), ""unsafe_region"":[[40.0, 20.0], [80.0, 20.0], [80.0, 60.0], [40.0, 60.0]], }"
3706.6999999977243,"{""waypoints"":(-9850.8452, -6568.0365), ""unsafe_region"":[[40.0, 20.0], [80.0, 20.0], [80.0, 60.0], [40.0, 60.0]], }"
3706.6999999977243,"{""waypoints"":(-9850.8452, -6568.0365), ""unsafe_region"":[[40.0, 20.0], [80.0, 20.0], [80.0, 60.0], [40.0, 60.0]], }"
3706.6999999977243,"{""waypoints"":(-9850.8452, -6568.0365), ""unsafe_region"":[[40.0, 20.0], [80.0, 20.0], [80.0, 60.0], [40.0, 60.0]], }"
3706.6999999977243,"{""waypoints"":(-9850.8452, -6568.0365), ""unsafe_region"":[[40.0, 20.0], [80.0, 20.0], [80.0, 60.0], [40.0, 60.0]], }"
3706.6999999977243,"{""waypoints"":(-9850.8452, -6568.0365), ""unsafe_region"":[[40.0, 20.0], [80.0, 20.0], [80.0, 60.0], [40.0, 60.0]], }"
3706.6999999977243,"{""waypoints"":(-9850.8452, -6568.0365), ""unsafe_region"":[[40.0, 20.0], [80.0, 20.0], [80.0, 60.0], [40.0, 60.0]], }"
3706.6999999977243,"{""waypoints"":(-9850.8452, -6568.0365), ""unsafe_region"":[[40.0, 20.0], [80.0, 20.0], [80.0, 60.0], [40.0, 60.0]], }"
3706.6999999977243,"{""waypoints"":(-9850.8452, -6568.0365), ""unsafe_region"":[[40.0, 20.0], [80.0, 20.0], [80.0, 60.0], [40.0, 60.0]], }"
3706.6999999977243,"{""waypoints"":(-9850.8452, -6568.0365), ""unsafe_region"":[[40.0, 20.0], [80.0, 20.0], [80.0, 60.0], [40.0, 60.0]], }"
3729.4999999977035,"{""waypoints"":(-9850.8452, -6568.0365), ""unsafe_region"":[[40.0, 20.0], [80.0, 20.0], [80.0, 60.0], [40.0, 60.0]], }"
3729.5999999977034,"{""waypoints"":(-9850.8452, -6568.0365), ""unsafe_region"":[[40.0, 20.0], [80.0, 20.0], [80.0, 60.0], [40.0, 60.0]], }"
3729.5999999977034,"{""waypoints"":(-9850.8452, -6568.0365), ""unsafe_region"":[[40.0, 20.0], [80.0, 20.0], [80.0, 60.0], [40.0, 60.0]], }"
3729.5999999977034,"{""waypoints"":(-9850.8452, -6568.0365), ""unsafe_region"":[[40.0, 20.0], [80.0, 20.0], [80.0, 60.0], [40.0, 60.0]], }"
3729.5999999977034,"{""waypoints"":(-9850.8452, -6568.0365), ""unsafe_region"":[[40.0, 20.0], [80.0, 20.0], [80.0, 60.0], [40.0, 60.0]], }"
3729.5999999977034,"{""waypoints"":(-9850.8452, -6568.0365), ""unsafe_region"":[[40.0, 20.0], [80.0, 20.0], [80.0, 60.0], [40.0, 60.0]], }"
3729.5999999977034,"{""waypoints"":(-9850.8452, -6568.0365), ""unsafe_region"":[[40.0, 20.0], [80.0, 20.0], [80.0, 60.0], [40.0, 60.0]], }"
3729.5999999977034,"{""waypoints"":(-9850.8452, -6568.0365), ""unsafe_region"":[[40.0, 20.0], [80.0, 20.0], [80.0, 60.0], [40.0, 60.0]], }"
3729.5999999977034,"{""waypoints"":(-9850.8452, -6568.0365), ""unsafe_region"":[[40.0, 20.0], [80.0, 20.0], [80.0, 60.0], [40.0, 60.0]], }"
3729.5999999977034,"{""waypoints"":(-9850.8452, -6568.0365), ""unsafe_region"":[[40.0, 20.0], [80.0, 20.0], [80.0, 60.0], [40.0, 60.0]], }"
3729.5999999977034,"{""waypoints"":(-9850.8452, -6568.0365), ""unsafe_region"":[[40.0, 20.0], [80.0, 20.0], [80.0, 60.0], [40.0, 60.0]], }"
3729.5999999977034,"{""waypoints"":(-9850.8452, -6568.0365), ""unsafe_region"":[[40.0, 20.0], [80.0, 20.0], [80.0, 60.0], [40.0, 60.0]], }"
3729.5999999977034,"{""waypoints"":(-9850.8452, -6568.0365), ""unsafe_region"":[[40.0, 20.0], [80.0, 20.0], [80.0, 60.0], [40.0, 60.0]], }"
3729.5999999977034,"{""waypoints"":(-9850.8452, -6568.0365), ""unsafe_region"":[[40.0, 20.0], [80.0, 20.0], [80.0, 60.0], [40.0, 60.0]], }"
3729.5999999977034,"{""waypoints"":(-9850.8452, -6568.0365), ""unsafe_region"":[[40.0, 20.0], [80.0, 20.0], [80.0, 60.0], [40.0, 60.0]], }"
3729.5999999977034,"{""waypoints"":(-9850.8452, -6568.0365), ""unsafe_region"":[[40.0, 20.0], [80.0, 20.0], [80.0, 60.0], [40.0, 60.0]], }"
3729.5999999977034,"{""waypoints"":(-9850.8452, -6568.0365), ""unsafe_region"":[[40.0, 20.0], [80.0, 20.0], [80.0, 60.0], [40.0, 60.0]], }"
3729.5999999977034,"{""waypoints"":(-9850.8452, -6568.0365), ""unsafe_region"":[[40.0, 20.0], [80.0, 20.0], [80.0, 60.0], [40.0, 60.0]], }"
3729.5999999977034,"{""waypoints"":(-9850.8452, -6568.0365), ""unsafe_region"":[[40.0, 20.0], [80.0, 20.0], [80.0, 60.0], [40.0, 60.0]], }"
3729.5999999977034,"{""waypoints"":(-9850.8452, -6568.0365), ""unsafe_region"":[[40.0, 20.0], [80.0, 20.0], [80.0, 60.0], [40.0, 60.0]], }"
3729.5999999977034,"{""waypoints"":(-9850.8452, -6568.0365), ""unsafe_region"":[[40.0, 20.0], [80.0, 20.0], [80.0, 60.0], [40.0, 60.0]], }"
3729.5999999977034,"{""waypoints"":(-9850.8452, -6568.0365), ""unsafe_region"":[[40.0, 20.0], [80.0, 20.0], [80.0, 60.0], [40.0, 60.0]], }"
3729.5999999977034,"{""waypoints"":(-9850.8452, -6568.0365), ""unsafe_region"":[[40.0, 20.0], [80.0, 20.0], [80.0, 60.0], [40.0, 60.0]], }"
3759.4999999976762,"{""waypoints"":(-9850.8452, -6568.0365), ""unsafe_region"":[[40.0, 20.0], [80.0, 20.0], [80.0, 60.0], [40.0, 60.0]], }"
3759.599999997676,"{""waypoints"":(-9850.8452, -6568.0365), ""unsafe_region"":[[40.0, 20.0], [80.0, 20.0], [80.0, 60.0], [40.0, 60.0]], }"
3759.599999997676,"{""waypoints"":(-9850.8452, -6568.0365), ""unsafe_region"":[[40.0, 20.0], [80.0, 20.0], [80.0, 60.0], [40.0, 60.0]], }"
3759.599999997676,"{""waypoints"":(-9850.8452, -6568.0365), ""unsafe_region"":[[40.0, 20.0], [80.0, 20.0], [80.0, 60.0], [40.0, 60.0]], }"
3759.599999997676,"{""waypoints"":(-9850.8452, -6568.0365), ""unsafe_region"":[[40.0, 20.0], [80.0, 20.0], [80.0, 60.0], [40.0, 60.0]], }"
3759.599999997676,"{""waypoints"":(-9850.8452, -6568.0365), ""unsafe_region"":[[40.0, 20.0], [80.0, 20.0], [80.0, 60.0], [40.0, 60.0]], }"
3759.599999997676,"{""waypoints"":(-9850.8452, -6568.0365), ""unsafe_region"":[[40.0, 20.0], [80.0, 20.0], [80.0, 60.0], [40.0, 60.0]], }"
3759.599999997676,"{""waypoints"":(-9850.8452, -6568.0365), ""unsafe_region"":[[40.0, 20.0], [80.0, 20.0], [80.0, 60.0], [40.0, 60.0]], }"
3759.599999997676,"{""waypoints"":(-9850.8452, -6568.0365), ""unsafe_region"":[[40.0, 20.0], [80.0, 20.0], [80.0, 60.0], [40.0, 60.0]], }"
3759.599999997676,"{""waypoints"":(-9850.8452, -6568.0365), ""unsafe_region"":[[40.0, 20.0], [80.0, 20.0], [80.0, 60.0], [40.0, 60.0]], }"
3759.599999997676,"{""waypoints"":(-9850.8452, -6568.0365), ""unsafe_region"":[[40.0, 20.0], [80.0, 20.0], [80.0, 60.0], [40.0, 60.0]], }"
3759.599999997676,"{""waypoints"":(-9850.8452, -6568.0365), ""unsafe_region"":[[40.0, 20.0], [80.0, 20.0], [80.0, 60.0], [40.0, 60.0]], }"
3759.599999997676,"{""waypoints"":(-9850.8452, -6568.0365), ""unsafe_region"":[[40.0, 20.0], [80.0, 20.0], [80.0, 60.0], [40.0, 60.0]], }"
3759.599999997676,"{""waypoints"":(-9850.8452, -6568.0365), ""unsafe_region"":[[40.0, 20.0], [80.0, 20.0], [80.0, 60.0], [40.0, 60.0]], }"
3759.599999997676,"{""waypoints"":(-9850.8452, -6568.0365), ""unsafe_region"":[[40.0, 20.0], [80.0, 20.0], [80.0, 60.0], [40.0, 60.0]], }"
3759.599999997676,"{""waypoints"":(-9850.8452, -6568.0365), ""unsafe_region"":[[40.0, 20.0], [80.0, 20.0], [80.0, 60.0], [40.0, 60.0]], }"
3759.599999997676,"{""waypoints"":(-9850.8452, -6568.0365), ""unsafe_region"":[[40.0, 20.0], [80.0, 20.0], [80.0, 60.0], [40.0, 60.0]], }"
3759.599999997676,"{""waypoints"":(-9850.8452, -6568.0365), ""unsafe_region"":[[40.0, 20.0], [80.0, 20.0], [80.0, 60.0], [40.0, 60.0]], }"
3759.599999997676,"{""waypoints"":(-9850.8452, -6568.0365), ""unsafe_region"":[[40.0, 20.0], [80.0, 20.0], [80.0, 60.0], [40.0, 60.0]], }"
3759.599999997676,"{""waypoints"":(-9850.8452, -6568.0365), ""unsafe_region"":[[40.0, 20.0], [80.0, 20.0], [80.0, 60.0], [40.0, 60.0]], }"
3759.599999997676,"{""waypoints"":(-9850.8452, -6568.0365), ""unsafe_region"":[[40.0, 20.0], [80.0, 20.0], [80.0, 60.0], [40.0, 60.0]], }"
3759.599999997676,"{""waypoints"":(-9850.8452, -6568.0365), ""unsafe_region"":[[40.0, 20.0], [80.0, 20.0], [80.0, 60.0], [40.0, 60.0]], }"
3759.599999997676,"{""waypoints"":(-9850.8452, -6568.0365), ""unsafe_region"":[[40.0, 20.0], [80.0, 20.0], [80.0, 60.0], [40.0, 60.0]], }"
3759.599999997676,"{""waypoints"":(-9850.8452, -6568.0365), ""unsafe_region"":[[40.0, 20.0], [80.0, 20.0], [80.0, 60.0], [40.0, 60.0]], }"
3759.599999997676,"{""waypoints"":(-9850.8452, -6568.0365), ""unsafe_region"":[[40.0, 20.0], [80.0, 20.0], [80.0, 60.0], [40.0, 60.0]], }"
3759.599999997676,"{""waypoints"":(-9850.8452, -6568.0365), ""unsafe_region"":[[40.0, 20.0], [80.0, 20.0], [80.0, 60.0], [40.0, 60.0]], }"
3759.599999997676,"{""waypoints"":(-9850.8452, -6568.0365), ""unsafe_region"":[[40.0, 20.0], [80.0, 20.0], [80.0, 60.0], [40.0, 60.0]], }"
3759.599999997676,"{""waypoints"":(-9850.8452, -6568.0365), ""unsafe_region"":[[40.0, 20.0], [80.0, 20.0], [80.0, 60.0], [40.0, 60.0]], }"
3759.599999997676,"{""waypoints"":(-9850.8452, -6568.0365), ""unsafe_region"":[[40.0, 20.0], [80.0, 20.0], [80.0, 60.0], [40.0, 60.0]], }"
3759.599999997676,"{""waypoints"":(-9850.8452, -6568.0365), ""unsafe_region"":[[40.0, 20.0], [80.0, 20.0], [80.0, 60.0], [40.0, 60.0]], }"
3788.9999999976494,"{""waypoints"":(-9850.8452, -6568.0365), ""unsafe_region"":[[40.0, 20.0], [80.0, 20.0], [80.0, 60.0], [40.0, 60.0]], }"
3789.0999999976493,"{""waypoints"":(-9850.8452, -6568.0365), ""unsafe_region"":[[40.0, 20.0], [80.0, 20.0], [80.0, 60.0], [40.0, 60.0]], }"
3789.0999999976493,"{""waypoints"":(-9850.8452, -6568.0365), ""unsafe_region"":[[40.0, 20.0], [80.0, 20.0], [80.0, 60.0], [40.0, 60.0]], }"
3789.0999999976493,"{""waypoints"":(-9850.8452, -6568.0365), ""unsafe_region"":[[40.0, 20.0], [80.0, 20.0], [80.0, 60.0], [40.0, 60.0]], }"
3789.0999999976493,"{""waypoints"":(-9850.8452, -6568.0365), ""unsafe_region"":[[40.0, 20.0], [80.0, 20.0], [80.0, 60.0], [40.0, 60.0]], }"
3789.0999999976493,"{""waypoints"":(-9850.8452, -6568.0365), ""unsafe_region"":[[40.0, 20.0], [80.0, 20.0], [80.0, 60.0], [40.0, 60.0]], }"
3789.0999999976493,"{""waypoints"":(-9850.8452, -6568.0365), ""unsafe_region"":[[40.0, 20.0], [80.0, 20.0], [80.0, 60.0], [40.0, 60.0]], }"
3789.0999999976493,"{""waypoints"":(-9850.8452, -6568.0365), ""unsafe_region"":[[40.0, 20.0], [80.0, 20.0], [80.0, 60.0], [40.0, 60.0]], }"
3789.0999999976493,"{""waypoints"":(-9850.8452, -6568.0365), ""unsafe_region"":[[40.0, 20.0], [80.0, 20.0], [80.0, 60.0], [40.0, 60.0]], }"
3789.0999999976493,"{""waypoints"":(-9850.8452, -6568.0365), ""unsafe_region"":[[40.0, 20.0], [80.0, 20.0], [80.0, 60.0], [40.0, 60.0]], }"
3789.0999999976493,"{""waypoints"":(-9850.8452, -6568.0365), ""unsafe_region"":[[40.0, 20.0], [80.0, 20.0], [80.0, 60.0], [40.0, 60.0]], }"
3789.0999999976493,"{""waypoints"":(-9850.8452, -6568.0365), ""unsafe_region"":[[40.0, 20.0], [80.0, 20.0], [80.0, 60.0], [40.0, 60.0]], }"
3789.0999999976493,"{""waypoints"":(-9850.8452, -6568.0365), ""unsafe_region"":[[40.0, 20.0], [80.0, 20.0], [80.0, 60.0], [40.0, 60.0]], }"
3789.0999999976493,"{""waypoints"":(-9850.8452, -6568.0365), ""unsafe_region"":[[40.0, 20.0], [80.0, 20.0], [80.0, 60.0], [40.0, 60.0]], }"
3789.0999999976493,"{""waypoints"":(-9850.8452, -6568.0365), ""unsafe_region"":[[40.0, 20.0], [80.0, 20.0], [80.0, 60.0], [40.0, 60.0]], }"
3789.0999999976493,"{""waypoints"":(-9850.8452, -6568.0365), ""unsafe_region"":[[40.0, 20.0], [80.0, 20.0], [80.0, 60.0], [40.0, 60.0]], }"
3789.0999999976493,"{""waypoints"":(-9850.8452, -6568.0365), ""unsafe_region"":[[40.0, 20.0], [80.0, 20.0], [80.0, 60.0], [40.0, 60.0]], }"
3789.0999999976493,"{""waypoints"":(-9850.8452, -6568.0365), ""unsafe_region"":[[40.0, 20.0], [80.0, 20.0], [80.0, 60.0], [40.0, 60.0]], }"
3789.0999999976493,"{""waypoints"":(-9850.8452, -6568.0365), ""unsafe_region"":[[40.0, 20.0], [80.0, 20.0], [80.0, 60.0], [40.0, 60.0]], }"
3789.0999999976493,"{""waypoints"":(-9850.8452, -6568.0365), ""unsafe_region"":[[40.0, 20.0], [80.0, 20.0], [80.0, 60.0], [40.0, 60.0]], }"
3789.0999999976493,"{""waypoints"":(-9850.8452, -6568.0365), ""unsafe_region"":[[40.0, 20.0], [80.0, 20.0], [80.0, 60.0], [40.0, 60.0]], }"
3789.0999999976493,"{""waypoints"":(-9850.8452, -6568.0365), ""unsafe_region"":[[40.0, 20.0], [80.0, 20.0], [80.0, 60.0], [40.0, 60.0]], }"
3789.0999999976493,"{""waypoints"":(-9850.8452, -6568.0365), ""unsafe_region"":[[40.0, 20.0], [80.0, 20.0], [80.0, 60.0], [40.0, 60.0]], }"
3789.0999999976493,"{""waypoints"":(-9850.8452, -6568.0365), ""unsafe_region"":[[40.0, 20.0], [80.0, 20.0], [80.0, 60.0], [40.0, 60.0]], }"
3789.0999999976493,"{""waypoints"":(-9850.8452, -6568.0365), ""unsafe_region"":[[40.0, 20.0], [80.0, 20.0], [80.0, 60.0], [40.0, 60.0]], }"
3789.0999999976493,"{""waypoints"":(-9850.8452, -6568.0365), ""unsafe_region"":[[40.0, 20.0], [80.0, 20.0], [80.0, 60.0], [40.0, 60.0]], }"
3789.0999999976493,"{""waypoints"":(-9850.8452, -6568.0365), ""unsafe_region"":[[40.0, 20.0], [80.0, 20.0], [80.0, 60.0], [40.0, 60.0]], }"
3789.0999999976493,"{""waypoints"":(-9850.8452, -6568.0365), ""unsafe_region"":[[40.0, 20.0], [80.0, 20.0], [80.0, 60.0], [40.0, 60.0]], }"
3789.0999999976493,"{""waypoints"":(-9850.8452, -6568.0365), ""unsafe_region"":[[40.0, 20.0], [80.0, 20.0], [80.0, 60.0], [40.0, 60.0]], }"
3789.0999999976493,"{""waypoints"":(-9850.8452, -6568.0365), ""unsafe_region"":[[40.0, 20.0], [80.0, 20.0], [80.0, 60.0], [40.0, 60.0]], }"
3857.1999999975874,"{""waypoints"":(-9850.8452, -6568.0365), ""unsafe_region"":[[40.0, 20.0], [80.0, 20.0], [80.0, 60.0], [40.0, 60.0]], }"
3857.2999999975873,"{""waypoints"":(-9850.8452, -6568.0365), ""unsafe_region"":[[40.0, 20.0], [80.0, 20.0], [80.0, 60.0], [40.0, 60.0]], }"
3857.2999999975873,"{""waypoints"":(-9850.8452, -6568.0365), ""unsafe_region"":[[40.0, 20.0], [80.0, 20.0], [80.0, 60.0], [40.0, 60.0]], }"
3857.2999999975873,"{""waypoints"":(-9850.8452, -6568.0365), ""unsafe_region"":[[40.0, 20.0], [80.0, 20.0], [80.0, 60.0], [40.0, 60.0]], }"
3857.2999999975873,"{""waypoints"":(-9850.8452, -6568.0365), ""unsafe_region"":[[40.0, 20.0], [80.0, 20.0], [80.0, 60.0], [40.0, 60.0]], }"
3857.2999999975873,"{""waypoints"":(-9850.8452, -6568.0365), ""unsafe_region"":[[40.0, 20.0], [80.0, 20.0], [80.0, 60.0], [40.0, 60.0]], }"
3857.2999999975873,"{""waypoints"":(-9850.8452, -6568.0365), ""unsafe_region"":[[40.0, 20.0], [80.0, 20.0], [80.0, 60.0], [40.0, 60.0]], }"
3857.2999999975873,"{""waypoints"":(-9850.8452, -6568.0365), ""unsafe_region"":[[40.0, 20.0], [80.0, 20.0], [80.0, 60.0], [40.0, 60.0]], }"
3857.2999999975873,"{""waypoints"":(-9850.8452, -6568.0365), ""unsafe_region"":[[40.0, 20.0], [80.0, 20.0], [80.0, 60.0], [40.0, 60.0]], }"
3857.2999999975873,"{""waypoints"":(-9850.8452, -6568.0365), ""unsafe_region"":[[40.0, 20.0], [80.0, 20.0], [80.0, 60.0], [40.0, 60.0]], }"
3857.2999999975873,"{""waypoints"":(-9850.8452, -6568.0365), ""unsafe_region"":[[40.0, 20.0], [80.0, 20.0], [80.0, 60.0], [40.0, 60.0]], }"
3857.2999999975873,"{""waypoints"":(-9850.8452, -6568.0365), ""unsafe_region"":[[40.0, 20.0], [80.0, 20.0], [80.0, 60.0], [40.0, 60.0]], }"
3857.2999999975873,"{""waypoints"":(-9850.8452, -6568.0365), ""unsafe_region"":[[40.0, 20.0], [80.0, 20.0], [80.0, 60.0], [40.0, 60.0]], }"
3857.2999999975873,"{""waypoints"":(-9850.8452, -6568.0365), ""unsafe_region"":[[40.0, 20.0], [80.0, 20.0], [80.0, 60.0], [40.0, 60.0]], }"
3857.2999999975873,"{""waypoints"":(-9850.8452, -6568.0365), ""unsafe_region"":[[40.0, 20.0], [80.0, 20.0], [80.0, 60.0], [40.0, 60.0]], }"
3857.2999999975873,"{""waypoints"":(-9850.8452, -6568.0365), ""unsafe_region"":[[40.0, 20.0], [80.0, 20.0], [80.0, 60.0], [40.0, 60.0]], }"
3857.2999999975873,"{""waypoints"":(-9850.8452, -6568.0365), ""unsafe_region"":[[40.0, 20.0], [80.0, 20.0], [80.0, 60.0], [40.0, 60.0]], }"
3857.2999999975873,"{""waypoints"":(-9850.8452, -6568.0365), ""unsafe_region"":[[40.0, 20.0], [80.0, 20.0], [80.0, 60.0], [40.0, 60.0]], }"
3857.2999999975873,"{""waypoints"":(-9850.8452, -6568.0365), ""unsafe_region"":[[40.0, 20.0], [80.0, 20.0], [80.0, 60.0], [40.0, 60.0]], }"
3857.2999999975873,"{""waypoints"":(-9850.8452, -6568.0365), ""unsafe_region"":[[40.0, 20.0], [80.0, 20.0], [80.0, 60.0], [40.0, 60.0]], }"
3857.2999999975873,"{""waypoints"":(-9850.8452, -6568.0365), ""unsafe_region"":[[40.0, 20.0], [80.0, 20.0], [80.0, 60.0], [40.0, 60.0]], }"
3857.2999999975873,"{""waypoints"":(-9850.8452, -6568.0365), ""unsafe_region"":[[40.0, 20.0], [80.0, 20.0], [80.0, 60.0], [40.0, 60.0]], }"
3857.2999999975873,"{""waypoints"":(-9850.8452, -6568.0365), ""unsafe_region"":[[40.0, 20.0], [80.0, 20.0], [80.0, 60.0], [40.0, 60.0]], }"
3857.2999999975873,"{""waypoints"":(-9850.8452, -6568.0365), ""unsafe_region"":[[40.0, 20.0], [80.0, 20.0], [80.0, 60.0], [40.0, 60.0]], }"
3857.2999999975873,"{""waypoints"":(-9850.8452, -6568.0365), ""unsafe_region"":[[40.0, 20.0], [80.0, 20.0], [80.0, 60.0], [40.0, 60.0]], }"
3857.2999999975873,"{""waypoints"":(-9850.8452, -6568.0365), ""unsafe_region"":[[40.0, 20.0], [80.0, 20.0], [80.0, 60.0], [40.0, 60.0]], }"
3857.2999999975873,"{""waypoints"":(-9850.8452, -6568.0365), ""unsafe_region"":[[40.0, 20.0], [80.0, 20.0], [80.0, 60.0], [40.0, 60.0]], }"
3857.2999999975873,"{""waypoints"":(-9850.8452, -6568.0365), ""unsafe_region"":[[40.0, 20.0], [80.0, 20.0], [80.0, 60.0], [40.0, 60.0]], }"
3857.2999999975873,"{""waypoints"":(-9850.8452, -6568.0365), ""unsafe_region"":[[40.0, 20.0], [80.0, 20.0], [80.0, 60.0], [40.0, 60.0]], }"
3857.2999999975873,"{""waypoints"":(-9850.8452, -6568.0365), ""unsafe_region"":[[40.0, 20.0], [80.0, 20.0], [80.0, 60.0], [40.0, 60.0]], }"
3857.2999999975873,"{""waypoints"":(-9850.8452, -6568.0365), ""unsafe_region"":[[40.0, 20.0], [80.0, 20.0], [80.0, 60.0], [40.0, 60.0]], }"
3857.2999999975873,"{""waypoints"":(-9850.8452, -6568.0365), ""unsafe_region"":[[40.0, 20.0], [80.0, 20.0], [80.0, 60.0], [40.0, 60.0]], }"
3857.2999999975873,"{""waypoints"":(-9850.8452, -6568.0365), ""unsafe_region"":[[40.0, 20.0], [80.0, 20.0], [80.0, 60.0], [40.0, 60.0]], }"
3857.2999999975873,"{""waypoints"":(-9850.8452, -6568.0365), ""unsafe_region"":[[40.0, 20.0], [80.0, 20.0], [80.0, 60.0], [40.0, 60.0]], }"
3857.2999999975873,"{""waypoints"":(-9850.8452, -6568.0365), ""unsafe_region"":[[40.0, 20.0], [80.0, 20.0], [80.0, 60.0], [40.0, 60.0]], }"
3857.2999999975873,"{""waypoints"":(-9850.8452, -6568.0365), ""unsafe_region"":[[40.0, 20.0], [80.0, 20.0], [80.0, 60.0], [40.0, 60.0]], }"
3857.2999999975873,"{""waypoints"":(-9850.8452, -6568.0365), ""unsafe_region"":[[40.0, 20.0], [80.0, 20.0], [80.0, 60.0], [40.0, 60.0]], }"
3857.2999999975873,"{""waypoints"":(-9850.8452, -6568.0365), ""unsafe_region"":[[40.0, 20.0], [80.0, 20.0], [80.0, 60.0], [40.0, 60.0]], }"
3857.2999999975873,"{""waypoints"":(-9850.8452, -6568.0365), ""unsafe_region"":[[40.0, 20.0], [80.0, 20.0], [80.0, 60.0], [40.0, 60.0]], }"
3857.2999999975873,"{""waypoints"":(-9850.8452, -6568.0365), ""unsafe_region"":[[40.0, 20.0], [80.0, 20.0], [80.0, 60.0], [40.0, 60.0]], }"
3857.2999999975873,"{""waypoints"":(-9850.8452, -6568.0365), ""unsafe_region"":[[40.0, 20.0], [80.0, 20.0], [80.0, 60.0], [40.0, 60.0]], }"
3857.2999999975873,"{""waypoints"":(-9850.8452, -6568.0365), ""unsafe_region"":[[40.0, 20.0], [80.0, 20.0], [80.0, 60.0], [40.0, 60.0]], }"
3857.2999999975873,"{""waypoints"":(-9850.8452, -6568.0365), ""unsafe_region"":[[40.0, 20.0], [80.0, 20.0], [80.0, 60.0], [40.0, 60.0]], }"
3857.2999999975873,"{""waypoints"":(-9850.8452, -6568.0365), ""unsafe_region"":[[40.0, 20.0], [80.0, 20.0], [80.0, 60.0], [40.0, 60.0]], }"
3857.2999999975873,"{""waypoints"":(-9850.8452, -6568.0365), ""unsafe_region"":[[40.0, 20.0], [80.0, 20.0], [80.0, 60.0], [40.0, 60.0]], }"
3857.2999999975873,"{""waypoints"":(-9850.8452, -6568.0365), ""unsafe_region"":[[40.0, 20.0], [80.0, 20.0], [80.0, 60.0], [40.0, 60.0]], }"
3857.2999999975873,"{""waypoints"":(-9850.8452, -6568.0365), ""unsafe_region"":[[40.0, 20.0], [80.0, 20.0], [80.0, 60.0], [40.0, 60.0]], }"
3857.2999999975873,"{""waypoints"":(-9850.8452, -6568.0365), ""unsafe_region"":[[40.0, 20.0], [80.0, 20.0], [80.0, 60.0], [40.0, 60.0]], }"
3857.2999999975873,"{""waypoints"":(-9850.8452, -6568.0365), ""unsafe_region"":[[40.0, 20.0], [80.0, 20.0], [80.0, 60.0], [40.0, 60.0]], }"
3857.2999999975873,"{""waypoints"":(-9850.8452, -6568.0365), ""unsafe_region"":[[40.0, 20.0], [80.0, 20.0], [80.0, 60.0], [40.0, 60.0]], }"
3857.2999999975873,"{""waypoints"":(-9850.8452, -6568.0365), ""unsafe_region"":[[40.0, 20.0], [80.0, 20.0], [80.0, 60.0], [40.0, 60.0]], }"
3857.2999999975873,"{""waypoints"":(-9850.8452, -6568.0365), ""unsafe_region"":[[40.0, 20.0], [80.0, 20.0], [80.0, 60.0], [40.0, 60.0]], }"
3857.2999999975873,"{""waypoints"":(-9850.8452, -6568.0365), ""unsafe_region"":[[40.0, 20.0], [80.0, 20.0], [80.0, 60.0], [40.0, 60.0]], }"
3857.2999999975873,"{""waypoints"":(-9850.8452, -6568.0365), ""unsafe_region"":[[40.0, 20.0], [80.0, 20.0], [80.0, 60.0], [40.0, 60.0]], }"
3857.2999999975873,"{""waypoints"":(-9850.8452, -6568.0365), ""unsafe_region"":[[40.0, 20.0], [80.0, 20.0], [80.0, 60.0], [40.0, 60.0]], }"
3857.2999999975873,"{""waypoints"":(-9850.8452, -6568.0365), ""unsafe_region"":[[40.0, 20.0], [80.0, 20.0], [80.0, 60.0], [40.0, 60.0]], }"
3857.2999999975873,"{""waypoints"":(-9850.8452, -6568.0365), ""unsafe_region"":[[40.0, 20.0], [80.0, 20.0], [80.0, 60.0], [40.0, 60.0]], }"
3857.2999999975873,"{""waypoints"":(-9850.8452, -6568.0365), ""unsafe_region"":[[40.0, 20.0], [80.0, 20.0], [80.0, 60.0], [40.0, 60.0]], }"
3857.2999999975873,"{""waypoints"":(-9850.8452, -6568.0365), ""unsafe_region"":[[40.0, 20.0], [80.0, 20.0], [80.0, 60.0], [40.0, 60.0]], }"
3857.2999999975873,"{""waypoints"":(-9850.8452, -6568.0365), ""unsafe_region"":[[40.0, 20.0], [80.0, 20.0], [80.0, 60.0], [40.0, 60.0]], }"
3857.2999999975873,"{""waypoints"":(-9850.8452, -6568.0365), ""unsafe_region"":[[40.0, 20.0], [80.0, 20.0], [80.0, 60.0], [40.0, 60.0]], }"
3857.2999999975873,"{""waypoints"":(-9850.8452, -6568.0365), ""unsafe_region"":[[40.0, 20.0], [80.0, 20.0], [80.0, 60.0], [40.0, 60.0]], }"
3857.2999999975873,"{""waypoints"":(-9850.8452, -6568.0365), ""unsafe_region"":[[40.0, 20.0], [80.0, 20.0], [80.0, 60.0], [40.0, 60.0]], }"
3857.2999999975873,"{""waypoints"":(-9850.8452, -6568.0365), ""unsafe_region"":[[40.0, 20.0], [80.0, 20.0], [80.0, 60.0], [40.0, 60.0]], }"
3857.2999999975873,"{""waypoints"":(-9850.8452, -6568.0365), ""unsafe_region"":[[40.0, 20.0], [80.0, 20.0], [80.0, 60.0], [40.0, 60.0]], }"
3857.2999999975873,"{""waypoints"":(-9850.8452, -6568.0365), ""unsafe_region"":[[40.0, 20.0], [80.0, 20.0], [80.0, 60.0], [40.0, 60.0]], }"
3857.2999999975873,"{""waypoints"":(-9850.8452, -6568.0365), ""unsafe_region"":[[40.0, 20.0], [80.0, 20.0], [80.0, 60.0], [40.0, 60.0]], }"
3857.2999999975873,"{""waypoints"":(-9850.8452, -6568.0365), ""unsafe_region"":[[40.0, 20.0], [80.0, 20.0], [80.0, 60.0], [40.0, 60.0]], }"
3910.8999999975385,"{""waypoints"":(-9850.8452, -6568.0365), ""unsafe_region"":[[40.0, 20.0], [80.0, 20.0], [80.0, 60.0], [40.0, 60.0]], }"
3910.9999999975385,"{""waypoints"":(-9850.8452, -6568.0365), ""unsafe_region"":[[40.0, 20.0], [80.0, 20.0], [80.0, 60.0], [40.0, 60.0]], }"
3910.9999999975385,"{""waypoints"":(-9850.8452, -6568.0365), ""unsafe_region"":[[40.0, 20.0], [80.0, 20.0], [80.0, 60.0], [40.0, 60.0]], }"
3910.9999999975385,"{""waypoints"":(-9850.8452, -6568.0365), ""unsafe_region"":[[40.0, 20.0], [80.0, 20.0], [80.0, 60.0], [40.0, 60.0]], }"
3910.9999999975385,"{""waypoints"":(-9850.8452, -6568.0365), ""unsafe_region"":[[40.0, 20.0], [80.0, 20.0], [80.0, 60.0], [40.0, 60.0]], }"
3910.9999999975385,"{""waypoints"":(-9850.8452, -6568.0365), ""unsafe_region"":[[40.0, 20.0], [80.0, 20.0], [80.0, 60.0], [40.0, 60.0]], }"
3910.9999999975385,"{""waypoints"":(-9850.8452, -6568.0365), ""unsafe_region"":[[40.0, 20.0], [80.0, 20.0], [80.0, 60.0], [40.0, 60.0]], }"
3910.9999999975385,"{""waypoints"":(-9850.8452, -6568.0365), ""unsafe_region"":[[40.0, 20.0], [80.0, 20.0], [80.0, 60.0], [40.0, 60.0]], }"
3910.9999999975385,"{""waypoints"":(-9850.8452, -6568.0365), ""unsafe_region"":[[40.0, 20.0], [80.0, 20.0], [80.0, 60.0], [40.0, 60.0]], }"
3910.9999999975385,"{""waypoints"":(-9850.8452, -6568.0365), ""unsafe_region"":[[40.0, 20.0], [80.0, 20.0], [80.0, 60.0], [40.0, 60.0]], }"
3910.9999999975385,"{""waypoints"":(-9850.8452, -6568.0365), ""unsafe_region"":[[40.0, 20.0], [80.0, 20.0], [80.0, 60.0], [40.0, 60.0]], }"
3910.9999999975385,"{""waypoints"":(-9850.8452, -6568.0365), ""unsafe_region"":[[40.0, 20.0], [80.0, 20.0], [80.0, 60.0], [40.0, 60.0]], }"
3910.9999999975385,"{""waypoints"":(-9850.8452, -6568.0365), ""unsafe_region"":[[40.0, 20.0], [80.0, 20.0], [80.0, 60.0], [40.0, 60.0]], }"
3910.9999999975385,"{""waypoints"":(-9850.8452, -6568.0365), ""unsafe_region"":[[40.0, 20.0], [80.0, 20.0], [80.0, 60.0], [40.0, 60.0]], }"
3910.9999999975385,"{""waypoints"":(-9850.8452, -6568.0365), ""unsafe_region"":[[40.0, 20.0], [80.0, 20.0], [80.0, 60.0], [40.0, 60.0]], }"
3910.9999999975385,"{""waypoints"":(-9850.8452, -6568.0365), ""unsafe_region"":[[40.0, 20.0], [80.0, 20.0], [80.0, 60.0], [40.0, 60.0]], }"
3910.9999999975385,"{""waypoints"":(-9850.8452, -6568.0365), ""unsafe_region"":[[40.0, 20.0], [80.0, 20.0], [80.0, 60.0], [40.0, 60.0]], }"
3910.9999999975385,"{""waypoints"":(-9850.8452, -6568.0365), ""unsafe_region"":[[40.0, 20.0], [80.0, 20.0], [80.0, 60.0], [40.0, 60.0]], }"
3910.9999999975385,"{""waypoints"":(-9850.8452, -6568.0365), ""unsafe_region"":[[40.0, 20.0], [80.0, 20.0], [80.0, 60.0], [40.0, 60.0]], }"
3910.9999999975385,"{""waypoints"":(-9850.8452, -6568.0365), ""unsafe_region"":[[40.0, 20.0], [80.0, 20.0], [80.0, 60.0], [40.0, 60.0]], }"
3910.9999999975385,"{""waypoints"":(-9850.8452, -6568.0365), ""unsafe_region"":[[40.0, 20.0], [80.0, 20.0], [80.0, 60.0], [40.0, 60.0]], }"
3910.9999999975385,"{""waypoints"":(-9850.8452, -6568.0365), ""unsafe_region"":[[40.0, 20.0], [80.0, 20.0], [80.0, 60.0], [40.0, 60.0]], }"
3910.9999999975385,"{""waypoints"":(-9850.8452, -6568.0365), ""unsafe_region"":[[40.0, 20.0], [80.0, 20.0], [80.0, 60.0], [40.0, 60.0]], }"
3910.9999999975385,"{""waypoints"":(-9850.8452, -6568.0365), ""unsafe_region"":[[40.0, 20.0], [80.0, 20.0], [80.0, 60.0], [40.0, 60.0]], }"
3910.9999999975385,"{""waypoints"":(-9850.8452, -6568.0365), ""unsafe_region"":[[40.0, 20.0], [80.0, 20.0], [80.0, 60.0], [40.0, 60.0]], }"
3910.9999999975385,"{""waypoints"":(-9850.8452, -6568.0365), ""unsafe_region"":[[40.0, 20.0], [80.0, 20.0], [80.0, 60.0], [40.0, 60.0]], }"
3910.9999999975385,"{""waypoints"":(-9850.8452, -6568.0365), ""unsafe_region"":[[40.0, 20.0], [80.0, 20.0], [80.0, 60.0], [40.0, 60.0]], }"
3910.9999999975385,"{""waypoints"":(-9850.8452, -6568.0365), ""unsafe_region"":[[40.0, 20.0], [80.0, 20.0], [80.0, 60.0], [40.0, 60.0]], }"
3910.9999999975385,"{""waypoints"":(-9850.8452, -6568.0365), ""unsafe_region"":[[40.0, 20.0], [80.0, 20.0], [80.0, 60.0], [40.0, 60.0]], }"
3910.9999999975385,"{""waypoints"":(-9850.8452, -6568.0365), ""unsafe_region"":[[40.0, 20.0], [80.0, 20.0], [80.0, 60.0], [40.0, 60.0]], }"
3910.9999999975385,"{""waypoints"":(-9850.8452, -6568.0365), ""unsafe_region"":[[40.0, 20.0], [80.0, 20.0], [80.0, 60.0], [40.0, 60.0]], }"
3910.9999999975385,"{""waypoints"":(-9850.8452, -6568.0365), ""unsafe_region"":[[40.0, 20.0], [80.0, 20.0], [80.0, 60.0], [40.0, 60.0]], }"
3910.9999999975385,"{""waypoints"":(-9850.8452, -6568.0365), ""unsafe_region"":[[40.0, 20.0], [80.0, 20.0], [80.0, 60.0], [40.0, 60.0]], }"
3910.9999999975385,"{""waypoints"":(-9850.8452, -6568.0365), ""unsafe_region"":[[40.0, 20.0], [80.0, 20.0], [80.0, 60.0], [40.0, 60.0]], }"
3910.9999999975385,"{""waypoints"":(-9850.8452, -6568.0365), ""unsafe_region"":[[40.0, 20.0], [80.0, 20.0], [80.0, 60.0], [40.0, 60.0]], }"
3910.9999999975385,"{""waypoints"":(-9850.8452, -6568.0365), ""unsafe_region"":[[40.0, 20.0], [80.0, 20.0], [80.0, 60.0], [40.0, 60.0]], }"
3910.9999999975385,"{""waypoints"":(-9850.8452, -6568.0365), ""unsafe_region"":[[40.0, 20.0], [80.0, 20.0], [80.0, 60.0], [40.0, 60.0]], }"
3910.9999999975385,"{""waypoints"":(-9850.8452, -6568.0365), ""unsafe_region"":[[40.0, 20.0], [80.0, 20.0], [80.0, 60.0], [40.0, 60.0]], }"
3910.9999999975385,"{""waypoints"":(-9850.8452, -6568.0365), ""unsafe_region"":[[40.0, 20.0], [80.0, 20.0], [80.0, 60.0], [40.0, 60.0]], }"
3910.9999999975385,"{""waypoints"":(-9850.8452, -6568.0365), ""unsafe_region"":[[40.0, 20.0], [80.0, 20.0], [80.0, 60.0], [40.0, 60.0]], }"
3910.9999999975385,"{""waypoints"":(-9850.8452, -6568.0365), ""unsafe_region"":[[40.0, 20.0], [80.0, 20.0], [80.0, 60.0], [40.0, 60.0]], }"
3910.9999999975385,"{""waypoints"":(-9850.8452, -6568.0365), ""unsafe_region"":[[40.0, 20.0], [80.0, 20.0], [80.0, 60.0], [40.0, 60.0]], }"
3910.9999999975385,"{""waypoints"":(-9850.8452, -6568.0365), ""unsafe_region"":[[40.0, 20.0], [80.0, 20.0], [80.0, 60.0], [40.0, 60.0]], }"
3910.9999999975385,"{""waypoints"":(-9850.8452, -6568.0365), ""unsafe_region"":[[40.0, 20.0], [80.0, 20.0], [80.0, 60.0], [40.0, 60.0]], }"
3910.9999999975385,"{""waypoints"":(-9850.8452, -6568.0365), ""unsafe_region"":[[40.0, 20.0], [80.0, 20.0], [80.0, 60.0], [40.0, 60.0]], }"
3910.9999999975385,"{""waypoints"":(-9850.8452, -6568.0365), ""unsafe_region"":[[40.0, 20.0], [80.0, 20.0], [80.0, 60.0], [40.0, 60.0]], }"
3910.9999999975385,"{""waypoints"":(-9850.8452, -6568.0365), ""unsafe_region"":[[40.0, 20.0], [80.0, 20.0], [80.0, 60.0], [40.0, 60.0]], }"
3910.9999999975385,"{""waypoints"":(-9850.8452, -6568.0365), ""unsafe_region"":[[40.0, 20.0], [80.0, 20.0], [80.0, 60.0], [40.0, 60.0]], }"
3910.9999999975385,"{""waypoints"":(-9850.8452, -6568.0365), ""unsafe_region"":[[40.0, 20.0], [80.0, 20.0], [80.0, 60.0], [40.0, 60.0]], }"
3910.9999999975385,"{""waypoints"":(-9850.8452, -6568.0365), ""unsafe_region"":[[40.0, 20.0], [80.0, 20.0], [80.0, 60.0], [40.0, 60.0]], }"
3910.9999999975385,"{""waypoints"":(-9850.8452, -6568.0365), ""unsafe_region"":[[40.0, 20.0], [80.0, 20.0], [80.0, 60.0], [40.0, 60.0]], }"
3910.9999999975385,"{""waypoints"":(-9850.8452, -6568.0365), ""unsafe_region"":[[40.0, 20.0], [80.0, 20.0], [80.0, 60.0], [40.0, 60.0]], }"
3910.9999999975385,"{""waypoints"":(-9850.8452, -6568.0365), ""unsafe_region"":[[40.0, 20.0], [80.0, 20.0], [80.0, 60.0], [40.0, 60.0]], }"
3910.9999999975385,"{""waypoints"":(-9850.8452, -6568.0365), ""unsafe_region"":[[40.0, 20.0], [80.0, 20.0], [80.0, 60.0], [40.0, 60.0]], }"
3986.29999999747,"{""waypoints"":(-9850.8452, -6568.0365), ""unsafe_region"":[[40.0, 20.0], [80.0, 20.0], [80.0, 60.0], [40.0, 60.0]], }"
3986.39999999747,"{""waypoints"":(-9850.8452, -6568.0365), ""unsafe_region"":[[40.0, 20.0], [80.0, 20.0], [80.0, 60.0], [40.0, 60.0]], }"
3986.39999999747,"{""waypoints"":(-9850.8452, -6568.0365), ""unsafe_region"":[[40.0, 20.0], [80.0, 20.0], [80.0, 60.0], [40.0, 60.0]], }"
3986.39999999747,"{""waypoints"":(-9850.8452, -6568.0365), ""unsafe_region"":[[40.0, 20.0], [80.0, 20.0], [80.0, 60.0], [40.0, 60.0]], }"
3986.39999999747,"{""waypoints"":(-9850.8452, -6568.0365), ""unsafe_region"":[[40.0, 20.0], [80.0, 20.0], [80.0, 60.0], [40.0, 60.0]], }"
3986.39999999747,"{""waypoints"":(-9850.8452, -6568.0365), ""unsafe_region"":[[40.0, 20.0], [80.0, 20.0], [80.0, 60.0], [40.0, 60.0]], }"
3986.39999999747,"{""waypoints"":(-9850.8452, -6568.0365), ""unsafe_region"":[[40.0, 20.0], [80.0, 20.0], [80.0, 60.0], [40.0, 60.0]], }"
3986.39999999747,"{""waypoints"":(-9850.8452, -6568.0365), ""unsafe_region"":[[40.0, 20.0], [80.0, 20.0], [80.0, 60.0], [40.0, 60.0]], }"
3986.39999999747,"{""waypoints"":(-9850.8452, -6568.0365), ""unsafe_region"":[[40.0, 20.0], [80.0, 20.0], [80.0, 60.0], [40.0, 60.0]], }"
3986.39999999747,"{""waypoints"":(-9850.8452, -6568.0365), ""unsafe_region"":[[40.0, 20.0], [80.0, 20.0], [80.0, 60.0], [40.0, 60.0]], }"
3986.39999999747,"{""waypoints"":(-9850.8452, -6568.0365), ""unsafe_region"":[[40.0, 20.0], [80.0, 20.0], [80.0, 60.0], [40.0, 60.0]], }"
3986.39999999747,"{""waypoints"":(-9850.8452, -6568.0365), ""unsafe_region"":[[40.0, 20.0], [80.0, 20.0], [80.0, 60.0], [40.0, 60.0]], }"
3986.39999999747,"{""waypoints"":(-9850.8452, -6568.0365), ""unsafe_region"":[[40.0, 20.0], [80.0, 20.0], [80.0, 60.0], [40.0, 60.0]], }"
3986.39999999747,"{""waypoints"":(-9850.8452, -6568.0365), ""unsafe_region"":[[40.0, 20.0], [80.0, 20.0], [80.0, 60.0], [40.0, 60.0]], }"
3986.39999999747,"{""waypoints"":(-9850.8452, -6568.0365), ""unsafe_region"":[[40.0, 20.0], [80.0, 20.0], [80.0, 60.0], [40.0, 60.0]], }"
3986.39999999747,"{""waypoints"":(-9850.8452, -6568.0365), ""unsafe_region"":[[40.0, 20.0], [80.0, 20.0], [80.0, 60.0], [40.0, 60.0]], }"
3986.39999999747,"{""waypoints"":(-9850.8452, -6568.0365), ""unsafe_region"":[[40.0, 20.0], [80.0, 20.0], [80.0, 60.0], [40.0, 60.0]], }"
3986.39999999747,"{""waypoints"":(-9850.8452, -6568.0365), ""unsafe_region"":[[40.0, 20.0], [80.0, 20.0], [80.0, 60.0], [40.0, 60.0]], }"
3986.39999999747,"{""waypoints"":(-9850.8452, -6568.0365), ""unsafe_region"":[[40.0, 20.0], [80.0, 20.0], [80.0, 60.0], [40.0, 60.0]], }"
3986.39999999747,"{""waypoints"":(-9850.8452, -6568.0365), ""unsafe_region"":[[40.0, 20.0], [80.0, 20.0], [80.0, 60.0], [40.0, 60.0]], }"
3986.39999999747,"{""waypoints"":(-9850.8452, -6568.0365), ""unsafe_region"":[[40.0, 20.0], [80.0, 20.0], [80.0, 60.0], [40.0, 60.0]], }"
3986.39999999747,"{""waypoints"":(-9850.8452, -6568.0365), ""unsafe_region"":[[40.0, 20.0], [80.0, 20.0], [80.0, 60.0], [40.0, 60.0]], }"
3986.39999999747,"{""waypoints"":(-9850.8452, -6568.0365), ""unsafe_region"":[[40.0, 20.0], [80.0, 20.0], [80.0, 60.0], [40.0, 60.0]], }"
3986.39999999747,"{""waypoints"":(-9850.8452, -6568.0365), ""unsafe_region"":[[40.0, 20.0], [80.0, 20.0], [80.0, 60.0], [40.0, 60.0]], }"
3986.39999999747,"{""waypoints"":(-9850.8452, -6568.0365), ""unsafe_region"":[[40.0, 20.0], [80.0, 20.0], [80.0, 60.0], [40.0, 60.0]], }"
3986.39999999747,"{""waypoints"":(-9850.8452, -6568.0365), ""unsafe_region"":[[40.0, 20.0], [80.0, 20.0], [80.0, 60.0], [40.0, 60.0]], }"
3986.39999999747,"{""waypoints"":(-9850.8452, -6568.0365), ""unsafe_region"":[[40.0, 20.0], [80.0, 20.0], [80.0, 60.0], [40.0, 60.0]], }"
3986.39999999747,"{""waypoints"":(-9850.8452, -6568.0365), ""unsafe_region"":[[40.0, 20.0], [80.0, 20.0], [80.0, 60.0], [40.0, 60.0]], }"
3986.39999999747,"{""waypoints"":(-9850.8452, -6568.0365), ""unsafe_region"":[[40.0, 20.0], [80.0, 20.0], [80.0, 60.0], [40.0, 60.0]], }"
3986.39999999747,"{""waypoints"":(-9850.8452, -6568.0365), ""unsafe_region"":[[40.0, 20.0], [80.0, 20.0], [80.0, 60.0], [40.0, 60.0]], }"
3986.39999999747,"{""waypoints"":(-9850.8452, -6568.0365), ""unsafe_region"":[[40.0, 20.0], [80.0, 20.0], [80.0, 60.0], [40.0, 60.0]], }"
3986.39999999747,"{""waypoints"":(-9850.8452, -6568.0365), ""unsafe_region"":[[40.0, 20.0], [80.0, 20.0], [80.0, 60.0], [40.0, 60.0]], }"
3986.39999999747,"{""waypoints"":(-9850.8452, -6568.0365), ""unsafe_region"":[[40.0, 20.0], [80.0, 20.0], [80.0, 60.0], [40.0, 60.0]], }"
3986.39999999747,"{""waypoints"":(-9850.8452, -6568.0365), ""unsafe_region"":[[40.0, 20.0], [80.0, 20.0], [80.0, 60.0], [40.0, 60.0]], }"
3986.39999999747,"{""waypoints"":(-9850.8452, -6568.0365), ""unsafe_region"":[[40.0, 20.0], [80.0, 20.0], [80.0, 60.0], [40.0, 60.0]], }"
3986.39999999747,"{""waypoints"":(-9850.8452, -6568.0365), ""unsafe_region"":[[40.0, 20.0], [80.0, 20.0], [80.0, 60.0], [40.0, 60.0]], }"
3986.39999999747,"{""waypoints"":(-9850.8452, -6568.0365), ""unsafe_region"":[[40.0, 20.0], [80.0, 20.0], [80.0, 60.0], [40.0, 60.0]], }"
3986.39999999747,"{""waypoints"":(-9850.8452, -6568.0365), ""unsafe_region"":[[40.0, 20.0], [80.0, 20.0], [80.0, 60.0], [40.0, 60.0]], }"
3986.39999999747,"{""waypoints"":(-9850.8452, -6568.0365), ""unsafe_region"":[[40.0, 20.0], [80.0, 20.0], [80.0, 60.0], [40.0, 60.0]], }"
3986.39999999747,"{""waypoints"":(-9850.8452, -6568.0365), ""unsafe_region"":[[40.0, 20.0], [80.0, 20.0], [80.0, 60.0], [40.0, 60.0]], }"
3986.39999999747,"{""waypoints"":(-9850.8452, -6568.0365), ""unsafe_region"":[[40.0, 20.0], [80.0, 20.0], [80.0, 60.0], [40.0, 60.0]], }"
3986.39999999747,"{""waypoints"":(-9850.8452, -6568.0365), ""unsafe_region"":[[40.0, 20.0], [80.0, 20.0], [80.0, 60.0], [40.0, 60.0]], }"
3986.39999999747,"{""waypoints"":(-9850.8452, -6568.0365), ""unsafe_region"":[[40.0, 20.0], [80.0, 20.0], [80.0, 60.0], [40.0, 60.0]], }"
3986.39999999747,"{""waypoints"":(-9850.8452, -6568.0365), ""unsafe_region"":[[40.0, 20.0], [80.0, 20.0], [80.0, 60.0], [40.0, 60.0]], }"
3986.39999999747,"{""waypoints"":(-9850.8452, -6568.0365), ""unsafe_region"":[[40.0, 20.0], [80.0, 20.0], [80.0, 60.0], [40.0, 60.0]], }"
3986.39999999747,"{""waypoints"":(-9850.8452, -6568.0365), ""unsafe_region"":[[40.0, 20.0], [80.0, 20.0], [80.0, 60.0], [40.0, 60.0]], }"
3986.39999999747,"{""waypoints"":(-9850.8452, -6568.0365), ""unsafe_region"":[[40.0, 20.0], [80.0, 20.0], [80.0, 60.0], [40.0, 60.0]], }"
3986.39999999747,"{""waypoints"":(-9850.8452, -6568.0365), ""unsafe_region"":[[40.0, 20.0], [80.0, 20.0], [80.0, 60.0], [40.0, 60.0]], }"
3986.39999999747,"{""waypoints"":(-9850.8452, -6568.0365), ""unsafe_region"":[[40.0, 20.0], [80.0, 20.0], [80.0, 60.0], [40.0, 60.0]], }"
3986.39999999747,"{""waypoints"":(-9850.8452, -6568.0365), ""unsafe_region"":[[40.0, 20.0], [80.0, 20.0], [80.0, 60.0], [40.0, 60.0]], }"
3986.39999999747,"{""waypoints"":(-9850.8452, -6568.0365), ""unsafe_region"":[[40.0, 20.0], [80.0, 20.0], [80.0, 60.0], [40.0, 60.0]], }"
3986.39999999747,"{""waypoints"":(-9850.8452, -6568.0365), ""unsafe_region"":[[40.0, 20.0], [80.0, 20.0], [80.0, 60.0], [40.0, 60.0]], }"
3986.39999999747,"{""waypoints"":(-9850.8452, -6568.0365), ""unsafe_region"":[[40.0, 20.0], [80.0, 20.0], [80.0, 60.0], [40.0, 60.0]], }"
3986.39999999747,"{""waypoints"":(-9850.8452, -6568.0365), ""unsafe_region"":[[40.0, 20.0], [80.0, 20.0], [80.0, 60.0], [40.0, 60.0]], }"
3986.39999999747,"{""waypoints"":(-9850.8452, -6568.0365), ""unsafe_region"":[[40.0, 20.0], [80.0, 20.0], [80.0, 60.0], [40.0, 60.0]], }"
3986.39999999747,"{""waypoints"":(-9850.8452, -6568.0365), ""unsafe_region"":[[40.0, 20.0], [80.0, 20.0], [80.0, 60.0], [40.0, 60.0]], }"
3986.39999999747,"{""waypoints"":(-9850.8452, -6568.0365), ""unsafe_region"":[[40.0, 20.0], [80.0, 20.0], [80.0, 60.0], [40.0, 60.0]], }"
3986.39999999747,"{""waypoints"":(-9850.8452, -6568.0365), ""unsafe_region"":[[40.0, 20.0], [80.0, 20.0], [80.0, 60.0], [40.0, 60.0]], }"
3986.39999999747,"{""waypoints"":(-9850.8452, -6568.0365), ""unsafe_region"":[[40.0, 20.0], [80.0, 20.0], [80.0, 60.0], [40.0, 60.0]], }"
3986.39999999747,"{""waypoints"":(-9850.8452, -6568.0365), ""unsafe_region"":[[40.0, 20.0], [80.0, 20.0], [80.0, 60.0], [40.0, 60.0]], }"
3986.39999999747,"{""waypoints"":(-9850.8452, -6568.0365), ""unsafe_region"":[[40.0, 20.0], [80.0, 20.0], [80.0, 60.0], [40.0, 60.0]], }"
3986.39999999747,"{""waypoints"":(-9850.8452, -6568.0365), ""unsafe_region"":[[40.0, 20.0], [80.0, 20.0], [80.0, 60.0], [40.0, 60.0]], }"
3986.39999999747,"{""waypoints"":(-9850.8452, -6568.0365), ""unsafe_region"":[[40.0, 20.0], [80.0, 20.0], [80.0, 60.0], [40.0, 60.0]], }"
3986.39999999747,"{""waypoints"":(-9850.8452, -6568.0365), ""unsafe_region"":[[40.0, 20.0], [80.0, 20.0], [80.0, 60.0], [40.0, 60.0]], }"
3986.39999999747,"{""waypoints"":(-9850.8452, -6568.0365), ""unsafe_region"":[[40.0, 20.0], [80.0, 20.0], [80.0, 60.0], [40.0, 60.0]], }"
3986.39999999747,"{""waypoints"":(-9850.8452, -6568.0365), ""unsafe_region"":[[40.0, 20.0], [80.0, 20.0], [80.0, 60.0], [40.0, 60.0]], }"
3986.39999999747,"{""waypoints"":(-9850.8452, -6568.0365), ""unsafe_region"":[[40.0, 20.0], [80.0, 20.0], [80.0, 60.0], [40.0, 60.0]], }"
3986.39999999747,"{""waypoints"":(-9850.8452, -6568.0365), ""unsafe_region"":[[40.0, 20.0], [80.0, 20.0], [80.0, 60.0], [40.0, 60.0]], }"
3986.39999999747,"{""waypoints"":(-9850.8452, -6568.0365), ""unsafe_region"":[[40.0, 20.0], [80.0, 20.0], [80.0, 60.0], [40.0, 60.0]], }"
3986.39999999747,"{""waypoints"":(-9850.8452, -6568.0365), ""unsafe_region"":[[40.0, 20.0], [80.0, 20.0], [80.0, 60.0], [40.0, 60.0]], }"
3986.39999999747,"{""waypoints"":(-9850.8452, -6568.0365), ""unsafe_region"":[[40.0, 20.0], [80.0, 20.0], [80.0, 60.0], [40.0, 60.0]], }"
3986.39999999747,"{""waypoints"":(-9850.8452, -6568.0365), ""unsafe_region"":[[40.0, 20.0], [80.0, 20.0], [80.0, 60.0], [40.0, 60.0]], }"
3986.39999999747,"{""waypoints"":(-9850.8452, -6568.0365), ""unsafe_region"":[[40.0, 20.0], [80.0, 20.0], [80.0, 60.0], [40.0, 60.0]], }"
3986.39999999747,"{""waypoints"":(-9850.8452, -6568.0365), ""unsafe_region"":[[40.0, 20.0], [80.0, 20.0], [80.0, 60.0], [40.0, 60.0]], }"
3986.39999999747,"{""waypoints"":(-9850.8452, -6568.0365), ""unsafe_region"":[[40.0, 20.0], [80.0, 20.0], [80.0, 60.0], [40.0, 60.0]], }"
4032.0999999974283,"{""waypoints"":(-9850.8452, -6568.0365), ""unsafe_region"":[[40.0, 20.0], [80.0, 20.0], [80.0, 60.0], [40.0, 60.0]], }"
4032.0999999974283,"{""waypoints"":(-9850.8452, -6568.0365), ""unsafe_region"":[[40.0, 20.0], [80.0, 20.0], [80.0, 60.0], [40.0, 60.0]], }"
4032.0999999974283,"{""waypoints"":(-9850.8452, -6568.0365), ""unsafe_region"":[[40.0, 20.0], [80.0, 20.0], [80.0, 60.0], [40.0, 60.0]], }"
4032.0999999974283,"{""waypoints"":(-9850.8452, -6568.0365), ""unsafe_region"":[[40.0, 20.0], [80.0, 20.0], [80.0, 60.0], [40.0, 60.0]], }"
4032.0999999974283,"{""waypoints"":(-9850.8452, -6568.0365), ""unsafe_region"":[[40.0, 20.0], [80.0, 20.0], [80.0, 60.0], [40.0, 60.0]], }"
4032.0999999974283,"{""waypoints"":(-9850.8452, -6568.0365), ""unsafe_region"":[[40.0, 20.0], [80.0, 20.0], [80.0, 60.0], [40.0, 60.0]], }"
4032.0999999974283,"{""waypoints"":(-9850.8452, -6568.0365), ""unsafe_region"":[[40.0, 20.0], [80.0, 20.0], [80.0, 60.0], [40.0, 60.0]], }"
4032.0999999974283,"{""waypoints"":(-9850.8452, -6568.0365), ""unsafe_region"":[[40.0, 20.0], [80.0, 20.0], [80.0, 60.0], [40.0, 60.0]], }"
4032.0999999974283,"{""waypoints"":(-9850.8452, -6568.0365), ""unsafe_region"":[[40.0, 20.0], [80.0, 20.0], [80.0, 60.0], [40.0, 60.0]], }"
4032.0999999974283,"{""waypoints"":(-9850.8452, -6568.0365), ""unsafe_region"":[[40.0, 20.0], [80.0, 20.0], [80.0, 60.0], [40.0, 60.0]], }"
4032.0999999974283,"{""waypoints"":(-9850.8452, -6568.0365), ""unsafe_region"":[[40.0, 20.0], [80.0, 20.0], [80.0, 60.0], [40.0, 60.0]], }"
4032.0999999974283,"{""waypoints"":(-9850.8452, -6568.0365), ""unsafe_region"":[[40.0, 20.0], [80.0, 20.0], [80.0, 60.0], [40.0, 60.0]], }"
4032.0999999974283,"{""waypoints"":(-9850.8452, -6568.0365), ""unsafe_region"":[[40.0, 20.0], [80.0, 20.0], [80.0, 60.0], [40.0, 60.0]], }"
4032.0999999974283,"{""waypoints"":(-9850.8452, -6568.0365), ""unsafe_region"":[[40.0, 20.0], [80.0, 20.0], [80.0, 60.0], [40.0, 60.0]], }"
4032.0999999974283,"{""waypoints"":(-9850.8452, -6568.0365), ""unsafe_region"":[[40.0, 20.0], [80.0, 20.0], [80.0, 60.0], [40.0, 60.0]], }"
4032.0999999974283,"{""waypoints"":(-9850.8452, -6568.0365), ""unsafe_region"":[[40.0, 20.0], [80.0, 20.0], [80.0, 60.0], [40.0, 60.0]], }"
4032.0999999974283,"{""waypoints"":(-9850.8452, -6568.0365), ""unsafe_region"":[[40.0, 20.0], [80.0, 20.0], [80.0, 60.0], [40.0, 60.0]], }"
4032.199999997428,"{""waypoints"":(-9850.8452, -6568.0365), ""unsafe_region"":[[40.0, 20.0], [80.0, 20.0], [80.0, 60.0], [40.0, 60.0]], }"
4032.199999997428,"{""waypoints"":(-9850.8452, -6568.0365), ""unsafe_region"":[[40.0, 20.0], [80.0, 20.0], [80.0, 60.0], [40.0, 60.0]], }"
4032.199999997428,"{""waypoints"":(-9850.8452, -6568.0365), ""unsafe_region"":[[40.0, 20.0], [80.0, 20.0], [80.0, 60.0], [40.0, 60.0]], }"
4032.199999997428,"{""waypoints"":(-9850.8452, -6568.0365), ""unsafe_region"":[[40.0, 20.0], [80.0, 20.0], [80.0, 60.0], [40.0, 60.0]], }"
4032.199999997428,"{""waypoints"":(-9850.8452, -6568.0365), ""unsafe_region"":[[40.0, 20.0], [80.0, 20.0], [80.0, 60.0], [40.0, 60.0]], }"
4032.199999997428,"{""waypoints"":(-9850.8452, -6568.0365), ""unsafe_region"":[[40.0, 20.0], [80.0, 20.0], [80.0, 60.0], [40.0, 60.0]], }"
4032.199999997428,"{""waypoints"":(-9850.8452, -6568.0365), ""unsafe_region"":[[40.0, 20.0], [80.0, 20.0], [80.0, 60.0], [40.0, 60.0]], }"
4032.199999997428,"{""waypoints"":(-9850.8452, -6568.0365), ""unsafe_region"":[[40.0, 20.0], [80.0, 20.0], [80.0, 60.0], [40.0, 60.0]], }"
4032.199999997428,"{""waypoints"":(-9850.8452, -6568.0365), ""unsafe_region"":[[40.0, 20.0], [80.0, 20.0], [80.0, 60.0], [40.0, 60.0]], }"
4032.199999997428,"{""waypoints"":(-9850.8452, -6568.0365), ""unsafe_region"":[[40.0, 20.0], [80.0, 20.0], [80.0, 60.0], [40.0, 60.0]], }"
4032.199999997428,"{""waypoints"":(-9850.8452, -6568.0365), ""unsafe_region"":[[40.0, 20.0], [80.0, 20.0], [80.0, 60.0], [40.0, 60.0]], }"
4032.199999997428,"{""waypoints"":(-9850.8452, -6568.0365), ""unsafe_region"":[[40.0, 20.0], [80.0, 20.0], [80.0, 60.0], [40.0, 60.0]], }"
4032.199999997428,"{""waypoints"":(-9850.8452, -6568.0365), ""unsafe_region"":[[40.0, 20.0], [80.0, 20.0], [80.0, 60.0], [40.0, 60.0]], }"
4032.199999997428,"{""waypoints"":(-9850.8452, -6568.0365), ""unsafe_region"":[[40.0, 20.0], [80.0, 20.0], [80.0, 60.0], [40.0, 60.0]], }"
4032.199999997428,"{""waypoints"":(-9850.8452, -6568.0365), ""unsafe_region"":[[40.0, 20.0], [80.0, 20.0], [80.0, 60.0], [40.0, 60.0]], }"
4032.199999997428,"{""waypoints"":(-9850.8452, -6568.0365), ""unsafe_region"":[[40.0, 20.0], [80.0, 20.0], [80.0, 60.0], [40.0, 60.0]], }"
4032.199999997428,"{""waypoints"":(-9850.8452, -6568.0365), ""unsafe_region"":[[40.0, 20.0], [80.0, 20.0], [80.0, 60.0], [40.0, 60.0]], }"
4032.199999997428,"{""waypoints"":(-9850.8452, -6568.0365), ""unsafe_region"":[[40.0, 20.0], [80.0, 20.0], [80.0, 60.0], [40.0, 60.0]], }"
4032.199999997428,"{""waypoints"":(-9850.8452, -6568.0365), ""unsafe_region"":[[40.0, 20.0], [80.0, 20.0], [80.0, 60.0], [40.0, 60.0]], }"
4032.199999997428,"{""waypoints"":(-9850.8452, -6568.0365), ""unsafe_region"":[[40.0, 20.0], [80.0, 20.0], [80.0, 60.0], [40.0, 60.0]], }"
4032.199999997428,"{""waypoints"":(-9850.8452, -6568.0365), ""unsafe_region"":[[40.0, 20.0], [80.0, 20.0], [80.0, 60.0], [40.0, 60.0]], }"
4032.199999997428,"{""waypoints"":(-9850.8452, -6568.0365), ""unsafe_region"":[[40.0, 20.0], [80.0, 20.0], [80.0, 60.0], [40.0, 60.0]], }"
4032.199999997428,"{""waypoints"":(-9850.8452, -6568.0365), ""unsafe_region"":[[40.0, 20.0], [80.0, 20.0], [80.0, 60.0], [40.0, 60.0]], }"
4032.199999997428,"{""waypoints"":(-9850.8452, -6568.0365), ""unsafe_region"":[[40.0, 20.0], [80.0, 20.0], [80.0, 60.0], [40.0, 60.0]], }"
4032.199999997428,"{""waypoints"":(-9850.8452, -6568.0365), ""unsafe_region"":[[40.0, 20.0], [80.0, 20.0], [80.0, 60.0], [40.0, 60.0]], }"
4032.199999997428,"{""waypoints"":(-9850.8452, -6568.0365), ""unsafe_region"":[[40.0, 20.0], [80.0, 20.0], [80.0, 60.0], [40.0, 60.0]], }"
4032.199999997428,"{""waypoints"":(-9850.8452, -6568.0365), ""unsafe_region"":[[40.0, 20.0], [80.0, 20.0], [80.0, 60.0], [40.0, 60.0]], }"
4032.199999997428,"{""waypoints"":(-9850.8452, -6568.0365), ""unsafe_region"":[[40.0, 20.0], [80.0, 20.0], [80.0, 60.0], [40.0, 60.0]], }"
4032.199999997428,"{""waypoints"":(-9850.8452, -6568.0365), ""unsafe_region"":[[40.0, 20.0], [80.0, 20.0], [80.0, 60.0], [40.0, 60.0]], }"
4094.099999997372,"{""waypoints"":(-9850.8452, -6568.0365), ""unsafe_region"":[[40.0, 20.0], [80.0, 20.0], [80.0, 60.0], [40.0, 60.0]], }"
4094.199999997372,"{""waypoints"":(-9850.8452, -6568.0365), ""unsafe_region"":[[40.0, 20.0], [80.0, 20.0], [80.0, 60.0], [40.0, 60.0]], }"
4094.199999997372,"{""waypoints"":(-9850.8452, -6568.0365), ""unsafe_region"":[[40.0, 20.0], [80.0, 20.0], [80.0, 60.0], [40.0, 60.0]], }"
4094.199999997372,"{""waypoints"":(-9850.8452, -6568.0365), ""unsafe_region"":[[40.0, 20.0], [80.0, 20.0], [80.0, 60.0], [40.0, 60.0]], }"
4094.199999997372,"{""waypoints"":(-9850.8452, -6568.0365), ""unsafe_region"":[[40.0, 20.0], [80.0, 20.0], [80.0, 60.0], [40.0, 60.0]], }"
4094.199999997372,"{""waypoints"":(-9850.8452, -6568.0365), ""unsafe_region"":[[40.0, 20.0], [80.0, 20.0], [80.0, 60.0], [40.0, 60.0]], }"
4094.199999997372,"{""waypoints"":(-9850.8452, -6568.0365), ""unsafe_region"":[[40.0, 20.0], [80.0, 20.0], [80.0, 60.0], [40.0, 60.0]], }"
4094.199999997372,"{""waypoints"":(-9850.8452, -6568.0365), ""unsafe_region"":[[40.0, 20.0], [80.0, 20.0], [80.0, 60.0], [40.0, 60.0]], }"
4094.199999997372,"{""waypoints"":(-9850.8452, -6568.0365), ""unsafe_region"":[[40.0, 20.0], [80.0, 20.0], [80.0, 60.0], [40.0, 60.0]], }"
4094.199999997372,"{""waypoints"":(-9850.8452, -6568.0365), ""unsafe_region"":[[40.0, 20.0], [80.0, 20.0], [80.0, 60.0], [40.0, 60.0]], }"
4094.199999997372,"{""waypoints"":(-9850.8452, -6568.0365), ""unsafe_region"":[[40.0, 20.0], [80.0, 20.0], [80.0, 60.0], [40.0, 60.0]], }"
4094.199999997372,"{""waypoints"":(-9850.8452, -6568.0365), ""unsafe_region"":[[40.0, 20.0], [80.0, 20.0], [80.0, 60.0], [40.0, 60.0]], }"
4094.199999997372,"{""waypoints"":(-9850.8452, -6568.0365), ""unsafe_region"":[[40.0, 20.0], [80.0, 20.0], [80.0, 60.0], [40.0, 60.0]], }"
4094.199999997372,"{""waypoints"":(-9850.8452, -6568.0365), ""unsafe_region"":[[40.0, 20.0], [80.0, 20.0], [80.0, 60.0], [40.0, 60.0]], }"
4094.199999997372,"{""waypoints"":(-9850.8452, -6568.0365), ""unsafe_region"":[[40.0, 20.0], [80.0, 20.0], [80.0, 60.0], [40.0, 60.0]], }"
4094.199999997372,"{""waypoints"":(-9850.8452, -6568.0365), ""unsafe_region"":[[40.0, 20.0], [80.0, 20.0], [80.0, 60.0], [40.0, 60.0]], }"
4094.199999997372,"{""waypoints"":(-9850.8452, -6568.0365), ""unsafe_region"":[[40.0, 20.0], [80.0, 20.0], [80.0, 60.0], [40.0, 60.0]], }"
4094.199999997372,"{""waypoints"":(-9850.8452, -6568.0365), ""unsafe_region"":[[40.0, 20.0], [80.0, 20.0], [80.0, 60.0], [40.0, 60.0]], }"
4094.199999997372,"{""waypoints"":(-9850.8452, -6568.0365), ""unsafe_region"":[[40.0, 20.0], [80.0, 20.0], [80.0, 60.0], [40.0, 60.0]], }"
4094.199999997372,"{""waypoints"":(-9850.8452, -6568.0365), ""unsafe_region"":[[40.0, 20.0], [80.0, 20.0], [80.0, 60.0], [40.0, 60.0]], }"
4094.199999997372,"{""waypoints"":(-9850.8452, -6568.0365), ""unsafe_region"":[[40.0, 20.0], [80.0, 20.0], [80.0, 60.0], [40.0, 60.0]], }"
4094.199999997372,"{""waypoints"":(-9850.8452, -6568.0365), ""unsafe_region"":[[40.0, 20.0], [80.0, 20.0], [80.0, 60.0], [40.0, 60.0]], }"
4094.199999997372,"{""waypoints"":(-9850.8452, -6568.0365), ""unsafe_region"":[[40.0, 20.0], [80.0, 20.0], [80.0, 60.0], [40.0, 60.0]], }"
4094.199999997372,"{""waypoints"":(-9850.8452, -6568.0365), ""unsafe_region"":[[40.0, 20.0], [80.0, 20.0], [80.0, 60.0], [40.0, 60.0]], }"
4094.199999997372,"{""waypoints"":(-9850.8452, -6568.0365), ""unsafe_region"":[[40.0, 20.0], [80.0, 20.0], [80.0, 60.0], [40.0, 60.0]], }"
4094.199999997372,"{""waypoints"":(-9850.8452, -6568.0365), ""unsafe_region"":[[40.0, 20.0], [80.0, 20.0], [80.0, 60.0], [40.0, 60.0]], }"
4094.199999997372,"{""waypoints"":(-9850.8452, -6568.0365), ""unsafe_region"":[[40.0, 20.0], [80.0, 20.0], [80.0, 60.0], [40.0, 60.0]], }"
4094.199999997372,"{""waypoints"":(-9850.8452, -6568.0365), ""unsafe_region"":[[40.0, 20.0], [80.0, 20.0], [80.0, 60.0], [40.0, 60.0]], }"
4094.199999997372,"{""waypoints"":(-9850.8452, -6568.0365), ""unsafe_region"":[[40.0, 20.0], [80.0, 20.0], [80.0, 60.0], [40.0, 60.0]], }"
4094.199999997372,"{""waypoints"":(-9850.8452, -6568.0365), ""unsafe_region"":[[40.0, 20.0], [80.0, 20.0], [80.0, 60.0], [40.0, 60.0]], }"
4094.199999997372,"{""waypoints"":(-9850.8452, -6568.0365), ""unsafe_region"":[[40.0, 20.0], [80.0, 20.0], [80.0, 60.0], [40.0, 60.0]], }"
4094.199999997372,"{""waypoints"":(-9850.8452, -6568.0365), ""unsafe_region"":[[40.0, 20.0], [80.0, 20.0], [80.0, 60.0], [40.0, 60.0]], }"
4094.199999997372,"{""waypoints"":(-9850.8452, -6568.0365), ""unsafe_region"":[[40.0, 20.0], [80.0, 20.0], [80.0, 60.0], [40.0, 60.0]], }"
4094.199999997372,"{""waypoints"":(-9850.8452, -6568.0365), ""unsafe_region"":[[40.0, 20.0], [80.0, 20.0], [80.0, 60.0], [40.0, 60.0]], }"
4094.199999997372,"{""waypoints"":(-9850.8452, -6568.0365), ""unsafe_region"":[[40.0, 20.0], [80.0, 20.0], [80.0, 60.0], [40.0, 60.0]], }"
4094.199999997372,"{""waypoints"":(-9850.8452, -6568.0365), ""unsafe_region"":[[40.0, 20.0], [80.0, 20.0], [80.0, 60.0], [40.0, 60.0]], }"
4094.199999997372,"{""waypoints"":(-9850.8452, -6568.0365), ""unsafe_region"":[[40.0, 20.0], [80.0, 20.0], [80.0, 60.0], [40.0, 60.0]], }"
4094.199999997372,"{""waypoints"":(-9850.8452, -6568.0365), ""unsafe_region"":[[40.0, 20.0], [80.0, 20.0], [80.0, 60.0], [40.0, 60.0]], }"
4094.199999997372,"{""waypoints"":(-9850.8452, -6568.0365), ""unsafe_region"":[[40.0, 20.0], [80.0, 20.0], [80.0, 60.0], [40.0, 60.0]], }"
4094.199999997372,"{""waypoints"":(-9850.8452, -6568.0365), ""unsafe_region"":[[40.0, 20.0], [80.0, 20.0], [80.0, 60.0], [40.0, 60.0]], }"
4094.199999997372,"{""waypoints"":(-9850.8452, -6568.0365), ""unsafe_region"":[[40.0, 20.0], [80.0, 20.0], [80.0, 60.0], [40.0, 60.0]], }"
4094.199999997372,"{""waypoints"":(-9850.8452, -6568.0365), ""unsafe_region"":[[40.0, 20.0], [80.0, 20.0], [80.0, 60.0], [40.0, 60.0]], }"
4094.199999997372,"{""waypoints"":(-9850.8452, -6568.0365), ""unsafe_region"":[[40.0, 20.0], [80.0, 20.0], [80.0, 60.0], [40.0, 60.0]], }"
4094.199999997372,"{""waypoints"":(-9850.8452, -6568.0365), ""unsafe_region"":[[40.0, 20.0], [80.0, 20.0], [80.0, 60.0], [40.0, 60.0]], }"
4094.199999997372,"{""waypoints"":(-9850.8452, -6568.0365), ""unsafe_region"":[[40.0, 20.0], [80.0, 20.0], [80.0, 60.0], [40.0, 60.0]], }"
4094.199999997372,"{""waypoints"":(-9850.8452, -6568.0365), ""unsafe_region"":[[40.0, 20.0], [80.0, 20.0], [80.0, 60.0], [40.0, 60.0]], }"
4094.199999997372,"{""waypoints"":(-9850.8452, -6568.0365), ""unsafe_region"":[[40.0, 20.0], [80.0, 20.0], [80.0, 60.0], [40.0, 60.0]], }"
4094.199999997372,"{""waypoints"":(-9850.8452, -6568.0365), ""unsafe_region"":[[40.0, 20.0], [80.0, 20.0], [80.0, 60.0], [40.0, 60.0]], }"
4094.199999997372,"{""waypoints"":(-9850.8452, -6568.0365), ""unsafe_region"":[[40.0, 20.0], [80.0, 20.0], [80.0, 60.0], [40.0, 60.0]], }"
4094.199999997372,"{""waypoints"":(-9850.8452, -6568.0365), ""unsafe_region"":[[40.0, 20.0], [80.0, 20.0], [80.0, 60.0], [40.0, 60.0]], }"
4094.199999997372,"{""waypoints"":(-9850.8452, -6568.0365), ""unsafe_region"":[[40.0, 20.0], [80.0, 20.0], [80.0, 60.0], [40.0, 60.0]], }"
4094.199999997372,"{""waypoints"":(-9850.8452, -6568.0365), ""unsafe_region"":[[40.0, 20.0], [80.0, 20.0], [80.0, 60.0], [40.0, 60.0]], }"
4094.199999997372,"{""waypoints"":(-9850.8452, -6568.0365), ""unsafe_region"":[[40.0, 20.0], [80.0, 20.0], [80.0, 60.0], [40.0, 60.0]], }"
4094.199999997372,"{""waypoints"":(-9850.8452, -6568.0365), ""unsafe_region"":[[40.0, 20.0], [80.0, 20.0], [80.0, 60.0], [40.0, 60.0]], }"
4094.199999997372,"{""waypoints"":(-9850.8452, -6568.0365), ""unsafe_region"":[[40.0, 20.0], [80.0, 20.0], [80.0, 60.0], [40.0, 60.0]], }"
4094.199999997372,"{""waypoints"":(-9850.8452, -6568.0365), ""unsafe_region"":[[40.0, 20.0], [80.0, 20.0], [80.0, 60.0], [40.0, 60.0]], }"
4094.199999997372,"{""waypoints"":(-9850.8452, -6568.0365), ""unsafe_region"":[[40.0, 20.0], [80.0, 20.0], [80.0, 60.0], [40.0, 60.0]], }"
4094.199999997372,"{""waypoints"":(-9850.8452, -6568.0365), ""unsafe_region"":[[40.0, 20.0], [80.0, 20.0], [80.0, 60.0], [40.0, 60.0]], }"
4094.199999997372,"{""waypoints"":(-9850.8452, -6568.0365), ""unsafe_region"":[[40.0, 20.0], [80.0, 20.0], [80.0, 60.0], [40.0, 60.0]], }"
4094.199999997372,"{""waypoints"":(-9850.8452, -6568.0365), ""unsafe_region"":[[40.0, 20.0], [80.0, 20.0], [80.0, 60.0], [40.0, 60.0]], }"
4094.199999997372,"{""waypoints"":(-9850.8452, -6568.0365), ""unsafe_region"":[[40.0, 20.0], [80.0, 20.0], [80.0, 60.0], [40.0, 60.0]], }"
4094.199999997372,"{""waypoints"":(-9850.8452, -6568.0365), ""unsafe_region"":[[40.0, 20.0], [80.0, 20.0], [80.0, 60.0], [40.0, 60.0]], }"
4152.999999997577,"{""waypoints"":(-9850.8452, -6568.0365), ""unsafe_region"":[[40.0, 20.0], [80.0, 20.0], [80.0, 60.0], [40.0, 60.0]], }"
4153.0999999975775,"{""waypoints"":(-9850.8452, -6568.0365), ""unsafe_region"":[[40.0, 20.0], [80.0, 20.0], [80.0, 60.0], [40.0, 60.0]], }"
4153.0999999975775,"{""waypoints"":(-9850.8452, -6568.0365), ""unsafe_region"":[[40.0, 20.0], [80.0, 20.0], [80.0, 60.0], [40.0, 60.0]], }"
4153.0999999975775,"{""waypoints"":(-9850.8452, -6568.0365), ""unsafe_region"":[[40.0, 20.0], [80.0, 20.0], [80.0, 60.0], [40.0, 60.0]], }"
4153.0999999975775,"{""waypoints"":(-9850.8452, -6568.0365), ""unsafe_region"":[[40.0, 20.0], [80.0, 20.0], [80.0, 60.0], [40.0, 60.0]], }"
4153.0999999975775,"{""waypoints"":(-9850.8452, -6568.0365), ""unsafe_region"":[[40.0, 20.0], [80.0, 20.0], [80.0, 60.0], [40.0, 60.0]], }"
4153.0999999975775,"{""waypoints"":(-9850.8452, -6568.0365), ""unsafe_region"":[[40.0, 20.0], [80.0, 20.0], [80.0, 60.0], [40.0, 60.0]], }"
4153.0999999975775,"{""waypoints"":(-9850.8452, -6568.0365), ""unsafe_region"":[[40.0, 20.0], [80.0, 20.0], [80.0, 60.0], [40.0, 60.0]], }"
4153.0999999975775,"{""waypoints"":(-9850.8452, -6568.0365), ""unsafe_region"":[[40.0, 20.0], [80.0, 20.0], [80.0, 60.0], [40.0, 60.0]], }"
4153.0999999975775,"{""waypoints"":(-9850.8452, -6568.0365), ""unsafe_region"":[[40.0, 20.0], [80.0, 20.0], [80.0, 60.0], [40.0, 60.0]], }"
4153.0999999975775,"{""waypoints"":(-9850.8452, -6568.0365), ""unsafe_region"":[[40.0, 20.0], [80.0, 20.0], [80.0, 60.0], [40.0, 60.0]], }"
4153.0999999975775,"{""waypoints"":(-9850.8452, -6568.0365), ""unsafe_region"":[[40.0, 20.0], [80.0, 20.0], [80.0, 60.0], [40.0, 60.0]], }"
4153.0999999975775,"{""waypoints"":(-9850.8452, -6568.0365), ""unsafe_region"":[[40.0, 20.0], [80.0, 20.0], [80.0, 60.0], [40.0, 60.0]], }"
4153.0999999975775,"{""waypoints"":(-9850.8452, -6568.0365), ""unsafe_region"":[[40.0, 20.0], [80.0, 20.0], [80.0, 60.0], [40.0, 60.0]], }"
4153.0999999975775,"{""waypoints"":(-9850.8452, -6568.0365), ""unsafe_region"":[[40.0, 20.0], [80.0, 20.0], [80.0, 60.0], [40.0, 60.0]], }"
4153.0999999975775,"{""waypoints"":(-9850.8452, -6568.0365), ""unsafe_region"":[[40.0, 20.0], [80.0, 20.0], [80.0, 60.0], [40.0, 60.0]], }"
4153.0999999975775,"{""waypoints"":(-9850.8452, -6568.0365), ""unsafe_region"":[[40.0, 20.0], [80.0, 20.0], [80.0, 60.0], [40.0, 60.0]], }"
4153.0999999975775,"{""waypoints"":(-9850.8452, -6568.0365), ""unsafe_region"":[[40.0, 20.0], [80.0, 20.0], [80.0, 60.0], [40.0, 60.0]], }"
4153.0999999975775,"{""waypoints"":(-9850.8452, -6568.0365), ""unsafe_region"":[[40.0, 20.0], [80.0, 20.0], [80.0, 60.0], [40.0, 60.0]], }"
4153.0999999975775,"{""waypoints"":(-9850.8452, -6568.0365), ""unsafe_region"":[[40.0, 20.0], [80.0, 20.0], [80.0, 60.0], [40.0, 60.0]], }"
4153.0999999975775,"{""waypoints"":(-9850.8452, -6568.0365), ""unsafe_region"":[[40.0, 20.0], [80.0, 20.0], [80.0, 60.0], [40.0, 60.0]], }"
4153.0999999975775,"{""waypoints"":(-9850.8452, -6568.0365), ""unsafe_region"":[[40.0, 20.0], [80.0, 20.0], [80.0, 60.0], [40.0, 60.0]], }"
4153.0999999975775,"{""waypoints"":(-9850.8452, -6568.0365), ""unsafe_region"":[[40.0, 20.0], [80.0, 20.0], [80.0, 60.0], [40.0, 60.0]], }"
4153.0999999975775,"{""waypoints"":(-9850.8452, -6568.0365), ""unsafe_region"":[[40.0, 20.0], [80.0, 20.0], [80.0, 60.0], [40.0, 60.0]], }"
4153.0999999975775,"{""waypoints"":(-9850.8452, -6568.0365), ""unsafe_region"":[[40.0, 20.0], [80.0, 20.0], [80.0, 60.0], [40.0, 60.0]], }"
4153.0999999975775,"{""waypoints"":(-9850.8452, -6568.0365), ""unsafe_region"":[[40.0, 20.0], [80.0, 20.0], [80.0, 60.0], [40.0, 60.0]], }"
4153.0999999975775,"{""waypoints"":(-9850.8452, -6568.0365), ""unsafe_region"":[[40.0, 20.0], [80.0, 20.0], [80.0, 60.0], [40.0, 60.0]], }"
4153.0999999975775,"{""waypoints"":(-9850.8452, -6568.0365), ""unsafe_region"":[[40.0, 20.0], [80.0, 20.0], [80.0, 60.0], [40.0, 60.0]], }"
4153.0999999975775,"{""waypoints"":(-9850.8452, -6568.0365), ""unsafe_region"":[[40.0, 20.0], [80.0, 20.0], [80.0, 60.0], [40.0, 60.0]], }"
4153.0999999975775,"{""waypoints"":(-9850.8452, -6568.0365), ""unsafe_region"":[[40.0, 20.0], [80.0, 20.0], [80.0, 60.0], [40.0, 60.0]], }"
4153.0999999975775,"{""waypoints"":(-9850.8452, -6568.0365), ""unsafe_region"":[[40.0, 20.0], [80.0, 20.0], [80.0, 60.0], [40.0, 60.0]], }"
4153.0999999975775,"{""waypoints"":(-9850.8452, -6568.0365), ""unsafe_region"":[[40.0, 20.0], [80.0, 20.0], [80.0, 60.0], [40.0, 60.0]], }"
4153.0999999975775,"{""waypoints"":(-9850.8452, -6568.0365), ""unsafe_region"":[[40.0, 20.0], [80.0, 20.0], [80.0, 60.0], [40.0, 60.0]], }"
4153.0999999975775,"{""waypoints"":(-9850.8452, -6568.0365), ""unsafe_region"":[[40.0, 20.0], [80.0, 20.0], [80.0, 60.0], [40.0, 60.0]], }"
4153.0999999975775,"{""waypoints"":(-9850.8452, -6568.0365), ""unsafe_region"":[[40.0, 20.0], [80.0, 20.0], [80.0, 60.0], [40.0, 60.0]], }"
4153.0999999975775,"{""waypoints"":(-9850.8452, -6568.0365), ""unsafe_region"":[[40.0, 20.0], [80.0, 20.0], [80.0, 60.0], [40.0, 60.0]], }"
4153.0999999975775,"{""waypoints"":(-9850.8452, -6568.0365), ""unsafe_region"":[[40.0, 20.0], [80.0, 20.0], [80.0, 60.0], [40.0, 60.0]], }"
4153.0999999975775,"{""waypoints"":(-9850.8452, -6568.0365), ""unsafe_region"":[[40.0, 20.0], [80.0, 20.0], [80.0, 60.0], [40.0, 60.0]], }"
4153.0999999975775,"{""waypoints"":(-9850.8452, -6568.0365), ""unsafe_region"":[[40.0, 20.0], [80.0, 20.0], [80.0, 60.0], [40.0, 60.0]], }"
4153.0999999975775,"{""waypoints"":(-9850.8452, -6568.0365), ""unsafe_region"":[[40.0, 20.0], [80.0, 20.0], [80.0, 60.0], [40.0, 60.0]], }"
4153.0999999975775,"{""waypoints"":(-9850.8452, -6568.0365), ""unsafe_region"":[[40.0, 20.0], [80.0, 20.0], [80.0, 60.0], [40.0, 60.0]], }"
4153.0999999975775,"{""waypoints"":(-9850.8452, -6568.0365), ""unsafe_region"":[[40.0, 20.0], [80.0, 20.0], [80.0, 60.0], [40.0, 60.0]], }"
4153.0999999975775,"{""waypoints"":(-9850.8452, -6568.0365), ""unsafe_region"":[[40.0, 20.0], [80.0, 20.0], [80.0, 60.0], [40.0, 60.0]], }"
4153.0999999975775,"{""waypoints"":(-9850.8452, -6568.0365), ""unsafe_region"":[[40.0, 20.0], [80.0, 20.0], [80.0, 60.0], [40.0, 60.0]], }"
4153.0999999975775,"{""waypoints"":(-9850.8452, -6568.0365), ""unsafe_region"":[[40.0, 20.0], [80.0, 20.0], [80.0, 60.0], [40.0, 60.0]], }"
4153.0999999975775,"{""waypoints"":(-9850.8452, -6568.0365), ""unsafe_region"":[[40.0, 20.0], [80.0, 20.0], [80.0, 60.0], [40.0, 60.0]], }"
4153.0999999975775,"{""waypoints"":(-9850.8452, -6568.0365), ""unsafe_region"":[[40.0, 20.0], [80.0, 20.0], [80.0, 60.0], [40.0, 60.0]], }"
4153.0999999975775,"{""waypoints"":(-9850.8452, -6568.0365), ""unsafe_region"":[[40.0, 20.0], [80.0, 20.0], [80.0, 60.0], [40.0, 60.0]], }"
4153.0999999975775,"{""waypoints"":(-9850.8452, -6568.0365), ""unsafe_region"":[[40.0, 20.0], [80.0, 20.0], [80.0, 60.0], [40.0, 60.0]], }"
4153.0999999975775,"{""waypoints"":(-9850.8452, -6568.0365), ""unsafe_region"":[[40.0, 20.0], [80.0, 20.0], [80.0, 60.0], [40.0, 60.0]], }"
4153.0999999975775,"{""waypoints"":(-9850.8452, -6568.0365), ""unsafe_region"":[[40.0, 20.0], [80.0, 20.0], [80.0, 60.0], [40.0, 60.0]], }"
4153.0999999975775,"{""waypoints"":(-9850.8452, -6568.0365), ""unsafe_region"":[[40.0, 20.0], [80.0, 20.0], [80.0, 60.0], [40.0, 60.0]], }"
4153.0999999975775,"{""waypoints"":(-9850.8452, -6568.0365), ""unsafe_region"":[[40.0, 20.0], [80.0, 20.0], [80.0, 60.0], [40.0, 60.0]], }"
4153.0999999975775,"{""waypoints"":(-9850.8452, -6568.0365), ""unsafe_region"":[[40.0, 20.0], [80.0, 20.0], [80.0, 60.0], [40.0, 60.0]], }"
4153.0999999975775,"{""waypoints"":(-9850.8452, -6568.0365), ""unsafe_region"":[[40.0, 20.0], [80.0, 20.0], [80.0, 60.0], [40.0, 60.0]], }"
4153.0999999975775,"{""waypoints"":(-9850.8452, -6568.0365), ""unsafe_region"":[[40.0, 20.0], [80.0, 20.0], [80.0, 60.0], [40.0, 60.0]], }"
4153.0999999975775,"{""waypoints"":(-9850.8452, -6568.0365), ""unsafe_region"":[[40.0, 20.0], [80.0, 20.0], [80.0, 60.0], [40.0, 60.0]], }"
4153.0999999975775,"{""waypoints"":(-9850.8452, -6568.0365), ""unsafe_region"":[[40.0, 20.0], [80.0, 20.0], [80.0, 60.0], [40.0, 60.0]], }"
4153.0999999975775,"{""waypoints"":(-9850.8452, -6568.0365), ""unsafe_region"":[[40.0, 20.0], [80.0, 20.0], [80.0, 60.0], [40.0, 60.0]], }"
4221.999999997828,"{""waypoints"":(-9850.8452, -6568.0365), ""unsafe_region"":[[40.0, 20.0], [80.0, 20.0], [80.0, 60.0], [40.0, 60.0]], }"
4222.0999999978285,"{""waypoints"":(-9850.8452, -6568.0365), ""unsafe_region"":[[40.0, 20.0], [80.0, 20.0], [80.0, 60.0], [40.0, 60.0]], }"
4222.0999999978285,"{""waypoints"":(-9850.8452, -6568.0365), ""unsafe_region"":[[40.0, 20.0], [80.0, 20.0], [80.0, 60.0], [40.0, 60.0]], }"
4222.0999999978285,"{""waypoints"":(-9850.8452, -6568.0365), ""unsafe_region"":[[40.0, 20.0], [80.0, 20.0], [80.0, 60.0], [40.0, 60.0]], }"
4222.0999999978285,"{""waypoints"":(-9850.8452, -6568.0365), ""unsafe_region"":[[40.0, 20.0], [80.0, 20.0], [80.0, 60.0], [40.0, 60.0]], }"
4222.0999999978285,"{""waypoints"":(-9850.8452, -6568.0365), ""unsafe_region"":[[40.0, 20.0], [80.0, 20.0], [80.0, 60.0], [40.0, 60.0]], }"
4222.0999999978285,"{""waypoints"":(-9850.8452, -6568.0365), ""unsafe_region"":[[40.0, 20.0], [80.0, 20.0], [80.0, 60.0], [40.0, 60.0]], }"
4222.0999999978285,"{""waypoints"":(-9850.8452, -6568.0365), ""unsafe_region"":[[40.0, 20.0], [80.0, 20.0], [80.0, 60.0], [40.0, 60.0]], }"
4222.0999999978285,"{""waypoints"":(-9850.8452, -6568.0365), ""unsafe_region"":[[40.0, 20.0], [80.0, 20.0], [80.0, 60.0], [40.0, 60.0]], }"
4222.0999999978285,"{""waypoints"":(-9850.8452, -6568.0365), ""unsafe_region"":[[40.0, 20.0], [80.0, 20.0], [80.0, 60.0], [40.0, 60.0]], }"
4222.0999999978285,"{""waypoints"":(-9850.8452, -6568.0365), ""unsafe_region"":[[40.0, 20.0], [80.0, 20.0], [80.0, 60.0], [40.0, 60.0]], }"
4222.0999999978285,"{""waypoints"":(-9850.8452, -6568.0365), ""unsafe_region"":[[40.0, 20.0], [80.0, 20.0], [80.0, 60.0], [40.0, 60.0]], }"
4222.0999999978285,"{""waypoints"":(-9850.8452, -6568.0365), ""unsafe_region"":[[40.0, 20.0], [80.0, 20.0], [80.0, 60.0], [40.0, 60.0]], }"
4222.0999999978285,"{""waypoints"":(-9850.8452, -6568.0365), ""unsafe_region"":[[40.0, 20.0], [80.0, 20.0], [80.0, 60.0], [40.0, 60.0]], }"
4222.0999999978285,"{""waypoints"":(-9850.8452, -6568.0365), ""unsafe_region"":[[40.0, 20.0], [80.0, 20.0], [80.0, 60.0], [40.0, 60.0]], }"
4222.0999999978285,"{""waypoints"":(-9850.8452, -6568.0365), ""unsafe_region"":[[40.0, 20.0], [80.0, 20.0], [80.0, 60.0], [40.0, 60.0]], }"
4222.0999999978285,"{""waypoints"":(-9850.8452, -6568.0365), ""unsafe_region"":[[40.0, 20.0], [80.0, 20.0], [80.0, 60.0], [40.0, 60.0]], }"
4222.0999999978285,"{""waypoints"":(-9850.8452, -6568.0365), ""unsafe_region"":[[40.0, 20.0], [80.0, 20.0], [80.0, 60.0], [40.0, 60.0]], }"
4222.0999999978285,"{""waypoints"":(-9850.8452, -6568.0365), ""unsafe_region"":[[40.0, 20.0], [80.0, 20.0], [80.0, 60.0], [40.0, 60.0]], }"
4222.0999999978285,"{""waypoints"":(-9850.8452, -6568.0365), ""unsafe_region"":[[40.0, 20.0], [80.0, 20.0], [80.0, 60.0], [40.0, 60.0]], }"
4222.0999999978285,"{""waypoints"":(-9850.8452, -6568.0365), ""unsafe_region"":[[40.0, 20.0], [80.0, 20.0], [80.0, 60.0], [40.0, 60.0]], }"
4222.0999999978285,"{""waypoints"":(-9850.8452, -6568.0365), ""unsafe_region"":[[40.0, 20.0], [80.0, 20.0], [80.0, 60.0], [40.0, 60.0]], }"
4222.0999999978285,"{""waypoints"":(-9850.8452, -6568.0365), ""unsafe_region"":[[40.0, 20.0], [80.0, 20.0], [80.0, 60.0], [40.0, 60.0]], }"
4222.0999999978285,"{""waypoints"":(-9850.8452, -6568.0365), ""unsafe_region"":[[40.0, 20.0], [80.0, 20.0], [80.0, 60.0], [40.0, 60.0]], }"
4222.0999999978285,"{""waypoints"":(-9850.8452, -6568.0365), ""unsafe_region"":[[40.0, 20.0], [80.0, 20.0], [80.0, 60.0], [40.0, 60.0]], }"
4222.0999999978285,"{""waypoints"":(-9850.8452, -6568.0365), ""unsafe_region"":[[40.0, 20.0], [80.0, 20.0], [80.0, 60.0], [40.0, 60.0]], }"
4222.0999999978285,"{""waypoints"":(-9850.8452, -6568.0365), ""unsafe_region"":[[40.0, 20.0], [80.0, 20.0], [80.0, 60.0], [40.0, 60.0]], }"
4222.0999999978285,"{""waypoints"":(-9850.8452, -6568.0365), ""unsafe_region"":[[40.0, 20.0], [80.0, 20.0], [80.0, 60.0], [40.0, 60.0]], }"
4222.0999999978285,"{""waypoints"":(-9850.8452, -6568.0365), ""unsafe_region"":[[40.0, 20.0], [80.0, 20.0], [80.0, 60.0], [40.0, 60.0]], }"
4222.0999999978285,"{""waypoints"":(-9850.8452, -6568.0365), ""unsafe_region"":[[40.0, 20.0], [80.0, 20.0], [80.0, 60.0], [40.0, 60.0]], }"
4222.0999999978285,"{""waypoints"":(-9850.8452, -6568.0365), ""unsafe_region"":[[40.0, 20.0], [80.0, 20.0], [80.0, 60.0], [40.0, 60.0]], }"
4222.0999999978285,"{""waypoints"":(-9850.8452, -6568.0365), ""unsafe_region"":[[40.0, 20.0], [80.0, 20.0], [80.0, 60.0], [40.0, 60.0]], }"
4222.0999999978285,"{""waypoints"":(-9850.8452, -6568.0365), ""unsafe_region"":[[40.0, 20.0], [80.0, 20.0], [80.0, 60.0], [40.0, 60.0]], }"
4222.0999999978285,"{""waypoints"":(-9850.8452, -6568.0365), ""unsafe_region"":[[40.0, 20.0], [80.0, 20.0], [80.0, 60.0], [40.0, 60.0]], }"
4222.0999999978285,"{""waypoints"":(-9850.8452, -6568.0365), ""unsafe_region"":[[40.0, 20.0], [80.0, 20.0], [80.0, 60.0], [40.0, 60.0]], }"
4222.0999999978285,"{""waypoints"":(-9850.8452, -6568.0365), ""unsafe_region"":[[40.0, 20.0], [80.0, 20.0], [80.0, 60.0], [40.0, 60.0]], }"
4222.0999999978285,"{""waypoints"":(-9850.8452, -6568.0365), ""unsafe_region"":[[40.0, 20.0], [80.0, 20.0], [80.0, 60.0], [40.0, 60.0]], }"
4222.0999999978285,"{""waypoints"":(-9850.8452, -6568.0365), ""unsafe_region"":[[40.0, 20.0], [80.0, 20.0], [80.0, 60.0], [40.0, 60.0]], }"
4222.0999999978285,"{""waypoints"":(-9850.8452, -6568.0365), ""unsafe_region"":[[40.0, 20.0], [80.0, 20.0], [80.0, 60.0], [40.0, 60.0]], }"
4222.0999999978285,"{""waypoints"":(-9850.8452, -6568.0365), ""unsafe_region"":[[40.0, 20.0], [80.0, 20.0], [80.0, 60.0], [40.0, 60.0]], }"
4222.0999999978285,"{""waypoints"":(-9850.8452, -6568.0365), ""unsafe_region"":[[40.0, 20.0], [80.0, 20.0], [80.0, 60.0], [40.0, 60.0]], }"
4222.0999999978285,"{""waypoints"":(-9850.8452, -6568.0365), ""unsafe_region"":[[40.0, 20.0], [80.0, 20.0], [80.0, 60.0], [40.0, 60.0]], }"
4222.0999999978285,"{""waypoints"":(-9850.8452, -6568.0365), ""unsafe_region"":[[40.0, 20.0], [80.0, 20.0], [80.0, 60.0], [40.0, 60.0]], }"
4222.0999999978285,"{""waypoints"":(-9850.8452, -6568.0365), ""unsafe_region"":[[40.0, 20.0], [80.0, 20.0], [80.0, 60.0], [40.0, 60.0]], }"
4222.0999999978285,"{""waypoints"":(-9850.8452, -6568.0365), ""unsafe_region"":[[40.0, 20.0], [80.0, 20.0], [80.0, 60.0], [40.0, 60.0]], }"
4222.0999999978285,"{""waypoints"":(-9850.8452, -6568.0365), ""unsafe_region"":[[40.0, 20.0], [80.0, 20.0], [80.0, 60.0], [40.0, 60.0]], }"
4222.0999999978285,"{""waypoints"":(-9850.8452, -6568.0365), ""unsafe_region"":[[40.0, 20.0], [80.0, 20.0], [80.0, 60.0], [40.0, 60.0]], }"
4222.0999999978285,"{""waypoints"":(-9850.8452, -6568.0365), ""unsafe_region"":[[40.0, 20.0], [80.0, 20.0], [80.0, 60.0], [40.0, 60.0]], }"
4222.0999999978285,"{""waypoints"":(-9850.8452, -6568.0365), ""unsafe_region"":[[40.0, 20.0], [80.0, 20.0], [80.0, 60.0], [40.0, 60.0]], }"
4222.0999999978285,"{""waypoints"":(-9850.8452, -6568.0365), ""unsafe_region"":[[40.0, 20.0], [80.0, 20.0], [80.0, 60.0], [40.0, 60.0]], }"
4222.0999999978285,"{""waypoints"":(-9850.8452, -6568.0365), ""unsafe_region"":[[40.0, 20.0], [80.0, 20.0], [80.0, 60.0], [40.0, 60.0]], }"
4222.0999999978285,"{""waypoints"":(-9850.8452, -6568.0365), ""unsafe_region"":[[40.0, 20.0], [80.0, 20.0], [80.0, 60.0], [40.0, 60.0]], }"
4222.0999999978285,"{""waypoints"":(-9850.8452, -6568.0365), ""unsafe_region"":[[40.0, 20.0], [80.0, 20.0], [80.0, 60.0], [40.0, 60.0]], }"
4222.0999999978285,"{""waypoints"":(-9850.8452, -6568.0365), ""unsafe_region"":[[40.0, 20.0], [80.0, 20.0], [80.0, 60.0], [40.0, 60.0]], }"
4222.0999999978285,"{""waypoints"":(-9850.8452, -6568.0365), ""unsafe_region"":[[40.0, 20.0], [80.0, 20.0], [80.0, 60.0], [40.0, 60.0]], }"
4222.0999999978285,"{""waypoints"":(-9850.8452, -6568.0365), ""unsafe_region"":[[40.0, 20.0], [80.0, 20.0], [80.0, 60.0], [40.0, 60.0]], }"
4222.0999999978285,"{""waypoints"":(-9850.8452, -6568.0365), ""unsafe_region"":[[40.0, 20.0], [80.0, 20.0], [80.0, 60.0], [40.0, 60.0]], }"
4222.0999999978285,"{""waypoints"":(-9850.8452, -6568.0365), ""unsafe_region"":[[40.0, 20.0], [80.0, 20.0], [80.0, 60.0], [40.0, 60.0]], }"
4222.0999999978285,"{""waypoints"":(-9850.8452, -6568.0365), ""unsafe_region"":[[40.0, 20.0], [80.0, 20.0], [80.0, 60.0], [40.0, 60.0]], }"
4222.0999999978285,"{""waypoints"":(-9850.8452, -6568.0365), ""unsafe_region"":[[40.0, 20.0], [80.0, 20.0], [80.0, 60.0], [40.0, 60.0]], }"
4222.0999999978285,"{""waypoints"":(-9850.8452, -6568.0365), ""unsafe_region"":[[40.0, 20.0], [80.0, 20.0], [80.0, 60.0], [40.0, 60.0]], }"
4222.0999999978285,"{""waypoints"":(-9850.8452, -6568.0365), ""unsafe_region"":[[40.0, 20.0], [80.0, 20.0], [80.0, 60.0], [40.0, 60.0]], }"
4222.0999999978285,"{""waypoints"":(-9850.8452, -6568.0365), ""unsafe_region"":[[40.0, 20.0], [80.0, 20.0], [80.0, 60.0], [40.0, 60.0]], }"
4222.0999999978285,"{""waypoints"":(-9850.8452, -6568.0365), ""unsafe_region"":[[40.0, 20.0], [80.0, 20.0], [80.0, 60.0], [40.0, 60.0]], }"
4222.0999999978285,"{""waypoints"":(-9850.8452, -6568.0365), ""unsafe_region"":[[40.0, 20.0], [80.0, 20.0], [80.0, 60.0], [40.0, 60.0]], }"
4222.0999999978285,"{""waypoints"":(-9850.8452, -6568.0365), ""unsafe_region"":[[40.0, 20.0], [80.0, 20.0], [80.0, 60.0], [40.0, 60.0]], }"
4222.0999999978285,"{""waypoints"":(-9850.8452, -6568.0365), ""unsafe_region"":[[40.0, 20.0], [80.0, 20.0], [80.0, 60.0], [40.0, 60.0]], }"
4222.0999999978285,"{""waypoints"":(-9850.8452, -6568.0365), ""unsafe_region"":[[40.0, 20.0], [80.0, 20.0], [80.0, 60.0], [40.0, 60.0]], }"
4222.0999999978285,"{""waypoints"":(-9850.8452, -6568.0365), ""unsafe_region"":[[40.0, 20.0], [80.0, 20.0], [80.0, 60.0], [40.0, 60.0]], }"
4291.599999998081,"{""waypoints"":(-9850.8452, -6568.0365), ""unsafe_region"":[[40.0, 20.0], [80.0, 20.0], [80.0, 60.0], [40.0, 60.0]], }"
4291.699999998082,"{""waypoints"":(-9850.8452, -6568.0365), ""unsafe_region"":[[40.0, 20.0], [80.0, 20.0], [80.0, 60.0], [40.0, 60.0]], }"
4291.699999998082,"{""waypoints"":(-9850.8452, -6568.0365), ""unsafe_region"":[[40.0, 20.0], [80.0, 20.0], [80.0, 60.0], [40.0, 60.0]], }"
4291.699999998082,"{""waypoints"":(-9850.8452, -6568.0365), ""unsafe_region"":[[40.0, 20.0], [80.0, 20.0], [80.0, 60.0], [40.0, 60.0]], }"
4291.699999998082,"{""waypoints"":(-9850.8452, -6568.0365), ""unsafe_region"":[[40.0, 20.0], [80.0, 20.0], [80.0, 60.0], [40.0, 60.0]], }"
4291.699999998082,"{""waypoints"":(-9850.8452, -6568.0365), ""unsafe_region"":[[40.0, 20.0], [80.0, 20.0], [80.0, 60.0], [40.0, 60.0]], }"
4291.699999998082,"{""waypoints"":(-9850.8452, -6568.0365), ""unsafe_region"":[[40.0, 20.0], [80.0, 20.0], [80.0, 60.0], [40.0, 60.0]], }"
4291.699999998082,"{""waypoints"":(-9850.8452, -6568.0365), ""unsafe_region"":[[40.0, 20.0], [80.0, 20.0], [80.0, 60.0], [40.0, 60.0]], }"
4291.699999998082,"{""waypoints"":(-9850.8452, -6568.0365), ""unsafe_region"":[[40.0, 20.0], [80.0, 20.0], [80.0, 60.0], [40.0, 60.0]], }"
4291.699999998082,"{""waypoints"":(-9850.8452, -6568.0365), ""unsafe_region"":[[40.0, 20.0], [80.0, 20.0], [80.0, 60.0], [40.0, 60.0]], }"
4291.699999998082,"{""waypoints"":(-9850.8452, -6568.0365), ""unsafe_region"":[[40.0, 20.0], [80.0, 20.0], [80.0, 60.0], [40.0, 60.0]], }"
4291.699999998082,"{""waypoints"":(-9850.8452, -6568.0365), ""unsafe_region"":[[40.0, 20.0], [80.0, 20.0], [80.0, 60.0], [40.0, 60.0]], }"
4291.699999998082,"{""waypoints"":(-9850.8452, -6568.0365), ""unsafe_region"":[[40.0, 20.0], [80.0, 20.0], [80.0, 60.0], [40.0, 60.0]], }"
4291.699999998082,"{""waypoints"":(-9850.8452, -6568.0365), ""unsafe_region"":[[40.0, 20.0], [80.0, 20.0], [80.0, 60.0], [40.0, 60.0]], }"
4291.699999998082,"{""waypoints"":(-9850.8452, -6568.0365), ""unsafe_region"":[[40.0, 20.0], [80.0, 20.0], [80.0, 60.0], [40.0, 60.0]], }"
4291.699999998082,"{""waypoints"":(-9850.8452, -6568.0365), ""unsafe_region"":[[40.0, 20.0], [80.0, 20.0], [80.0, 60.0], [40.0, 60.0]], }"
4291.699999998082,"{""waypoints"":(-9850.8452, -6568.0365), ""unsafe_region"":[[40.0, 20.0], [80.0, 20.0], [80.0, 60.0], [40.0, 60.0]], }"
4291.699999998082,"{""waypoints"":(-9850.8452, -6568.0365), ""unsafe_region"":[[40.0, 20.0], [80.0, 20.0], [80.0, 60.0], [40.0, 60.0]], }"
4291.699999998082,"{""waypoints"":(-9850.8452, -6568.0365), ""unsafe_region"":[[40.0, 20.0], [80.0, 20.0], [80.0, 60.0], [40.0, 60.0]], }"
4291.699999998082,"{""waypoints"":(-9850.8452, -6568.0365), ""unsafe_region"":[[40.0, 20.0], [80.0, 20.0], [80.0, 60.0], [40.0, 60.0]], }"
4291.699999998082,"{""waypoints"":(-9850.8452, -6568.0365), ""unsafe_region"":[[40.0, 20.0], [80.0, 20.0], [80.0, 60.0], [40.0, 60.0]], }"
4291.699999998082,"{""waypoints"":(-9850.8452, -6568.0365), ""unsafe_region"":[[40.0, 20.0], [80.0, 20.0], [80.0, 60.0], [40.0, 60.0]], }"
4291.699999998082,"{""waypoints"":(-9850.8452, -6568.0365), ""unsafe_region"":[[40.0, 20.0], [80.0, 20.0], [80.0, 60.0], [40.0, 60.0]], }"
4291.699999998082,"{""waypoints"":(-9850.8452, -6568.0365), ""unsafe_region"":[[40.0, 20.0], [80.0, 20.0], [80.0, 60.0], [40.0, 60.0]], }"
4291.699999998082,"{""waypoints"":(-9850.8452, -6568.0365), ""unsafe_region"":[[40.0, 20.0], [80.0, 20.0], [80.0, 60.0], [40.0, 60.0]], }"
4291.699999998082,"{""waypoints"":(-9850.8452, -6568.0365), ""unsafe_region"":[[40.0, 20.0], [80.0, 20.0], [80.0, 60.0], [40.0, 60.0]], }"
4291.699999998082,"{""waypoints"":(-9850.8452, -6568.0365), ""unsafe_region"":[[40.0, 20.0], [80.0, 20.0], [80.0, 60.0], [40.0, 60.0]], }"
4291.699999998082,"{""waypoints"":(-9850.8452, -6568.0365), ""unsafe_region"":[[40.0, 20.0], [80.0, 20.0], [80.0, 60.0], [40.0, 60.0]], }"
4291.699999998082,"{""waypoints"":(-9850.8452, -6568.0365), ""unsafe_region"":[[40.0, 20.0], [80.0, 20.0], [80.0, 60.0], [40.0, 60.0]], }"
4291.699999998082,"{""waypoints"":(-9850.8452, -6568.0365), ""unsafe_region"":[[40.0, 20.0], [80.0, 20.0], [80.0, 60.0], [40.0, 60.0]], }"
4291.699999998082,"{""waypoints"":(-9850.8452, -6568.0365), ""unsafe_region"":[[40.0, 20.0], [80.0, 20.0], [80.0, 60.0], [40.0, 60.0]], }"
4291.699999998082,"{""waypoints"":(-9850.8452, -6568.0365), ""unsafe_region"":[[40.0, 20.0], [80.0, 20.0], [80.0, 60.0], [40.0, 60.0]], }"
4291.699999998082,"{""waypoints"":(-9850.8452, -6568.0365), ""unsafe_region"":[[40.0, 20.0], [80.0, 20.0], [80.0, 60.0], [40.0, 60.0]], }"
4291.699999998082,"{""waypoints"":(-9850.8452, -6568.0365), ""unsafe_region"":[[40.0, 20.0], [80.0, 20.0], [80.0, 60.0], [40.0, 60.0]], }"
4291.699999998082,"{""waypoints"":(-9850.8452, -6568.0365), ""unsafe_region"":[[40.0, 20.0], [80.0, 20.0], [80.0, 60.0], [40.0, 60.0]], }"
4291.699999998082,"{""waypoints"":(-9850.8452, -6568.0365), ""unsafe_region"":[[40.0, 20.0], [80.0, 20.0], [80.0, 60.0], [40.0, 60.0]], }"
4291.699999998082,"{""waypoints"":(-9850.8452, -6568.0365), ""unsafe_region"":[[40.0, 20.0], [80.0, 20.0], [80.0, 60.0], [40.0, 60.0]], }"
4291.699999998082,"{""waypoints"":(-9850.8452, -6568.0365), ""unsafe_region"":[[40.0, 20.0], [80.0, 20.0], [80.0, 60.0], [40.0, 60.0]], }"
4291.699999998082,"{""waypoints"":(-9850.8452, -6568.0365), ""unsafe_region"":[[40.0, 20.0], [80.0, 20.0], [80.0, 60.0], [40.0, 60.0]], }"
4291.699999998082,"{""waypoints"":(-9850.8452, -6568.0365), ""unsafe_region"":[[40.0, 20.0], [80.0, 20.0], [80.0, 60.0], [40.0, 60.0]], }"
4291.699999998082,"{""waypoints"":(-9850.8452, -6568.0365), ""unsafe_region"":[[40.0, 20.0], [80.0, 20.0], [80.0, 60.0], [40.0, 60.0]], }"
4291.699999998082,"{""waypoints"":(-9850.8452, -6568.0365), ""unsafe_region"":[[40.0, 20.0], [80.0, 20.0], [80.0, 60.0], [40.0, 60.0]], }"
4291.699999998082,"{""waypoints"":(-9850.8452, -6568.0365), ""unsafe_region"":[[40.0, 20.0], [80.0, 20.0], [80.0, 60.0], [40.0, 60.0]], }"
4291.699999998082,"{""waypoints"":(-9850.8452, -6568.0365), ""unsafe_region"":[[40.0, 20.0], [80.0, 20.0], [80.0, 60.0], [40.0, 60.0]], }"
4291.699999998082,"{""waypoints"":(-9850.8452, -6568.0365), ""unsafe_region"":[[40.0, 20.0], [80.0, 20.0], [80.0, 60.0], [40.0, 60.0]], }"
4291.699999998082,"{""waypoints"":(-9850.8452, -6568.0365), ""unsafe_region"":[[40.0, 20.0], [80.0, 20.0], [80.0, 60.0], [40.0, 60.0]], }"
4291.699999998082,"{""waypoints"":(-9850.8452, -6568.0365), ""unsafe_region"":[[40.0, 20.0], [80.0, 20.0], [80.0, 60.0], [40.0, 60.0]], }"
4291.699999998082,"{""waypoints"":(-9850.8452, -6568.0365), ""unsafe_region"":[[40.0, 20.0], [80.0, 20.0], [80.0, 60.0], [40.0, 60.0]], }"
4291.699999998082,"{""waypoints"":(-9850.8452, -6568.0365), ""unsafe_region"":[[40.0, 20.0], [80.0, 20.0], [80.0, 60.0], [40.0, 60.0]], }"
4291.699999998082,"{""waypoints"":(-9850.8452, -6568.0365), ""unsafe_region"":[[40.0, 20.0], [80.0, 20.0], [80.0, 60.0], [40.0, 60.0]], }"
4291.699999998082,"{""waypoints"":(-9850.8452, -6568.0365), ""unsafe_region"":[[40.0, 20.0], [80.0, 20.0], [80.0, 60.0], [40.0, 60.0]], }"
4291.699999998082,"{""waypoints"":(-9850.8452, -6568.0365), ""unsafe_region"":[[40.0, 20.0], [80.0, 20.0], [80.0, 60.0], [40.0, 60.0]], }"
4291.699999998082,"{""waypoints"":(-9850.8452, -6568.0365), ""unsafe_region"":[[40.0, 20.0], [80.0, 20.0], [80.0, 60.0], [40.0, 60.0]], }"
4291.699999998082,"{""waypoints"":(-9850.8452, -6568.0365), ""unsafe_region"":[[40.0, 20.0], [80.0, 20.0], [80.0, 60.0], [40.0, 60.0]], }"
4291.699999998082,"{""waypoints"":(-9850.8452, -6568.0365), ""unsafe_region"":[[40.0, 20.0], [80.0, 20.0], [80.0, 60.0], [40.0, 60.0]], }"
4291.699999998082,"{""waypoints"":(-9850.8452, -6568.0365), ""unsafe_region"":[[40.0, 20.0], [80.0, 20.0], [80.0, 60.0], [40.0, 60.0]], }"
4291.699999998082,"{""waypoints"":(-9850.8452, -6568.0365), ""unsafe_region"":[[40.0, 20.0], [80.0, 20.0], [80.0, 60.0], [40.0, 60.0]], }"
4291.699999998082,"{""waypoints"":(-9850.8452, -6568.0365), ""unsafe_region"":[[40.0, 20.0], [80.0, 20.0], [80.0, 60.0], [40.0, 60.0]], }"
4291.699999998082,"{""waypoints"":(-9850.8452, -6568.0365), ""unsafe_region"":[[40.0, 20.0], [80.0, 20.0], [80.0, 60.0], [40.0, 60.0]], }"
4291.699999998082,"{""waypoints"":(-9850.8452, -6568.0365), ""unsafe_region"":[[40.0, 20.0], [80.0, 20.0], [80.0, 60.0], [40.0, 60.0]], }"
4291.699999998082,"{""waypoints"":(-9850.8452, -6568.0365), ""unsafe_region"":[[40.0, 20.0], [80.0, 20.0], [80.0, 60.0], [40.0, 60.0]], }"
4291.699999998082,"{""waypoints"":(-9850.8452, -6568.0365), ""unsafe_region"":[[40.0, 20.0], [80.0, 20.0], [80.0, 60.0], [40.0, 60.0]], }"
4291.699999998082,"{""waypoints"":(-9850.8452, -6568.0365), ""unsafe_region"":[[40.0, 20.0], [80.0, 20.0], [80.0, 60.0], [40.0, 60.0]], }"
4291.699999998082,"{""waypoints"":(-9850.8452, -6568.0365), ""unsafe_region"":[[40.0, 20.0], [80.0, 20.0], [80.0, 60.0], [40.0, 60.0]], }"
4291.699999998082,"{""waypoints"":(-9850.8452, -6568.0365), ""unsafe_region"":[[40.0, 20.0], [80.0, 20.0], [80.0, 60.0], [40.0, 60.0]], }"
4291.699999998082,"{""waypoints"":(-9850.8452, -6568.0365), ""unsafe_region"":[[40.0, 20.0], [80.0, 20.0], [80.0, 60.0], [40.0, 60.0]], }"
4291.699999998082,"{""waypoints"":(-9850.8452, -6568.0365), ""unsafe_region"":[[40.0, 20.0], [80.0, 20.0], [80.0, 60.0], [40.0, 60.0]], }"
4291.699999998082,"{""waypoints"":(-9850.8452, -6568.0365), ""unsafe_region"":[[40.0, 20.0], [80.0, 20.0], [80.0, 60.0], [40.0, 60.0]], }"
4291.699999998082,"{""waypoints"":(-9850.8452, -6568.0365), ""unsafe_region"":[[40.0, 20.0], [80.0, 20.0], [80.0, 60.0], [40.0, 60.0]], }"
4315.699999998169,"{""waypoints"":(-9850.8452, -6568.0365), ""unsafe_region"":[[40.0, 20.0], [80.0, 20.0], [80.0, 60.0], [40.0, 60.0]], }"
4315.799999998169,"{""waypoints"":(-9850.8452, -6568.0365), ""unsafe_region"":[[40.0, 20.0], [80.0, 20.0], [80.0, 60.0], [40.0, 60.0]], }"
4315.799999998169,"{""waypoints"":(-9850.8452, -6568.0365), ""unsafe_region"":[[40.0, 20.0], [80.0, 20.0], [80.0, 60.0], [40.0, 60.0]], }"
4315.799999998169,"{""waypoints"":(-9850.8452, -6568.0365), ""unsafe_region"":[[40.0, 20.0], [80.0, 20.0], [80.0, 60.0], [40.0, 60.0]], }"
4315.799999998169,"{""waypoints"":(-9850.8452, -6568.0365), ""unsafe_region"":[[40.0, 20.0], [80.0, 20.0], [80.0, 60.0], [40.0, 60.0]], }"
4315.799999998169,"{""waypoints"":(-9850.8452, -6568.0365), ""unsafe_region"":[[40.0, 20.0], [80.0, 20.0], [80.0, 60.0], [40.0, 60.0]], }"
4315.799999998169,"{""waypoints"":(-9850.8452, -6568.0365), ""unsafe_region"":[[40.0, 20.0], [80.0, 20.0], [80.0, 60.0], [40.0, 60.0]], }"
4315.799999998169,"{""waypoints"":(-9850.8452, -6568.0365), ""unsafe_region"":[[40.0, 20.0], [80.0, 20.0], [80.0, 60.0], [40.0, 60.0]], }"
4315.799999998169,"{""waypoints"":(-9850.8452, -6568.0365), ""unsafe_region"":[[40.0, 20.0], [80.0, 20.0], [80.0, 60.0], [40.0, 60.0]], }"
4315.799999998169,"{""waypoints"":(-9850.8452, -6568.0365), ""unsafe_region"":[[40.0, 20.0], [80.0, 20.0], [80.0, 60.0], [40.0, 60.0]], }"
4315.799999998169,"{""waypoints"":(-9850.8452, -6568.0365), ""unsafe_region"":[[40.0, 20.0], [80.0, 20.0], [80.0, 60.0], [40.0, 60.0]], }"
4315.799999998169,"{""waypoints"":(-9850.8452, -6568.0365), ""unsafe_region"":[[40.0, 20.0], [80.0, 20.0], [80.0, 60.0], [40.0, 60.0]], }"
4315.799999998169,"{""waypoints"":(-9850.8452, -6568.0365), ""unsafe_region"":[[40.0, 20.0], [80.0, 20.0], [80.0, 60.0], [40.0, 60.0]], }"
4315.799999998169,"{""waypoints"":(-9850.8452, -6568.0365), ""unsafe_region"":[[40.0, 20.0], [80.0, 20.0], [80.0, 60.0], [40.0, 60.0]], }"
4315.799999998169,"{""waypoints"":(-9850.8452, -6568.0365), ""unsafe_region"":[[40.0, 20.0], [80.0, 20.0], [80.0, 60.0], [40.0, 60.0]], }"
4315.799999998169,"{""waypoints"":(-9850.8452, -6568.0365), ""unsafe_region"":[[40.0, 20.0], [80.0, 20.0], [80.0, 60.0], [40.0, 60.0]], }"
4315.799999998169,"{""waypoints"":(-9850.8452, -6568.0365), ""unsafe_region"":[[40.0, 20.0], [80.0, 20.0], [80.0, 60.0], [40.0, 60.0]], }"
4315.799999998169,"{""waypoints"":(-9850.8452, -6568.0365), ""unsafe_region"":[[40.0, 20.0], [80.0, 20.0], [80.0, 60.0], [40.0, 60.0]], }"
4315.799999998169,"{""waypoints"":(-9850.8452, -6568.0365), ""unsafe_region"":[[40.0, 20.0], [80.0, 20.0], [80.0, 60.0], [40.0, 60.0]], }"
4315.799999998169,"{""waypoints"":(-9850.8452, -6568.0365), ""unsafe_region"":[[40.0, 20.0], [80.0, 20.0], [80.0, 60.0], [40.0, 60.0]], }"
4315.799999998169,"{""waypoints"":(-9850.8452, -6568.0365), ""unsafe_region"":[[40.0, 20.0], [80.0, 20.0], [80.0, 60.0], [40.0, 60.0]], }"
4315.799999998169,"{""waypoints"":(-9850.8452, -6568.0365), ""unsafe_region"":[[40.0, 20.0], [80.0, 20.0], [80.0, 60.0], [40.0, 60.0]], }"
4315.799999998169,"{""waypoints"":(-9850.8452, -6568.0365), ""unsafe_region"":[[40.0, 20.0], [80.0, 20.0], [80.0, 60.0], [40.0, 60.0]], }"
4315.799999998169,"{""waypoints"":(-9850.8452, -6568.0365), ""unsafe_region"":[[40.0, 20.0], [80.0, 20.0], [80.0, 60.0], [40.0, 60.0]], }"
4331.799999998228,"{""waypoints"":(-9850.8452, -6568.0365), ""unsafe_region"":[[40.0, 20.0], [80.0, 20.0], [80.0, 60.0], [40.0, 60.0]], }"
4331.899999998228,"{""waypoints"":(-9850.8452, -6568.0365), ""unsafe_region"":[[40.0, 20.0], [80.0, 20.0], [80.0, 60.0], [40.0, 60.0]], }"
4331.899999998228,"{""waypoints"":(-9850.8452, -6568.0365), ""unsafe_region"":[[40.0, 20.0], [80.0, 20.0], [80.0, 60.0], [40.0, 60.0]], }"
4331.899999998228,"{""waypoints"":(-9850.8452, -6568.0365), ""unsafe_region"":[[40.0, 20.0], [80.0, 20.0], [80.0, 60.0], [40.0, 60.0]], }"
4331.899999998228,"{""waypoints"":(-9850.8452, -6568.0365), ""unsafe_region"":[[40.0, 20.0], [80.0, 20.0], [80.0, 60.0], [40.0, 60.0]], }"
4331.899999998228,"{""waypoints"":(-9850.8452, -6568.0365), ""unsafe_region"":[[40.0, 20.0], [80.0, 20.0], [80.0, 60.0], [40.0, 60.0]], }"
4331.899999998228,"{""waypoints"":(-9850.8452, -6568.0365), ""unsafe_region"":[[40.0, 20.0], [80.0, 20.0], [80.0, 60.0], [40.0, 60.0]], }"
4331.899999998228,"{""waypoints"":(-9850.8452, -6568.0365), ""unsafe_region"":[[40.0, 20.0], [80.0, 20.0], [80.0, 60.0], [40.0, 60.0]], }"
4331.899999998228,"{""waypoints"":(-9850.8452, -6568.0365), ""unsafe_region"":[[40.0, 20.0], [80.0, 20.0], [80.0, 60.0], [40.0, 60.0]], }"
4331.899999998228,"{""waypoints"":(-9850.8452, -6568.0365), ""unsafe_region"":[[40.0, 20.0], [80.0, 20.0], [80.0, 60.0], [40.0, 60.0]], }"
4331.899999998228,"{""waypoints"":(-9850.8452, -6568.0365), ""unsafe_region"":[[40.0, 20.0], [80.0, 20.0], [80.0, 60.0], [40.0, 60.0]], }"
4331.899999998228,"{""waypoints"":(-9850.8452, -6568.0365), ""unsafe_region"":[[40.0, 20.0], [80.0, 20.0], [80.0, 60.0], [40.0, 60.0]], }"
4331.899999998228,"{""waypoints"":(-9850.8452, -6568.0365), ""unsafe_region"":[[40.0, 20.0], [80.0, 20.0], [80.0, 60.0], [40.0, 60.0]], }"
4331.899999998228,"{""waypoints"":(-9850.8452, -6568.0365), ""unsafe_region"":[[40.0, 20.0], [80.0, 20.0], [80.0, 60.0], [40.0, 60.0]], }"
4331.899999998228,"{""waypoints"":(-9850.8452, -6568.0365), ""unsafe_region"":[[40.0, 20.0], [80.0, 20.0], [80.0, 60.0], [40.0, 60.0]], }"
4331.899999998228,"{""waypoints"":(-9850.8452, -6568.0365), ""unsafe_region"":[[40.0, 20.0], [80.0, 20.0], [80.0, 60.0], [40.0, 60.0]], }"
4339.099999998254,"{""waypoints"":(-9850.8452, -6568.0365), ""unsafe_region"":[[40.0, 20.0], [80.0, 20.0], [80.0, 60.0], [40.0, 60.0]], }"
4339.1999999982545,"{""waypoints"":(-9850.8452, -6568.0365), ""unsafe_region"":[[40.0, 20.0], [80.0, 20.0], [80.0, 60.0], [40.0, 60.0]], }"
4339.1999999982545,"{""waypoints"":(-9850.8452, -6568.0365), ""unsafe_region"":[[40.0, 20.0], [80.0, 20.0], [80.0, 60.0], [40.0, 60.0]], }"
4339.1999999982545,"{""waypoints"":(-9850.8452, -6568.0365), ""unsafe_region"":[[40.0, 20.0], [80.0, 20.0], [80.0, 60.0], [40.0, 60.0]], }"
4339.1999999982545,"{""waypoints"":(-9850.8452, -6568.0365), ""unsafe_region"":[[40.0, 20.0], [80.0, 20.0], [80.0, 60.0], [40.0, 60.0]], }"
4339.1999999982545,"{""waypoints"":(-9850.8452, -6568.0365), ""unsafe_region"":[[40.0, 20.0], [80.0, 20.0], [80.0, 60.0], [40.0, 60.0]], }"
4339.1999999982545,"{""waypoints"":(-9850.8452, -6568.0365), ""unsafe_region"":[[40.0, 20.0], [80.0, 20.0], [80.0, 60.0], [40.0, 60.0]], }"
4339.1999999982545,"{""waypoints"":(-9850.8452, -6568.0365), ""unsafe_region"":[[40.0, 20.0], [80.0, 20.0], [80.0, 60.0], [40.0, 60.0]], }"
4399.899999998475,"{""waypoints"":(-9850.8452, -6568.0365), ""unsafe_region"":[[40.0, 20.0], [80.0, 20.0], [80.0, 60.0], [40.0, 60.0]], }"
4399.999999998476,"{""waypoints"":(-9850.8452, -6568.0365), ""unsafe_region"":[[40.0, 20.0], [80.0, 20.0], [80.0, 60.0], [40.0, 60.0]], }"
4399.999999998476,"{""waypoints"":(-9850.8452, -6568.0365), ""unsafe_region"":[[40.0, 20.0], [80.0, 20.0], [80.0, 60.0], [40.0, 60.0]], }"
4399.999999998476,"{""waypoints"":(-9850.8452, -6568.0365), ""unsafe_region"":[[40.0, 20.0], [80.0, 20.0], [80.0, 60.0], [40.0, 60.0]], }"
4399.999999998476,"{""waypoints"":(-9850.8452, -6568.0365), ""unsafe_region"":[[40.0, 20.0], [80.0, 20.0], [80.0, 60.0], [40.0, 60.0]], }"
4399.999999998476,"{""waypoints"":(-9850.8452, -6568.0365), ""unsafe_region"":[[40.0, 20.0], [80.0, 20.0], [80.0, 60.0], [40.0, 60.0]], }"
4399.999999998476,"{""waypoints"":(-9850.8452, -6568.0365), ""unsafe_region"":[[40.0, 20.0], [80.0, 20.0], [80.0, 60.0], [40.0, 60.0]], }"
4399.999999998476,"{""waypoints"":(-9850.8452, -6568.0365), ""unsafe_region"":[[40.0, 20.0], [80.0, 20.0], [80.0, 60.0], [40.0, 60.0]], }"
4399.999999998476,"{""waypoints"":(-9850.8452, -6568.0365), ""unsafe_region"":[[40.0, 20.0], [80.0, 20.0], [80.0, 60.0], [40.0, 60.0]], }"
4399.999999998476,"{""waypoints"":(-9850.8452, -6568.0365), ""unsafe_region"":[[40.0, 20.0], [80.0, 20.0], [80.0, 60.0], [40.0, 60.0]], }"
4399.999999998476,"{""waypoints"":(-9850.8452, -6568.0365), ""unsafe_region"":[[40.0, 20.0], [80.0, 20.0], [80.0, 60.0], [40.0, 60.0]], }"
4399.999999998476,"{""waypoints"":(-9850.8452, -6568.0365), ""unsafe_region"":[[40.0, 20.0], [80.0, 20.0], [80.0, 60.0], [40.0, 60.0]], }"
4399.999999998476,"{""waypoints"":(-9850.8452, -6568.0365), ""unsafe_region"":[[40.0, 20.0], [80.0, 20.0], [80.0, 60.0], [40.0, 60.0]], }"
4399.999999998476,"{""waypoints"":(-9850.8452, -6568.0365), ""unsafe_region"":[[40.0, 20.0], [80.0, 20.0], [80.0, 60.0], [40.0, 60.0]], }"
4399.999999998476,"{""waypoints"":(-9850.8452, -6568.0365), ""unsafe_region"":[[40.0, 20.0], [80.0, 20.0], [80.0, 60.0], [40.0, 60.0]], }"
4399.999999998476,"{""waypoints"":(-9850.8452, -6568.0365), ""unsafe_region"":[[40.0, 20.0], [80.0, 20.0], [80.0, 60.0], [40.0, 60.0]], }"
4399.999999998476,"{""waypoints"":(-9850.8452, -6568.0365), ""unsafe_region"":[[40.0, 20.0], [80.0, 20.0], [80.0, 60.0], [40.0, 60.0]], }"
4399.999999998476,"{""waypoints"":(-9850.8452, -6568.0365), ""unsafe_region"":[[40.0, 20.0], [80.0, 20.0], [80.0, 60.0], [40.0, 60.0]], }"
4399.999999998476,"{""waypoints"":(-9850.8452, -6568.0365), ""unsafe_region"":[[40.0, 20.0], [80.0, 20.0], [80.0, 60.0], [40.0, 60.0]], }"
4399.999999998476,"{""waypoints"":(-9850.8452, -6568.0365), ""unsafe_region"":[[40.0, 20.0], [80.0, 20.0], [80.0, 60.0], [40.0, 60.0]], }"
4399.999999998476,"{""waypoints"":(-9850.8452, -6568.0365), ""unsafe_region"":[[40.0, 20.0], [80.0, 20.0], [80.0, 60.0], [40.0, 60.0]], }"
4399.999999998476,"{""waypoints"":(-9850.8452, -6568.0365), ""unsafe_region"":[[40.0, 20.0], [80.0, 20.0], [80.0, 60.0], [40.0, 60.0]], }"
4399.999999998476,"{""waypoints"":(-9850.8452, -6568.0365), ""unsafe_region"":[[40.0, 20.0], [80.0, 20.0], [80.0, 60.0], [40.0, 60.0]], }"
4399.999999998476,"{""waypoints"":(-9850.8452, -6568.0365), ""unsafe_region"":[[40.0, 20.0], [80.0, 20.0], [80.0, 60.0], [40.0, 60.0]], }"
4399.999999998476,"{""waypoints"":(-9850.8452, -6568.0365), ""unsafe_region"":[[40.0, 20.0], [80.0, 20.0], [80.0, 60.0], [40.0, 60.0]], }"
4399.999999998476,"{""waypoints"":(-9850.8452, -6568.0365), ""unsafe_region"":[[40.0, 20.0], [80.0, 20.0], [80.0, 60.0], [40.0, 60.0]], }"
4399.999999998476,"{""waypoints"":(-9850.8452, -6568.0365), ""unsafe_region"":[[40.0, 20.0], [80.0, 20.0], [80.0, 60.0], [40.0, 60.0]], }"
4399.999999998476,"{""waypoints"":(-9850.8452, -6568.0365), ""unsafe_region"":[[40.0, 20.0], [80.0, 20.0], [80.0, 60.0], [40.0, 60.0]], }"
4399.999999998476,"{""waypoints"":(-9850.8452, -6568.0365), ""unsafe_region"":[[40.0, 20.0], [80.0, 20.0], [80.0, 60.0], [40.0, 60.0]], }"
4399.999999998476,"{""waypoints"":(-9850.8452, -6568.0365), ""unsafe_region"":[[40.0, 20.0], [80.0, 20.0], [80.0, 60.0], [40.0, 60.0]], }"
4399.999999998476,"{""waypoints"":(-9850.8452, -6568.0365), ""unsafe_region"":[[40.0, 20.0], [80.0, 20.0], [80.0, 60.0], [40.0, 60.0]], }"
4399.999999998476,"{""waypoints"":(-9850.8452, -6568.0365), ""unsafe_region"":[[40.0, 20.0], [80.0, 20.0], [80.0, 60.0], [40.0, 60.0]], }"
4399.999999998476,"{""waypoints"":(-9850.8452, -6568.0365), ""unsafe_region"":[[40.0, 20.0], [80.0, 20.0], [80.0, 60.0], [40.0, 60.0]], }"
4399.999999998476,"{""waypoints"":(-9850.8452, -6568.0365), ""unsafe_region"":[[40.0, 20.0], [80.0, 20.0], [80.0, 60.0], [40.0, 60.0]], }"
4399.999999998476,"{""waypoints"":(-9850.8452, -6568.0365), ""unsafe_region"":[[40.0, 20.0], [80.0, 20.0], [80.0, 60.0], [40.0, 60.0]], }"
4399.999999998476,"{""waypoints"":(-9850.8452, -6568.0365), ""unsafe_region"":[[40.0, 20.0], [80.0, 20.0], [80.0, 60.0], [40.0, 60.0]], }"
4399.999999998476,"{""waypoints"":(-9850.8452, -6568.0365), ""unsafe_region"":[[40.0, 20.0], [80.0, 20.0], [80.0, 60.0], [40.0, 60.0]], }"
4399.999999998476,"{""waypoints"":(-9850.8452, -6568.0365), ""unsafe_region"":[[40.0, 20.0], [80.0, 20.0], [80.0, 60.0], [40.0, 60.0]], }"
4399.999999998476,"{""waypoints"":(-9850.8452, -6568.0365), ""unsafe_region"":[[40.0, 20.0], [80.0, 20.0], [80.0, 60.0], [40.0, 60.0]], }"
4399.999999998476,"{""waypoints"":(-9850.8452, -6568.0365), ""unsafe_region"":[[40.0, 20.0], [80.0, 20.0], [80.0, 60.0], [40.0, 60.0]], }"
4399.999999998476,"{""waypoints"":(-9850.8452, -6568.0365), ""unsafe_region"":[[40.0, 20.0], [80.0, 20.0], [80.0, 60.0], [40.0, 60.0]], }"
4399.999999998476,"{""waypoints"":(-9850.8452, -6568.0365), ""unsafe_region"":[[40.0, 20.0], [80.0, 20.0], [80.0, 60.0], [40.0, 60.0]], }"
4399.999999998476,"{""waypoints"":(-9850.8452, -6568.0365), ""unsafe_region"":[[40.0, 20.0], [80.0, 20.0], [80.0, 60.0], [40.0, 60.0]], }"
4399.999999998476,"{""waypoints"":(-9850.8452, -6568.0365), ""unsafe_region"":[[40.0, 20.0], [80.0, 20.0], [80.0, 60.0], [40.0, 60.0]], }"
4399.999999998476,"{""waypoints"":(-9850.8452, -6568.0365), ""unsafe_region"":[[40.0, 20.0], [80.0, 20.0], [80.0, 60.0], [40.0, 60.0]], }"
4399.999999998476,"{""waypoints"":(-9850.8452, -6568.0365), ""unsafe_region"":[[40.0, 20.0], [80.0, 20.0], [80.0, 60.0], [40.0, 60.0]], }"
4399.999999998476,"{""waypoints"":(-9850.8452, -6568.0365), ""unsafe_region"":[[40.0, 20.0], [80.0, 20.0], [80.0, 60.0], [40.0, 60.0]], }"
4399.999999998476,"{""waypoints"":(-9850.8452, -6568.0365), ""unsafe_region"":[[40.0, 20.0], [80.0, 20.0], [80.0, 60.0], [40.0, 60.0]], }"
4399.999999998476,"{""waypoints"":(-9850.8452, -6568.0365), ""unsafe_region"":[[40.0, 20.0], [80.0, 20.0], [80.0, 60.0], [40.0, 60.0]], }"
4399.999999998476,"{""waypoints"":(-9850.8452, -6568.0365), ""unsafe_region"":[[40.0, 20.0], [80.0, 20.0], [80.0, 60.0], [40.0, 60.0]], }"
4399.999999998476,"{""waypoints"":(-9850.8452, -6568.0365), ""unsafe_region"":[[40.0, 20.0], [80.0, 20.0], [80.0, 60.0], [40.0, 60.0]], }"
4399.999999998476,"{""waypoints"":(-9850.8452, -6568.0365), ""unsafe_region"":[[40.0, 20.0], [80.0, 20.0], [80.0, 60.0], [40.0, 60.0]], }"
4399.999999998476,"{""waypoints"":(-9850.8452, -6568.0365), ""unsafe_region"":[[40.0, 20.0], [80.0, 20.0], [80.0, 60.0], [40.0, 60.0]], }"
4399.999999998476,"{""waypoints"":(-9850.8452, -6568.0365), ""unsafe_region"":[[40.0, 20.0], [80.0, 20.0], [80.0, 60.0], [40.0, 60.0]], }"
4399.999999998476,"{""waypoints"":(-9850.8452, -6568.0365), ""unsafe_region"":[[40.0, 20.0], [80.0, 20.0], [80.0, 60.0], [40.0, 60.0]], }"
4399.999999998476,"{""waypoints"":(-9850.8452, -6568.0365), ""unsafe_region"":[[40.0, 20.0], [80.0, 20.0], [80.0, 60.0], [40.0, 60.0]], }"
4399.999999998476,"{""waypoints"":(-9850.8452, -6568.0365), ""unsafe_region"":[[40.0, 20.0], [80.0, 20.0], [80.0, 60.0], [40.0, 60.0]], }"
4399.999999998476,"{""waypoints"":(-9850.8452, -6568.0365), ""unsafe_region"":[[40.0, 20.0], [80.0, 20.0], [80.0, 60.0], [40.0, 60.0]], }"
4399.999999998476,"{""waypoints"":(-9850.8452, -6568.0365), ""unsafe_region"":[[40.0, 20.0], [80.0, 20.0], [80.0, 60.0], [40.0, 60.0]], }"
4399.999999998476,"{""waypoints"":(-9850.8452, -6568.0365), ""unsafe_region"":[[40.0, 20.0], [80.0, 20.0], [80.0, 60.0], [40.0, 60.0]], }"
4399.999999998476,"{""waypoints"":(-9850.8452, -6568.0365), ""unsafe_region"":[[40.0, 20.0], [80.0, 20.0], [80.0, 60.0], [40.0, 60.0]], }"
4470.299999998731,"{""waypoints"":(-9850.8452, -6568.0365), ""unsafe_region"":[[40.0, 20.0], [80.0, 20.0], [80.0, 60.0], [40.0, 60.0]], }"
4470.399999998732,"{""waypoints"":(-9850.8452, -6568.0365), ""unsafe_region"":[[40.0, 20.0], [80.0, 20.0], [80.0, 60.0], [40.0, 60.0]], }"
4470.399999998732,"{""waypoints"":(-9850.8452, -6568.0365), ""unsafe_region"":[[40.0, 20.0], [80.0, 20.0], [80.0, 60.0], [40.0, 60.0]], }"
4470.399999998732,"{""waypoints"":(-9850.8452, -6568.0365), ""unsafe_region"":[[40.0, 20.0], [80.0, 20.0], [80.0, 60.0], [40.0, 60.0]], }"
4470.399999998732,"{""waypoints"":(-9850.8452, -6568.0365), ""unsafe_region"":[[40.0, 20.0], [80.0, 20.0], [80.0, 60.0], [40.0, 60.0]], }"
4470.399999998732,"{""waypoints"":(-9850.8452, -6568.0365), ""unsafe_region"":[[40.0, 20.0], [80.0, 20.0], [80.0, 60.0], [40.0, 60.0]], }"
4470.399999998732,"{""waypoints"":(-9850.8452, -6568.0365), ""unsafe_region"":[[40.0, 20.0], [80.0, 20.0], [80.0, 60.0], [40.0, 60.0]], }"
4470.399999998732,"{""waypoints"":(-9850.8452, -6568.0365), ""unsafe_region"":[[40.0, 20.0], [80.0, 20.0], [80.0, 60.0], [40.0, 60.0]], }"
4470.399999998732,"{""waypoints"":(-9850.8452, -6568.0365), ""unsafe_region"":[[40.0, 20.0], [80.0, 20.0], [80.0, 60.0], [40.0, 60.0]], }"
4470.399999998732,"{""waypoints"":(-9850.8452, -6568.0365), ""unsafe_region"":[[40.0, 20.0], [80.0, 20.0], [80.0, 60.0], [40.0, 60.0]], }"
4470.399999998732,"{""waypoints"":(-9850.8452, -6568.0365), ""unsafe_region"":[[40.0, 20.0], [80.0, 20.0], [80.0, 60.0], [40.0, 60.0]], }"
4470.399999998732,"{""waypoints"":(-9850.8452, -6568.0365), ""unsafe_region"":[[40.0, 20.0], [80.0, 20.0], [80.0, 60.0], [40.0, 60.0]], }"
4470.399999998732,"{""waypoints"":(-9850.8452, -6568.0365), ""unsafe_region"":[[40.0, 20.0], [80.0, 20.0], [80.0, 60.0], [40.0, 60.0]], }"
4470.399999998732,"{""waypoints"":(-9850.8452, -6568.0365), ""unsafe_region"":[[40.0, 20.0], [80.0, 20.0], [80.0, 60.0], [40.0, 60.0]], }"
4470.399999998732,"{""waypoints"":(-9850.8452, -6568.0365), ""unsafe_region"":[[40.0, 20.0], [80.0, 20.0], [80.0, 60.0], [40.0, 60.0]], }"
4470.399999998732,"{""waypoints"":(-9850.8452, -6568.0365), ""unsafe_region"":[[40.0, 20.0], [80.0, 20.0], [80.0, 60.0], [40.0, 60.0]], }"
4470.399999998732,"{""waypoints"":(-9850.8452, -6568.0365), ""unsafe_region"":[[40.0, 20.0], [80.0, 20.0], [80.0, 60.0], [40.0, 60.0]], }"
4470.399999998732,"{""waypoints"":(-9850.8452, -6568.0365), ""unsafe_region"":[[40.0, 20.0], [80.0, 20.0], [80.0, 60.0], [40.0, 60.0]], }"
4470.399999998732,"{""waypoints"":(-9850.8452, -6568.0365), ""unsafe_region"":[[40.0, 20.0], [80.0, 20.0], [80.0, 60.0], [40.0, 60.0]], }"
4470.399999998732,"{""waypoints"":(-9850.8452, -6568.0365), ""unsafe_region"":[[40.0, 20.0], [80.0, 20.0], [80.0, 60.0], [40.0, 60.0]], }"
4470.399999998732,"{""waypoints"":(-9850.8452, -6568.0365), ""unsafe_region"":[[40.0, 20.0], [80.0, 20.0], [80.0, 60.0], [40.0, 60.0]], }"
4470.399999998732,"{""waypoints"":(-9850.8452, -6568.0365), ""unsafe_region"":[[40.0, 20.0], [80.0, 20.0], [80.0, 60.0], [40.0, 60.0]], }"
4470.399999998732,"{""waypoints"":(-9850.8452, -6568.0365), ""unsafe_region"":[[40.0, 20.0], [80.0, 20.0], [80.0, 60.0], [40.0, 60.0]], }"
4470.399999998732,"{""waypoints"":(-9850.8452, -6568.0365), ""unsafe_region"":[[40.0, 20.0], [80.0, 20.0], [80.0, 60.0], [40.0, 60.0]], }"
4470.399999998732,"{""waypoints"":(-9850.8452, -6568.0365), ""unsafe_region"":[[40.0, 20.0], [80.0, 20.0], [80.0, 60.0], [40.0, 60.0]], }"
4470.399999998732,"{""waypoints"":(-9850.8452, -6568.0365), ""unsafe_region"":[[40.0, 20.0], [80.0, 20.0], [80.0, 60.0], [40.0, 60.0]], }"
4470.399999998732,"{""waypoints"":(-9850.8452, -6568.0365), ""unsafe_region"":[[40.0, 20.0], [80.0, 20.0], [80.0, 60.0], [40.0, 60.0]], }"
4470.399999998732,"{""waypoints"":(-9850.8452, -6568.0365), ""unsafe_region"":[[40.0, 20.0], [80.0, 20.0], [80.0, 60.0], [40.0, 60.0]], }"
4470.399999998732,"{""waypoints"":(-9850.8452, -6568.0365), ""unsafe_region"":[[40.0, 20.0], [80.0, 20.0], [80.0, 60.0], [40.0, 60.0]], }"
4470.399999998732,"{""waypoints"":(-9850.8452, -6568.0365), ""unsafe_region"":[[40.0, 20.0], [80.0, 20.0], [80.0, 60.0], [40.0, 60.0]], }"
4470.399999998732,"{""waypoints"":(-9850.8452, -6568.0365), ""unsafe_region"":[[40.0, 20.0], [80.0, 20.0], [80.0, 60.0], [40.0, 60.0]], }"
4470.399999998732,"{""waypoints"":(-9850.8452, -6568.0365), ""unsafe_region"":[[40.0, 20.0], [80.0, 20.0], [80.0, 60.0], [40.0, 60.0]], }"
4470.399999998732,"{""waypoints"":(-9850.8452, -6568.0365), ""unsafe_region"":[[40.0, 20.0], [80.0, 20.0], [80.0, 60.0], [40.0, 60.0]], }"
4470.399999998732,"{""waypoints"":(-9850.8452, -6568.0365), ""unsafe_region"":[[40.0, 20.0], [80.0, 20.0], [80.0, 60.0], [40.0, 60.0]], }"
4470.399999998732,"{""waypoints"":(-9850.8452, -6568.0365), ""unsafe_region"":[[40.0, 20.0], [80.0, 20.0], [80.0, 60.0], [40.0, 60.0]], }"
4470.399999998732,"{""waypoints"":(-9850.8452, -6568.0365), ""unsafe_region"":[[40.0, 20.0], [80.0, 20.0], [80.0, 60.0], [40.0, 60.0]], }"
4470.399999998732,"{""waypoints"":(-9850.8452, -6568.0365), ""unsafe_region"":[[40.0, 20.0], [80.0, 20.0], [80.0, 60.0], [40.0, 60.0]], }"
4470.399999998732,"{""waypoints"":(-9850.8452, -6568.0365), ""unsafe_region"":[[40.0, 20.0], [80.0, 20.0], [80.0, 60.0], [40.0, 60.0]], }"
4470.399999998732,"{""waypoints"":(-9850.8452, -6568.0365), ""unsafe_region"":[[40.0, 20.0], [80.0, 20.0], [80.0, 60.0], [40.0, 60.0]], }"
4470.399999998732,"{""waypoints"":(-9850.8452, -6568.0365), ""unsafe_region"":[[40.0, 20.0], [80.0, 20.0], [80.0, 60.0], [40.0, 60.0]], }"
4470.399999998732,"{""waypoints"":(-9850.8452, -6568.0365), ""unsafe_region"":[[40.0, 20.0], [80.0, 20.0], [80.0, 60.0], [40.0, 60.0]], }"
4470.399999998732,"{""waypoints"":(-9850.8452, -6568.0365), ""unsafe_region"":[[40.0, 20.0], [80.0, 20.0], [80.0, 60.0], [40.0, 60.0]], }"
4470.399999998732,"{""waypoints"":(-9850.8452, -6568.0365), ""unsafe_region"":[[40.0, 20.0], [80.0, 20.0], [80.0, 60.0], [40.0, 60.0]], }"
4470.399999998732,"{""waypoints"":(-9850.8452, -6568.0365), ""unsafe_region"":[[40.0, 20.0], [80.0, 20.0], [80.0, 60.0], [40.0, 60.0]], }"
4470.399999998732,"{""waypoints"":(-9850.8452, -6568.0365), ""unsafe_region"":[[40.0, 20.0], [80.0, 20.0], [80.0, 60.0], [40.0, 60.0]], }"
4470.399999998732,"{""waypoints"":(-9850.8452, -6568.0365), ""unsafe_region"":[[40.0, 20.0], [80.0, 20.0], [80.0, 60.0], [40.0, 60.0]], }"
4470.399999998732,"{""waypoints"":(-9850.8452, -6568.0365), ""unsafe_region"":[[40.0, 20.0], [80.0, 20.0], [80.0, 60.0], [40.0, 60.0]], }"
4470.399999998732,"{""waypoints"":(-9850.8452, -6568.0365), ""unsafe_region"":[[40.0, 20.0], [80.0, 20.0], [80.0, 60.0], [40.0, 60.0]], }"
4470.399999998732,"{""waypoints"":(-9850.8452, -6568.0365), ""unsafe_region"":[[40.0, 20.0], [80.0, 20.0], [80.0, 60.0], [40.0, 60.0]], }"
4470.399999998732,"{""waypoints"":(-9850.8452, -6568.0365), ""unsafe_region"":[[40.0, 20.0], [80.0, 20.0], [80.0, 60.0], [40.0, 60.0]], }"
4470.399999998732,"{""waypoints"":(-9850.8452, -6568.0365), ""unsafe_region"":[[40.0, 20.0], [80.0, 20.0], [80.0, 60.0], [40.0, 60.0]], }"
4470.399999998732,"{""waypoints"":(-9850.8452, -6568.0365), ""unsafe_region"":[[40.0, 20.0], [80.0, 20.0], [80.0, 60.0], [40.0, 60.0]], }"
4470.399999998732,"{""waypoints"":(-9850.8452, -6568.0365), ""unsafe_region"":[[40.0, 20.0], [80.0, 20.0], [80.0, 60.0], [40.0, 60.0]], }"
4470.399999998732,"{""waypoints"":(-9850.8452, -6568.0365), ""unsafe_region"":[[40.0, 20.0], [80.0, 20.0], [80.0, 60.0], [40.0, 60.0]], }"
4470.399999998732,"{""waypoints"":(-9850.8452, -6568.0365), ""unsafe_region"":[[40.0, 20.0], [80.0, 20.0], [80.0, 60.0], [40.0, 60.0]], }"
4470.399999998732,"{""waypoints"":(-9850.8452, -6568.0365), ""unsafe_region"":[[40.0, 20.0], [80.0, 20.0], [80.0, 60.0], [40.0, 60.0]], }"
4470.399999998732,"{""waypoints"":(-9850.8452, -6568.0365), ""unsafe_region"":[[40.0, 20.0], [80.0, 20.0], [80.0, 60.0], [40.0, 60.0]], }"
4470.399999998732,"{""waypoints"":(-9850.8452, -6568.0365), ""unsafe_region"":[[40.0, 20.0], [80.0, 20.0], [80.0, 60.0], [40.0, 60.0]], }"
4470.399999998732,"{""waypoints"":(-9850.8452, -6568.0365), ""unsafe_region"":[[40.0, 20.0], [80.0, 20.0], [80.0, 60.0], [40.0, 60.0]], }"
4470.399999998732,"{""waypoints"":(-9850.8452, -6568.0365), ""unsafe_region"":[[40.0, 20.0], [80.0, 20.0], [80.0, 60.0], [40.0, 60.0]], }"
4470.399999998732,"{""waypoints"":(-9850.8452, -6568.0365), ""unsafe_region"":[[40.0, 20.0], [80.0, 20.0], [80.0, 60.0], [40.0, 60.0]], }"
4470.399999998732,"{""waypoints"":(-9850.8452, -6568.0365), ""unsafe_region"":[[40.0, 20.0], [80.0, 20.0], [80.0, 60.0], [40.0, 60.0]], }"
4470.399999998732,"{""waypoints"":(-9850.8452, -6568.0365), ""unsafe_region"":[[40.0, 20.0], [80.0, 20.0], [80.0, 60.0], [40.0, 60.0]], }"
4470.399999998732,"{""waypoints"":(-9850.8452, -6568.0365), ""unsafe_region"":[[40.0, 20.0], [80.0, 20.0], [80.0, 60.0], [40.0, 60.0]], }"
4470.399999998732,"{""waypoints"":(-9850.8452, -6568.0365), ""unsafe_region"":[[40.0, 20.0], [80.0, 20.0], [80.0, 60.0], [40.0, 60.0]], }"
4470.399999998732,"{""waypoints"":(-9850.8452, -6568.0365), ""unsafe_region"":[[40.0, 20.0], [80.0, 20.0], [80.0, 60.0], [40.0, 60.0]], }"
4470.399999998732,"{""waypoints"":(-9850.8452, -6568.0365), ""unsafe_region"":[[40.0, 20.0], [80.0, 20.0], [80.0, 60.0], [40.0, 60.0]], }"
4470.399999998732,"{""waypoints"":(-9850.8452, -6568.0365), ""unsafe_region"":[[40.0, 20.0], [80.0, 20.0], [80.0, 60.0], [40.0, 60.0]], }"
4470.399999998732,"{""waypoints"":(-9850.8452, -6568.0365), ""unsafe_region"":[[40.0, 20.0], [80.0, 20.0], [80.0, 60.0], [40.0, 60.0]], }"
4470.399999998732,"{""waypoints"":(-9850.8452, -6568.0365), ""unsafe_region"":[[40.0, 20.0], [80.0, 20.0], [80.0, 60.0], [40.0, 60.0]], }"
4514.699999998893,"{""waypoints"":(-9850.8452, -6568.0365), ""unsafe_region"":[[40.0, 20.0], [80.0, 20.0], [80.0, 60.0], [40.0, 60.0]], }"
4514.799999998893,"{""waypoints"":(-9850.8452, -6568.0365), ""unsafe_region"":[[40.0, 20.0], [80.0, 20.0], [80.0, 60.0], [40.0, 60.0]], }"
4514.799999998893,"{""waypoints"":(-9850.8452, -6568.0365), ""unsafe_region"":[[40.0, 20.0], [80.0, 20.0], [80.0, 60.0], [40.0, 60.0]], }"
4514.799999998893,"{""waypoints"":(-9850.8452, -6568.0365), ""unsafe_region"":[[40.0, 20.0], [80.0, 20.0], [80.0, 60.0], [40.0, 60.0]], }"
4514.799999998893,"{""waypoints"":(-9850.8452, -6568.0365), ""unsafe_region"":[[40.0, 20.0], [80.0, 20.0], [80.0, 60.0], [40.0, 60.0]], }"
4514.799999998893,"{""waypoints"":(-9850.8452, -6568.0365), ""unsafe_region"":[[40.0, 20.0], [80.0, 20.0], [80.0, 60.0], [40.0, 60.0]], }"
4514.799999998893,"{""waypoints"":(-9850.8452, -6568.0365), ""unsafe_region"":[[40.0, 20.0], [80.0, 20.0], [80.0, 60.0], [40.0, 60.0]], }"
4514.799999998893,"{""waypoints"":(-9850.8452, -6568.0365), ""unsafe_region"":[[40.0, 20.0], [80.0, 20.0], [80.0, 60.0], [40.0, 60.0]], }"
4514.799999998893,"{""waypoints"":(-9850.8452, -6568.0365), ""unsafe_region"":[[40.0, 20.0], [80.0, 20.0], [80.0, 60.0], [40.0, 60.0]], }"
4514.799999998893,"{""waypoints"":(-9850.8452, -6568.0365), ""unsafe_region"":[[40.0, 20.0], [80.0, 20.0], [80.0, 60.0], [40.0, 60.0]], }"
4514.799999998893,"{""waypoints"":(-9850.8452, -6568.0365), ""unsafe_region"":[[40.0, 20.0], [80.0, 20.0], [80.0, 60.0], [40.0, 60.0]], }"
4514.799999998893,"{""waypoints"":(-9850.8452, -6568.0365), ""unsafe_region"":[[40.0, 20.0], [80.0, 20.0], [80.0, 60.0], [40.0, 60.0]], }"
4514.799999998893,"{""waypoints"":(-9850.8452, -6568.0365), ""unsafe_region"":[[40.0, 20.0], [80.0, 20.0], [80.0, 60.0], [40.0, 60.0]], }"
4514.799999998893,"{""waypoints"":(-9850.8452, -6568.0365), ""unsafe_region"":[[40.0, 20.0], [80.0, 20.0], [80.0, 60.0], [40.0, 60.0]], }"
4514.799999998893,"{""waypoints"":(-9850.8452, -6568.0365), ""unsafe_region"":[[40.0, 20.0], [80.0, 20.0], [80.0, 60.0], [40.0, 60.0]], }"
4514.799999998893,"{""waypoints"":(-9850.8452, -6568.0365), ""unsafe_region"":[[40.0, 20.0], [80.0, 20.0], [80.0, 60.0], [40.0, 60.0]], }"
4514.799999998893,"{""waypoints"":(-9850.8452, -6568.0365), ""unsafe_region"":[[40.0, 20.0], [80.0, 20.0], [80.0, 60.0], [40.0, 60.0]], }"
4514.799999998893,"{""waypoints"":(-9850.8452, -6568.0365), ""unsafe_region"":[[40.0, 20.0], [80.0, 20.0], [80.0, 60.0], [40.0, 60.0]], }"
4514.799999998893,"{""waypoints"":(-9850.8452, -6568.0365), ""unsafe_region"":[[40.0, 20.0], [80.0, 20.0], [80.0, 60.0], [40.0, 60.0]], }"
4514.799999998893,"{""waypoints"":(-9850.8452, -6568.0365), ""unsafe_region"":[[40.0, 20.0], [80.0, 20.0], [80.0, 60.0], [40.0, 60.0]], }"
4514.799999998893,"{""waypoints"":(-9850.8452, -6568.0365), ""unsafe_region"":[[40.0, 20.0], [80.0, 20.0], [80.0, 60.0], [40.0, 60.0]], }"
4514.799999998893,"{""waypoints"":(-9850.8452, -6568.0365), ""unsafe_region"":[[40.0, 20.0], [80.0, 20.0], [80.0, 60.0], [40.0, 60.0]], }"
4514.799999998893,"{""waypoints"":(-9850.8452, -6568.0365), ""unsafe_region"":[[40.0, 20.0], [80.0, 20.0], [80.0, 60.0], [40.0, 60.0]], }"
4514.799999998893,"{""waypoints"":(-9850.8452, -6568.0365), ""unsafe_region"":[[40.0, 20.0], [80.0, 20.0], [80.0, 60.0], [40.0, 60.0]], }"
4514.799999998893,"{""waypoints"":(-9850.8452, -6568.0365), ""unsafe_region"":[[40.0, 20.0], [80.0, 20.0], [80.0, 60.0], [40.0, 60.0]], }"
4514.799999998893,"{""waypoints"":(-9850.8452, -6568.0365), ""unsafe_region"":[[40.0, 20.0], [80.0, 20.0], [80.0, 60.0], [40.0, 60.0]], }"
4514.799999998893,"{""waypoints"":(-9850.8452, -6568.0365), ""unsafe_region"":[[40.0, 20.0], [80.0, 20.0], [80.0, 60.0], [40.0, 60.0]], }"
4514.799999998893,"{""waypoints"":(-9850.8452, -6568.0365), ""unsafe_region"":[[40.0, 20.0], [80.0, 20.0], [80.0, 60.0], [40.0, 60.0]], }"
4514.799999998893,"{""waypoints"":(-9850.8452, -6568.0365), ""unsafe_region"":[[40.0, 20.0], [80.0, 20.0], [80.0, 60.0], [40.0, 60.0]], }"
4514.799999998893,"{""waypoints"":(-9850.8452, -6568.0365), ""unsafe_region"":[[40.0, 20.0], [80.0, 20.0], [80.0, 60.0], [40.0, 60.0]], }"
4514.799999998893,"{""waypoints"":(-9850.8452, -6568.0365), ""unsafe_region"":[[40.0, 20.0], [80.0, 20.0], [80.0, 60.0], [40.0, 60.0]], }"
4514.799999998893,"{""waypoints"":(-9850.8452, -6568.0365), ""unsafe_region"":[[40.0, 20.0], [80.0, 20.0], [80.0, 60.0], [40.0, 60.0]], }"
4514.799999998893,"{""waypoints"":(-9850.8452, -6568.0365), ""unsafe_region"":[[40.0, 20.0], [80.0, 20.0], [80.0, 60.0], [40.0, 60.0]], }"
4514.799999998893,"{""waypoints"":(-9850.8452, -6568.0365), ""unsafe_region"":[[40.0, 20.0], [80.0, 20.0], [80.0, 60.0], [40.0, 60.0]], }"
4514.799999998893,"{""waypoints"":(-9850.8452, -6568.0365), ""unsafe_region"":[[40.0, 20.0], [80.0, 20.0], [80.0, 60.0], [40.0, 60.0]], }"
4514.799999998893,"{""waypoints"":(-9850.8452, -6568.0365), ""unsafe_region"":[[40.0, 20.0], [80.0, 20.0], [80.0, 60.0], [40.0, 60.0]], }"
4514.799999998893,"{""waypoints"":(-9850.8452, -6568.0365), ""unsafe_region"":[[40.0, 20.0], [80.0, 20.0], [80.0, 60.0], [40.0, 60.0]], }"
4514.799999998893,"{""waypoints"":(-9850.8452, -6568.0365), ""unsafe_region"":[[40.0, 20.0], [80.0, 20.0], [80.0, 60.0], [40.0, 60.0]], }"
4514.799999998893,"{""waypoints"":(-9850.8452, -6568.0365), ""unsafe_region"":[[40.0, 20.0], [80.0, 20.0], [80.0, 60.0], [40.0, 60.0]], }"
4514.799999998893,"{""waypoints"":(-9850.8452, -6568.0365), ""unsafe_region"":[[40.0, 20.0], [80.0, 20.0], [80.0, 60.0], [40.0, 60.0]], }"
4514.799999998893,"{""waypoints"":(-9850.8452, -6568.0365), ""unsafe_region"":[[40.0, 20.0], [80.0, 20.0], [80.0, 60.0], [40.0, 60.0]], }"
4514.799999998893,"{""waypoints"":(-9850.8452, -6568.0365), ""unsafe_region"":[[40.0, 20.0], [80.0, 20.0], [80.0, 60.0], [40.0, 60.0]], }"
4514.799999998893,"{""waypoints"":(-9850.8452, -6568.0365), ""unsafe_region"":[[40.0, 20.0], [80.0, 20.0], [80.0, 60.0], [40.0, 60.0]], }"
4514.799999998893,"{""waypoints"":(-9850.8452, -6568.0365), ""unsafe_region"":[[40.0, 20.0], [80.0, 20.0], [80.0, 60.0], [40.0, 60.0]], }"
4529.999999998949,"{""waypoints"":(-9850.8452, -6568.0365), ""unsafe_region"":[[40.0, 20.0], [80.0, 20.0], [80.0, 60.0], [40.0, 60.0]], }"
4530.099999998949,"{""waypoints"":(-9850.8452, -6568.0365), ""unsafe_region"":[[40.0, 20.0], [80.0, 20.0], [80.0, 60.0], [40.0, 60.0]], }"
4530.099999998949,"{""waypoints"":(-9850.8452, -6568.0365), ""unsafe_region"":[[40.0, 20.0], [80.0, 20.0], [80.0, 60.0], [40.0, 60.0]], }"
4530.099999998949,"{""waypoints"":(-9850.8452, -6568.0365), ""unsafe_region"":[[40.0, 20.0], [80.0, 20.0], [80.0, 60.0], [40.0, 60.0]], }"
4530.099999998949,"{""waypoints"":(-9850.8452, -6568.0365), ""unsafe_region"":[[40.0, 20.0], [80.0, 20.0], [80.0, 60.0], [40.0, 60.0]], }"
4530.099999998949,"{""waypoints"":(-9850.8452, -6568.0365), ""unsafe_region"":[[40.0, 20.0], [80.0, 20.0], [80.0, 60.0], [40.0, 60.0]], }"
4530.099999998949,"{""waypoints"":(-9850.8452, -6568.0365), ""unsafe_region"":[[40.0, 20.0], [80.0, 20.0], [80.0, 60.0], [40.0, 60.0]], }"
4530.099999998949,"{""waypoints"":(-9850.8452, -6568.0365), ""unsafe_region"":[[40.0, 20.0], [80.0, 20.0], [80.0, 60.0], [40.0, 60.0]], }"
4530.099999998949,"{""waypoints"":(-9850.8452, -6568.0365), ""unsafe_region"":[[40.0, 20.0], [80.0, 20.0], [80.0, 60.0], [40.0, 60.0]], }"
4530.099999998949,"{""waypoints"":(-9850.8452, -6568.0365), ""unsafe_region"":[[40.0, 20.0], [80.0, 20.0], [80.0, 60.0], [40.0, 60.0]], }"
4530.099999998949,"{""waypoints"":(-9850.8452, -6568.0365), ""unsafe_region"":[[40.0, 20.0], [80.0, 20.0], [80.0, 60.0], [40.0, 60.0]], }"
4530.099999998949,"{""waypoints"":(-9850.8452, -6568.0365), ""unsafe_region"":[[40.0, 20.0], [80.0, 20.0], [80.0, 60.0], [40.0, 60.0]], }"
4530.099999998949,"{""waypoints"":(-9850.8452, -6568.0365), ""unsafe_region"":[[40.0, 20.0], [80.0, 20.0], [80.0, 60.0], [40.0, 60.0]], }"
4530.099999998949,"{""waypoints"":(-9850.8452, -6568.0365), ""unsafe_region"":[[40.0, 20.0], [80.0, 20.0], [80.0, 60.0], [40.0, 60.0]], }"
4530.099999998949,"{""waypoints"":(-9850.8452, -6568.0365), ""unsafe_region"":[[40.0, 20.0], [80.0, 20.0], [80.0, 60.0], [40.0, 60.0]], }"
4530.099999998949,"{""waypoints"":(-9850.8452, -6568.0365), ""unsafe_region"":[[40.0, 20.0], [80.0, 20.0], [80.0, 60.0], [40.0, 60.0]], }"
4596.499999999191,"{""waypoints"":(-9850.8452, -6568.0365), ""unsafe_region"":[[40.0, 20.0], [80.0, 20.0], [80.0, 60.0], [40.0, 60.0]], }"
4596.599999999191,"{""waypoints"":(-9850.8452, -6568.0365), ""unsafe_region"":[[40.0, 20.0], [80.0, 20.0], [80.0, 60.0], [40.0, 60.0]], }"
4596.599999999191,"{""waypoints"":(-9850.8452, -6568.0365), ""unsafe_region"":[[40.0, 20.0], [80.0, 20.0], [80.0, 60.0], [40.0, 60.0]], }"
4596.599999999191,"{""waypoints"":(-9850.8452, -6568.0365), ""unsafe_region"":[[40.0, 20.0], [80.0, 20.0], [80.0, 60.0], [40.0, 60.0]], }"
4596.599999999191,"{""waypoints"":(-9850.8452, -6568.0365), ""unsafe_region"":[[40.0, 20.0], [80.0, 20.0], [80.0, 60.0], [40.0, 60.0]], }"
4596.599999999191,"{""waypoints"":(-9850.8452, -6568.0365), ""unsafe_region"":[[40.0, 20.0], [80.0, 20.0], [80.0, 60.0], [40.0, 60.0]], }"
4596.599999999191,"{""waypoints"":(-9850.8452, -6568.0365), ""unsafe_region"":[[40.0, 20.0], [80.0, 20.0], [80.0, 60.0], [40.0, 60.0]], }"
4596.599999999191,"{""waypoints"":(-9850.8452, -6568.0365), ""unsafe_region"":[[40.0, 20.0], [80.0, 20.0], [80.0, 60.0], [40.0, 60.0]], }"
4596.599999999191,"{""waypoints"":(-9850.8452, -6568.0365), ""unsafe_region"":[[40.0, 20.0], [80.0, 20.0], [80.0, 60.0], [40.0, 60.0]], }"
4596.599999999191,"{""waypoints"":(-9850.8452, -6568.0365), ""unsafe_region"":[[40.0, 20.0], [80.0, 20.0], [80.0, 60.0], [40.0, 60.0]], }"
4596.599999999191,"{""waypoints"":(-9850.8452, -6568.0365), ""unsafe_region"":[[40.0, 20.0], [80.0, 20.0], [80.0, 60.0], [40.0, 60.0]], }"
4596.599999999191,"{""waypoints"":(-9850.8452, -6568.0365), ""unsafe_region"":[[40.0, 20.0], [80.0, 20.0], [80.0, 60.0], [40.0, 60.0]], }"
4596.599999999191,"{""waypoints"":(-9850.8452, -6568.0365), ""unsafe_region"":[[40.0, 20.0], [80.0, 20.0], [80.0, 60.0], [40.0, 60.0]], }"
4596.599999999191,"{""waypoints"":(-9850.8452, -6568.0365), ""unsafe_region"":[[40.0, 20.0], [80.0, 20.0], [80.0, 60.0], [40.0, 60.0]], }"
4596.599999999191,"{""waypoints"":(-9850.8452, -6568.0365), ""unsafe_region"":[[40.0, 20.0], [80.0, 20.0], [80.0, 60.0], [40.0, 60.0]], }"
4596.599999999191,"{""waypoints"":(-9850.8452, -6568.0365), ""unsafe_region"":[[40.0, 20.0], [80.0, 20.0], [80.0, 60.0], [40.0, 60.0]], }"
4596.599999999191,"{""waypoints"":(-9850.8452, -6568.0365), ""unsafe_region"":[[40.0, 20.0], [80.0, 20.0], [80.0, 60.0], [40.0, 60.0]], }"
4596.599999999191,"{""waypoints"":(-9850.8452, -6568.0365), ""unsafe_region"":[[40.0, 20.0], [80.0, 20.0], [80.0, 60.0], [40.0, 60.0]], }"
4596.599999999191,"{""waypoints"":(-9850.8452, -6568.0365), ""unsafe_region"":[[40.0, 20.0], [80.0, 20.0], [80.0, 60.0], [40.0, 60.0]], }"
4596.599999999191,"{""waypoints"":(-9850.8452, -6568.0365), ""unsafe_region"":[[40.0, 20.0], [80.0, 20.0], [80.0, 60.0], [40.0, 60.0]], }"
4596.599999999191,"{""waypoints"":(-9850.8452, -6568.0365), ""unsafe_region"":[[40.0, 20.0], [80.0, 20.0], [80.0, 60.0], [40.0, 60.0]], }"
4596.599999999191,"{""waypoints"":(-9850.8452, -6568.0365), ""unsafe_region"":[[40.0, 20.0], [80.0, 20.0], [80.0, 60.0], [40.0, 60.0]], }"
4596.599999999191,"{""waypoints"":(-9850.8452, -6568.0365), ""unsafe_region"":[[40.0, 20.0], [80.0, 20.0], [80.0, 60.0], [40.0, 60.0]], }"
4596.599999999191,"{""waypoints"":(-9850.8452, -6568.0365), ""unsafe_region"":[[40.0, 20.0], [80.0, 20.0], [80.0, 60.0], [40.0, 60.0]], }"
4596.599999999191,"{""waypoints"":(-9850.8452, -6568.0365), ""unsafe_region"":[[40.0, 20.0], [80.0, 20.0], [80.0, 60.0], [40.0, 60.0]], }"
4596.599999999191,"{""waypoints"":(-9850.8452, -6568.0365), ""unsafe_region"":[[40.0, 20.0], [80.0, 20.0], [80.0, 60.0], [40.0, 60.0]], }"
4596.599999999191,"{""waypoints"":(-9850.8452, -6568.0365), ""unsafe_region"":[[40.0, 20.0], [80.0, 20.0], [80.0, 60.0], [40.0, 60.0]], }"
4596.599999999191,"{""waypoints"":(-9850.8452, -6568.0365), ""unsafe_region"":[[40.0, 20.0], [80.0, 20.0], [80.0, 60.0], [40.0, 60.0]], }"
4596.599999999191,"{""waypoints"":(-9850.8452, -6568.0365), ""unsafe_region"":[[40.0, 20.0], [80.0, 20.0], [80.0, 60.0], [40.0, 60.0]], }"
4596.599999999191,"{""waypoints"":(-9850.8452, -6568.0365), ""unsafe_region"":[[40.0, 20.0], [80.0, 20.0], [80.0, 60.0], [40.0, 60.0]], }"
4596.599999999191,"{""waypoints"":(-9850.8452, -6568.0365), ""unsafe_region"":[[40.0, 20.0], [80.0, 20.0], [80.0, 60.0], [40.0, 60.0]], }"
4596.599999999191,"{""waypoints"":(-9850.8452, -6568.0365), ""unsafe_region"":[[40.0, 20.0], [80.0, 20.0], [80.0, 60.0], [40.0, 60.0]], }"
4596.599999999191,"{""waypoints"":(-9850.8452, -6568.0365), ""unsafe_region"":[[40.0, 20.0], [80.0, 20.0], [80.0, 60.0], [40.0, 60.0]], }"
4596.599999999191,"{""waypoints"":(-9850.8452, -6568.0365), ""unsafe_region"":[[40.0, 20.0], [80.0, 20.0], [80.0, 60.0], [40.0, 60.0]], }"
4596.599999999191,"{""waypoints"":(-9850.8452, -6568.0365), ""unsafe_region"":[[40.0, 20.0], [80.0, 20.0], [80.0, 60.0], [40.0, 60.0]], }"
4596.599999999191,"{""waypoints"":(-9850.8452, -6568.0365), ""unsafe_region"":[[40.0, 20.0], [80.0, 20.0], [80.0, 60.0], [40.0, 60.0]], }"
4596.599999999191,"{""waypoints"":(-9850.8452, -6568.0365), ""unsafe_region"":[[40.0, 20.0], [80.0, 20.0], [80.0, 60.0], [40.0, 60.0]], }"
4596.599999999191,"{""waypoints"":(-9850.8452, -6568.0365), ""unsafe_region"":[[40.0, 20.0], [80.0, 20.0], [80.0, 60.0], [40.0, 60.0]], }"
4596.599999999191,"{""waypoints"":(-9850.8452, -6568.0365), ""unsafe_region"":[[40.0, 20.0], [80.0, 20.0], [80.0, 60.0], [40.0, 60.0]], }"
4596.599999999191,"{""waypoints"":(-9850.8452, -6568.0365), ""unsafe_region"":[[40.0, 20.0], [80.0, 20.0], [80.0, 60.0], [40.0, 60.0]], }"
4596.599999999191,"{""waypoints"":(-9850.8452, -6568.0365), ""unsafe_region"":[[40.0, 20.0], [80.0, 20.0], [80.0, 60.0], [40.0, 60.0]], }"
4596.599999999191,"{""waypoints"":(-9850.8452, -6568.0365), ""unsafe_region"":[[40.0, 20.0], [80.0, 20.0], [80.0, 60.0], [40.0, 60.0]], }"
4596.599999999191,"{""waypoints"":(-9850.8452, -6568.0365), ""unsafe_region"":[[40.0, 20.0], [80.0, 20.0], [80.0, 60.0], [40.0, 60.0]], }"
4596.599999999191,"{""waypoints"":(-9850.8452, -6568.0365), ""unsafe_region"":[[40.0, 20.0], [80.0, 20.0], [80.0, 60.0], [40.0, 60.0]], }"
4596.599999999191,"{""waypoints"":(-9850.8452, -6568.0365), ""unsafe_region"":[[40.0, 20.0], [80.0, 20.0], [80.0, 60.0], [40.0, 60.0]], }"
4596.599999999191,"{""waypoints"":(-9850.8452, -6568.0365), ""unsafe_region"":[[40.0, 20.0], [80.0, 20.0], [80.0, 60.0], [40.0, 60.0]], }"
4596.599999999191,"{""waypoints"":(-9850.8452, -6568.0365), ""unsafe_region"":[[40.0, 20.0], [80.0, 20.0], [80.0, 60.0], [40.0, 60.0]], }"
4596.599999999191,"{""waypoints"":(-9850.8452, -6568.0365), ""unsafe_region"":[[40.0, 20.0], [80.0, 20.0], [80.0, 60.0], [40.0, 60.0]], }"
4596.599999999191,"{""waypoints"":(-9850.8452, -6568.0365), ""unsafe_region"":[[40.0, 20.0], [80.0, 20.0], [80.0, 60.0], [40.0, 60.0]], }"
4596.599999999191,"{""waypoints"":(-9850.8452, -6568.0365), ""unsafe_region"":[[40.0, 20.0], [80.0, 20.0], [80.0, 60.0], [40.0, 60.0]], }"
4596.599999999191,"{""waypoints"":(-9850.8452, -6568.0365), ""unsafe_region"":[[40.0, 20.0], [80.0, 20.0], [80.0, 60.0], [40.0, 60.0]], }"
4596.599999999191,"{""waypoints"":(-9850.8452, -6568.0365), ""unsafe_region"":[[40.0, 20.0], [80.0, 20.0], [80.0, 60.0], [40.0, 60.0]], }"
4596.599999999191,"{""waypoints"":(-9850.8452, -6568.0365), ""unsafe_region"":[[40.0, 20.0], [80.0, 20.0], [80.0, 60.0], [40.0, 60.0]], }"
4596.599999999191,"{""waypoints"":(-9850.8452, -6568.0365), ""unsafe_region"":[[40.0, 20.0], [80.0, 20.0], [80.0, 60.0], [40.0, 60.0]], }"
4596.599999999191,"{""waypoints"":(-9850.8452, -6568.0365), ""unsafe_region"":[[40.0, 20.0], [80.0, 20.0], [80.0, 60.0], [40.0, 60.0]], }"
4596.599999999191,"{""waypoints"":(-9850.8452, -6568.0365), ""unsafe_region"":[[40.0, 20.0], [80.0, 20.0], [80.0, 60.0], [40.0, 60.0]], }"
4596.599999999191,"{""waypoints"":(-9850.8452, -6568.0365), ""unsafe_region"":[[40.0, 20.0], [80.0, 20.0], [80.0, 60.0], [40.0, 60.0]], }"
4596.599999999191,"{""waypoints"":(-9850.8452, -6568.0365), ""unsafe_region"":[[40.0, 20.0], [80.0, 20.0], [80.0, 60.0], [40.0, 60.0]], }"
4596.599999999191,"{""waypoints"":(-9850.8452, -6568.0365), ""unsafe_region"":[[40.0, 20.0], [80.0, 20.0], [80.0, 60.0], [40.0, 60.0]], }"
4596.599999999191,"{""waypoints"":(-9850.8452, -6568.0365), ""unsafe_region"":[[40.0, 20.0], [80.0, 20.0], [80.0, 60.0], [40.0, 60.0]], }"
4596.599999999191,"{""waypoints"":(-9850.8452, -6568.0365), ""unsafe_region"":[[40.0, 20.0], [80.0, 20.0], [80.0, 60.0], [40.0, 60.0]], }"
4596.599999999191,"{""waypoints"":(-9850.8452, -6568.0365), ""unsafe_region"":[[40.0, 20.0], [80.0, 20.0], [80.0, 60.0], [40.0, 60.0]], }"
4596.599999999191,"{""waypoints"":(-9850.8452, -6568.0365), ""unsafe_region"":[[40.0, 20.0], [80.0, 20.0], [80.0, 60.0], [40.0, 60.0]], }"
4596.599999999191,"{""waypoints"":(-9850.8452, -6568.0365), ""unsafe_region"":[[40.0, 20.0], [80.0, 20.0], [80.0, 60.0], [40.0, 60.0]], }"
4596.599999999191,"{""waypoints"":(-9850.8452, -6568.0365), ""unsafe_region"":[[40.0, 20.0], [80.0, 20.0], [80.0, 60.0], [40.0, 60.0]], }"
4596.599999999191,"{""waypoints"":(-9850.8452, -6568.0365), ""unsafe_region"":[[40.0, 20.0], [80.0, 20.0], [80.0, 60.0], [40.0, 60.0]], }"
4625.799999999297,"{""waypoints"":(-9850.8452, -6568.0365), ""unsafe_region"":[[40.0, 20.0], [80.0, 20.0], [80.0, 60.0], [40.0, 60.0]], }"
4625.8999999992975,"{""waypoints"":(-9850.8452, -6568.0365), ""unsafe_region"":[[40.0, 20.0], [80.0, 20.0], [80.0, 60.0], [40.0, 60.0]], }"
4625.8999999992975,"{""waypoints"":(-9850.8452, -6568.0365), ""unsafe_region"":[[40.0, 20.0], [80.0, 20.0], [80.0, 60.0], [40.0, 60.0]], }"
4625.8999999992975,"{""waypoints"":(-9850.8452, -6568.0365), ""unsafe_region"":[[40.0, 20.0], [80.0, 20.0], [80.0, 60.0], [40.0, 60.0]], }"
4625.8999999992975,"{""waypoints"":(-9850.8452, -6568.0365), ""unsafe_region"":[[40.0, 20.0], [80.0, 20.0], [80.0, 60.0], [40.0, 60.0]], }"
4625.8999999992975,"{""waypoints"":(-9850.8452, -6568.0365), ""unsafe_region"":[[40.0, 20.0], [80.0, 20.0], [80.0, 60.0], [40.0, 60.0]], }"
4625.8999999992975,"{""waypoints"":(-9850.8452, -6568.0365), ""unsafe_region"":[[40.0, 20.0], [80.0, 20.0], [80.0, 60.0], [40.0, 60.0]], }"
4625.8999999992975,"{""waypoints"":(-9850.8452, -6568.0365), ""unsafe_region"":[[40.0, 20.0], [80.0, 20.0], [80.0, 60.0], [40.0, 60.0]], }"
4625.8999999992975,"{""waypoints"":(-9850.8452, -6568.0365), ""unsafe_region"":[[40.0, 20.0], [80.0, 20.0], [80.0, 60.0], [40.0, 60.0]], }"
4625.8999999992975,"{""waypoints"":(-9850.8452, -6568.0365), ""unsafe_region"":[[40.0, 20.0], [80.0, 20.0], [80.0, 60.0], [40.0, 60.0]], }"
4625.8999999992975,"{""waypoints"":(-9850.8452, -6568.0365), ""unsafe_region"":[[40.0, 20.0], [80.0, 20.0], [80.0, 60.0], [40.0, 60.0]], }"
4625.8999999992975,"{""waypoints"":(-9850.8452, -6568.0365), ""unsafe_region"":[[40.0, 20.0], [80.0, 20.0], [80.0, 60.0], [40.0, 60.0]], }"
4625.8999999992975,"{""waypoints"":(-9850.8452, -6568.0365), ""unsafe_region"":[[40.0, 20.0], [80.0, 20.0], [80.0, 60.0], [40.0, 60.0]], }"
4625.8999999992975,"{""waypoints"":(-9850.8452, -6568.0365), ""unsafe_region"":[[40.0, 20.0], [80.0, 20.0], [80.0, 60.0], [40.0, 60.0]], }"
4625.8999999992975,"{""waypoints"":(-9850.8452, -6568.0365), ""unsafe_region"":[[40.0, 20.0], [80.0, 20.0], [80.0, 60.0], [40.0, 60.0]], }"
4625.8999999992975,"{""waypoints"":(-9850.8452, -6568.0365), ""unsafe_region"":[[40.0, 20.0], [80.0, 20.0], [80.0, 60.0], [40.0, 60.0]], }"
4625.8999999992975,"{""waypoints"":(-9850.8452, -6568.0365), ""unsafe_region"":[[40.0, 20.0], [80.0, 20.0], [80.0, 60.0], [40.0, 60.0]], }"
4625.8999999992975,"{""waypoints"":(-9850.8452, -6568.0365), ""unsafe_region"":[[40.0, 20.0], [80.0, 20.0], [80.0, 60.0], [40.0, 60.0]], }"
4625.8999999992975,"{""waypoints"":(-9850.8452, -6568.0365), ""unsafe_region"":[[40.0, 20.0], [80.0, 20.0], [80.0, 60.0], [40.0, 60.0]], }"
4625.8999999992975,"{""waypoints"":(-9850.8452, -6568.0365), ""unsafe_region"":[[40.0, 20.0], [80.0, 20.0], [80.0, 60.0], [40.0, 60.0]], }"
4625.8999999992975,"{""waypoints"":(-9850.8452, -6568.0365), ""unsafe_region"":[[40.0, 20.0], [80.0, 20.0], [80.0, 60.0], [40.0, 60.0]], }"
4625.8999999992975,"{""waypoints"":(-9850.8452, -6568.0365), ""unsafe_region"":[[40.0, 20.0], [80.0, 20.0], [80.0, 60.0], [40.0, 60.0]], }"
4625.8999999992975,"{""waypoints"":(-9850.8452, -6568.0365), ""unsafe_region"":[[40.0, 20.0], [80.0, 20.0], [80.0, 60.0], [40.0, 60.0]], }"
4625.8999999992975,"{""waypoints"":(-9850.8452, -6568.0365), ""unsafe_region"":[[40.0, 20.0], [80.0, 20.0], [80.0, 60.0], [40.0, 60.0]], }"
4625.8999999992975,"{""waypoints"":(-9850.8452, -6568.0365), ""unsafe_region"":[[40.0, 20.0], [80.0, 20.0], [80.0, 60.0], [40.0, 60.0]], }"
4625.8999999992975,"{""waypoints"":(-9850.8452, -6568.0365), ""unsafe_region"":[[40.0, 20.0], [80.0, 20.0], [80.0, 60.0], [40.0, 60.0]], }"
4625.8999999992975,"{""waypoints"":(-9850.8452, -6568.0365), ""unsafe_region"":[[40.0, 20.0], [80.0, 20.0], [80.0, 60.0], [40.0, 60.0]], }"
4625.8999999992975,"{""waypoints"":(-9850.8452, -6568.0365), ""unsafe_region"":[[40.0, 20.0], [80.0, 20.0], [80.0, 60.0], [40.0, 60.0]], }"
4625.8999999992975,"{""waypoints"":(-9850.8452, -6568.0365), ""unsafe_region"":[[40.0, 20.0], [80.0, 20.0], [80.0, 60.0], [40.0, 60.0]], }"
4634.099999999327,"{""waypoints"":(-9850.8452, -6568.0365), ""unsafe_region"":[[40.0, 20.0], [80.0, 20.0], [80.0, 60.0], [40.0, 60.0]], }"
4634.199999999328,"{""waypoints"":(-9850.8452, -6568.0365), ""unsafe_region"":[[40.0, 20.0], [80.0, 20.0], [80.0, 60.0], [40.0, 60.0]], }"
4634.199999999328,"{""waypoints"":(-9850.8452, -6568.0365), ""unsafe_region"":[[40.0, 20.0], [80.0, 20.0], [80.0, 60.0], [40.0, 60.0]], }"
4634.199999999328,"{""waypoints"":(-9850.8452, -6568.0365), ""unsafe_region"":[[40.0, 20.0], [80.0, 20.0], [80.0, 60.0], [40.0, 60.0]], }"
4634.199999999328,"{""waypoints"":(-9850.8452, -6568.0365), ""unsafe_region"":[[40.0, 20.0], [80.0, 20.0], [80.0, 60.0], [40.0, 60.0]], }"
4634.199999999328,"{""waypoints"":(-9850.8452, -6568.0365), ""unsafe_region"":[[40.0, 20.0], [80.0, 20.0], [80.0, 60.0], [40.0, 60.0]], }"
4634.199999999328,"{""waypoints"":(-9850.8452, -6568.0365), ""unsafe_region"":[[40.0, 20.0], [80.0, 20.0], [80.0, 60.0], [40.0, 60.0]], }"
4634.199999999328,"{""waypoints"":(-9850.8452, -6568.0365), ""unsafe_region"":[[40.0, 20.0], [80.0, 20.0], [80.0, 60.0], [40.0, 60.0]], }"
4634.199999999328,"{""waypoints"":(-9850.8452, -6568.0365), ""unsafe_region"":[[40.0, 20.0], [80.0, 20.0], [80.0, 60.0], [40.0, 60.0]], }"
4698.999999999563,"{""waypoints"":(-9850.8452, -6568.0365), ""unsafe_region"":[[40.0, 20.0], [80.0, 20.0], [80.0, 60.0], [40.0, 60.0]], }"
4698.999999999563,"{""waypoints"":(-9850.8452, -6568.0365), ""unsafe_region"":[[40.0, 20.0], [80.0, 20.0], [80.0, 60.0], [40.0, 60.0]], }"
4698.999999999563,"{""waypoints"":(-9850.8452, -6568.0365), ""unsafe_region"":[[40.0, 20.0], [80.0, 20.0], [80.0, 60.0], [40.0, 60.0]], }"
4698.999999999563,"{""waypoints"":(-9850.8452, -6568.0365), ""unsafe_region"":[[40.0, 20.0], [80.0, 20.0], [80.0, 60.0], [40.0, 60.0]], }"
4698.999999999563,"{""waypoints"":(-9850.8452, -6568.0365), ""unsafe_region"":[[40.0, 20.0], [80.0, 20.0], [80.0, 60.0], [40.0, 60.0]], }"
4698.999999999563,"{""waypoints"":(-9850.8452, -6568.0365), ""unsafe_region"":[[40.0, 20.0], [80.0, 20.0], [80.0, 60.0], [40.0, 60.0]], }"
4698.999999999563,"{""waypoints"":(-9850.8452, -6568.0365), ""unsafe_region"":[[40.0, 20.0], [80.0, 20.0], [80.0, 60.0], [40.0, 60.0]], }"
4698.999999999563,"{""waypoints"":(-9850.8452, -6568.0365), ""unsafe_region"":[[40.0, 20.0], [80.0, 20.0], [80.0, 60.0], [40.0, 60.0]], }"
4698.999999999563,"{""waypoints"":(-9850.8452, -6568.0365), ""unsafe_region"":[[40.0, 20.0], [80.0, 20.0], [80.0, 60.0], [40.0, 60.0]], }"
4698.999999999563,"{""waypoints"":(-9850.8452, -6568.0365), ""unsafe_region"":[[40.0, 20.0], [80.0, 20.0], [80.0, 60.0], [40.0, 60.0]], }"
4698.999999999563,"{""waypoints"":(-9850.8452, -6568.0365), ""unsafe_region"":[[40.0, 20.0], [80.0, 20.0], [80.0, 60.0], [40.0, 60.0]], }"
4698.999999999563,"{""waypoints"":(-9850.8452, -6568.0365), ""unsafe_region"":[[40.0, 20.0], [80.0, 20.0], [80.0, 60.0], [40.0, 60.0]], }"
4698.999999999563,"{""waypoints"":(-9850.8452, -6568.0365), ""unsafe_region"":[[40.0, 20.0], [80.0, 20.0], [80.0, 60.0], [40.0, 60.0]], }"
4698.999999999563,"{""waypoints"":(-9850.8452, -6568.0365), ""unsafe_region"":[[40.0, 20.0], [80.0, 20.0], [80.0, 60.0], [40.0, 60.0]], }"
4698.999999999563,"{""waypoints"":(-9850.8452, -6568.0365), ""unsafe_region"":[[40.0, 20.0], [80.0, 20.0], [80.0, 60.0], [40.0, 60.0]], }"
4698.999999999563,"{""waypoints"":(-9850.8452, -6568.0365), ""unsafe_region"":[[40.0, 20.0], [80.0, 20.0], [80.0, 60.0], [40.0, 60.0]], }"
4698.999999999563,"{""waypoints"":(-9850.8452, -6568.0365), ""unsafe_region"":[[40.0, 20.0], [80.0, 20.0], [80.0, 60.0], [40.0, 60.0]], }"
4698.999999999563,"{""waypoints"":(-9850.8452, -6568.0365), ""unsafe_region"":[[40.0, 20.0], [80.0, 20.0], [80.0, 60.0], [40.0, 60.0]], }"
4698.999999999563,"{""waypoints"":(-9850.8452, -6568.0365), ""unsafe_region"":[[40.0, 20.0], [80.0, 20.0], [80.0, 60.0], [40.0, 60.0]], }"
4698.999999999563,"{""waypoints"":(-9850.8452, -6568.0365), ""unsafe_region"":[[40.0, 20.0], [80.0, 20.0], [80.0, 60.0], [40.0, 60.0]], }"
4698.999999999563,"{""waypoints"":(-9850.8452, -6568.0365), ""unsafe_region"":[[40.0, 20.0], [80.0, 20.0], [80.0, 60.0], [40.0, 60.0]], }"
4698.999999999563,"{""waypoints"":(-9850.8452, -6568.0365), ""unsafe_region"":[[40.0, 20.0], [80.0, 20.0], [80.0, 60.0], [40.0, 60.0]], }"
4698.999999999563,"{""waypoints"":(-9850.8452, -6568.0365), ""unsafe_region"":[[40.0, 20.0], [80.0, 20.0], [80.0, 60.0], [40.0, 60.0]], }"
4698.999999999563,"{""waypoints"":(-9850.8452, -6568.0365), ""unsafe_region"":[[40.0, 20.0], [80.0, 20.0], [80.0, 60.0], [40.0, 60.0]], }"
4698.999999999563,"{""waypoints"":(-9850.8452, -6568.0365), ""unsafe_region"":[[40.0, 20.0], [80.0, 20.0], [80.0, 60.0], [40.0, 60.0]], }"
4698.999999999563,"{""waypoints"":(-9850.8452, -6568.0365), ""unsafe_region"":[[40.0, 20.0], [80.0, 20.0], [80.0, 60.0], [40.0, 60.0]], }"
4698.999999999563,"{""waypoints"":(-9850.8452, -6568.0365), ""unsafe_region"":[[40.0, 20.0], [80.0, 20.0], [80.0, 60.0], [40.0, 60.0]], }"
4698.999999999563,"{""waypoints"":(-9850.8452, -6568.0365), ""unsafe_region"":[[40.0, 20.0], [80.0, 20.0], [80.0, 60.0], [40.0, 60.0]], }"
4698.999999999563,"{""waypoints"":(-9850.8452, -6568.0365), ""unsafe_region"":[[40.0, 20.0], [80.0, 20.0], [80.0, 60.0], [40.0, 60.0]], }"
4698.999999999563,"{""waypoints"":(-9850.8452, -6568.0365), ""unsafe_region"":[[40.0, 20.0], [80.0, 20.0], [80.0, 60.0], [40.0, 60.0]], }"
4698.999999999563,"{""waypoints"":(-9850.8452, -6568.0365), ""unsafe_region"":[[40.0, 20.0], [80.0, 20.0], [80.0, 60.0], [40.0, 60.0]], }"
4698.999999999563,"{""waypoints"":(-9850.8452, -6568.0365), ""unsafe_region"":[[40.0, 20.0], [80.0, 20.0], [80.0, 60.0], [40.0, 60.0]], }"
4698.999999999563,"{""waypoints"":(-9850.8452, -6568.0365), ""unsafe_region"":[[40.0, 20.0], [80.0, 20.0], [80.0, 60.0], [40.0, 60.0]], }"
4698.999999999563,"{""waypoints"":(-9850.8452, -6568.0365), ""unsafe_region"":[[40.0, 20.0], [80.0, 20.0], [80.0, 60.0], [40.0, 60.0]], }"
4698.999999999563,"{""waypoints"":(-9850.8452, -6568.0365), ""unsafe_region"":[[40.0, 20.0], [80.0, 20.0], [80.0, 60.0], [40.0, 60.0]], }"
4698.999999999563,"{""waypoints"":(-9850.8452, -6568.0365), ""unsafe_region"":[[40.0, 20.0], [80.0, 20.0], [80.0, 60.0], [40.0, 60.0]], }"
4698.999999999563,"{""waypoints"":(-9850.8452, -6568.0365), ""unsafe_region"":[[40.0, 20.0], [80.0, 20.0], [80.0, 60.0], [40.0, 60.0]], }"
4698.999999999563,"{""waypoints"":(-9850.8452, -6568.0365), ""unsafe_region"":[[40.0, 20.0], [80.0, 20.0], [80.0, 60.0], [40.0, 60.0]], }"
4698.999999999563,"{""waypoints"":(-9850.8452, -6568.0365), ""unsafe_region"":[[40.0, 20.0], [80.0, 20.0], [80.0, 60.0], [40.0, 60.0]], }"
4698.999999999563,"{""waypoints"":(-9850.8452, -6568.0365), ""unsafe_region"":[[40.0, 20.0], [80.0, 20.0], [80.0, 60.0], [40.0, 60.0]], }"
4698.999999999563,"{""waypoints"":(-9850.8452, -6568.0365), ""unsafe_region"":[[40.0, 20.0], [80.0, 20.0], [80.0, 60.0], [40.0, 60.0]], }"
4698.999999999563,"{""waypoints"":(-9850.8452, -6568.0365), ""unsafe_region"":[[40.0, 20.0], [80.0, 20.0], [80.0, 60.0], [40.0, 60.0]], }"
4698.999999999563,"{""waypoints"":(-9850.8452, -6568.0365), ""unsafe_region"":[[40.0, 20.0], [80.0, 20.0], [80.0, 60.0], [40.0, 60.0]], }"
4698.999999999563,"{""waypoints"":(-9850.8452, -6568.0365), ""unsafe_region"":[[40.0, 20.0], [80.0, 20.0], [80.0, 60.0], [40.0, 60.0]], }"
4698.999999999563,"{""waypoints"":(-9850.8452, -6568.0365), ""unsafe_region"":[[40.0, 20.0], [80.0, 20.0], [80.0, 60.0], [40.0, 60.0]], }"
4698.999999999563,"{""waypoints"":(-9850.8452, -6568.0365), ""unsafe_region"":[[40.0, 20.0], [80.0, 20.0], [80.0, 60.0], [40.0, 60.0]], }"
4698.999999999563,"{""waypoints"":(-9850.8452, -6568.0365), ""unsafe_region"":[[40.0, 20.0], [80.0, 20.0], [80.0, 60.0], [40.0, 60.0]], }"
4698.999999999563,"{""waypoints"":(-9850.8452, -6568.0365), ""unsafe_region"":[[40.0, 20.0], [80.0, 20.0], [80.0, 60.0], [40.0, 60.0]], }"
4698.999999999563,"{""waypoints"":(-9850.8452, -6568.0365), ""unsafe_region"":[[40.0, 20.0], [80.0, 20.0], [80.0, 60.0], [40.0, 60.0]], }"
4698.999999999563,"{""waypoints"":(-9850.8452, -6568.0365), ""unsafe_region"":[[40.0, 20.0], [80.0, 20.0], [80.0, 60.0], [40.0, 60.0]], }"
4698.999999999563,"{""waypoints"":(-9850.8452, -6568.0365), ""unsafe_region"":[[40.0, 20.0], [80.0, 20.0], [80.0, 60.0], [40.0, 60.0]], }"
4698.999999999563,"{""waypoints"":(-9850.8452, -6568.0365), ""unsafe_region"":[[40.0, 20.0], [80.0, 20.0], [80.0, 60.0], [40.0, 60.0]], }"
4698.999999999563,"{""waypoints"":(-9850.8452, -6568.0365), ""unsafe_region"":[[40.0, 20.0], [80.0, 20.0], [80.0, 60.0], [40.0, 60.0]], }"
4698.999999999563,"{""waypoints"":(-9850.8452, -6568.0365), ""unsafe_region"":[[40.0, 20.0], [80.0, 20.0], [80.0, 60.0], [40.0, 60.0]], }"
4698.999999999563,"{""waypoints"":(-9850.8452, -6568.0365), ""unsafe_region"":[[40.0, 20.0], [80.0, 20.0], [80.0, 60.0], [40.0, 60.0]], }"
4698.999999999563,"{""waypoints"":(-9850.8452, -6568.0365), ""unsafe_region"":[[40.0, 20.0], [80.0, 20.0], [80.0, 60.0], [40.0, 60.0]], }"
4698.999999999563,"{""waypoints"":(-9850.8452, -6568.0365), ""unsafe_region"":[[40.0, 20.0], [80.0, 20.0], [80.0, 60.0], [40.0, 60.0]], }"
4698.999999999563,"{""waypoints"":(-9850.8452, -6568.0365), ""unsafe_region"":[[40.0, 20.0], [80.0, 20.0], [80.0, 60.0], [40.0, 60.0]], }"
4698.999999999563,"{""waypoints"":(-9850.8452, -6568.0365), ""unsafe_region"":[[40.0, 20.0], [80.0, 20.0], [80.0, 60.0], [40.0, 60.0]], }"
4698.999999999563,"{""waypoints"":(-9850.8452, -6568.0365), ""unsafe_region"":[[40.0, 20.0], [80.0, 20.0], [80.0, 60.0], [40.0, 60.0]], }"
4698.999999999563,"{""waypoints"":(-9850.8452, -6568.0365), ""unsafe_region"":[[40.0, 20.0], [80.0, 20.0], [80.0, 60.0], [40.0, 60.0]], }"
4698.999999999563,"{""waypoints"":(-9850.8452, -6568.0365), ""unsafe_region"":[[40.0, 20.0], [80.0, 20.0], [80.0, 60.0], [40.0, 60.0]], }"
4698.999999999563,"{""waypoints"":(-9850.8452, -6568.0365), ""unsafe_region"":[[40.0, 20.0], [80.0, 20.0], [80.0, 60.0], [40.0, 60.0]], }"
4698.999999999563,"{""waypoints"":(-9850.8452, -6568.0365), ""unsafe_region"":[[40.0, 20.0], [80.0, 20.0], [80.0, 60.0], [40.0, 60.0]], }"
4698.999999999563,"{""waypoints"":(-9850.8452, -6568.0365), ""unsafe_region"":[[40.0, 20.0], [80.0, 20.0], [80.0, 60.0], [40.0, 60.0]], }"
4775.6999999998425,"{""waypoints"":(-9850.8452, -6568.0365), ""unsafe_region"":[[40.0, 20.0], [80.0, 20.0], [80.0, 60.0], [40.0, 60.0]], }"
4775.6999999998425,"{""waypoints"":(-9850.8452, -6568.0365), ""unsafe_region"":[[40.0, 20.0], [80.0, 20.0], [80.0, 60.0], [40.0, 60.0]], }"
4775.6999999998425,"{""waypoints"":(-9850.8452, -6568.0365), ""unsafe_region"":[[40.0, 20.0], [80.0, 20.0], [80.0, 60.0], [40.0, 60.0]], }"
4775.6999999998425,"{""waypoints"":(-9850.8452, -6568.0365), ""unsafe_region"":[[40.0, 20.0], [80.0, 20.0], [80.0, 60.0], [40.0, 60.0]], }"
4775.6999999998425,"{""waypoints"":(-9850.8452, -6568.0365), ""unsafe_region"":[[40.0, 20.0], [80.0, 20.0], [80.0, 60.0], [40.0, 60.0]], }"
4775.6999999998425,"{""waypoints"":(-9850.8452, -6568.0365), ""unsafe_region"":[[40.0, 20.0], [80.0, 20.0], [80.0, 60.0], [40.0, 60.0]], }"
4775.6999999998425,"{""waypoints"":(-9850.8452, -6568.0365), ""unsafe_region"":[[40.0, 20.0], [80.0, 20.0], [80.0, 60.0], [40.0, 60.0]], }"
4775.6999999998425,"{""waypoints"":(-9850.8452, -6568.0365), ""unsafe_region"":[[40.0, 20.0], [80.0, 20.0], [80.0, 60.0], [40.0, 60.0]], }"
4775.6999999998425,"{""waypoints"":(-9850.8452, -6568.0365), ""unsafe_region"":[[40.0, 20.0], [80.0, 20.0], [80.0, 60.0], [40.0, 60.0]], }"
4775.6999999998425,"{""waypoints"":(-9850.8452, -6568.0365), ""unsafe_region"":[[40.0, 20.0], [80.0, 20.0], [80.0, 60.0], [40.0, 60.0]], }"
4775.6999999998425,"{""waypoints"":(-9850.8452, -6568.0365), ""unsafe_region"":[[40.0, 20.0], [80.0, 20.0], [80.0, 60.0], [40.0, 60.0]], }"
4775.6999999998425,"{""waypoints"":(-9850.8452, -6568.0365), ""unsafe_region"":[[40.0, 20.0], [80.0, 20.0], [80.0, 60.0], [40.0, 60.0]], }"
4775.6999999998425,"{""waypoints"":(-9850.8452, -6568.0365), ""unsafe_region"":[[40.0, 20.0], [80.0, 20.0], [80.0, 60.0], [40.0, 60.0]], }"
4775.6999999998425,"{""waypoints"":(-9850.8452, -6568.0365), ""unsafe_region"":[[40.0, 20.0], [80.0, 20.0], [80.0, 60.0], [40.0, 60.0]], }"
4775.6999999998425,"{""waypoints"":(-9850.8452, -6568.0365), ""unsafe_region"":[[40.0, 20.0], [80.0, 20.0], [80.0, 60.0], [40.0, 60.0]], }"
4775.6999999998425,"{""waypoints"":(-9850.8452, -6568.0365), ""unsafe_region"":[[40.0, 20.0], [80.0, 20.0], [80.0, 60.0], [40.0, 60.0]], }"
4775.6999999998425,"{""waypoints"":(-9850.8452, -6568.0365), ""unsafe_region"":[[40.0, 20.0], [80.0, 20.0], [80.0, 60.0], [40.0, 60.0]], }"
4775.6999999998425,"{""waypoints"":(-9850.8452, -6568.0365), ""unsafe_region"":[[40.0, 20.0], [80.0, 20.0], [80.0, 60.0], [40.0, 60.0]], }"
4775.6999999998425,"{""waypoints"":(-9850.8452, -6568.0365), ""unsafe_region"":[[40.0, 20.0], [80.0, 20.0], [80.0, 60.0], [40.0, 60.0]], }"
4775.6999999998425,"{""waypoints"":(-9850.8452, -6568.0365), ""unsafe_region"":[[40.0, 20.0], [80.0, 20.0], [80.0, 60.0], [40.0, 60.0]], }"
4775.6999999998425,"{""waypoints"":(-9850.8452, -6568.0365), ""unsafe_region"":[[40.0, 20.0], [80.0, 20.0], [80.0, 60.0], [40.0, 60.0]], }"
4775.6999999998425,"{""waypoints"":(-9850.8452, -6568.0365), ""unsafe_region"":[[40.0, 20.0], [80.0, 20.0], [80.0, 60.0], [40.0, 60.0]], }"
4775.6999999998425,"{""waypoints"":(-9850.8452, -6568.0365), ""unsafe_region"":[[40.0, 20.0], [80.0, 20.0], [80.0, 60.0], [40.0, 60.0]], }"
4775.6999999998425,"{""waypoints"":(-9850.8452, -6568.0365), ""unsafe_region"":[[40.0, 20.0], [80.0, 20.0], [80.0, 60.0], [40.0, 60.0]], }"
4775.6999999998425,"{""waypoints"":(-9850.8452, -6568.0365), ""unsafe_region"":[[40.0, 20.0], [80.0, 20.0], [80.0, 60.0], [40.0, 60.0]], }"
4775.6999999998425,"{""waypoints"":(-9850.8452, -6568.0365), ""unsafe_region"":[[40.0, 20.0], [80.0, 20.0], [80.0, 60.0], [40.0, 60.0]], }"
4775.6999999998425,"{""waypoints"":(-9850.8452, -6568.0365), ""unsafe_region"":[[40.0, 20.0], [80.0, 20.0], [80.0, 60.0], [40.0, 60.0]], }"
4775.6999999998425,"{""waypoints"":(-9850.8452, -6568.0365), ""unsafe_region"":[[40.0, 20.0], [80.0, 20.0], [80.0, 60.0], [40.0, 60.0]], }"
4775.6999999998425,"{""waypoints"":(-9850.8452, -6568.0365), ""unsafe_region"":[[40.0, 20.0], [80.0, 20.0], [80.0, 60.0], [40.0, 60.0]], }"
4775.6999999998425,"{""waypoints"":(-9850.8452, -6568.0365), ""unsafe_region"":[[40.0, 20.0], [80.0, 20.0], [80.0, 60.0], [40.0, 60.0]], }"
4775.6999999998425,"{""waypoints"":(-9850.8452, -6568.0365), ""unsafe_region"":[[40.0, 20.0], [80.0, 20.0], [80.0, 60.0], [40.0, 60.0]], }"
4775.6999999998425,"{""waypoints"":(-9850.8452, -6568.0365), ""unsafe_region"":[[40.0, 20.0], [80.0, 20.0], [80.0, 60.0], [40.0, 60.0]], }"
4775.6999999998425,"{""waypoints"":(-9850.8452, -6568.0365), ""unsafe_region"":[[40.0, 20.0], [80.0, 20.0], [80.0, 60.0], [40.0, 60.0]], }"
4775.6999999998425,"{""waypoints"":(-9850.8452, -6568.0365), ""unsafe_region"":[[40.0, 20.0], [80.0, 20.0], [80.0, 60.0], [40.0, 60.0]], }"
4775.6999999998425,"{""waypoints"":(-9850.8452, -6568.0365), ""unsafe_region"":[[40.0, 20.0], [80.0, 20.0], [80.0, 60.0], [40.0, 60.0]], }"
4775.6999999998425,"{""waypoints"":(-9850.8452, -6568.0365), ""unsafe_region"":[[40.0, 20.0], [80.0, 20.0], [80.0, 60.0], [40.0, 60.0]], }"
4775.6999999998425,"{""waypoints"":(-9850.8452, -6568.0365), ""unsafe_region"":[[40.0, 20.0], [80.0, 20.0], [80.0, 60.0], [40.0, 60.0]], }"
4775.6999999998425,"{""waypoints"":(-9850.8452, -6568.0365), ""unsafe_region"":[[40.0, 20.0], [80.0, 20.0], [80.0, 60.0], [40.0, 60.0]], }"
4775.6999999998425,"{""waypoints"":(-9850.8452, -6568.0365), ""unsafe_region"":[[40.0, 20.0], [80.0, 20.0], [80.0, 60.0], [40.0, 60.0]], }"
4775.6999999998425,"{""waypoints"":(-9850.8452, -6568.0365), ""unsafe_region"":[[40.0, 20.0], [80.0, 20.0], [80.0, 60.0], [40.0, 60.0]], }"
4775.6999999998425,"{""waypoints"":(-9850.8452, -6568.0365), ""unsafe_region"":[[40.0, 20.0], [80.0, 20.0], [80.0, 60.0], [40.0, 60.0]], }"
4775.6999999998425,"{""waypoints"":(-9850.8452, -6568.0365), ""unsafe_region"":[[40.0, 20.0], [80.0, 20.0], [80.0, 60.0], [40.0, 60.0]], }"
4775.6999999998425,"{""waypoints"":(-9850.8452, -6568.0365), ""unsafe_region"":[[40.0, 20.0], [80.0, 20.0], [80.0, 60.0], [40.0, 60.0]], }"
4775.6999999998425,"{""waypoints"":(-9850.8452, -6568.0365), ""unsafe_region"":[[40.0, 20.0], [80.0, 20.0], [80.0, 60.0], [40.0, 60.0]], }"
4775.6999999998425,"{""waypoints"":(-9850.8452, -6568.0365), ""unsafe_region"":[[40.0, 20.0], [80.0, 20.0], [80.0, 60.0], [40.0, 60.0]], }"
4775.6999999998425,"{""waypoints"":(-9850.8452, -6568.0365), ""unsafe_region"":[[40.0, 20.0], [80.0, 20.0], [80.0, 60.0], [40.0, 60.0]], }"
4775.6999999998425,"{""waypoints"":(-9850.8452, -6568.0365), ""unsafe_region"":[[40.0, 20.0], [80.0, 20.0], [80.0, 60.0], [40.0, 60.0]], }"
4775.6999999998425,"{""waypoints"":(-9850.8452, -6568.0365), ""unsafe_region"":[[40.0, 20.0], [80.0, 20.0], [80.0, 60.0], [40.0, 60.0]], }"
4775.6999999998425,"{""waypoints"":(-9850.8452, -6568.0365), ""unsafe_region"":[[40.0, 20.0], [80.0, 20.0], [80.0, 60.0], [40.0, 60.0]], }"
4775.6999999998425,"{""waypoints"":(-9850.8452, -6568.0365), ""unsafe_region"":[[40.0, 20.0], [80.0, 20.0], [80.0, 60.0], [40.0, 60.0]], }"
4775.6999999998425,"{""waypoints"":(-9850.8452, -6568.0365), ""unsafe_region"":[[40.0, 20.0], [80.0, 20.0], [80.0, 60.0], [40.0, 60.0]], }"
4775.6999999998425,"{""waypoints"":(-9850.8452, -6568.0365), ""unsafe_region"":[[40.0, 20.0], [80.0, 20.0], [80.0, 60.0], [40.0, 60.0]], }"
4775.6999999998425,"{""waypoints"":(-9850.8452, -6568.0365), ""unsafe_region"":[[40.0, 20.0], [80.0, 20.0], [80.0, 60.0], [40.0, 60.0]], }"
4775.6999999998425,"{""waypoints"":(-9850.8452, -6568.0365), ""unsafe_region"":[[40.0, 20.0], [80.0, 20.0], [80.0, 60.0], [40.0, 60.0]], }"
4775.6999999998425,"{""waypoints"":(-9850.8452, -6568.0365), ""unsafe_region"":[[40.0, 20.0], [80.0, 20.0], [80.0, 60.0], [40.0, 60.0]], }"
4775.6999999998425,"{""waypoints"":(-9850.8452, -6568.0365), ""unsafe_region"":[[40.0, 20.0], [80.0, 20.0], [80.0, 60.0], [40.0, 60.0]], }"
4775.6999999998425,"{""waypoints"":(-9850.8452, -6568.0365), ""unsafe_region"":[[40.0, 20.0], [80.0, 20.0], [80.0, 60.0], [40.0, 60.0]], }"
4775.6999999998425,"{""waypoints"":(-9850.8452, -6568.0365), ""unsafe_region"":[[40.0, 20.0], [80.0, 20.0], [80.0, 60.0], [40.0, 60.0]], }"
4775.6999999998425,"{""waypoints"":(-9850.8452, -6568.0365), ""unsafe_region"":[[40.0, 20.0], [80.0, 20.0], [80.0, 60.0], [40.0, 60.0]], }"
4775.6999999998425,"{""waypoints"":(-9850.8452, -6568.0365), ""unsafe_region"":[[40.0, 20.0], [80.0, 20.0], [80.0, 60.0], [40.0, 60.0]], }"
4775.6999999998425,"{""waypoints"":(-9850.8452, -6568.0365), ""unsafe_region"":[[40.0, 20.0], [80.0, 20.0], [80.0, 60.0], [40.0, 60.0]], }"
4775.6999999998425,"{""waypoints"":(-9850.8452, -6568.0365), ""unsafe_region"":[[40.0, 20.0], [80.0, 20.0], [80.0, 60.0], [40.0, 60.0]], }"
4775.6999999998425,"{""waypoints"":(-9850.8452, -6568.0365), ""unsafe_region"":[[40.0, 20.0], [80.0, 20.0], [80.0, 60.0], [40.0, 60.0]], }"
4775.6999999998425,"{""waypoints"":(-9850.8452, -6568.0365), ""unsafe_region"":[[40.0, 20.0], [80.0, 20.0], [80.0, 60.0], [40.0, 60.0]], }"
4775.6999999998425,"{""waypoints"":(-9850.8452, -6568.0365), ""unsafe_region"":[[40.0, 20.0], [80.0, 20.0], [80.0, 60.0], [40.0, 60.0]], }"
4775.6999999998425,"{""waypoints"":(-9850.8452, -6568.0365), ""unsafe_region"":[[40.0, 20.0], [80.0, 20.0], [80.0, 60.0], [40.0, 60.0]], }"
4775.6999999998425,"{""waypoints"":(-9850.8452, -6568.0365), ""unsafe_region"":[[40.0, 20.0], [80.0, 20.0], [80.0, 60.0], [40.0, 60.0]], }"
4775.6999999998425,"{""waypoints"":(-9850.8452, -6568.0365), ""unsafe_region"":[[40.0, 20.0], [80.0, 20.0], [80.0, 60.0], [40.0, 60.0]], }"
4775.6999999998425,"{""waypoints"":(-9850.8452, -6568.0365), ""unsafe_region"":[[40.0, 20.0], [80.0, 20.0], [80.0, 60.0], [40.0, 60.0]], }"
4775.6999999998425,"{""waypoints"":(-9850.8452, -6568.0365), ""unsafe_region"":[[40.0, 20.0], [80.0, 20.0], [80.0, 60.0], [40.0, 60.0]], }"
4775.6999999998425,"{""waypoints"":(-9850.8452, -6568.0365), ""unsafe_region"":[[40.0, 20.0], [80.0, 20.0], [80.0, 60.0], [40.0, 60.0]], }"
4775.6999999998425,"{""waypoints"":(-9850.8452, -6568.0365), ""unsafe_region"":[[40.0, 20.0], [80.0, 20.0], [80.0, 60.0], [40.0, 60.0]], }"
4775.6999999998425,"{""waypoints"":(-9850.8452, -6568.0365), ""unsafe_region"":[[40.0, 20.0], [80.0, 20.0], [80.0, 60.0], [40.0, 60.0]], }"
4775.6999999998425,"{""waypoints"":(-9850.8452, -6568.0365), ""unsafe_region"":[[40.0, 20.0], [80.0, 20.0], [80.0, 60.0], [40.0, 60.0]], }"
4775.6999999998425,"{""waypoints"":(-9850.8452, -6568.0365), ""unsafe_region"":[[40.0, 20.0], [80.0, 20.0], [80.0, 60.0], [40.0, 60.0]], }"
4775.6999999998425,"{""waypoints"":(-9850.8452, -6568.0365), ""unsafe_region"":[[40.0, 20.0], [80.0, 20.0], [80.0, 60.0], [40.0, 60.0]], }"
4799.499999999929,"{""waypoints"":(-9850.8452, -6568.0365), ""unsafe_region"":[[40.0, 20.0], [80.0, 20.0], [80.0, 60.0], [40.0, 60.0]], }"
4799.599999999929,"{""waypoints"":(-9850.8452, -6568.0365), ""unsafe_region"":[[40.0, 20.0], [80.0, 20.0], [80.0, 60.0], [40.0, 60.0]], }"
4799.599999999929,"{""waypoints"":(-9850.8452, -6568.0365), ""unsafe_region"":[[40.0, 20.0], [80.0, 20.0], [80.0, 60.0], [40.0, 60.0]], }"
4799.599999999929,"{""waypoints"":(-9850.8452, -6568.0365), ""unsafe_region"":[[40.0, 20.0], [80.0, 20.0], [80.0, 60.0], [40.0, 60.0]], }"
4799.599999999929,"{""waypoints"":(-9850.8452, -6568.0365), ""unsafe_region"":[[40.0, 20.0], [80.0, 20.0], [80.0, 60.0], [40.0, 60.0]], }"
4799.599999999929,"{""waypoints"":(-9850.8452, -6568.0365), ""unsafe_region"":[[40.0, 20.0], [80.0, 20.0], [80.0, 60.0], [40.0, 60.0]], }"
4799.599999999929,"{""waypoints"":(-9850.8452, -6568.0365), ""unsafe_region"":[[40.0, 20.0], [80.0, 20.0], [80.0, 60.0], [40.0, 60.0]], }"
4799.599999999929,"{""waypoints"":(-9850.8452, -6568.0365), ""unsafe_region"":[[40.0, 20.0], [80.0, 20.0], [80.0, 60.0], [40.0, 60.0]], }"
4799.599999999929,"{""waypoints"":(-9850.8452, -6568.0365), ""unsafe_region"":[[40.0, 20.0], [80.0, 20.0], [80.0, 60.0], [40.0, 60.0]], }"
4799.599999999929,"{""waypoints"":(-9850.8452, -6568.0365), ""unsafe_region"":[[40.0, 20.0], [80.0, 20.0], [80.0, 60.0], [40.0, 60.0]], }"
4799.599999999929,"{""waypoints"":(-9850.8452, -6568.0365), ""unsafe_region"":[[40.0, 20.0], [80.0, 20.0], [80.0, 60.0], [40.0, 60.0]], }"
4799.599999999929,"{""waypoints"":(-9850.8452, -6568.0365), ""unsafe_region"":[[40.0, 20.0], [80.0, 20.0], [80.0, 60.0], [40.0, 60.0]], }"
4799.599999999929,"{""waypoints"":(-9850.8452, -6568.0365), ""unsafe_region"":[[40.0, 20.0], [80.0, 20.0], [80.0, 60.0], [40.0, 60.0]], }"
4799.599999999929,"{""waypoints"":(-9850.8452, -6568.0365), ""unsafe_region"":[[40.0, 20.0], [80.0, 20.0], [80.0, 60.0], [40.0, 60.0]], }"
4799.599999999929,"{""waypoints"":(-9850.8452, -6568.0365), ""unsafe_region"":[[40.0, 20.0], [80.0, 20.0], [80.0, 60.0], [40.0, 60.0]], }"
4799.599999999929,"{""waypoints"":(-9850.8452, -6568.0365), ""unsafe_region"":[[40.0, 20.0], [80.0, 20.0], [80.0, 60.0], [40.0, 60.0]], }"
4799.599999999929,"{""waypoints"":(-9850.8452, -6568.0365), ""unsafe_region"":[[40.0, 20.0], [80.0, 20.0], [80.0, 60.0], [40.0, 60.0]], }"
4799.599999999929,"{""waypoints"":(-9850.8452, -6568.0365), ""unsafe_region"":[[40.0, 20.0], [80.0, 20.0], [80.0, 60.0], [40.0, 60.0]], }"
4799.599999999929,"{""waypoints"":(-9850.8452, -6568.0365), ""unsafe_region"":[[40.0, 20.0], [80.0, 20.0], [80.0, 60.0], [40.0, 60.0]], }"
4799.599999999929,"{""waypoints"":(-9850.8452, -6568.0365), ""unsafe_region"":[[40.0, 20.0], [80.0, 20.0], [80.0, 60.0], [40.0, 60.0]], }"
4799.599999999929,"{""waypoints"":(-9850.8452, -6568.0365), ""unsafe_region"":[[40.0, 20.0], [80.0, 20.0], [80.0, 60.0], [40.0, 60.0]], }"
4799.599999999929,"{""waypoints"":(-9850.8452, -6568.0365), ""unsafe_region"":[[40.0, 20.0], [80.0, 20.0], [80.0, 60.0], [40.0, 60.0]], }"
4799.599999999929,"{""waypoints"":(-9850.8452, -6568.0365), ""unsafe_region"":[[40.0, 20.0], [80.0, 20.0], [80.0, 60.0], [40.0, 60.0]], }"
4799.599999999929,"{""waypoints"":(-9850.8452, -6568.0365), ""unsafe_region"":[[40.0, 20.0], [80.0, 20.0], [80.0, 60.0], [40.0, 60.0]], }"
4831.700000000046,"{""waypoints"":(-9850.8452, -6568.0365), ""unsafe_region"":[[40.0, 20.0], [80.0, 20.0], [80.0, 60.0], [40.0, 60.0]], }"
4831.700000000046,"{""waypoints"":(-9850.8452, -6568.0365), ""unsafe_region"":[[40.0, 20.0], [80.0, 20.0], [80.0, 60.0], [40.0, 60.0]], }"
4831.700000000046,"{""waypoints"":(-9850.8452, -6568.0365), ""unsafe_region"":[[40.0, 20.0], [80.0, 20.0], [80.0, 60.0], [40.0, 60.0]], }"
4831.700000000046,"{""waypoints"":(-9850.8452, -6568.0365), ""unsafe_region"":[[40.0, 20.0], [80.0, 20.0], [80.0, 60.0], [40.0, 60.0]], }"
4831.700000000046,"{""waypoints"":(-9850.8452, -6568.0365), ""unsafe_region"":[[40.0, 20.0], [80.0, 20.0], [80.0, 60.0], [40.0, 60.0]], }"
4831.700000000046,"{""waypoints"":(-9850.8452, -6568.0365), ""unsafe_region"":[[40.0, 20.0], [80.0, 20.0], [80.0, 60.0], [40.0, 60.0]], }"
4831.700000000046,"{""waypoints"":(-9850.8452, -6568.0365), ""unsafe_region"":[[40.0, 20.0], [80.0, 20.0], [80.0, 60.0], [40.0, 60.0]], }"
4831.700000000046,"{""waypoints"":(-9850.8452, -6568.0365), ""unsafe_region"":[[40.0, 20.0], [80.0, 20.0], [80.0, 60.0], [40.0, 60.0]], }"
4831.700000000046,"{""waypoints"":(-9850.8452, -6568.0365), ""unsafe_region"":[[40.0, 20.0], [80.0, 20.0], [80.0, 60.0], [40.0, 60.0]], }"
4831.700000000046,"{""waypoints"":(-9850.8452, -6568.0365), ""unsafe_region"":[[40.0, 20.0], [80.0, 20.0], [80.0, 60.0], [40.0, 60.0]], }"
4831.700000000046,"{""waypoints"":(-9850.8452, -6568.0365), ""unsafe_region"":[[40.0, 20.0], [80.0, 20.0], [80.0, 60.0], [40.0, 60.0]], }"
4831.700000000046,"{""waypoints"":(-9850.8452, -6568.0365), ""unsafe_region"":[[40.0, 20.0], [80.0, 20.0], [80.0, 60.0], [40.0, 60.0]], }"
4831.700000000046,"{""waypoints"":(-9850.8452, -6568.0365), ""unsafe_region"":[[40.0, 20.0], [80.0, 20.0], [80.0, 60.0], [40.0, 60.0]], }"
4831.700000000046,"{""waypoints"":(-9850.8452, -6568.0365), ""unsafe_region"":[[40.0, 20.0], [80.0, 20.0], [80.0, 60.0], [40.0, 60.0]], }"
4831.700000000046,"{""waypoints"":(-9850.8452, -6568.0365), ""unsafe_region"":[[40.0, 20.0], [80.0, 20.0], [80.0, 60.0], [40.0, 60.0]], }"
4831.700000000046,"{""waypoints"":(-9850.8452, -6568.0365), ""unsafe_region"":[[40.0, 20.0], [80.0, 20.0], [80.0, 60.0], [40.0, 60.0]], }"
4831.700000000046,"{""waypoints"":(-9850.8452, -6568.0365), ""unsafe_region"":[[40.0, 20.0], [80.0, 20.0], [80.0, 60.0], [40.0, 60.0]], }"
4831.700000000046,"{""waypoints"":(-9850.8452, -6568.0365), ""unsafe_region"":[[40.0, 20.0], [80.0, 20.0], [80.0, 60.0], [40.0, 60.0]], }"
4831.700000000046,"{""waypoints"":(-9850.8452, -6568.0365), ""unsafe_region"":[[40.0, 20.0], [80.0, 20.0], [80.0, 60.0], [40.0, 60.0]], }"
4831.700000000046,"{""waypoints"":(-9850.8452, -6568.0365), ""unsafe_region"":[[40.0, 20.0], [80.0, 20.0], [80.0, 60.0], [40.0, 60.0]], }"
4831.700000000046,"{""waypoints"":(-9850.8452, -6568.0365), ""unsafe_region"":[[40.0, 20.0], [80.0, 20.0], [80.0, 60.0], [40.0, 60.0]], }"
4831.700000000046,"{""waypoints"":(-9850.8452, -6568.0365), ""unsafe_region"":[[40.0, 20.0], [80.0, 20.0], [80.0, 60.0], [40.0, 60.0]], }"
4831.700000000046,"{""waypoints"":(-9850.8452, -6568.0365), ""unsafe_region"":[[40.0, 20.0], [80.0, 20.0], [80.0, 60.0], [40.0, 60.0]], }"
4831.700000000046,"{""waypoints"":(-9850.8452, -6568.0365), ""unsafe_region"":[[40.0, 20.0], [80.0, 20.0], [80.0, 60.0], [40.0, 60.0]], }"
4831.700000000046,"{""waypoints"":(-9850.8452, -6568.0365), ""unsafe_region"":[[40.0, 20.0], [80.0, 20.0], [80.0, 60.0], [40.0, 60.0]], }"
4831.700000000046,"{""waypoints"":(-9850.8452, -6568.0365), ""unsafe_region"":[[40.0, 20.0], [80.0, 20.0], [80.0, 60.0], [40.0, 60.0]], }"
4831.700000000046,"{""waypoints"":(-9850.8452, -6568.0365), ""unsafe_region"":[[40.0, 20.0], [80.0, 20.0], [80.0, 60.0], [40.0, 60.0]], }"
4831.700000000046,"{""waypoints"":(-9850.8452, -6568.0365), ""unsafe_region"":[[40.0, 20.0], [80.0, 20.0], [80.0, 60.0], [40.0, 60.0]], }"
4831.700000000046,"{""waypoints"":(-9850.8452, -6568.0365), ""unsafe_region"":[[40.0, 20.0], [80.0, 20.0], [80.0, 60.0], [40.0, 60.0]], }"
4831.700000000046,"{""waypoints"":(-9850.8452, -6568.0365), ""unsafe_region"":[[40.0, 20.0], [80.0, 20.0], [80.0, 60.0], [40.0, 60.0]], }"
4831.700000000046,"{""waypoints"":(-9850.8452, -6568.0365), ""unsafe_region"":[[40.0, 20.0], [80.0, 20.0], [80.0, 60.0], [40.0, 60.0]], }"
4831.700000000046,"{""waypoints"":(-9850.8452, -6568.0365), ""unsafe_region"":[[40.0, 20.0], [80.0, 20.0], [80.0, 60.0], [40.0, 60.0]], }"
4855.7000000001335,"{""waypoints"":(-9850.8452, -6568.0365), ""unsafe_region"":[[40.0, 20.0], [80.0, 20.0], [80.0, 60.0], [40.0, 60.0]], }"
4855.800000000134,"{""waypoints"":(-9850.8452, -6568.0365), ""unsafe_region"":[[40.0, 20.0], [80.0, 20.0], [80.0, 60.0], [40.0, 60.0]], }"
4855.800000000134,"{""waypoints"":(-9850.8452, -6568.0365), ""unsafe_region"":[[40.0, 20.0], [80.0, 20.0], [80.0, 60.0], [40.0, 60.0]], }"
4855.800000000134,"{""waypoints"":(-9850.8452, -6568.0365), ""unsafe_region"":[[40.0, 20.0], [80.0, 20.0], [80.0, 60.0], [40.0, 60.0]], }"
4855.800000000134,"{""waypoints"":(-9850.8452, -6568.0365), ""unsafe_region"":[[40.0, 20.0], [80.0, 20.0], [80.0, 60.0], [40.0, 60.0]], }"
4855.800000000134,"{""waypoints"":(-9850.8452, -6568.0365), ""unsafe_region"":[[40.0, 20.0], [80.0, 20.0], [80.0, 60.0], [40.0, 60.0]], }"
4855.800000000134,"{""waypoints"":(-9850.8452, -6568.0365), ""unsafe_region"":[[40.0, 20.0], [80.0, 20.0], [80.0, 60.0], [40.0, 60.0]], }"
4855.800000000134,"{""waypoints"":(-9850.8452, -6568.0365), ""unsafe_region"":[[40.0, 20.0], [80.0, 20.0], [80.0, 60.0], [40.0, 60.0]], }"
4855.800000000134,"{""waypoints"":(-9850.8452, -6568.0365), ""unsafe_region"":[[40.0, 20.0], [80.0, 20.0], [80.0, 60.0], [40.0, 60.0]], }"
4855.800000000134,"{""waypoints"":(-9850.8452, -6568.0365), ""unsafe_region"":[[40.0, 20.0], [80.0, 20.0], [80.0, 60.0], [40.0, 60.0]], }"
4855.800000000134,"{""waypoints"":(-9850.8452, -6568.0365), ""unsafe_region"":[[40.0, 20.0], [80.0, 20.0], [80.0, 60.0], [40.0, 60.0]], }"
4855.800000000134,"{""waypoints"":(-9850.8452, -6568.0365), ""unsafe_region"":[[40.0, 20.0], [80.0, 20.0], [80.0, 60.0], [40.0, 60.0]], }"
4855.800000000134,"{""waypoints"":(-9850.8452, -6568.0365), ""unsafe_region"":[[40.0, 20.0], [80.0, 20.0], [80.0, 60.0], [40.0, 60.0]], }"
4855.800000000134,"{""waypoints"":(-9850.8452, -6568.0365), ""unsafe_region"":[[40.0, 20.0], [80.0, 20.0], [80.0, 60.0], [40.0, 60.0]], }"
4855.800000000134,"{""waypoints"":(-9850.8452, -6568.0365), ""unsafe_region"":[[40.0, 20.0], [80.0, 20.0], [80.0, 60.0], [40.0, 60.0]], }"
4855.800000000134,"{""waypoints"":(-9850.8452, -6568.0365), ""unsafe_region"":[[40.0, 20.0], [80.0, 20.0], [80.0, 60.0], [40.0, 60.0]], }"
4855.800000000134,"{""waypoints"":(-9850.8452, -6568.0365), ""unsafe_region"":[[40.0, 20.0], [80.0, 20.0], [80.0, 60.0], [40.0, 60.0]], }"
4855.800000000134,"{""waypoints"":(-9850.8452, -6568.0365), ""unsafe_region"":[[40.0, 20.0], [80.0, 20.0], [80.0, 60.0], [40.0, 60.0]], }"
4855.800000000134,"{""waypoints"":(-9850.8452, -6568.0365), ""unsafe_region"":[[40.0, 20.0], [80.0, 20.0], [80.0, 60.0], [40.0, 60.0]], }"
4855.800000000134,"{""waypoints"":(-9850.8452, -6568.0365), ""unsafe_region"":[[40.0, 20.0], [80.0, 20.0], [80.0, 60.0], [40.0, 60.0]], }"
4855.800000000134,"{""waypoints"":(-9850.8452, -6568.0365), ""unsafe_region"":[[40.0, 20.0], [80.0, 20.0], [80.0, 60.0], [40.0, 60.0]], }"
4855.800000000134,"{""waypoints"":(-9850.8452, -6568.0365), ""unsafe_region"":[[40.0, 20.0], [80.0, 20.0], [80.0, 60.0], [40.0, 60.0]], }"
4855.800000000134,"{""waypoints"":(-9850.8452, -6568.0365), ""unsafe_region"":[[40.0, 20.0], [80.0, 20.0], [80.0, 60.0], [40.0, 60.0]], }"
4855.800000000134,"{""waypoints"":(-9850.8452, -6568.0365), ""unsafe_region"":[[40.0, 20.0], [80.0, 20.0], [80.0, 60.0], [40.0, 60.0]], }"
4871.500000000191,"{""waypoints"":(-9850.8452, -6568.0365), ""unsafe_region"":[[40.0, 20.0], [80.0, 20.0], [80.0, 60.0], [40.0, 60.0]], }"
4871.600000000191,"{""waypoints"":(-9850.8452, -6568.0365), ""unsafe_region"":[[40.0, 20.0], [80.0, 20.0], [80.0, 60.0], [40.0, 60.0]], }"
4871.600000000191,"{""waypoints"":(-9850.8452, -6568.0365), ""unsafe_region"":[[40.0, 20.0], [80.0, 20.0], [80.0, 60.0], [40.0, 60.0]], }"
4871.600000000191,"{""waypoints"":(-9850.8452, -6568.0365), ""unsafe_region"":[[40.0, 20.0], [80.0, 20.0], [80.0, 60.0], [40.0, 60.0]], }"
4871.600000000191,"{""waypoints"":(-9850.8452, -6568.0365), ""unsafe_region"":[[40.0, 20.0], [80.0, 20.0], [80.0, 60.0], [40.0, 60.0]], }"
4871.600000000191,"{""waypoints"":(-9850.8452, -6568.0365), ""unsafe_region"":[[40.0, 20.0], [80.0, 20.0], [80.0, 60.0], [40.0, 60.0]], }"
4871.600000000191,"{""waypoints"":(-9850.8452, -6568.0365), ""unsafe_region"":[[40.0, 20.0], [80.0, 20.0], [80.0, 60.0], [40.0, 60.0]], }"
4871.600000000191,"{""waypoints"":(-9850.8452, -6568.0365), ""unsafe_region"":[[40.0, 20.0], [80.0, 20.0], [80.0, 60.0], [40.0, 60.0]], }"
4871.600000000191,"{""waypoints"":(-9850.8452, -6568.0365), ""unsafe_region"":[[40.0, 20.0], [80.0, 20.0], [80.0, 60.0], [40.0, 60.0]], }"
4871.600000000191,"{""waypoints"":(-9850.8452, -6568.0365), ""unsafe_region"":[[40.0, 20.0], [80.0, 20.0], [80.0, 60.0], [40.0, 60.0]], }"
4871.600000000191,"{""waypoints"":(-9850.8452, -6568.0365), ""unsafe_region"":[[40.0, 20.0], [80.0, 20.0], [80.0, 60.0], [40.0, 60.0]], }"
4871.600000000191,"{""waypoints"":(-9850.8452, -6568.0365), ""unsafe_region"":[[40.0, 20.0], [80.0, 20.0], [80.0, 60.0], [40.0, 60.0]], }"
4871.600000000191,"{""waypoints"":(-9850.8452, -6568.0365), ""unsafe_region"":[[40.0, 20.0], [80.0, 20.0], [80.0, 60.0], [40.0, 60.0]], }"
4871.600000000191,"{""waypoints"":(-9850.8452, -6568.0365), ""unsafe_region"":[[40.0, 20.0], [80.0, 20.0], [80.0, 60.0], [40.0, 60.0]], }"
4871.600000000191,"{""waypoints"":(-9850.8452, -6568.0365), ""unsafe_region"":[[40.0, 20.0], [80.0, 20.0], [80.0, 60.0], [40.0, 60.0]], }"
4871.600000000191,"{""waypoints"":(-9850.8452, -6568.0365), ""unsafe_region"":[[40.0, 20.0], [80.0, 20.0], [80.0, 60.0], [40.0, 60.0]], }"
4903.100000000306,"{""waypoints"":(-9850.8452, -6568.0365), ""unsafe_region"":[[40.0, 20.0], [80.0, 20.0], [80.0, 60.0], [40.0, 60.0]], }"
4903.200000000306,"{""waypoints"":(-9850.8452, -6568.0365), ""unsafe_region"":[[40.0, 20.0], [80.0, 20.0], [80.0, 60.0], [40.0, 60.0]], }"
4903.200000000306,"{""waypoints"":(-9850.8452, -6568.0365), ""unsafe_region"":[[40.0, 20.0], [80.0, 20.0], [80.0, 60.0], [40.0, 60.0]], }"
4903.200000000306,"{""waypoints"":(-9850.8452, -6568.0365), ""unsafe_region"":[[40.0, 20.0], [80.0, 20.0], [80.0, 60.0], [40.0, 60.0]], }"
4903.200000000306,"{""waypoints"":(-9850.8452, -6568.0365), ""unsafe_region"":[[40.0, 20.0], [80.0, 20.0], [80.0, 60.0], [40.0, 60.0]], }"
4903.200000000306,"{""waypoints"":(-9850.8452, -6568.0365), ""unsafe_region"":[[40.0, 20.0], [80.0, 20.0], [80.0, 60.0], [40.0, 60.0]], }"
4903.200000000306,"{""waypoints"":(-9850.8452, -6568.0365), ""unsafe_region"":[[40.0, 20.0], [80.0, 20.0], [80.0, 60.0], [40.0, 60.0]], }"
4903.200000000306,"{""waypoints"":(-9850.8452, -6568.0365), ""unsafe_region"":[[40.0, 20.0], [80.0, 20.0], [80.0, 60.0], [40.0, 60.0]], }"
4903.200000000306,"{""waypoints"":(-9850.8452, -6568.0365), ""unsafe_region"":[[40.0, 20.0], [80.0, 20.0], [80.0, 60.0], [40.0, 60.0]], }"
4903.200000000306,"{""waypoints"":(-9850.8452, -6568.0365), ""unsafe_region"":[[40.0, 20.0], [80.0, 20.0], [80.0, 60.0], [40.0, 60.0]], }"
4903.200000000306,"{""waypoints"":(-9850.8452, -6568.0365), ""unsafe_region"":[[40.0, 20.0], [80.0, 20.0], [80.0, 60.0], [40.0, 60.0]], }"
4903.200000000306,"{""waypoints"":(-9850.8452, -6568.0365), ""unsafe_region"":[[40.0, 20.0], [80.0, 20.0], [80.0, 60.0], [40.0, 60.0]], }"
4903.200000000306,"{""waypoints"":(-9850.8452, -6568.0365), ""unsafe_region"":[[40.0, 20.0], [80.0, 20.0], [80.0, 60.0], [40.0, 60.0]], }"
4903.200000000306,"{""waypoints"":(-9850.8452, -6568.0365), ""unsafe_region"":[[40.0, 20.0], [80.0, 20.0], [80.0, 60.0], [40.0, 60.0]], }"
4903.200000000306,"{""waypoints"":(-9850.8452, -6568.0365), ""unsafe_region"":[[40.0, 20.0], [80.0, 20.0], [80.0, 60.0], [40.0, 60.0]], }"
4903.200000000306,"{""waypoints"":(-9850.8452, -6568.0365), ""unsafe_region"":[[40.0, 20.0], [80.0, 20.0], [80.0, 60.0], [40.0, 60.0]], }"
4903.200000000306,"{""waypoints"":(-9850.8452, -6568.0365), ""unsafe_region"":[[40.0, 20.0], [80.0, 20.0], [80.0, 60.0], [40.0, 60.0]], }"
4903.200000000306,"{""waypoints"":(-9850.8452, -6568.0365), ""unsafe_region"":[[40.0, 20.0], [80.0, 20.0], [80.0, 60.0], [40.0, 60.0]], }"
4903.200000000306,"{""waypoints"":(-9850.8452, -6568.0365), ""unsafe_region"":[[40.0, 20.0], [80.0, 20.0], [80.0, 60.0], [40.0, 60.0]], }"
4903.200000000306,"{""waypoints"":(-9850.8452, -6568.0365), ""unsafe_region"":[[40.0, 20.0], [80.0, 20.0], [80.0, 60.0], [40.0, 60.0]], }"
4903.200000000306,"{""waypoints"":(-9850.8452, -6568.0365), ""unsafe_region"":[[40.0, 20.0], [80.0, 20.0], [80.0, 60.0], [40.0, 60.0]], }"
4903.200000000306,"{""waypoints"":(-9850.8452, -6568.0365), ""unsafe_region"":[[40.0, 20.0], [80.0, 20.0], [80.0, 60.0], [40.0, 60.0]], }"
4903.200000000306,"{""waypoints"":(-9850.8452, -6568.0365), ""unsafe_region"":[[40.0, 20.0], [80.0, 20.0], [80.0, 60.0], [40.0, 60.0]], }"
4903.200000000306,"{""waypoints"":(-9850.8452, -6568.0365), ""unsafe_region"":[[40.0, 20.0], [80.0, 20.0], [80.0, 60.0], [40.0, 60.0]], }"
4903.200000000306,"{""waypoints"":(-9850.8452, -6568.0365), ""unsafe_region"":[[40.0, 20.0], [80.0, 20.0], [80.0, 60.0], [40.0, 60.0]], }"
4903.200000000306,"{""waypoints"":(-9850.8452, -6568.0365), ""unsafe_region"":[[40.0, 20.0], [80.0, 20.0], [80.0, 60.0], [40.0, 60.0]], }"
4903.200000000306,"{""waypoints"":(-9850.8452, -6568.0365), ""unsafe_region"":[[40.0, 20.0], [80.0, 20.0], [80.0, 60.0], [40.0, 60.0]], }"
4903.200000000306,"{""waypoints"":(-9850.8452, -6568.0365), ""unsafe_region"":[[40.0, 20.0], [80.0, 20.0], [80.0, 60.0], [40.0, 60.0]], }"
4903.200000000306,"{""waypoints"":(-9850.8452, -6568.0365), ""unsafe_region"":[[40.0, 20.0], [80.0, 20.0], [80.0, 60.0], [40.0, 60.0]], }"
4903.200000000306,"{""waypoints"":(-9850.8452, -6568.0365), ""unsafe_region"":[[40.0, 20.0], [80.0, 20.0], [80.0, 60.0], [40.0, 60.0]], }"
4903.200000000306,"{""waypoints"":(-9850.8452, -6568.0365), ""unsafe_region"":[[40.0, 20.0], [80.0, 20.0], [80.0, 60.0], [40.0, 60.0]], }"
4903.200000000306,"{""waypoints"":(-9850.8452, -6568.0365), ""unsafe_region"":[[40.0, 20.0], [80.0, 20.0], [80.0, 60.0], [40.0, 60.0]], }"
4962.700000000523,"{""waypoints"":(-9850.8452, -6568.0365), ""unsafe_region"":[[40.0, 20.0], [80.0, 20.0], [80.0, 60.0], [40.0, 60.0]], }"
4962.800000000523,"{""waypoints"":(-9850.8452, -6568.0365), ""unsafe_region"":[[40.0, 20.0], [80.0, 20.0], [80.0, 60.0], [40.0, 60.0]], }"
4962.800000000523,"{""waypoints"":(-9850.8452, -6568.0365), ""unsafe_region"":[[40.0, 20.0], [80.0, 20.0], [80.0, 60.0], [40.0, 60.0]], }"
4962.800000000523,"{""waypoints"":(-9850.8452, -6568.0365), ""unsafe_region"":[[40.0, 20.0], [80.0, 20.0], [80.0, 60.0], [40.0, 60.0]], }"
4962.800000000523,"{""waypoints"":(-9850.8452, -6568.0365), ""unsafe_region"":[[40.0, 20.0], [80.0, 20.0], [80.0, 60.0], [40.0, 60.0]], }"
4962.800000000523,"{""waypoints"":(-9850.8452, -6568.0365), ""unsafe_region"":[[40.0, 20.0], [80.0, 20.0], [80.0, 60.0], [40.0, 60.0]], }"
4962.800000000523,"{""waypoints"":(-9850.8452, -6568.0365), ""unsafe_region"":[[40.0, 20.0], [80.0, 20.0], [80.0, 60.0], [40.0, 60.0]], }"
4962.800000000523,"{""waypoints"":(-9850.8452, -6568.0365), ""unsafe_region"":[[40.0, 20.0], [80.0, 20.0], [80.0, 60.0], [40.0, 60.0]], }"
4962.800000000523,"{""waypoints"":(-9850.8452, -6568.0365), ""unsafe_region"":[[40.0, 20.0], [80.0, 20.0], [80.0, 60.0], [40.0, 60.0]], }"
4962.800000000523,"{""waypoints"":(-9850.8452, -6568.0365), ""unsafe_region"":[[40.0, 20.0], [80.0, 20.0], [80.0, 60.0], [40.0, 60.0]], }"
4962.800000000523,"{""waypoints"":(-9850.8452, -6568.0365), ""unsafe_region"":[[40.0, 20.0], [80.0, 20.0], [80.0, 60.0], [40.0, 60.0]], }"
4962.800000000523,"{""waypoints"":(-9850.8452, -6568.0365), ""unsafe_region"":[[40.0, 20.0], [80.0, 20.0], [80.0, 60.0], [40.0, 60.0]], }"
4962.800000000523,"{""waypoints"":(-9850.8452, -6568.0365), ""unsafe_region"":[[40.0, 20.0], [80.0, 20.0], [80.0, 60.0], [40.0, 60.0]], }"
4962.800000000523,"{""waypoints"":(-9850.8452, -6568.0365), ""unsafe_region"":[[40.0, 20.0], [80.0, 20.0], [80.0, 60.0], [40.0, 60.0]], }"
4962.800000000523,"{""waypoints"":(-9850.8452, -6568.0365), ""unsafe_region"":[[40.0, 20.0], [80.0, 20.0], [80.0, 60.0], [40.0, 60.0]], }"
4962.800000000523,"{""waypoints"":(-9850.8452, -6568.0365), ""unsafe_region"":[[40.0, 20.0], [80.0, 20.0], [80.0, 60.0], [40.0, 60.0]], }"
4962.800000000523,"{""waypoints"":(-9850.8452, -6568.0365), ""unsafe_region"":[[40.0, 20.0], [80.0, 20.0], [80.0, 60.0], [40.0, 60.0]], }"
4962.800000000523,"{""waypoints"":(-9850.8452, -6568.0365), ""unsafe_region"":[[40.0, 20.0], [80.0, 20.0], [80.0, 60.0], [40.0, 60.0]], }"
4962.800000000523,"{""waypoints"":(-9850.8452, -6568.0365), ""unsafe_region"":[[40.0, 20.0], [80.0, 20.0], [80.0, 60.0], [40.0, 60.0]], }"
4962.800000000523,"{""waypoints"":(-9850.8452, -6568.0365), ""unsafe_region"":[[40.0, 20.0], [80.0, 20.0], [80.0, 60.0], [40.0, 60.0]], }"
4962.800000000523,"{""waypoints"":(-9850.8452, -6568.0365), ""unsafe_region"":[[40.0, 20.0], [80.0, 20.0], [80.0, 60.0], [40.0, 60.0]], }"
4962.800000000523,"{""waypoints"":(-9850.8452, -6568.0365), ""unsafe_region"":[[40.0, 20.0], [80.0, 20.0], [80.0, 60.0], [40.0, 60.0]], }"
4962.800000000523,"{""waypoints"":(-9850.8452, -6568.0365), ""unsafe_region"":[[40.0, 20.0], [80.0, 20.0], [80.0, 60.0], [40.0, 60.0]], }"
4962.800000000523,"{""waypoints"":(-9850.8452, -6568.0365), ""unsafe_region"":[[40.0, 20.0], [80.0, 20.0], [80.0, 60.0], [40.0, 60.0]], }"
4962.800000000523,"{""waypoints"":(-9850.8452, -6568.0365), ""unsafe_region"":[[40.0, 20.0], [80.0, 20.0], [80.0, 60.0], [40.0, 60.0]], }"
4962.800000000523,"{""waypoints"":(-9850.8452, -6568.0365), ""unsafe_region"":[[40.0, 20.0], [80.0, 20.0], [80.0, 60.0], [40.0, 60.0]], }"
4962.800000000523,"{""waypoints"":(-9850.8452, -6568.0365), ""unsafe_region"":[[40.0, 20.0], [80.0, 20.0], [80.0, 60.0], [40.0, 60.0]], }"
4962.800000000523,"{""waypoints"":(-9850.8452, -6568.0365), ""unsafe_region"":[[40.0, 20.0], [80.0, 20.0], [80.0, 60.0], [40.0, 60.0]], }"
4962.800000000523,"{""waypoints"":(-9850.8452, -6568.0365), ""unsafe_region"":[[40.0, 20.0], [80.0, 20.0], [80.0, 60.0], [40.0, 60.0]], }"
4962.800000000523,"{""waypoints"":(-9850.8452, -6568.0365), ""unsafe_region"":[[40.0, 20.0], [80.0, 20.0], [80.0, 60.0], [40.0, 60.0]], }"
4962.800000000523,"{""waypoints"":(-9850.8452, -6568.0365), ""unsafe_region"":[[40.0, 20.0], [80.0, 20.0], [80.0, 60.0], [40.0, 60.0]], }"
4962.800000000523,"{""waypoints"":(-9850.8452, -6568.0365), ""unsafe_region"":[[40.0, 20.0], [80.0, 20.0], [80.0, 60.0], [40.0, 60.0]], }"
4962.800000000523,"{""waypoints"":(-9850.8452, -6568.0365), ""unsafe_region"":[[40.0, 20.0], [80.0, 20.0], [80.0, 60.0], [40.0, 60.0]], }"
4962.800000000523,"{""waypoints"":(-9850.8452, -6568.0365), ""unsafe_region"":[[40.0, 20.0], [80.0, 20.0], [80.0, 60.0], [40.0, 60.0]], }"
4962.800000000523,"{""waypoints"":(-9850.8452, -6568.0365), ""unsafe_region"":[[40.0, 20.0], [80.0, 20.0], [80.0, 60.0], [40.0, 60.0]], }"
4962.800000000523,"{""waypoints"":(-9850.8452, -6568.0365), ""unsafe_region"":[[40.0, 20.0], [80.0, 20.0], [80.0, 60.0], [40.0, 60.0]], }"
4962.800000000523,"{""waypoints"":(-9850.8452, -6568.0365), ""unsafe_region"":[[40.0, 20.0], [80.0, 20.0], [80.0, 60.0], [40.0, 60.0]], }"
4962.800000000523,"{""waypoints"":(-9850.8452, -6568.0365), ""unsafe_region"":[[40.0, 20.0], [80.0, 20.0], [80.0, 60.0], [40.0, 60.0]], }"
4962.800000000523,"{""waypoints"":(-9850.8452, -6568.0365), ""unsafe_region"":[[40.0, 20.0], [80.0, 20.0], [80.0, 60.0], [40.0, 60.0]], }"
4962.800000000523,"{""waypoints"":(-9850.8452, -6568.0365), ""unsafe_region"":[[40.0, 20.0], [80.0, 20.0], [80.0, 60.0], [40.0, 60.0]], }"
4962.800000000523,"{""waypoints"":(-9850.8452, -6568.0365), ""unsafe_region"":[[40.0, 20.0], [80.0, 20.0], [80.0, 60.0], [40.0, 60.0]], }"
4962.800000000523,"{""waypoints"":(-9850.8452, -6568.0365), ""unsafe_region"":[[40.0, 20.0], [80.0, 20.0], [80.0, 60.0], [40.0, 60.0]], }"
4962.800000000523,"{""waypoints"":(-9850.8452, -6568.0365), ""unsafe_region"":[[40.0, 20.0], [80.0, 20.0], [80.0, 60.0], [40.0, 60.0]], }"
4962.800000000523,"{""waypoints"":(-9850.8452, -6568.0365), ""unsafe_region"":[[40.0, 20.0], [80.0, 20.0], [80.0, 60.0], [40.0, 60.0]], }"
4962.800000000523,"{""waypoints"":(-9850.8452, -6568.0365), ""unsafe_region"":[[40.0, 20.0], [80.0, 20.0], [80.0, 60.0], [40.0, 60.0]], }"
4962.800000000523,"{""waypoints"":(-9850.8452, -6568.0365), ""unsafe_region"":[[40.0, 20.0], [80.0, 20.0], [80.0, 60.0], [40.0, 60.0]], }"
4962.800000000523,"{""waypoints"":(-9850.8452, -6568.0365), ""unsafe_region"":[[40.0, 20.0], [80.0, 20.0], [80.0, 60.0], [40.0, 60.0]], }"
4962.800000000523,"{""waypoints"":(-9850.8452, -6568.0365), ""unsafe_region"":[[40.0, 20.0], [80.0, 20.0], [80.0, 60.0], [40.0, 60.0]], }"
4962.800000000523,"{""waypoints"":(-9850.8452, -6568.0365), ""unsafe_region"":[[40.0, 20.0], [80.0, 20.0], [80.0, 60.0], [40.0, 60.0]], }"
4962.800000000523,"{""waypoints"":(-9850.8452, -6568.0365), ""unsafe_region"":[[40.0, 20.0], [80.0, 20.0], [80.0, 60.0], [40.0, 60.0]], }"
4962.800000000523,"{""waypoints"":(-9850.8452, -6568.0365), ""unsafe_region"":[[40.0, 20.0], [80.0, 20.0], [80.0, 60.0], [40.0, 60.0]], }"
4962.800000000523,"{""waypoints"":(-9850.8452, -6568.0365), ""unsafe_region"":[[40.0, 20.0], [80.0, 20.0], [80.0, 60.0], [40.0, 60.0]], }"
4962.800000000523,"{""waypoints"":(-9850.8452, -6568.0365), ""unsafe_region"":[[40.0, 20.0], [80.0, 20.0], [80.0, 60.0], [40.0, 60.0]], }"
4962.800000000523,"{""waypoints"":(-9850.8452, -6568.0365), ""unsafe_region"":[[40.0, 20.0], [80.0, 20.0], [80.0, 60.0], [40.0, 60.0]], }"
4962.800000000523,"{""waypoints"":(-9850.8452, -6568.0365), ""unsafe_region"":[[40.0, 20.0], [80.0, 20.0], [80.0, 60.0], [40.0, 60.0]], }"
4962.800000000523,"{""waypoints"":(-9850.8452, -6568.0365), ""unsafe_region"":[[40.0, 20.0], [80.0, 20.0], [80.0, 60.0], [40.0, 60.0]], }"
4962.800000000523,"{""waypoints"":(-9850.8452, -6568.0365), ""unsafe_region"":[[40.0, 20.0], [80.0, 20.0], [80.0, 60.0], [40.0, 60.0]], }"
4962.800000000523,"{""waypoints"":(-9850.8452, -6568.0365), ""unsafe_region"":[[40.0, 20.0], [80.0, 20.0], [80.0, 60.0], [40.0, 60.0]], }"
4962.800000000523,"{""waypoints"":(-9850.8452, -6568.0365), ""unsafe_region"":[[40.0, 20.0], [80.0, 20.0], [80.0, 60.0], [40.0, 60.0]], }"
4977.000000000575,"{""waypoints"":(-9850.8452, -6568.0365), ""unsafe_region"":[[40.0, 20.0], [80.0, 20.0], [80.0, 60.0], [40.0, 60.0]], }"
4977.100000000575,"{""waypoints"":(-9850.8452, -6568.0365), ""unsafe_region"":[[40.0, 20.0], [80.0, 20.0], [80.0, 60.0], [40.0, 60.0]], }"
4977.100000000575,"{""waypoints"":(-9850.8452, -6568.0365), ""unsafe_region"":[[40.0, 20.0], [80.0, 20.0], [80.0, 60.0], [40.0, 60.0]], }"
4977.100000000575,"{""waypoints"":(-9850.8452, -6568.0365), ""unsafe_region"":[[40.0, 20.0], [80.0, 20.0], [80.0, 60.0], [40.0, 60.0]], }"
4977.100000000575,"{""waypoints"":(-9850.8452, -6568.0365), ""unsafe_region"":[[40.0, 20.0], [80.0, 20.0], [80.0, 60.0], [40.0, 60.0]], }"
4977.100000000575,"{""waypoints"":(-9850.8452, -6568.0365), ""unsafe_region"":[[40.0, 20.0], [80.0, 20.0], [80.0, 60.0], [40.0, 60.0]], }"
4977.100000000575,"{""waypoints"":(-9850.8452, -6568.0365), ""unsafe_region"":[[40.0, 20.0], [80.0, 20.0], [80.0, 60.0], [40.0, 60.0]], }"
4977.100000000575,"{""waypoints"":(-9850.8452, -6568.0365), ""unsafe_region"":[[40.0, 20.0], [80.0, 20.0], [80.0, 60.0], [40.0, 60.0]], }"
4977.100000000575,"{""waypoints"":(-9850.8452, -6568.0365), ""unsafe_region"":[[40.0, 20.0], [80.0, 20.0], [80.0, 60.0], [40.0, 60.0]], }"
4977.100000000575,"{""waypoints"":(-9850.8452, -6568.0365), ""unsafe_region"":[[40.0, 20.0], [80.0, 20.0], [80.0, 60.0], [40.0, 60.0]], }"
4977.100000000575,"{""waypoints"":(-9850.8452, -6568.0365), ""unsafe_region"":[[40.0, 20.0], [80.0, 20.0], [80.0, 60.0], [40.0, 60.0]], }"
4977.100000000575,"{""waypoints"":(-9850.8452, -6568.0365), ""unsafe_region"":[[40.0, 20.0], [80.0, 20.0], [80.0, 60.0], [40.0, 60.0]], }"
4977.100000000575,"{""waypoints"":(-9850.8452, -6568.0365), ""unsafe_region"":[[40.0, 20.0], [80.0, 20.0], [80.0, 60.0], [40.0, 60.0]], }"
4977.100000000575,"{""waypoints"":(-9850.8452, -6568.0365), ""unsafe_region"":[[40.0, 20.0], [80.0, 20.0], [80.0, 60.0], [40.0, 60.0]], }"
4977.100000000575,"{""waypoints"":(-9850.8452, -6568.0365), ""unsafe_region"":[[40.0, 20.0], [80.0, 20.0], [80.0, 60.0], [40.0, 60.0]], }"
5046.000000000826,"{""waypoints"":(-9850.8452, -6568.0365), ""unsafe_region"":[[40.0, 20.0], [80.0, 20.0], [80.0, 60.0], [40.0, 60.0]], }"
5046.100000000826,"{""waypoints"":(-9850.8452, -6568.0365), ""unsafe_region"":[[40.0, 20.0], [80.0, 20.0], [80.0, 60.0], [40.0, 60.0]], }"
5046.100000000826,"{""waypoints"":(-9850.8452, -6568.0365), ""unsafe_region"":[[40.0, 20.0], [80.0, 20.0], [80.0, 60.0], [40.0, 60.0]], }"
5046.100000000826,"{""waypoints"":(-9850.8452, -6568.0365), ""unsafe_region"":[[40.0, 20.0], [80.0, 20.0], [80.0, 60.0], [40.0, 60.0]], }"
5046.100000000826,"{""waypoints"":(-9850.8452, -6568.0365), ""unsafe_region"":[[40.0, 20.0], [80.0, 20.0], [80.0, 60.0], [40.0, 60.0]], }"
5046.100000000826,"{""waypoints"":(-9850.8452, -6568.0365), ""unsafe_region"":[[40.0, 20.0], [80.0, 20.0], [80.0, 60.0], [40.0, 60.0]], }"
5046.100000000826,"{""waypoints"":(-9850.8452, -6568.0365), ""unsafe_region"":[[40.0, 20.0], [80.0, 20.0], [80.0, 60.0], [40.0, 60.0]], }"
5046.100000000826,"{""waypoints"":(-9850.8452, -6568.0365), ""unsafe_region"":[[40.0, 20.0], [80.0, 20.0], [80.0, 60.0], [40.0, 60.0]], }"
5046.100000000826,"{""waypoints"":(-9850.8452, -6568.0365), ""unsafe_region"":[[40.0, 20.0], [80.0, 20.0], [80.0, 60.0], [40.0, 60.0]], }"
5046.100000000826,"{""waypoints"":(-9850.8452, -6568.0365), ""unsafe_region"":[[40.0, 20.0], [80.0, 20.0], [80.0, 60.0], [40.0, 60.0]], }"
5046.100000000826,"{""waypoints"":(-9850.8452, -6568.0365), ""unsafe_region"":[[40.0, 20.0], [80.0, 20.0], [80.0, 60.0], [40.0, 60.0]], }"
5046.100000000826,"{""waypoints"":(-9850.8452, -6568.0365), ""unsafe_region"":[[40.0, 20.0], [80.0, 20.0], [80.0, 60.0], [40.0, 60.0]], }"
5046.100000000826,"{""waypoints"":(-9850.8452, -6568.0365), ""unsafe_region"":[[40.0, 20.0], [80.0, 20.0], [80.0, 60.0], [40.0, 60.0]], }"
5046.100000000826,"{""waypoints"":(-9850.8452, -6568.0365), ""unsafe_region"":[[40.0, 20.0], [80.0, 20.0], [80.0, 60.0], [40.0, 60.0]], }"
5046.100000000826,"{""waypoints"":(-9850.8452, -6568.0365), ""unsafe_region"":[[40.0, 20.0], [80.0, 20.0], [80.0, 60.0], [40.0, 60.0]], }"
5046.100000000826,"{""waypoints"":(-9850.8452, -6568.0365), ""unsafe_region"":[[40.0, 20.0], [80.0, 20.0], [80.0, 60.0], [40.0, 60.0]], }"
5046.100000000826,"{""waypoints"":(-9850.8452, -6568.0365), ""unsafe_region"":[[40.0, 20.0], [80.0, 20.0], [80.0, 60.0], [40.0, 60.0]], }"
5046.100000000826,"{""waypoints"":(-9850.8452, -6568.0365), ""unsafe_region"":[[40.0, 20.0], [80.0, 20.0], [80.0, 60.0], [40.0, 60.0]], }"
5046.100000000826,"{""waypoints"":(-9850.8452, -6568.0365), ""unsafe_region"":[[40.0, 20.0], [80.0, 20.0], [80.0, 60.0], [40.0, 60.0]], }"
5046.100000000826,"{""waypoints"":(-9850.8452, -6568.0365), ""unsafe_region"":[[40.0, 20.0], [80.0, 20.0], [80.0, 60.0], [40.0, 60.0]], }"
5046.100000000826,"{""waypoints"":(-9850.8452, -6568.0365), ""unsafe_region"":[[40.0, 20.0], [80.0, 20.0], [80.0, 60.0], [40.0, 60.0]], }"
5046.100000000826,"{""waypoints"":(-9850.8452, -6568.0365), ""unsafe_region"":[[40.0, 20.0], [80.0, 20.0], [80.0, 60.0], [40.0, 60.0]], }"
5046.100000000826,"{""waypoints"":(-9850.8452, -6568.0365), ""unsafe_region"":[[40.0, 20.0], [80.0, 20.0], [80.0, 60.0], [40.0, 60.0]], }"
5046.100000000826,"{""waypoints"":(-9850.8452, -6568.0365), ""unsafe_region"":[[40.0, 20.0], [80.0, 20.0], [80.0, 60.0], [40.0, 60.0]], }"
5046.100000000826,"{""waypoints"":(-9850.8452, -6568.0365), ""unsafe_region"":[[40.0, 20.0], [80.0, 20.0], [80.0, 60.0], [40.0, 60.0]], }"
5046.100000000826,"{""waypoints"":(-9850.8452, -6568.0365), ""unsafe_region"":[[40.0, 20.0], [80.0, 20.0], [80.0, 60.0], [40.0, 60.0]], }"
5046.200000000827,"{""waypoints"":(-9850.8452, -6568.0365), ""unsafe_region"":[[40.0, 20.0], [80.0, 20.0], [80.0, 60.0], [40.0, 60.0]], }"
5046.200000000827,"{""waypoints"":(-9850.8452, -6568.0365), ""unsafe_region"":[[40.0, 20.0], [80.0, 20.0], [80.0, 60.0], [40.0, 60.0]], }"
5046.200000000827,"{""waypoints"":(-9850.8452, -6568.0365), ""unsafe_region"":[[40.0, 20.0], [80.0, 20.0], [80.0, 60.0], [40.0, 60.0]], }"
5046.200000000827,"{""waypoints"":(-9850.8452, -6568.0365), ""unsafe_region"":[[40.0, 20.0], [80.0, 20.0], [80.0, 60.0], [40.0, 60.0]], }"
5046.200000000827,"{""waypoints"":(-9850.8452, -6568.0365), ""unsafe_region"":[[40.0, 20.0], [80.0, 20.0], [80.0, 60.0], [40.0, 60.0]], }"
5046.200000000827,"{""waypoints"":(-9850.8452, -6568.0365), ""unsafe_region"":[[40.0, 20.0], [80.0, 20.0], [80.0, 60.0], [40.0, 60.0]], }"
5046.200000000827,"{""waypoints"":(-9850.8452, -6568.0365), ""unsafe_region"":[[40.0, 20.0], [80.0, 20.0], [80.0, 60.0], [40.0, 60.0]], }"
5046.200000000827,"{""waypoints"":(-9850.8452, -6568.0365), ""unsafe_region"":[[40.0, 20.0], [80.0, 20.0], [80.0, 60.0], [40.0, 60.0]], }"
5046.200000000827,"{""waypoints"":(-9850.8452, -6568.0365), ""unsafe_region"":[[40.0, 20.0], [80.0, 20.0], [80.0, 60.0], [40.0, 60.0]], }"
5046.200000000827,"{""waypoints"":(-9850.8452, -6568.0365), ""unsafe_region"":[[40.0, 20.0], [80.0, 20.0], [80.0, 60.0], [40.0, 60.0]], }"
5046.200000000827,"{""waypoints"":(-9850.8452, -6568.0365), ""unsafe_region"":[[40.0, 20.0], [80.0, 20.0], [80.0, 60.0], [40.0, 60.0]], }"
5046.200000000827,"{""waypoints"":(-9850.8452, -6568.0365), ""unsafe_region"":[[40.0, 20.0], [80.0, 20.0], [80.0, 60.0], [40.0, 60.0]], }"
5046.200000000827,"{""waypoints"":(-9850.8452, -6568.0365), ""unsafe_region"":[[40.0, 20.0], [80.0, 20.0], [80.0, 60.0], [40.0, 60.0]], }"
5046.200000000827,"{""waypoints"":(-9850.8452, -6568.0365), ""unsafe_region"":[[40.0, 20.0], [80.0, 20.0], [80.0, 60.0], [40.0, 60.0]], }"
5046.200000000827,"{""waypoints"":(-9850.8452, -6568.0365), ""unsafe_region"":[[40.0, 20.0], [80.0, 20.0], [80.0, 60.0], [40.0, 60.0]], }"
5046.200000000827,"{""waypoints"":(-9850.8452, -6568.0365), ""unsafe_region"":[[40.0, 20.0], [80.0, 20.0], [80.0, 60.0], [40.0, 60.0]], }"
5046.200000000827,"{""waypoints"":(-9850.8452, -6568.0365), ""unsafe_region"":[[40.0, 20.0], [80.0, 20.0], [80.0, 60.0], [40.0, 60.0]], }"
5046.200000000827,"{""waypoints"":(-9850.8452, -6568.0365), ""unsafe_region"":[[40.0, 20.0], [80.0, 20.0], [80.0, 60.0], [40.0, 60.0]], }"
5046.200000000827,"{""waypoints"":(-9850.8452, -6568.0365), ""unsafe_region"":[[40.0, 20.0], [80.0, 20.0], [80.0, 60.0], [40.0, 60.0]], }"
5046.200000000827,"{""waypoints"":(-9850.8452, -6568.0365), ""unsafe_region"":[[40.0, 20.0], [80.0, 20.0], [80.0, 60.0], [40.0, 60.0]], }"
5046.200000000827,"{""waypoints"":(-9850.8452, -6568.0365), ""unsafe_region"":[[40.0, 20.0], [80.0, 20.0], [80.0, 60.0], [40.0, 60.0]], }"
5046.200000000827,"{""waypoints"":(-9850.8452, -6568.0365), ""unsafe_region"":[[40.0, 20.0], [80.0, 20.0], [80.0, 60.0], [40.0, 60.0]], }"
5046.200000000827,"{""waypoints"":(-9850.8452, -6568.0365), ""unsafe_region"":[[40.0, 20.0], [80.0, 20.0], [80.0, 60.0], [40.0, 60.0]], }"
5046.200000000827,"{""waypoints"":(-9850.8452, -6568.0365), ""unsafe_region"":[[40.0, 20.0], [80.0, 20.0], [80.0, 60.0], [40.0, 60.0]], }"
5046.200000000827,"{""waypoints"":(-9850.8452, -6568.0365), ""unsafe_region"":[[40.0, 20.0], [80.0, 20.0], [80.0, 60.0], [40.0, 60.0]], }"
5046.200000000827,"{""waypoints"":(-9850.8452, -6568.0365), ""unsafe_region"":[[40.0, 20.0], [80.0, 20.0], [80.0, 60.0], [40.0, 60.0]], }"
5046.200000000827,"{""waypoints"":(-9850.8452, -6568.0365), ""unsafe_region"":[[40.0, 20.0], [80.0, 20.0], [80.0, 60.0], [40.0, 60.0]], }"
5046.200000000827,"{""waypoints"":(-9850.8452, -6568.0365), ""unsafe_region"":[[40.0, 20.0], [80.0, 20.0], [80.0, 60.0], [40.0, 60.0]], }"
5046.200000000827,"{""waypoints"":(-9850.8452, -6568.0365), ""unsafe_region"":[[40.0, 20.0], [80.0, 20.0], [80.0, 60.0], [40.0, 60.0]], }"
5046.200000000827,"{""waypoints"":(-9850.8452, -6568.0365), ""unsafe_region"":[[40.0, 20.0], [80.0, 20.0], [80.0, 60.0], [40.0, 60.0]], }"
5046.200000000827,"{""waypoints"":(-9850.8452, -6568.0365), ""unsafe_region"":[[40.0, 20.0], [80.0, 20.0], [80.0, 60.0], [40.0, 60.0]], }"
5046.200000000827,"{""waypoints"":(-9850.8452, -6568.0365), ""unsafe_region"":[[40.0, 20.0], [80.0, 20.0], [80.0, 60.0], [40.0, 60.0]], }"
5046.200000000827,"{""waypoints"":(-9850.8452, -6568.0365), ""unsafe_region"":[[40.0, 20.0], [80.0, 20.0], [80.0, 60.0], [40.0, 60.0]], }"
5046.200000000827,"{""waypoints"":(-9850.8452, -6568.0365), ""unsafe_region"":[[40.0, 20.0], [80.0, 20.0], [80.0, 60.0], [40.0, 60.0]], }"
5046.200000000827,"{""waypoints"":(-9850.8452, -6568.0365), ""unsafe_region"":[[40.0, 20.0], [80.0, 20.0], [80.0, 60.0], [40.0, 60.0]], }"
5046.200000000827,"{""waypoints"":(-9850.8452, -6568.0365), ""unsafe_region"":[[40.0, 20.0], [80.0, 20.0], [80.0, 60.0], [40.0, 60.0]], }"
5046.200000000827,"{""waypoints"":(-9850.8452, -6568.0365), ""unsafe_region"":[[40.0, 20.0], [80.0, 20.0], [80.0, 60.0], [40.0, 60.0]], }"
5046.200000000827,"{""waypoints"":(-9850.8452, -6568.0365), ""unsafe_region"":[[40.0, 20.0], [80.0, 20.0], [80.0, 60.0], [40.0, 60.0]], }"
5046.200000000827,"{""waypoints"":(-9850.8452, -6568.0365), ""unsafe_region"":[[40.0, 20.0], [80.0, 20.0], [80.0, 60.0], [40.0, 60.0]], }"
5046.200000000827,"{""waypoints"":(-9850.8452, -6568.0365), ""unsafe_region"":[[40.0, 20.0], [80.0, 20.0], [80.0, 60.0], [40.0, 60.0]], }"
5046.200000000827,"{""waypoints"":(-9850.8452, -6568.0365), ""unsafe_region"":[[40.0, 20.0], [80.0, 20.0], [80.0, 60.0], [40.0, 60.0]], }"
5046.200000000827,"{""waypoints"":(-9850.8452, -6568.0365), ""unsafe_region"":[[40.0, 20.0], [80.0, 20.0], [80.0, 60.0], [40.0, 60.0]], }"
5046.200000000827,"{""waypoints"":(-9850.8452, -6568.0365), ""unsafe_region"":[[40.0, 20.0], [80.0, 20.0], [80.0, 60.0], [40.0, 60.0]], }"
5108.900000001055,"{""waypoints"":(-9850.8452, -6568.0365), ""unsafe_region"":[[40.0, 20.0], [80.0, 20.0], [80.0, 60.0], [40.0, 60.0]], }"
5109.000000001055,"{""waypoints"":(-9850.8452, -6568.0365), ""unsafe_region"":[[40.0, 20.0], [80.0, 20.0], [80.0, 60.0], [40.0, 60.0]], }"
5109.000000001055,"{""waypoints"":(-9850.8452, -6568.0365), ""unsafe_region"":[[40.0, 20.0], [80.0, 20.0], [80.0, 60.0], [40.0, 60.0]], }"
5109.000000001055,"{""waypoints"":(-9850.8452, -6568.0365), ""unsafe_region"":[[40.0, 20.0], [80.0, 20.0], [80.0, 60.0], [40.0, 60.0]], }"
5109.000000001055,"{""waypoints"":(-9850.8452, -6568.0365), ""unsafe_region"":[[40.0, 20.0], [80.0, 20.0], [80.0, 60.0], [40.0, 60.0]], }"
5109.000000001055,"{""waypoints"":(-9850.8452, -6568.0365), ""unsafe_region"":[[40.0, 20.0], [80.0, 20.0], [80.0, 60.0], [40.0, 60.0]], }"
5109.000000001055,"{""waypoints"":(-9850.8452, -6568.0365), ""unsafe_region"":[[40.0, 20.0], [80.0, 20.0], [80.0, 60.0], [40.0, 60.0]], }"
5109.000000001055,"{""waypoints"":(-9850.8452, -6568.0365), ""unsafe_region"":[[40.0, 20.0], [80.0, 20.0], [80.0, 60.0], [40.0, 60.0]], }"
5109.000000001055,"{""waypoints"":(-9850.8452, -6568.0365), ""unsafe_region"":[[40.0, 20.0], [80.0, 20.0], [80.0, 60.0], [40.0, 60.0]], }"
5109.000000001055,"{""waypoints"":(-9850.8452, -6568.0365), ""unsafe_region"":[[40.0, 20.0], [80.0, 20.0], [80.0, 60.0], [40.0, 60.0]], }"
5109.000000001055,"{""waypoints"":(-9850.8452, -6568.0365), ""unsafe_region"":[[40.0, 20.0], [80.0, 20.0], [80.0, 60.0], [40.0, 60.0]], }"
5109.000000001055,"{""waypoints"":(-9850.8452, -6568.0365), ""unsafe_region"":[[40.0, 20.0], [80.0, 20.0], [80.0, 60.0], [40.0, 60.0]], }"
5109.000000001055,"{""waypoints"":(-9850.8452, -6568.0365), ""unsafe_region"":[[40.0, 20.0], [80.0, 20.0], [80.0, 60.0], [40.0, 60.0]], }"
5109.000000001055,"{""waypoints"":(-9850.8452, -6568.0365), ""unsafe_region"":[[40.0, 20.0], [80.0, 20.0], [80.0, 60.0], [40.0, 60.0]], }"
5109.000000001055,"{""waypoints"":(-9850.8452, -6568.0365), ""unsafe_region"":[[40.0, 20.0], [80.0, 20.0], [80.0, 60.0], [40.0, 60.0]], }"
5109.000000001055,"{""waypoints"":(-9850.8452, -6568.0365), ""unsafe_region"":[[40.0, 20.0], [80.0, 20.0], [80.0, 60.0], [40.0, 60.0]], }"
5109.000000001055,"{""waypoints"":(-9850.8452, -6568.0365), ""unsafe_region"":[[40.0, 20.0], [80.0, 20.0], [80.0, 60.0], [40.0, 60.0]], }"
5109.000000001055,"{""waypoints"":(-9850.8452, -6568.0365), ""unsafe_region"":[[40.0, 20.0], [80.0, 20.0], [80.0, 60.0], [40.0, 60.0]], }"
5109.000000001055,"{""waypoints"":(-9850.8452, -6568.0365), ""unsafe_region"":[[40.0, 20.0], [80.0, 20.0], [80.0, 60.0], [40.0, 60.0]], }"
5109.000000001055,"{""waypoints"":(-9850.8452, -6568.0365), ""unsafe_region"":[[40.0, 20.0], [80.0, 20.0], [80.0, 60.0], [40.0, 60.0]], }"
5109.000000001055,"{""waypoints"":(-9850.8452, -6568.0365), ""unsafe_region"":[[40.0, 20.0], [80.0, 20.0], [80.0, 60.0], [40.0, 60.0]], }"
5109.000000001055,"{""waypoints"":(-9850.8452, -6568.0365), ""unsafe_region"":[[40.0, 20.0], [80.0, 20.0], [80.0, 60.0], [40.0, 60.0]], }"
5109.000000001055,"{""waypoints"":(-9850.8452, -6568.0365), ""unsafe_region"":[[40.0, 20.0], [80.0, 20.0], [80.0, 60.0], [40.0, 60.0]], }"
5109.000000001055,"{""waypoints"":(-9850.8452, -6568.0365), ""unsafe_region"":[[40.0, 20.0], [80.0, 20.0], [80.0, 60.0], [40.0, 60.0]], }"
5109.000000001055,"{""waypoints"":(-9850.8452, -6568.0365), ""unsafe_region"":[[40.0, 20.0], [80.0, 20.0], [80.0, 60.0], [40.0, 60.0]], }"
5109.000000001055,"{""waypoints"":(-9850.8452, -6568.0365), ""unsafe_region"":[[40.0, 20.0], [80.0, 20.0], [80.0, 60.0], [40.0, 60.0]], }"
5109.000000001055,"{""waypoints"":(-9850.8452, -6568.0365), ""unsafe_region"":[[40.0, 20.0], [80.0, 20.0], [80.0, 60.0], [40.0, 60.0]], }"
5109.000000001055,"{""waypoints"":(-9850.8452, -6568.0365), ""unsafe_region"":[[40.0, 20.0], [80.0, 20.0], [80.0, 60.0], [40.0, 60.0]], }"
5109.000000001055,"{""waypoints"":(-9850.8452, -6568.0365), ""unsafe_region"":[[40.0, 20.0], [80.0, 20.0], [80.0, 60.0], [40.0, 60.0]], }"
5109.000000001055,"{""waypoints"":(-9850.8452, -6568.0365), ""unsafe_region"":[[40.0, 20.0], [80.0, 20.0], [80.0, 60.0], [40.0, 60.0]], }"
5109.000000001055,"{""waypoints"":(-9850.8452, -6568.0365), ""unsafe_region"":[[40.0, 20.0], [80.0, 20.0], [80.0, 60.0], [40.0, 60.0]], }"
5109.000000001055,"{""waypoints"":(-9850.8452, -6568.0365), ""unsafe_region"":[[40.0, 20.0], [80.0, 20.0], [80.0, 60.0], [40.0, 60.0]], }"
5109.000000001055,"{""waypoints"":(-9850.8452, -6568.0365), ""unsafe_region"":[[40.0, 20.0], [80.0, 20.0], [80.0, 60.0], [40.0, 60.0]], }"
5109.000000001055,"{""waypoints"":(-9850.8452, -6568.0365), ""unsafe_region"":[[40.0, 20.0], [80.0, 20.0], [80.0, 60.0], [40.0, 60.0]], }"
5109.000000001055,"{""waypoints"":(-9850.8452, -6568.0365), ""unsafe_region"":[[40.0, 20.0], [80.0, 20.0], [80.0, 60.0], [40.0, 60.0]], }"
5109.000000001055,"{""waypoints"":(-9850.8452, -6568.0365), ""unsafe_region"":[[40.0, 20.0], [80.0, 20.0], [80.0, 60.0], [40.0, 60.0]], }"
5109.000000001055,"{""waypoints"":(-9850.8452, -6568.0365), ""unsafe_region"":[[40.0, 20.0], [80.0, 20.0], [80.0, 60.0], [40.0, 60.0]], }"
5109.000000001055,"{""waypoints"":(-9850.8452, -6568.0365), ""unsafe_region"":[[40.0, 20.0], [80.0, 20.0], [80.0, 60.0], [40.0, 60.0]], }"
5109.000000001055,"{""waypoints"":(-9850.8452, -6568.0365), ""unsafe_region"":[[40.0, 20.0], [80.0, 20.0], [80.0, 60.0], [40.0, 60.0]], }"
5109.000000001055,"{""waypoints"":(-9850.8452, -6568.0365), ""unsafe_region"":[[40.0, 20.0], [80.0, 20.0], [80.0, 60.0], [40.0, 60.0]], }"
5109.000000001055,"{""waypoints"":(-9850.8452, -6568.0365), ""unsafe_region"":[[40.0, 20.0], [80.0, 20.0], [80.0, 60.0], [40.0, 60.0]], }"
5109.000000001055,"{""waypoints"":(-9850.8452, -6568.0365), ""unsafe_region"":[[40.0, 20.0], [80.0, 20.0], [80.0, 60.0], [40.0, 60.0]], }"
5109.000000001055,"{""waypoints"":(-9850.8452, -6568.0365), ""unsafe_region"":[[40.0, 20.0], [80.0, 20.0], [80.0, 60.0], [40.0, 60.0]], }"
5109.000000001055,"{""waypoints"":(-9850.8452, -6568.0365), ""unsafe_region"":[[40.0, 20.0], [80.0, 20.0], [80.0, 60.0], [40.0, 60.0]], }"
5109.000000001055,"{""waypoints"":(-9850.8452, -6568.0365), ""unsafe_region"":[[40.0, 20.0], [80.0, 20.0], [80.0, 60.0], [40.0, 60.0]], }"
5109.000000001055,"{""waypoints"":(-9850.8452, -6568.0365), ""unsafe_region"":[[40.0, 20.0], [80.0, 20.0], [80.0, 60.0], [40.0, 60.0]], }"
5109.000000001055,"{""waypoints"":(-9850.8452, -6568.0365), ""unsafe_region"":[[40.0, 20.0], [80.0, 20.0], [80.0, 60.0], [40.0, 60.0]], }"
5109.000000001055,"{""waypoints"":(-9850.8452, -6568.0365), ""unsafe_region"":[[40.0, 20.0], [80.0, 20.0], [80.0, 60.0], [40.0, 60.0]], }"
5109.000000001055,"{""waypoints"":(-9850.8452, -6568.0365), ""unsafe_region"":[[40.0, 20.0], [80.0, 20.0], [80.0, 60.0], [40.0, 60.0]], }"
5109.000000001055,"{""waypoints"":(-9850.8452, -6568.0365), ""unsafe_region"":[[40.0, 20.0], [80.0, 20.0], [80.0, 60.0], [40.0, 60.0]], }"
5109.000000001055,"{""waypoints"":(-9850.8452, -6568.0365), ""unsafe_region"":[[40.0, 20.0], [80.0, 20.0], [80.0, 60.0], [40.0, 60.0]], }"
5109.000000001055,"{""waypoints"":(-9850.8452, -6568.0365), ""unsafe_region"":[[40.0, 20.0], [80.0, 20.0], [80.0, 60.0], [40.0, 60.0]], }"
5109.000000001055,"{""waypoints"":(-9850.8452, -6568.0365), ""unsafe_region"":[[40.0, 20.0], [80.0, 20.0], [80.0, 60.0], [40.0, 60.0]], }"
5109.000000001055,"{""waypoints"":(-9850.8452, -6568.0365), ""unsafe_region"":[[40.0, 20.0], [80.0, 20.0], [80.0, 60.0], [40.0, 60.0]], }"
5109.000000001055,"{""waypoints"":(-9850.8452, -6568.0365), ""unsafe_region"":[[40.0, 20.0], [80.0, 20.0], [80.0, 60.0], [40.0, 60.0]], }"
5109.000000001055,"{""waypoints"":(-9850.8452, -6568.0365), ""unsafe_region"":[[40.0, 20.0], [80.0, 20.0], [80.0, 60.0], [40.0, 60.0]], }"
5109.000000001055,"{""waypoints"":(-9850.8452, -6568.0365), ""unsafe_region"":[[40.0, 20.0], [80.0, 20.0], [80.0, 60.0], [40.0, 60.0]], }"
5109.000000001055,"{""waypoints"":(-9850.8452, -6568.0365), ""unsafe_region"":[[40.0, 20.0], [80.0, 20.0], [80.0, 60.0], [40.0, 60.0]], }"
5109.000000001055,"{""waypoints"":(-9850.8452, -6568.0365), ""unsafe_region"":[[40.0, 20.0], [80.0, 20.0], [80.0, 60.0], [40.0, 60.0]], }"
5109.000000001055,"{""waypoints"":(-9850.8452, -6568.0365), ""unsafe_region"":[[40.0, 20.0], [80.0, 20.0], [80.0, 60.0], [40.0, 60.0]], }"
5109.000000001055,"{""waypoints"":(-9850.8452, -6568.0365), ""unsafe_region"":[[40.0, 20.0], [80.0, 20.0], [80.0, 60.0], [40.0, 60.0]], }"
5109.000000001055,"{""waypoints"":(-9850.8452, -6568.0365), ""unsafe_region"":[[40.0, 20.0], [80.0, 20.0], [80.0, 60.0], [40.0, 60.0]], }"
5109.000000001055,"{""waypoints"":(-9850.8452, -6568.0365), ""unsafe_region"":[[40.0, 20.0], [80.0, 20.0], [80.0, 60.0], [40.0, 60.0]], }"
5185.900000001335,"{""waypoints"":(-9850.8452, -6568.0365), ""unsafe_region"":[[40.0, 20.0], [80.0, 20.0], [80.0, 60.0], [40.0, 60.0]], }"
5186.000000001335,"{""waypoints"":(-9850.8452, -6568.0365), ""unsafe_region"":[[40.0, 20.0], [80.0, 20.0], [80.0, 60.0], [40.0, 60.0]], }"
5186.000000001335,"{""waypoints"":(-9850.8452, -6568.0365), ""unsafe_region"":[[40.0, 20.0], [80.0, 20.0], [80.0, 60.0], [40.0, 60.0]], }"
5186.000000001335,"{""waypoints"":(-9850.8452, -6568.0365), ""unsafe_region"":[[40.0, 20.0], [80.0, 20.0], [80.0, 60.0], [40.0, 60.0]], }"
5186.000000001335,"{""waypoints"":(-9850.8452, -6568.0365), ""unsafe_region"":[[40.0, 20.0], [80.0, 20.0], [80.0, 60.0], [40.0, 60.0]], }"
5186.000000001335,"{""waypoints"":(-9850.8452, -6568.0365), ""unsafe_region"":[[40.0, 20.0], [80.0, 20.0], [80.0, 60.0], [40.0, 60.0]], }"
5186.000000001335,"{""waypoints"":(-9850.8452, -6568.0365), ""unsafe_region"":[[40.0, 20.0], [80.0, 20.0], [80.0, 60.0], [40.0, 60.0]], }"
5186.000000001335,"{""waypoints"":(-9850.8452, -6568.0365), ""unsafe_region"":[[40.0, 20.0], [80.0, 20.0], [80.0, 60.0], [40.0, 60.0]], }"
5186.000000001335,"{""waypoints"":(-9850.8452, -6568.0365), ""unsafe_region"":[[40.0, 20.0], [80.0, 20.0], [80.0, 60.0], [40.0, 60.0]], }"
5186.000000001335,"{""waypoints"":(-9850.8452, -6568.0365), ""unsafe_region"":[[40.0, 20.0], [80.0, 20.0], [80.0, 60.0], [40.0, 60.0]], }"
5186.000000001335,"{""waypoints"":(-9850.8452, -6568.0365), ""unsafe_region"":[[40.0, 20.0], [80.0, 20.0], [80.0, 60.0], [40.0, 60.0]], }"
5186.000000001335,"{""waypoints"":(-9850.8452, -6568.0365), ""unsafe_region"":[[40.0, 20.0], [80.0, 20.0], [80.0, 60.0], [40.0, 60.0]], }"
5186.000000001335,"{""waypoints"":(-9850.8452, -6568.0365), ""unsafe_region"":[[40.0, 20.0], [80.0, 20.0], [80.0, 60.0], [40.0, 60.0]], }"
5186.000000001335,"{""waypoints"":(-9850.8452, -6568.0365), ""unsafe_region"":[[40.0, 20.0], [80.0, 20.0], [80.0, 60.0], [40.0, 60.0]], }"
5186.000000001335,"{""waypoints"":(-9850.8452, -6568.0365), ""unsafe_region"":[[40.0, 20.0], [80.0, 20.0], [80.0, 60.0], [40.0, 60.0]], }"
5186.000000001335,"{""waypoints"":(-9850.8452, -6568.0365), ""unsafe_region"":[[40.0, 20.0], [80.0, 20.0], [80.0, 60.0], [40.0, 60.0]], }"
5186.000000001335,"{""waypoints"":(-9850.8452, -6568.0365), ""unsafe_region"":[[40.0, 20.0], [80.0, 20.0], [80.0, 60.0], [40.0, 60.0]], }"
5186.000000001335,"{""waypoints"":(-9850.8452, -6568.0365), ""unsafe_region"":[[40.0, 20.0], [80.0, 20.0], [80.0, 60.0], [40.0, 60.0]], }"
5186.000000001335,"{""waypoints"":(-9850.8452, -6568.0365), ""unsafe_region"":[[40.0, 20.0], [80.0, 20.0], [80.0, 60.0], [40.0, 60.0]], }"
5186.000000001335,"{""waypoints"":(-9850.8452, -6568.0365), ""unsafe_region"":[[40.0, 20.0], [80.0, 20.0], [80.0, 60.0], [40.0, 60.0]], }"
5186.000000001335,"{""waypoints"":(-9850.8452, -6568.0365), ""unsafe_region"":[[40.0, 20.0], [80.0, 20.0], [80.0, 60.0], [40.0, 60.0]], }"
5186.000000001335,"{""waypoints"":(-9850.8452, -6568.0365), ""unsafe_region"":[[40.0, 20.0], [80.0, 20.0], [80.0, 60.0], [40.0, 60.0]], }"
5186.000000001335,"{""waypoints"":(-9850.8452, -6568.0365), ""unsafe_region"":[[40.0, 20.0], [80.0, 20.0], [80.0, 60.0], [40.0, 60.0]], }"
5186.000000001335,"{""waypoints"":(-9850.8452, -6568.0365), ""unsafe_region"":[[40.0, 20.0], [80.0, 20.0], [80.0, 60.0], [40.0, 60.0]], }"
5186.000000001335,"{""waypoints"":(-9850.8452, -6568.0365), ""unsafe_region"":[[40.0, 20.0], [80.0, 20.0], [80.0, 60.0], [40.0, 60.0]], }"
5186.000000001335,"{""waypoints"":(-9850.8452, -6568.0365), ""unsafe_region"":[[40.0, 20.0], [80.0, 20.0], [80.0, 60.0], [40.0, 60.0]], }"
5186.000000001335,"{""waypoints"":(-9850.8452, -6568.0365), ""unsafe_region"":[[40.0, 20.0], [80.0, 20.0], [80.0, 60.0], [40.0, 60.0]], }"
5186.000000001335,"{""waypoints"":(-9850.8452, -6568.0365), ""unsafe_region"":[[40.0, 20.0], [80.0, 20.0], [80.0, 60.0], [40.0, 60.0]], }"
5186.000000001335,"{""waypoints"":(-9850.8452, -6568.0365), ""unsafe_region"":[[40.0, 20.0], [80.0, 20.0], [80.0, 60.0], [40.0, 60.0]], }"
5186.000000001335,"{""waypoints"":(-9850.8452, -6568.0365), ""unsafe_region"":[[40.0, 20.0], [80.0, 20.0], [80.0, 60.0], [40.0, 60.0]], }"
5186.000000001335,"{""waypoints"":(-9850.8452, -6568.0365), ""unsafe_region"":[[40.0, 20.0], [80.0, 20.0], [80.0, 60.0], [40.0, 60.0]], }"
5186.000000001335,"{""waypoints"":(-9850.8452, -6568.0365), ""unsafe_region"":[[40.0, 20.0], [80.0, 20.0], [80.0, 60.0], [40.0, 60.0]], }"
5186.000000001335,"{""waypoints"":(-9850.8452, -6568.0365), ""unsafe_region"":[[40.0, 20.0], [80.0, 20.0], [80.0, 60.0], [40.0, 60.0]], }"
5186.000000001335,"{""waypoints"":(-9850.8452, -6568.0365), ""unsafe_region"":[[40.0, 20.0], [80.0, 20.0], [80.0, 60.0], [40.0, 60.0]], }"
5186.000000001335,"{""waypoints"":(-9850.8452, -6568.0365), ""unsafe_region"":[[40.0, 20.0], [80.0, 20.0], [80.0, 60.0], [40.0, 60.0]], }"
5186.000000001335,"{""waypoints"":(-9850.8452, -6568.0365), ""unsafe_region"":[[40.0, 20.0], [80.0, 20.0], [80.0, 60.0], [40.0, 60.0]], }"
5186.000000001335,"{""waypoints"":(-9850.8452, -6568.0365), ""unsafe_region"":[[40.0, 20.0], [80.0, 20.0], [80.0, 60.0], [40.0, 60.0]], }"
5186.000000001335,"{""waypoints"":(-9850.8452, -6568.0365), ""unsafe_region"":[[40.0, 20.0], [80.0, 20.0], [80.0, 60.0], [40.0, 60.0]], }"
5186.000000001335,"{""waypoints"":(-9850.8452, -6568.0365), ""unsafe_region"":[[40.0, 20.0], [80.0, 20.0], [80.0, 60.0], [40.0, 60.0]], }"
5186.000000001335,"{""waypoints"":(-9850.8452, -6568.0365), ""unsafe_region"":[[40.0, 20.0], [80.0, 20.0], [80.0, 60.0], [40.0, 60.0]], }"
5186.000000001335,"{""waypoints"":(-9850.8452, -6568.0365), ""unsafe_region"":[[40.0, 20.0], [80.0, 20.0], [80.0, 60.0], [40.0, 60.0]], }"
5186.000000001335,"{""waypoints"":(-9850.8452, -6568.0365), ""unsafe_region"":[[40.0, 20.0], [80.0, 20.0], [80.0, 60.0], [40.0, 60.0]], }"
5186.000000001335,"{""waypoints"":(-9850.8452, -6568.0365), ""unsafe_region"":[[40.0, 20.0], [80.0, 20.0], [80.0, 60.0], [40.0, 60.0]], }"
5186.000000001335,"{""waypoints"":(-9850.8452, -6568.0365), ""unsafe_region"":[[40.0, 20.0], [80.0, 20.0], [80.0, 60.0], [40.0, 60.0]], }"
5186.000000001335,"{""waypoints"":(-9850.8452, -6568.0365), ""unsafe_region"":[[40.0, 20.0], [80.0, 20.0], [80.0, 60.0], [40.0, 60.0]], }"
5186.000000001335,"{""waypoints"":(-9850.8452, -6568.0365), ""unsafe_region"":[[40.0, 20.0], [80.0, 20.0], [80.0, 60.0], [40.0, 60.0]], }"
5186.000000001335,"{""waypoints"":(-9850.8452, -6568.0365), ""unsafe_region"":[[40.0, 20.0], [80.0, 20.0], [80.0, 60.0], [40.0, 60.0]], }"
5186.000000001335,"{""waypoints"":(-9850.8452, -6568.0365), ""unsafe_region"":[[40.0, 20.0], [80.0, 20.0], [80.0, 60.0], [40.0, 60.0]], }"
5186.000000001335,"{""waypoints"":(-9850.8452, -6568.0365), ""unsafe_region"":[[40.0, 20.0], [80.0, 20.0], [80.0, 60.0], [40.0, 60.0]], }"
5186.000000001335,"{""waypoints"":(-9850.8452, -6568.0365), ""unsafe_region"":[[40.0, 20.0], [80.0, 20.0], [80.0, 60.0], [40.0, 60.0]], }"
5186.000000001335,"{""waypoints"":(-9850.8452, -6568.0365), ""unsafe_region"":[[40.0, 20.0], [80.0, 20.0], [80.0, 60.0], [40.0, 60.0]], }"
5186.000000001335,"{""waypoints"":(-9850.8452, -6568.0365), ""unsafe_region"":[[40.0, 20.0], [80.0, 20.0], [80.0, 60.0], [40.0, 60.0]], }"
5186.000000001335,"{""waypoints"":(-9850.8452, -6568.0365), ""unsafe_region"":[[40.0, 20.0], [80.0, 20.0], [80.0, 60.0], [40.0, 60.0]], }"
5186.000000001335,"{""waypoints"":(-9850.8452, -6568.0365), ""unsafe_region"":[[40.0, 20.0], [80.0, 20.0], [80.0, 60.0], [40.0, 60.0]], }"
5186.000000001335,"{""waypoints"":(-9850.8452, -6568.0365), ""unsafe_region"":[[40.0, 20.0], [80.0, 20.0], [80.0, 60.0], [40.0, 60.0]], }"
5186.000000001335,"{""waypoints"":(-9850.8452, -6568.0365), ""unsafe_region"":[[40.0, 20.0], [80.0, 20.0], [80.0, 60.0], [40.0, 60.0]], }"
5186.000000001335,"{""waypoints"":(-9850.8452, -6568.0365), ""unsafe_region"":[[40.0, 20.0], [80.0, 20.0], [80.0, 60.0], [40.0, 60.0]], }"
5186.000000001335,"{""waypoints"":(-9850.8452, -6568.0365), ""unsafe_region"":[[40.0, 20.0], [80.0, 20.0], [80.0, 60.0], [40.0, 60.0]], }"
5186.000000001335,"{""waypoints"":(-9850.8452, -6568.0365), ""unsafe_region"":[[40.0, 20.0], [80.0, 20.0], [80.0, 60.0], [40.0, 60.0]], }"
5186.000000001335,"{""waypoints"":(-9850.8452, -6568.0365), ""unsafe_region"":[[40.0, 20.0], [80.0, 20.0], [80.0, 60.0], [40.0, 60.0]], }"
5186.000000001335,"{""waypoints"":(-9850.8452, -6568.0365), ""unsafe_region"":[[40.0, 20.0], [80.0, 20.0], [80.0, 60.0], [40.0, 60.0]], }"
5186.000000001335,"{""waypoints"":(-9850.8452, -6568.0365), ""unsafe_region"":[[40.0, 20.0], [80.0, 20.0], [80.0, 60.0], [40.0, 60.0]], }"
5186.000000001335,"{""waypoints"":(-9850.8452, -6568.0365), ""unsafe_region"":[[40.0, 20.0], [80.0, 20.0], [80.0, 60.0], [40.0, 60.0]], }"
5186.000000001335,"{""waypoints"":(-9850.8452, -6568.0365), ""unsafe_region"":[[40.0, 20.0], [80.0, 20.0], [80.0, 60.0], [40.0, 60.0]], }"
5186.000000001335,"{""waypoints"":(-9850.8452, -6568.0365), ""unsafe_region"":[[40.0, 20.0], [80.0, 20.0], [80.0, 60.0], [40.0, 60.0]], }"
5186.000000001335,"{""waypoints"":(-9850.8452, -6568.0365), ""unsafe_region"":[[40.0, 20.0], [80.0, 20.0], [80.0, 60.0], [40.0, 60.0]], }"
5186.000000001335,"{""waypoints"":(-9850.8452, -6568.0365), ""unsafe_region"":[[40.0, 20.0], [80.0, 20.0], [80.0, 60.0], [40.0, 60.0]], }"
5186.000000001335,"{""waypoints"":(-9850.8452, -6568.0365), ""unsafe_region"":[[40.0, 20.0], [80.0, 20.0], [80.0, 60.0], [40.0, 60.0]], }"
5186.000000001335,"{""waypoints"":(-9850.8452, -6568.0365), ""unsafe_region"":[[40.0, 20.0], [80.0, 20.0], [80.0, 60.0], [40.0, 60.0]], }"
5186.000000001335,"{""waypoints"":(-9850.8452, -6568.0365), ""unsafe_region"":[[40.0, 20.0], [80.0, 20.0], [80.0, 60.0], [40.0, 60.0]], }"
5186.000000001335,"{""waypoints"":(-9850.8452, -6568.0365), ""unsafe_region"":[[40.0, 20.0], [80.0, 20.0], [80.0, 60.0], [40.0, 60.0]], }"
5186.000000001335,"{""waypoints"":(-9850.8452, -6568.0365), ""unsafe_region"":[[40.0, 20.0], [80.0, 20.0], [80.0, 60.0], [40.0, 60.0]], }"
5186.000000001335,"{""waypoints"":(-9850.8452, -6568.0365), ""unsafe_region"":[[40.0, 20.0], [80.0, 20.0], [80.0, 60.0], [40.0, 60.0]], }"
5186.000000001335,"{""waypoints"":(-9850.8452, -6568.0365), ""unsafe_region"":[[40.0, 20.0], [80.0, 20.0], [80.0, 60.0], [40.0, 60.0]], }"
5186.000000001335,"{""waypoints"":(-9850.8452, -6568.0365), ""unsafe_region"":[[40.0, 20.0], [80.0, 20.0], [80.0, 60.0], [40.0, 60.0]], }"
5186.000000001335,"{""waypoints"":(-9850.8452, -6568.0365), ""unsafe_region"":[[40.0, 20.0], [80.0, 20.0], [80.0, 60.0], [40.0, 60.0]], }"
5186.000000001335,"{""waypoints"":(-9850.8452, -6568.0365), ""unsafe_region"":[[40.0, 20.0], [80.0, 20.0], [80.0, 60.0], [40.0, 60.0]], }"
5262.000000001612,"{""waypoints"":(-9850.8452, -6568.0365), ""unsafe_region"":[[40.0, 20.0], [80.0, 20.0], [80.0, 60.0], [40.0, 60.0]], }"
5262.100000001612,"{""waypoints"":(-9850.8452, -6568.0365), ""unsafe_region"":[[40.0, 20.0], [80.0, 20.0], [80.0, 60.0], [40.0, 60.0]], }"
5262.100000001612,"{""waypoints"":(-9850.8452, -6568.0365), ""unsafe_region"":[[40.0, 20.0], [80.0, 20.0], [80.0, 60.0], [40.0, 60.0]], }"
5262.100000001612,"{""waypoints"":(-9850.8452, -6568.0365), ""unsafe_region"":[[40.0, 20.0], [80.0, 20.0], [80.0, 60.0], [40.0, 60.0]], }"
5262.100000001612,"{""waypoints"":(-9850.8452, -6568.0365), ""unsafe_region"":[[40.0, 20.0], [80.0, 20.0], [80.0, 60.0], [40.0, 60.0]], }"
5262.100000001612,"{""waypoints"":(-9850.8452, -6568.0365), ""unsafe_region"":[[40.0, 20.0], [80.0, 20.0], [80.0, 60.0], [40.0, 60.0]], }"
5262.100000001612,"{""waypoints"":(-9850.8452, -6568.0365), ""unsafe_region"":[[40.0, 20.0], [80.0, 20.0], [80.0, 60.0], [40.0, 60.0]], }"
5262.100000001612,"{""waypoints"":(-9850.8452, -6568.0365), ""unsafe_region"":[[40.0, 20.0], [80.0, 20.0], [80.0, 60.0], [40.0, 60.0]], }"
5262.100000001612,"{""waypoints"":(-9850.8452, -6568.0365), ""unsafe_region"":[[40.0, 20.0], [80.0, 20.0], [80.0, 60.0], [40.0, 60.0]], }"
5262.100000001612,"{""waypoints"":(-9850.8452, -6568.0365), ""unsafe_region"":[[40.0, 20.0], [80.0, 20.0], [80.0, 60.0], [40.0, 60.0]], }"
5262.100000001612,"{""waypoints"":(-9850.8452, -6568.0365), ""unsafe_region"":[[40.0, 20.0], [80.0, 20.0], [80.0, 60.0], [40.0, 60.0]], }"
5262.100000001612,"{""waypoints"":(-9850.8452, -6568.0365), ""unsafe_region"":[[40.0, 20.0], [80.0, 20.0], [80.0, 60.0], [40.0, 60.0]], }"
5262.100000001612,"{""waypoints"":(-9850.8452, -6568.0365), ""unsafe_region"":[[40.0, 20.0], [80.0, 20.0], [80.0, 60.0], [40.0, 60.0]], }"
5262.100000001612,"{""waypoints"":(-9850.8452, -6568.0365), ""unsafe_region"":[[40.0, 20.0], [80.0, 20.0], [80.0, 60.0], [40.0, 60.0]], }"
5262.100000001612,"{""waypoints"":(-9850.8452, -6568.0365), ""unsafe_region"":[[40.0, 20.0], [80.0, 20.0], [80.0, 60.0], [40.0, 60.0]], }"
5262.100000001612,"{""waypoints"":(-9850.8452, -6568.0365), ""unsafe_region"":[[40.0, 20.0], [80.0, 20.0], [80.0, 60.0], [40.0, 60.0]], }"
5262.100000001612,"{""waypoints"":(-9850.8452, -6568.0365), ""unsafe_region"":[[40.0, 20.0], [80.0, 20.0], [80.0, 60.0], [40.0, 60.0]], }"
5262.100000001612,"{""waypoints"":(-9850.8452, -6568.0365), ""unsafe_region"":[[40.0, 20.0], [80.0, 20.0], [80.0, 60.0], [40.0, 60.0]], }"
5262.100000001612,"{""waypoints"":(-9850.8452, -6568.0365), ""unsafe_region"":[[40.0, 20.0], [80.0, 20.0], [80.0, 60.0], [40.0, 60.0]], }"
5262.100000001612,"{""waypoints"":(-9850.8452, -6568.0365), ""unsafe_region"":[[40.0, 20.0], [80.0, 20.0], [80.0, 60.0], [40.0, 60.0]], }"
5262.100000001612,"{""waypoints"":(-9850.8452, -6568.0365), ""unsafe_region"":[[40.0, 20.0], [80.0, 20.0], [80.0, 60.0], [40.0, 60.0]], }"
5262.100000001612,"{""waypoints"":(-9850.8452, -6568.0365), ""unsafe_region"":[[40.0, 20.0], [80.0, 20.0], [80.0, 60.0], [40.0, 60.0]], }"
5262.100000001612,"{""waypoints"":(-9850.8452, -6568.0365), ""unsafe_region"":[[40.0, 20.0], [80.0, 20.0], [80.0, 60.0], [40.0, 60.0]], }"
5262.100000001612,"{""waypoints"":(-9850.8452, -6568.0365), ""unsafe_region"":[[40.0, 20.0], [80.0, 20.0], [80.0, 60.0], [40.0, 60.0]], }"
5262.100000001612,"{""waypoints"":(-9850.8452, -6568.0365), ""unsafe_region"":[[40.0, 20.0], [80.0, 20.0], [80.0, 60.0], [40.0, 60.0]], }"
5262.100000001612,"{""waypoints"":(-9850.8452, -6568.0365), ""unsafe_region"":[[40.0, 20.0], [80.0, 20.0], [80.0, 60.0], [40.0, 60.0]], }"
5262.100000001612,"{""waypoints"":(-9850.8452, -6568.0365), ""unsafe_region"":[[40.0, 20.0], [80.0, 20.0], [80.0, 60.0], [40.0, 60.0]], }"
5262.100000001612,"{""waypoints"":(-9850.8452, -6568.0365), ""unsafe_region"":[[40.0, 20.0], [80.0, 20.0], [80.0, 60.0], [40.0, 60.0]], }"
5262.100000001612,"{""waypoints"":(-9850.8452, -6568.0365), ""unsafe_region"":[[40.0, 20.0], [80.0, 20.0], [80.0, 60.0], [40.0, 60.0]], }"
5262.100000001612,"{""waypoints"":(-9850.8452, -6568.0365), ""unsafe_region"":[[40.0, 20.0], [80.0, 20.0], [80.0, 60.0], [40.0, 60.0]], }"
5262.100000001612,"{""waypoints"":(-9850.8452, -6568.0365), ""unsafe_region"":[[40.0, 20.0], [80.0, 20.0], [80.0, 60.0], [40.0, 60.0]], }"
5262.100000001612,"{""waypoints"":(-9850.8452, -6568.0365), ""unsafe_region"":[[40.0, 20.0], [80.0, 20.0], [80.0, 60.0], [40.0, 60.0]], }"
5262.100000001612,"{""waypoints"":(-9850.8452, -6568.0365), ""unsafe_region"":[[40.0, 20.0], [80.0, 20.0], [80.0, 60.0], [40.0, 60.0]], }"
5262.100000001612,"{""waypoints"":(-9850.8452, -6568.0365), ""unsafe_region"":[[40.0, 20.0], [80.0, 20.0], [80.0, 60.0], [40.0, 60.0]], }"
5262.100000001612,"{""waypoints"":(-9850.8452, -6568.0365), ""unsafe_region"":[[40.0, 20.0], [80.0, 20.0], [80.0, 60.0], [40.0, 60.0]], }"
5262.100000001612,"{""waypoints"":(-9850.8452, -6568.0365), ""unsafe_region"":[[40.0, 20.0], [80.0, 20.0], [80.0, 60.0], [40.0, 60.0]], }"
5262.100000001612,"{""waypoints"":(-9850.8452, -6568.0365), ""unsafe_region"":[[40.0, 20.0], [80.0, 20.0], [80.0, 60.0], [40.0, 60.0]], }"
5262.100000001612,"{""waypoints"":(-9850.8452, -6568.0365), ""unsafe_region"":[[40.0, 20.0], [80.0, 20.0], [80.0, 60.0], [40.0, 60.0]], }"
5262.100000001612,"{""waypoints"":(-9850.8452, -6568.0365), ""unsafe_region"":[[40.0, 20.0], [80.0, 20.0], [80.0, 60.0], [40.0, 60.0]], }"
5262.100000001612,"{""waypoints"":(-9850.8452, -6568.0365), ""unsafe_region"":[[40.0, 20.0], [80.0, 20.0], [80.0, 60.0], [40.0, 60.0]], }"
5262.100000001612,"{""waypoints"":(-9850.8452, -6568.0365), ""unsafe_region"":[[40.0, 20.0], [80.0, 20.0], [80.0, 60.0], [40.0, 60.0]], }"
5262.100000001612,"{""waypoints"":(-9850.8452, -6568.0365), ""unsafe_region"":[[40.0, 20.0], [80.0, 20.0], [80.0, 60.0], [40.0, 60.0]], }"
5262.100000001612,"{""waypoints"":(-9850.8452, -6568.0365), ""unsafe_region"":[[40.0, 20.0], [80.0, 20.0], [80.0, 60.0], [40.0, 60.0]], }"
5262.100000001612,"{""waypoints"":(-9850.8452, -6568.0365), ""unsafe_region"":[[40.0, 20.0], [80.0, 20.0], [80.0, 60.0], [40.0, 60.0]], }"
5262.100000001612,"{""waypoints"":(-9850.8452, -6568.0365), ""unsafe_region"":[[40.0, 20.0], [80.0, 20.0], [80.0, 60.0], [40.0, 60.0]], }"
5262.100000001612,"{""waypoints"":(-9850.8452, -6568.0365), ""unsafe_region"":[[40.0, 20.0], [80.0, 20.0], [80.0, 60.0], [40.0, 60.0]], }"
5262.100000001612,"{""waypoints"":(-9850.8452, -6568.0365), ""unsafe_region"":[[40.0, 20.0], [80.0, 20.0], [80.0, 60.0], [40.0, 60.0]], }"
5262.100000001612,"{""waypoints"":(-9850.8452, -6568.0365), ""unsafe_region"":[[40.0, 20.0], [80.0, 20.0], [80.0, 60.0], [40.0, 60.0]], }"
5262.100000001612,"{""waypoints"":(-9850.8452, -6568.0365), ""unsafe_region"":[[40.0, 20.0], [80.0, 20.0], [80.0, 60.0], [40.0, 60.0]], }"
5262.100000001612,"{""waypoints"":(-9850.8452, -6568.0365), ""unsafe_region"":[[40.0, 20.0], [80.0, 20.0], [80.0, 60.0], [40.0, 60.0]], }"
5262.100000001612,"{""waypoints"":(-9850.8452, -6568.0365), ""unsafe_region"":[[40.0, 20.0], [80.0, 20.0], [80.0, 60.0], [40.0, 60.0]], }"
5262.100000001612,"{""waypoints"":(-9850.8452, -6568.0365), ""unsafe_region"":[[40.0, 20.0], [80.0, 20.0], [80.0, 60.0], [40.0, 60.0]], }"
5262.100000001612,"{""waypoints"":(-9850.8452, -6568.0365), ""unsafe_region"":[[40.0, 20.0], [80.0, 20.0], [80.0, 60.0], [40.0, 60.0]], }"
5262.100000001612,"{""waypoints"":(-9850.8452, -6568.0365), ""unsafe_region"":[[40.0, 20.0], [80.0, 20.0], [80.0, 60.0], [40.0, 60.0]], }"
5262.100000001612,"{""waypoints"":(-9850.8452, -6568.0365), ""unsafe_region"":[[40.0, 20.0], [80.0, 20.0], [80.0, 60.0], [40.0, 60.0]], }"
5262.100000001612,"{""waypoints"":(-9850.8452, -6568.0365), ""unsafe_region"":[[40.0, 20.0], [80.0, 20.0], [80.0, 60.0], [40.0, 60.0]], }"
5262.100000001612,"{""waypoints"":(-9850.8452, -6568.0365), ""unsafe_region"":[[40.0, 20.0], [80.0, 20.0], [80.0, 60.0], [40.0, 60.0]], }"
5262.100000001612,"{""waypoints"":(-9850.8452, -6568.0365), ""unsafe_region"":[[40.0, 20.0], [80.0, 20.0], [80.0, 60.0], [40.0, 60.0]], }"
5262.100000001612,"{""waypoints"":(-9850.8452, -6568.0365), ""unsafe_region"":[[40.0, 20.0], [80.0, 20.0], [80.0, 60.0], [40.0, 60.0]], }"
5262.100000001612,"{""waypoints"":(-9850.8452, -6568.0365), ""unsafe_region"":[[40.0, 20.0], [80.0, 20.0], [80.0, 60.0], [40.0, 60.0]], }"
5262.100000001612,"{""waypoints"":(-9850.8452, -6568.0365), ""unsafe_region"":[[40.0, 20.0], [80.0, 20.0], [80.0, 60.0], [40.0, 60.0]], }"
5262.100000001612,"{""waypoints"":(-9850.8452, -6568.0365), ""unsafe_region"":[[40.0, 20.0], [80.0, 20.0], [80.0, 60.0], [40.0, 60.0]], }"
5262.100000001612,"{""waypoints"":(-9850.8452, -6568.0365), ""unsafe_region"":[[40.0, 20.0], [80.0, 20.0], [80.0, 60.0], [40.0, 60.0]], }"
5262.100000001612,"{""waypoints"":(-9850.8452, -6568.0365), ""unsafe_region"":[[40.0, 20.0], [80.0, 20.0], [80.0, 60.0], [40.0, 60.0]], }"
5262.100000001612,"{""waypoints"":(-9850.8452, -6568.0365), ""unsafe_region"":[[40.0, 20.0], [80.0, 20.0], [80.0, 60.0], [40.0, 60.0]], }"
5262.100000001612,"{""waypoints"":(-9850.8452, -6568.0365), ""unsafe_region"":[[40.0, 20.0], [80.0, 20.0], [80.0, 60.0], [40.0, 60.0]], }"
5262.100000001612,"{""waypoints"":(-9850.8452, -6568.0365), ""unsafe_region"":[[40.0, 20.0], [80.0, 20.0], [80.0, 60.0], [40.0, 60.0]], }"
5262.100000001612,"{""waypoints"":(-9850.8452, -6568.0365), ""unsafe_region"":[[40.0, 20.0], [80.0, 20.0], [80.0, 60.0], [40.0, 60.0]], }"
5262.100000001612,"{""waypoints"":(-9850.8452, -6568.0365), ""unsafe_region"":[[40.0, 20.0], [80.0, 20.0], [80.0, 60.0], [40.0, 60.0]], }"
5262.100000001612,"{""waypoints"":(-9850.8452, -6568.0365), ""unsafe_region"":[[40.0, 20.0], [80.0, 20.0], [80.0, 60.0], [40.0, 60.0]], }"
5262.100000001612,"{""waypoints"":(-9850.8452, -6568.0365), ""unsafe_region"":[[40.0, 20.0], [80.0, 20.0], [80.0, 60.0], [40.0, 60.0]], }"
5262.100000001612,"{""waypoints"":(-9850.8452, -6568.0365), ""unsafe_region"":[[40.0, 20.0], [80.0, 20.0], [80.0, 60.0], [40.0, 60.0]], }"
5262.100000001612,"{""waypoints"":(-9850.8452, -6568.0365), ""unsafe_region"":[[40.0, 20.0], [80.0, 20.0], [80.0, 60.0], [40.0, 60.0]], }"
5262.100000001612,"{""waypoints"":(-9850.8452, -6568.0365), ""unsafe_region"":[[40.0, 20.0], [80.0, 20.0], [80.0, 60.0], [40.0, 60.0]], }"
5262.100000001612,"{""waypoints"":(-9850.8452, -6568.0365), ""unsafe_region"":[[40.0, 20.0], [80.0, 20.0], [80.0, 60.0], [40.0, 60.0]], }"
5262.100000001612,"{""waypoints"":(-9850.8452, -6568.0365), ""unsafe_region"":[[40.0, 20.0], [80.0, 20.0], [80.0, 60.0], [40.0, 60.0]], }"
5331.700000001865,"{""waypoints"":(-9850.8452, -6568.0365), ""unsafe_region"":[[40.0, 20.0], [80.0, 20.0], [80.0, 60.0], [40.0, 60.0]], }"
5331.800000001866,"{""waypoints"":(-9850.8452, -6568.0365), ""unsafe_region"":[[40.0, 20.0], [80.0, 20.0], [80.0, 60.0], [40.0, 60.0]], }"
5331.800000001866,"{""waypoints"":(-9850.8452, -6568.0365), ""unsafe_region"":[[40.0, 20.0], [80.0, 20.0], [80.0, 60.0], [40.0, 60.0]], }"
5331.800000001866,"{""waypoints"":(-9850.8452, -6568.0365), ""unsafe_region"":[[40.0, 20.0], [80.0, 20.0], [80.0, 60.0], [40.0, 60.0]], }"
5331.800000001866,"{""waypoints"":(-9850.8452, -6568.0365), ""unsafe_region"":[[40.0, 20.0], [80.0, 20.0], [80.0, 60.0], [40.0, 60.0]], }"
5331.800000001866,"{""waypoints"":(-9850.8452, -6568.0365), ""unsafe_region"":[[40.0, 20.0], [80.0, 20.0], [80.0, 60.0], [40.0, 60.0]], }"
5331.800000001866,"{""waypoints"":(-9850.8452, -6568.0365), ""unsafe_region"":[[40.0, 20.0], [80.0, 20.0], [80.0, 60.0], [40.0, 60.0]], }"
5331.800000001866,"{""waypoints"":(-9850.8452, -6568.0365), ""unsafe_region"":[[40.0, 20.0], [80.0, 20.0], [80.0, 60.0], [40.0, 60.0]], }"
5331.800000001866,"{""waypoints"":(-9850.8452, -6568.0365), ""unsafe_region"":[[40.0, 20.0], [80.0, 20.0], [80.0, 60.0], [40.0, 60.0]], }"
5331.800000001866,"{""waypoints"":(-9850.8452, -6568.0365), ""unsafe_region"":[[40.0, 20.0], [80.0, 20.0], [80.0, 60.0], [40.0, 60.0]], }"
5331.800000001866,"{""waypoints"":(-9850.8452, -6568.0365), ""unsafe_region"":[[40.0, 20.0], [80.0, 20.0], [80.0, 60.0], [40.0, 60.0]], }"
5331.800000001866,"{""waypoints"":(-9850.8452, -6568.0365), ""unsafe_region"":[[40.0, 20.0], [80.0, 20.0], [80.0, 60.0], [40.0, 60.0]], }"
5331.800000001866,"{""waypoints"":(-9850.8452, -6568.0365), ""unsafe_region"":[[40.0, 20.0], [80.0, 20.0], [80.0, 60.0], [40.0, 60.0]], }"
5331.800000001866,"{""waypoints"":(-9850.8452, -6568.0365), ""unsafe_region"":[[40.0, 20.0], [80.0, 20.0], [80.0, 60.0], [40.0, 60.0]], }"
5331.800000001866,"{""waypoints"":(-9850.8452, -6568.0365), ""unsafe_region"":[[40.0, 20.0], [80.0, 20.0], [80.0, 60.0], [40.0, 60.0]], }"
5331.800000001866,"{""waypoints"":(-9850.8452, -6568.0365), ""unsafe_region"":[[40.0, 20.0], [80.0, 20.0], [80.0, 60.0], [40.0, 60.0]], }"
5331.800000001866,"{""waypoints"":(-9850.8452, -6568.0365), ""unsafe_region"":[[40.0, 20.0], [80.0, 20.0], [80.0, 60.0], [40.0, 60.0]], }"
5331.800000001866,"{""waypoints"":(-9850.8452, -6568.0365), ""unsafe_region"":[[40.0, 20.0], [80.0, 20.0], [80.0, 60.0], [40.0, 60.0]], }"
5331.800000001866,"{""waypoints"":(-9850.8452, -6568.0365), ""unsafe_region"":[[40.0, 20.0], [80.0, 20.0], [80.0, 60.0], [40.0, 60.0]], }"
5331.800000001866,"{""waypoints"":(-9850.8452, -6568.0365), ""unsafe_region"":[[40.0, 20.0], [80.0, 20.0], [80.0, 60.0], [40.0, 60.0]], }"
5331.800000001866,"{""waypoints"":(-9850.8452, -6568.0365), ""unsafe_region"":[[40.0, 20.0], [80.0, 20.0], [80.0, 60.0], [40.0, 60.0]], }"
5331.800000001866,"{""waypoints"":(-9850.8452, -6568.0365), ""unsafe_region"":[[40.0, 20.0], [80.0, 20.0], [80.0, 60.0], [40.0, 60.0]], }"
5331.800000001866,"{""waypoints"":(-9850.8452, -6568.0365), ""unsafe_region"":[[40.0, 20.0], [80.0, 20.0], [80.0, 60.0], [40.0, 60.0]], }"
5331.800000001866,"{""waypoints"":(-9850.8452, -6568.0365), ""unsafe_region"":[[40.0, 20.0], [80.0, 20.0], [80.0, 60.0], [40.0, 60.0]], }"
5331.800000001866,"{""waypoints"":(-9850.8452, -6568.0365), ""unsafe_region"":[[40.0, 20.0], [80.0, 20.0], [80.0, 60.0], [40.0, 60.0]], }"
5331.800000001866,"{""waypoints"":(-9850.8452, -6568.0365), ""unsafe_region"":[[40.0, 20.0], [80.0, 20.0], [80.0, 60.0], [40.0, 60.0]], }"
5331.800000001866,"{""waypoints"":(-9850.8452, -6568.0365), ""unsafe_region"":[[40.0, 20.0], [80.0, 20.0], [80.0, 60.0], [40.0, 60.0]], }"
5331.800000001866,"{""waypoints"":(-9850.8452, -6568.0365), ""unsafe_region"":[[40.0, 20.0], [80.0, 20.0], [80.0, 60.0], [40.0, 60.0]], }"
5331.800000001866,"{""waypoints"":(-9850.8452, -6568.0365), ""unsafe_region"":[[40.0, 20.0], [80.0, 20.0], [80.0, 60.0], [40.0, 60.0]], }"
5331.800000001866,"{""waypoints"":(-9850.8452, -6568.0365), ""unsafe_region"":[[40.0, 20.0], [80.0, 20.0], [80.0, 60.0], [40.0, 60.0]], }"
5331.800000001866,"{""waypoints"":(-9850.8452, -6568.0365), ""unsafe_region"":[[40.0, 20.0], [80.0, 20.0], [80.0, 60.0], [40.0, 60.0]], }"
5331.800000001866,"{""waypoints"":(-9850.8452, -6568.0365), ""unsafe_region"":[[40.0, 20.0], [80.0, 20.0], [80.0, 60.0], [40.0, 60.0]], }"
5331.800000001866,"{""waypoints"":(-9850.8452, -6568.0365), ""unsafe_region"":[[40.0, 20.0], [80.0, 20.0], [80.0, 60.0], [40.0, 60.0]], }"
5331.800000001866,"{""waypoints"":(-9850.8452, -6568.0365), ""unsafe_region"":[[40.0, 20.0], [80.0, 20.0], [80.0, 60.0], [40.0, 60.0]], }"
5331.800000001866,"{""waypoints"":(-9850.8452, -6568.0365), ""unsafe_region"":[[40.0, 20.0], [80.0, 20.0], [80.0, 60.0], [40.0, 60.0]], }"
5331.800000001866,"{""waypoints"":(-9850.8452, -6568.0365), ""unsafe_region"":[[40.0, 20.0], [80.0, 20.0], [80.0, 60.0], [40.0, 60.0]], }"
5331.800000001866,"{""waypoints"":(-9850.8452, -6568.0365), ""unsafe_region"":[[40.0, 20.0], [80.0, 20.0], [80.0, 60.0], [40.0, 60.0]], }"
5331.800000001866,"{""waypoints"":(-9850.8452, -6568.0365), ""unsafe_region"":[[40.0, 20.0], [80.0, 20.0], [80.0, 60.0], [40.0, 60.0]], }"
5331.800000001866,"{""waypoints"":(-9850.8452, -6568.0365), ""unsafe_region"":[[40.0, 20.0], [80.0, 20.0], [80.0, 60.0], [40.0, 60.0]], }"
5331.800000001866,"{""waypoints"":(-9850.8452, -6568.0365), ""unsafe_region"":[[40.0, 20.0], [80.0, 20.0], [80.0, 60.0], [40.0, 60.0]], }"
5331.800000001866,"{""waypoints"":(-9850.8452, -6568.0365), ""unsafe_region"":[[40.0, 20.0], [80.0, 20.0], [80.0, 60.0], [40.0, 60.0]], }"
5331.800000001866,"{""waypoints"":(-9850.8452, -6568.0365), ""unsafe_region"":[[40.0, 20.0], [80.0, 20.0], [80.0, 60.0], [40.0, 60.0]], }"
5331.800000001866,"{""waypoints"":(-9850.8452, -6568.0365), ""unsafe_region"":[[40.0, 20.0], [80.0, 20.0], [80.0, 60.0], [40.0, 60.0]], }"
5331.800000001866,"{""waypoints"":(-9850.8452, -6568.0365), ""unsafe_region"":[[40.0, 20.0], [80.0, 20.0], [80.0, 60.0], [40.0, 60.0]], }"
5331.800000001866,"{""waypoints"":(-9850.8452, -6568.0365), ""unsafe_region"":[[40.0, 20.0], [80.0, 20.0], [80.0, 60.0], [40.0, 60.0]], }"
5331.800000001866,"{""waypoints"":(-9850.8452, -6568.0365), ""unsafe_region"":[[40.0, 20.0], [80.0, 20.0], [80.0, 60.0], [40.0, 60.0]], }"
5331.800000001866,"{""waypoints"":(-9850.8452, -6568.0365), ""unsafe_region"":[[40.0, 20.0], [80.0, 20.0], [80.0, 60.0], [40.0, 60.0]], }"
5331.800000001866,"{""waypoints"":(-9850.8452, -6568.0365), ""unsafe_region"":[[40.0, 20.0], [80.0, 20.0], [80.0, 60.0], [40.0, 60.0]], }"
5331.800000001866,"{""waypoints"":(-9850.8452, -6568.0365), ""unsafe_region"":[[40.0, 20.0], [80.0, 20.0], [80.0, 60.0], [40.0, 60.0]], }"
5331.800000001866,"{""waypoints"":(-9850.8452, -6568.0365), ""unsafe_region"":[[40.0, 20.0], [80.0, 20.0], [80.0, 60.0], [40.0, 60.0]], }"
5331.800000001866,"{""waypoints"":(-9850.8452, -6568.0365), ""unsafe_region"":[[40.0, 20.0], [80.0, 20.0], [80.0, 60.0], [40.0, 60.0]], }"
5331.800000001866,"{""waypoints"":(-9850.8452, -6568.0365), ""unsafe_region"":[[40.0, 20.0], [80.0, 20.0], [80.0, 60.0], [40.0, 60.0]], }"
5331.800000001866,"{""waypoints"":(-9850.8452, -6568.0365), ""unsafe_region"":[[40.0, 20.0], [80.0, 20.0], [80.0, 60.0], [40.0, 60.0]], }"
5331.800000001866,"{""waypoints"":(-9850.8452, -6568.0365), ""unsafe_region"":[[40.0, 20.0], [80.0, 20.0], [80.0, 60.0], [40.0, 60.0]], }"
5331.800000001866,"{""waypoints"":(-9850.8452, -6568.0365), ""unsafe_region"":[[40.0, 20.0], [80.0, 20.0], [80.0, 60.0], [40.0, 60.0]], }"
5331.800000001866,"{""waypoints"":(-9850.8452, -6568.0365), ""unsafe_region"":[[40.0, 20.0], [80.0, 20.0], [80.0, 60.0], [40.0, 60.0]], }"
5331.800000001866,"{""waypoints"":(-9850.8452, -6568.0365), ""unsafe_region"":[[40.0, 20.0], [80.0, 20.0], [80.0, 60.0], [40.0, 60.0]], }"
5331.800000001866,"{""waypoints"":(-9850.8452, -6568.0365), ""unsafe_region"":[[40.0, 20.0], [80.0, 20.0], [80.0, 60.0], [40.0, 60.0]], }"
5331.800000001866,"{""waypoints"":(-9850.8452, -6568.0365), ""unsafe_region"":[[40.0, 20.0], [80.0, 20.0], [80.0, 60.0], [40.0, 60.0]], }"
5331.800000001866,"{""waypoints"":(-9850.8452, -6568.0365), ""unsafe_region"":[[40.0, 20.0], [80.0, 20.0], [80.0, 60.0], [40.0, 60.0]], }"
5331.800000001866,"{""waypoints"":(-9850.8452, -6568.0365), ""unsafe_region"":[[40.0, 20.0], [80.0, 20.0], [80.0, 60.0], [40.0, 60.0]], }"
5331.800000001866,"{""waypoints"":(-9850.8452, -6568.0365), ""unsafe_region"":[[40.0, 20.0], [80.0, 20.0], [80.0, 60.0], [40.0, 60.0]], }"
5331.800000001866,"{""waypoints"":(-9850.8452, -6568.0365), ""unsafe_region"":[[40.0, 20.0], [80.0, 20.0], [80.0, 60.0], [40.0, 60.0]], }"
5331.800000001866,"{""waypoints"":(-9850.8452, -6568.0365), ""unsafe_region"":[[40.0, 20.0], [80.0, 20.0], [80.0, 60.0], [40.0, 60.0]], }"
5331.800000001866,"{""waypoints"":(-9850.8452, -6568.0365), ""unsafe_region"":[[40.0, 20.0], [80.0, 20.0], [80.0, 60.0], [40.0, 60.0]], }"
5331.800000001866,"{""waypoints"":(-9850.8452, -6568.0365), ""unsafe_region"":[[40.0, 20.0], [80.0, 20.0], [80.0, 60.0], [40.0, 60.0]], }"
5331.800000001866,"{""waypoints"":(-9850.8452, -6568.0365), ""unsafe_region"":[[40.0, 20.0], [80.0, 20.0], [80.0, 60.0], [40.0, 60.0]], }"
5331.800000001866,"{""waypoints"":(-9850.8452, -6568.0365), ""unsafe_region"":[[40.0, 20.0], [80.0, 20.0], [80.0, 60.0], [40.0, 60.0]], }"
5331.800000001866,"{""waypoints"":(-9850.8452, -6568.0365), ""unsafe_region"":[[40.0, 20.0], [80.0, 20.0], [80.0, 60.0], [40.0, 60.0]], }"
5348.0000000019245,"{""waypoints"":(-9850.8452, -6568.0365), ""unsafe_region"":[[40.0, 20.0], [80.0, 20.0], [80.0, 60.0], [40.0, 60.0]], }"
5348.100000001925,"{""waypoints"":(-9850.8452, -6568.0365), ""unsafe_region"":[[40.0, 20.0], [80.0, 20.0], [80.0, 60.0], [40.0, 60.0]], }"
5348.100000001925,"{""waypoints"":(-9850.8452, -6568.0365), ""unsafe_region"":[[40.0, 20.0], [80.0, 20.0], [80.0, 60.0], [40.0, 60.0]], }"
5348.100000001925,"{""waypoints"":(-9850.8452, -6568.0365), ""unsafe_region"":[[40.0, 20.0], [80.0, 20.0], [80.0, 60.0], [40.0, 60.0]], }"
5348.100000001925,"{""waypoints"":(-9850.8452, -6568.0365), ""unsafe_region"":[[40.0, 20.0], [80.0, 20.0], [80.0, 60.0], [40.0, 60.0]], }"
5348.100000001925,"{""waypoints"":(-9850.8452, -6568.0365), ""unsafe_region"":[[40.0, 20.0], [80.0, 20.0], [80.0, 60.0], [40.0, 60.0]], }"
5348.100000001925,"{""waypoints"":(-9850.8452, -6568.0365), ""unsafe_region"":[[40.0, 20.0], [80.0, 20.0], [80.0, 60.0], [40.0, 60.0]], }"
5348.100000001925,"{""waypoints"":(-9850.8452, -6568.0365), ""unsafe_region"":[[40.0, 20.0], [80.0, 20.0], [80.0, 60.0], [40.0, 60.0]], }"
5348.100000001925,"{""waypoints"":(-9850.8452, -6568.0365), ""unsafe_region"":[[40.0, 20.0], [80.0, 20.0], [80.0, 60.0], [40.0, 60.0]], }"
5348.100000001925,"{""waypoints"":(-9850.8452, -6568.0365), ""unsafe_region"":[[40.0, 20.0], [80.0, 20.0], [80.0, 60.0], [40.0, 60.0]], }"
5348.100000001925,"{""waypoints"":(-9850.8452, -6568.0365), ""unsafe_region"":[[40.0, 20.0], [80.0, 20.0], [80.0, 60.0], [40.0, 60.0]], }"
5348.100000001925,"{""waypoints"":(-9850.8452, -6568.0365), ""unsafe_region"":[[40.0, 20.0], [80.0, 20.0], [80.0, 60.0], [40.0, 60.0]], }"
5348.100000001925,"{""waypoints"":(-9850.8452, -6568.0365), ""unsafe_region"":[[40.0, 20.0], [80.0, 20.0], [80.0, 60.0], [40.0, 60.0]], }"
5348.100000001925,"{""waypoints"":(-9850.8452, -6568.0365), ""unsafe_region"":[[40.0, 20.0], [80.0, 20.0], [80.0, 60.0], [40.0, 60.0]], }"
5348.100000001925,"{""waypoints"":(-9850.8452, -6568.0365), ""unsafe_region"":[[40.0, 20.0], [80.0, 20.0], [80.0, 60.0], [40.0, 60.0]], }"
5348.100000001925,"{""waypoints"":(-9850.8452, -6568.0365), ""unsafe_region"":[[40.0, 20.0], [80.0, 20.0], [80.0, 60.0], [40.0, 60.0]], }"
5348.100000001925,"{""waypoints"":(-9850.8452, -6568.0365), ""unsafe_region"":[[40.0, 20.0], [80.0, 20.0], [80.0, 60.0], [40.0, 60.0]], }"
5418.600000002181,"{""waypoints"":(-9850.8452, -6568.0365), ""unsafe_region"":[[40.0, 20.0], [80.0, 20.0], [80.0, 60.0], [40.0, 60.0]], }"
5418.700000002182,"{""waypoints"":(-9850.8452, -6568.0365), ""unsafe_region"":[[40.0, 20.0], [80.0, 20.0], [80.0, 60.0], [40.0, 60.0]], }"
5418.700000002182,"{""waypoints"":(-9850.8452, -6568.0365), ""unsafe_region"":[[40.0, 20.0], [80.0, 20.0], [80.0, 60.0], [40.0, 60.0]], }"
5418.700000002182,"{""waypoints"":(-9850.8452, -6568.0365), ""unsafe_region"":[[40.0, 20.0], [80.0, 20.0], [80.0, 60.0], [40.0, 60.0]], }"
5418.700000002182,"{""waypoints"":(-9850.8452, -6568.0365), ""unsafe_region"":[[40.0, 20.0], [80.0, 20.0], [80.0, 60.0], [40.0, 60.0]], }"
5418.700000002182,"{""waypoints"":(-9850.8452, -6568.0365), ""unsafe_region"":[[40.0, 20.0], [80.0, 20.0], [80.0, 60.0], [40.0, 60.0]], }"
5418.700000002182,"{""waypoints"":(-9850.8452, -6568.0365), ""unsafe_region"":[[40.0, 20.0], [80.0, 20.0], [80.0, 60.0], [40.0, 60.0]], }"
5418.700000002182,"{""waypoints"":(-9850.8452, -6568.0365), ""unsafe_region"":[[40.0, 20.0], [80.0, 20.0], [80.0, 60.0], [40.0, 60.0]], }"
5418.700000002182,"{""waypoints"":(-9850.8452, -6568.0365), ""unsafe_region"":[[40.0, 20.0], [80.0, 20.0], [80.0, 60.0], [40.0, 60.0]], }"
5418.700000002182,"{""waypoints"":(-9850.8452, -6568.0365), ""unsafe_region"":[[40.0, 20.0], [80.0, 20.0], [80.0, 60.0], [40.0, 60.0]], }"
5418.700000002182,"{""waypoints"":(-9850.8452, -6568.0365), ""unsafe_region"":[[40.0, 20.0], [80.0, 20.0], [80.0, 60.0], [40.0, 60.0]], }"
5418.700000002182,"{""waypoints"":(-9850.8452, -6568.0365), ""unsafe_region"":[[40.0, 20.0], [80.0, 20.0], [80.0, 60.0], [40.0, 60.0]], }"
5418.700000002182,"{""waypoints"":(-9850.8452, -6568.0365), ""unsafe_region"":[[40.0, 20.0], [80.0, 20.0], [80.0, 60.0], [40.0, 60.0]], }"
5418.700000002182,"{""waypoints"":(-9850.8452, -6568.0365), ""unsafe_region"":[[40.0, 20.0], [80.0, 20.0], [80.0, 60.0], [40.0, 60.0]], }"
5418.700000002182,"{""waypoints"":(-9850.8452, -6568.0365), ""unsafe_region"":[[40.0, 20.0], [80.0, 20.0], [80.0, 60.0], [40.0, 60.0]], }"
5418.700000002182,"{""waypoints"":(-9850.8452, -6568.0365), ""unsafe_region"":[[40.0, 20.0], [80.0, 20.0], [80.0, 60.0], [40.0, 60.0]], }"
5418.700000002182,"{""waypoints"":(-9850.8452, -6568.0365), ""unsafe_region"":[[40.0, 20.0], [80.0, 20.0], [80.0, 60.0], [40.0, 60.0]], }"
5418.700000002182,"{""waypoints"":(-9850.8452, -6568.0365), ""unsafe_region"":[[40.0, 20.0], [80.0, 20.0], [80.0, 60.0], [40.0, 60.0]], }"
5418.700000002182,"{""waypoints"":(-9850.8452, -6568.0365), ""unsafe_region"":[[40.0, 20.0], [80.0, 20.0], [80.0, 60.0], [40.0, 60.0]], }"
5418.700000002182,"{""waypoints"":(-9850.8452, -6568.0365), ""unsafe_region"":[[40.0, 20.0], [80.0, 20.0], [80.0, 60.0], [40.0, 60.0]], }"
5418.700000002182,"{""waypoints"":(-9850.8452, -6568.0365), ""unsafe_region"":[[40.0, 20.0], [80.0, 20.0], [80.0, 60.0], [40.0, 60.0]], }"
5418.700000002182,"{""waypoints"":(-9850.8452, -6568.0365), ""unsafe_region"":[[40.0, 20.0], [80.0, 20.0], [80.0, 60.0], [40.0, 60.0]], }"
5418.700000002182,"{""waypoints"":(-9850.8452, -6568.0365), ""unsafe_region"":[[40.0, 20.0], [80.0, 20.0], [80.0, 60.0], [40.0, 60.0]], }"
5418.700000002182,"{""waypoints"":(-9850.8452, -6568.0365), ""unsafe_region"":[[40.0, 20.0], [80.0, 20.0], [80.0, 60.0], [40.0, 60.0]], }"
5418.700000002182,"{""waypoints"":(-9850.8452, -6568.0365), ""unsafe_region"":[[40.0, 20.0], [80.0, 20.0], [80.0, 60.0], [40.0, 60.0]], }"
5418.700000002182,"{""waypoints"":(-9850.8452, -6568.0365), ""unsafe_region"":[[40.0, 20.0], [80.0, 20.0], [80.0, 60.0], [40.0, 60.0]], }"
5418.700000002182,"{""waypoints"":(-9850.8452, -6568.0365), ""unsafe_region"":[[40.0, 20.0], [80.0, 20.0], [80.0, 60.0], [40.0, 60.0]], }"
5418.700000002182,"{""waypoints"":(-9850.8452, -6568.0365), ""unsafe_region"":[[40.0, 20.0], [80.0, 20.0], [80.0, 60.0], [40.0, 60.0]], }"
5418.700000002182,"{""waypoints"":(-9850.8452, -6568.0365), ""unsafe_region"":[[40.0, 20.0], [80.0, 20.0], [80.0, 60.0], [40.0, 60.0]], }"
5418.700000002182,"{""waypoints"":(-9850.8452, -6568.0365), ""unsafe_region"":[[40.0, 20.0], [80.0, 20.0], [80.0, 60.0], [40.0, 60.0]], }"
5418.700000002182,"{""waypoints"":(-9850.8452, -6568.0365), ""unsafe_region"":[[40.0, 20.0], [80.0, 20.0], [80.0, 60.0], [40.0, 60.0]], }"
5418.700000002182,"{""waypoints"":(-9850.8452, -6568.0365), ""unsafe_region"":[[40.0, 20.0], [80.0, 20.0], [80.0, 60.0], [40.0, 60.0]], }"
5418.700000002182,"{""waypoints"":(-9850.8452, -6568.0365), ""unsafe_region"":[[40.0, 20.0], [80.0, 20.0], [80.0, 60.0], [40.0, 60.0]], }"
5418.700000002182,"{""waypoints"":(-9850.8452, -6568.0365), ""unsafe_region"":[[40.0, 20.0], [80.0, 20.0], [80.0, 60.0], [40.0, 60.0]], }"
5418.700000002182,"{""waypoints"":(-9850.8452, -6568.0365), ""unsafe_region"":[[40.0, 20.0], [80.0, 20.0], [80.0, 60.0], [40.0, 60.0]], }"
5418.700000002182,"{""waypoints"":(-9850.8452, -6568.0365), ""unsafe_region"":[[40.0, 20.0], [80.0, 20.0], [80.0, 60.0], [40.0, 60.0]], }"
5418.700000002182,"{""waypoints"":(-9850.8452, -6568.0365), ""unsafe_region"":[[40.0, 20.0], [80.0, 20.0], [80.0, 60.0], [40.0, 60.0]], }"
5418.700000002182,"{""waypoints"":(-9850.8452, -6568.0365), ""unsafe_region"":[[40.0, 20.0], [80.0, 20.0], [80.0, 60.0], [40.0, 60.0]], }"
5418.700000002182,"{""waypoints"":(-9850.8452, -6568.0365), ""unsafe_region"":[[40.0, 20.0], [80.0, 20.0], [80.0, 60.0], [40.0, 60.0]], }"
5418.700000002182,"{""waypoints"":(-9850.8452, -6568.0365), ""unsafe_region"":[[40.0, 20.0], [80.0, 20.0], [80.0, 60.0], [40.0, 60.0]], }"
5418.700000002182,"{""waypoints"":(-9850.8452, -6568.0365), ""unsafe_region"":[[40.0, 20.0], [80.0, 20.0], [80.0, 60.0], [40.0, 60.0]], }"
5418.700000002182,"{""waypoints"":(-9850.8452, -6568.0365), ""unsafe_region"":[[40.0, 20.0], [80.0, 20.0], [80.0, 60.0], [40.0, 60.0]], }"
5418.700000002182,"{""waypoints"":(-9850.8452, -6568.0365), ""unsafe_region"":[[40.0, 20.0], [80.0, 20.0], [80.0, 60.0], [40.0, 60.0]], }"
5418.700000002182,"{""waypoints"":(-9850.8452, -6568.0365), ""unsafe_region"":[[40.0, 20.0], [80.0, 20.0], [80.0, 60.0], [40.0, 60.0]], }"
5418.700000002182,"{""waypoints"":(-9850.8452, -6568.0365), ""unsafe_region"":[[40.0, 20.0], [80.0, 20.0], [80.0, 60.0], [40.0, 60.0]], }"
5418.700000002182,"{""waypoints"":(-9850.8452, -6568.0365), ""unsafe_region"":[[40.0, 20.0], [80.0, 20.0], [80.0, 60.0], [40.0, 60.0]], }"
5418.700000002182,"{""waypoints"":(-9850.8452, -6568.0365), ""unsafe_region"":[[40.0, 20.0], [80.0, 20.0], [80.0, 60.0], [40.0, 60.0]], }"
5418.700000002182,"{""waypoints"":(-9850.8452, -6568.0365), ""unsafe_region"":[[40.0, 20.0], [80.0, 20.0], [80.0, 60.0], [40.0, 60.0]], }"
5418.700000002182,"{""waypoints"":(-9850.8452, -6568.0365), ""unsafe_region"":[[40.0, 20.0], [80.0, 20.0], [80.0, 60.0], [40.0, 60.0]], }"
5418.700000002182,"{""waypoints"":(-9850.8452, -6568.0365), ""unsafe_region"":[[40.0, 20.0], [80.0, 20.0], [80.0, 60.0], [40.0, 60.0]], }"
5418.700000002182,"{""waypoints"":(-9850.8452, -6568.0365), ""unsafe_region"":[[40.0, 20.0], [80.0, 20.0], [80.0, 60.0], [40.0, 60.0]], }"
5418.700000002182,"{""waypoints"":(-9850.8452, -6568.0365), ""unsafe_region"":[[40.0, 20.0], [80.0, 20.0], [80.0, 60.0], [40.0, 60.0]], }"
5418.700000002182,"{""waypoints"":(-9850.8452, -6568.0365), ""unsafe_region"":[[40.0, 20.0], [80.0, 20.0], [80.0, 60.0], [40.0, 60.0]], }"
5418.700000002182,"{""waypoints"":(-9850.8452, -6568.0365), ""unsafe_region"":[[40.0, 20.0], [80.0, 20.0], [80.0, 60.0], [40.0, 60.0]], }"
5418.700000002182,"{""waypoints"":(-9850.8452, -6568.0365), ""unsafe_region"":[[40.0, 20.0], [80.0, 20.0], [80.0, 60.0], [40.0, 60.0]], }"
5418.700000002182,"{""waypoints"":(-9850.8452, -6568.0365), ""unsafe_region"":[[40.0, 20.0], [80.0, 20.0], [80.0, 60.0], [40.0, 60.0]], }"
5418.700000002182,"{""waypoints"":(-9850.8452, -6568.0365), ""unsafe_region"":[[40.0, 20.0], [80.0, 20.0], [80.0, 60.0], [40.0, 60.0]], }"
5418.700000002182,"{""waypoints"":(-9850.8452, -6568.0365), ""unsafe_region"":[[40.0, 20.0], [80.0, 20.0], [80.0, 60.0], [40.0, 60.0]], }"
5418.700000002182,"{""waypoints"":(-9850.8452, -6568.0365), ""unsafe_region"":[[40.0, 20.0], [80.0, 20.0], [80.0, 60.0], [40.0, 60.0]], }"
5418.700000002182,"{""waypoints"":(-9850.8452, -6568.0365), ""unsafe_region"":[[40.0, 20.0], [80.0, 20.0], [80.0, 60.0], [40.0, 60.0]], }"
5418.700000002182,"{""waypoints"":(-9850.8452, -6568.0365), ""unsafe_region"":[[40.0, 20.0], [80.0, 20.0], [80.0, 60.0], [40.0, 60.0]], }"
5418.700000002182,"{""waypoints"":(-9850.8452, -6568.0365), ""unsafe_region"":[[40.0, 20.0], [80.0, 20.0], [80.0, 60.0], [40.0, 60.0]], }"
5418.700000002182,"{""waypoints"":(-9850.8452, -6568.0365), ""unsafe_region"":[[40.0, 20.0], [80.0, 20.0], [80.0, 60.0], [40.0, 60.0]], }"
5418.700000002182,"{""waypoints"":(-9850.8452, -6568.0365), ""unsafe_region"":[[40.0, 20.0], [80.0, 20.0], [80.0, 60.0], [40.0, 60.0]], }"
5418.700000002182,"{""waypoints"":(-9850.8452, -6568.0365), ""unsafe_region"":[[40.0, 20.0], [80.0, 20.0], [80.0, 60.0], [40.0, 60.0]], }"
5418.700000002182,"{""waypoints"":(-9850.8452, -6568.0365), ""unsafe_region"":[[40.0, 20.0], [80.0, 20.0], [80.0, 60.0], [40.0, 60.0]], }"
5418.700000002182,"{""waypoints"":(-9850.8452, -6568.0365), ""unsafe_region"":[[40.0, 20.0], [80.0, 20.0], [80.0, 60.0], [40.0, 60.0]], }"
5418.700000002182,"{""waypoints"":(-9850.8452, -6568.0365), ""unsafe_region"":[[40.0, 20.0], [80.0, 20.0], [80.0, 60.0], [40.0, 60.0]], }"
5418.700000002182,"{""waypoints"":(-9850.8452, -6568.0365), ""unsafe_region"":[[40.0, 20.0], [80.0, 20.0], [80.0, 60.0], [40.0, 60.0]], }"
5418.700000002182,"{""waypoints"":(-9850.8452, -6568.0365), ""unsafe_region"":[[40.0, 20.0], [80.0, 20.0], [80.0, 60.0], [40.0, 60.0]], }"
5442.600000002269,"{""waypoints"":(-9850.8452, -6568.0365), ""unsafe_region"":[[40.0, 20.0], [80.0, 20.0], [80.0, 60.0], [40.0, 60.0]], }"
5442.700000002269,"{""waypoints"":(-9850.8452, -6568.0365), ""unsafe_region"":[[40.0, 20.0], [80.0, 20.0], [80.0, 60.0], [40.0, 60.0]], }"
5442.700000002269,"{""waypoints"":(-9850.8452, -6568.0365), ""unsafe_region"":[[40.0, 20.0], [80.0, 20.0], [80.0, 60.0], [40.0, 60.0]], }"
5442.700000002269,"{""waypoints"":(-9850.8452, -6568.0365), ""unsafe_region"":[[40.0, 20.0], [80.0, 20.0], [80.0, 60.0], [40.0, 60.0]], }"
5442.700000002269,"{""waypoints"":(-9850.8452, -6568.0365), ""unsafe_region"":[[40.0, 20.0], [80.0, 20.0], [80.0, 60.0], [40.0, 60.0]], }"
5442.700000002269,"{""waypoints"":(-9850.8452, -6568.0365), ""unsafe_region"":[[40.0, 20.0], [80.0, 20.0], [80.0, 60.0], [40.0, 60.0]], }"
5442.700000002269,"{""waypoints"":(-9850.8452, -6568.0365), ""unsafe_region"":[[40.0, 20.0], [80.0, 20.0], [80.0, 60.0], [40.0, 60.0]], }"
5442.700000002269,"{""waypoints"":(-9850.8452, -6568.0365), ""unsafe_region"":[[40.0, 20.0], [80.0, 20.0], [80.0, 60.0], [40.0, 60.0]], }"
5442.700000002269,"{""waypoints"":(-9850.8452, -6568.0365), ""unsafe_region"":[[40.0, 20.0], [80.0, 20.0], [80.0, 60.0], [40.0, 60.0]], }"
5442.700000002269,"{""waypoints"":(-9850.8452, -6568.0365), ""unsafe_region"":[[40.0, 20.0], [80.0, 20.0], [80.0, 60.0], [40.0, 60.0]], }"
5442.700000002269,"{""waypoints"":(-9850.8452, -6568.0365), ""unsafe_region"":[[40.0, 20.0], [80.0, 20.0], [80.0, 60.0], [40.0, 60.0]], }"
5442.700000002269,"{""waypoints"":(-9850.8452, -6568.0365), ""unsafe_region"":[[40.0, 20.0], [80.0, 20.0], [80.0, 60.0], [40.0, 60.0]], }"
5442.700000002269,"{""waypoints"":(-9850.8452, -6568.0365), ""unsafe_region"":[[40.0, 20.0], [80.0, 20.0], [80.0, 60.0], [40.0, 60.0]], }"
5442.700000002269,"{""waypoints"":(-9850.8452, -6568.0365), ""unsafe_region"":[[40.0, 20.0], [80.0, 20.0], [80.0, 60.0], [40.0, 60.0]], }"
5442.700000002269,"{""waypoints"":(-9850.8452, -6568.0365), ""unsafe_region"":[[40.0, 20.0], [80.0, 20.0], [80.0, 60.0], [40.0, 60.0]], }"
5442.700000002269,"{""waypoints"":(-9850.8452, -6568.0365), ""unsafe_region"":[[40.0, 20.0], [80.0, 20.0], [80.0, 60.0], [40.0, 60.0]], }"
5442.700000002269,"{""waypoints"":(-9850.8452, -6568.0365), ""unsafe_region"":[[40.0, 20.0], [80.0, 20.0], [80.0, 60.0], [40.0, 60.0]], }"
5442.700000002269,"{""waypoints"":(-9850.8452, -6568.0365), ""unsafe_region"":[[40.0, 20.0], [80.0, 20.0], [80.0, 60.0], [40.0, 60.0]], }"
5442.700000002269,"{""waypoints"":(-9850.8452, -6568.0365), ""unsafe_region"":[[40.0, 20.0], [80.0, 20.0], [80.0, 60.0], [40.0, 60.0]], }"
5442.700000002269,"{""waypoints"":(-9850.8452, -6568.0365), ""unsafe_region"":[[40.0, 20.0], [80.0, 20.0], [80.0, 60.0], [40.0, 60.0]], }"
5442.700000002269,"{""waypoints"":(-9850.8452, -6568.0365), ""unsafe_region"":[[40.0, 20.0], [80.0, 20.0], [80.0, 60.0], [40.0, 60.0]], }"
5442.700000002269,"{""waypoints"":(-9850.8452, -6568.0365), ""unsafe_region"":[[40.0, 20.0], [80.0, 20.0], [80.0, 60.0], [40.0, 60.0]], }"
5442.700000002269,"{""waypoints"":(-9850.8452, -6568.0365), ""unsafe_region"":[[40.0, 20.0], [80.0, 20.0], [80.0, 60.0], [40.0, 60.0]], }"
5442.700000002269,"{""waypoints"":(-9850.8452, -6568.0365), ""unsafe_region"":[[40.0, 20.0], [80.0, 20.0], [80.0, 60.0], [40.0, 60.0]], }"
5466.700000002356,"{""waypoints"":(-9850.8452, -6568.0365), ""unsafe_region"":[[40.0, 20.0], [80.0, 20.0], [80.0, 60.0], [40.0, 60.0]], }"
5466.800000002357,"{""waypoints"":(-9850.8452, -6568.0365), ""unsafe_region"":[[40.0, 20.0], [80.0, 20.0], [80.0, 60.0], [40.0, 60.0]], }"
5466.800000002357,"{""waypoints"":(-9850.8452, -6568.0365), ""unsafe_region"":[[40.0, 20.0], [80.0, 20.0], [80.0, 60.0], [40.0, 60.0]], }"
5466.800000002357,"{""waypoints"":(-9850.8452, -6568.0365), ""unsafe_region"":[[40.0, 20.0], [80.0, 20.0], [80.0, 60.0], [40.0, 60.0]], }"
5466.800000002357,"{""waypoints"":(-9850.8452, -6568.0365), ""unsafe_region"":[[40.0, 20.0], [80.0, 20.0], [80.0, 60.0], [40.0, 60.0]], }"
5466.800000002357,"{""waypoints"":(-9850.8452, -6568.0365), ""unsafe_region"":[[40.0, 20.0], [80.0, 20.0], [80.0, 60.0], [40.0, 60.0]], }"
5466.800000002357,"{""waypoints"":(-9850.8452, -6568.0365), ""unsafe_region"":[[40.0, 20.0], [80.0, 20.0], [80.0, 60.0], [40.0, 60.0]], }"
5466.800000002357,"{""waypoints"":(-9850.8452, -6568.0365), ""unsafe_region"":[[40.0, 20.0], [80.0, 20.0], [80.0, 60.0], [40.0, 60.0]], }"
5466.800000002357,"{""waypoints"":(-9850.8452, -6568.0365), ""unsafe_region"":[[40.0, 20.0], [80.0, 20.0], [80.0, 60.0], [40.0, 60.0]], }"
5466.800000002357,"{""waypoints"":(-9850.8452, -6568.0365), ""unsafe_region"":[[40.0, 20.0], [80.0, 20.0], [80.0, 60.0], [40.0, 60.0]], }"
5466.800000002357,"{""waypoints"":(-9850.8452, -6568.0365), ""unsafe_region"":[[40.0, 20.0], [80.0, 20.0], [80.0, 60.0], [40.0, 60.0]], }"
5466.800000002357,"{""waypoints"":(-9850.8452, -6568.0365), ""unsafe_region"":[[40.0, 20.0], [80.0, 20.0], [80.0, 60.0], [40.0, 60.0]], }"
5466.800000002357,"{""waypoints"":(-9850.8452, -6568.0365), ""unsafe_region"":[[40.0, 20.0], [80.0, 20.0], [80.0, 60.0], [40.0, 60.0]], }"
5466.800000002357,"{""waypoints"":(-9850.8452, -6568.0365), ""unsafe_region"":[[40.0, 20.0], [80.0, 20.0], [80.0, 60.0], [40.0, 60.0]], }"
5466.800000002357,"{""waypoints"":(-9850.8452, -6568.0365), ""unsafe_region"":[[40.0, 20.0], [80.0, 20.0], [80.0, 60.0], [40.0, 60.0]], }"
5466.800000002357,"{""waypoints"":(-9850.8452, -6568.0365), ""unsafe_region"":[[40.0, 20.0], [80.0, 20.0], [80.0, 60.0], [40.0, 60.0]], }"
5466.800000002357,"{""waypoints"":(-9850.8452, -6568.0365), ""unsafe_region"":[[40.0, 20.0], [80.0, 20.0], [80.0, 60.0], [40.0, 60.0]], }"
5466.800000002357,"{""waypoints"":(-9850.8452, -6568.0365), ""unsafe_region"":[[40.0, 20.0], [80.0, 20.0], [80.0, 60.0], [40.0, 60.0]], }"
5466.800000002357,"{""waypoints"":(-9850.8452, -6568.0365), ""unsafe_region"":[[40.0, 20.0], [80.0, 20.0], [80.0, 60.0], [40.0, 60.0]], }"
5466.800000002357,"{""waypoints"":(-9850.8452, -6568.0365), ""unsafe_region"":[[40.0, 20.0], [80.0, 20.0], [80.0, 60.0], [40.0, 60.0]], }"
5466.800000002357,"{""waypoints"":(-9850.8452, -6568.0365), ""unsafe_region"":[[40.0, 20.0], [80.0, 20.0], [80.0, 60.0], [40.0, 60.0]], }"
5466.800000002357,"{""waypoints"":(-9850.8452, -6568.0365), ""unsafe_region"":[[40.0, 20.0], [80.0, 20.0], [80.0, 60.0], [40.0, 60.0]], }"
5466.800000002357,"{""waypoints"":(-9850.8452, -6568.0365), ""unsafe_region"":[[40.0, 20.0], [80.0, 20.0], [80.0, 60.0], [40.0, 60.0]], }"
5466.800000002357,"{""waypoints"":(-9850.8452, -6568.0365), ""unsafe_region"":[[40.0, 20.0], [80.0, 20.0], [80.0, 60.0], [40.0, 60.0]], }"
5482.200000002413,"{""waypoints"":(-9850.8452, -6568.0365), ""unsafe_region"":[[40.0, 20.0], [80.0, 20.0], [80.0, 60.0], [40.0, 60.0]], }"
5482.300000002413,"{""waypoints"":(-9850.8452, -6568.0365), ""unsafe_region"":[[40.0, 20.0], [80.0, 20.0], [80.0, 60.0], [40.0, 60.0]], }"
5482.300000002413,"{""waypoints"":(-9850.8452, -6568.0365), ""unsafe_region"":[[40.0, 20.0], [80.0, 20.0], [80.0, 60.0], [40.0, 60.0]], }"
5482.300000002413,"{""waypoints"":(-9850.8452, -6568.0365), ""unsafe_region"":[[40.0, 20.0], [80.0, 20.0], [80.0, 60.0], [40.0, 60.0]], }"
5482.300000002413,"{""waypoints"":(-9850.8452, -6568.0365), ""unsafe_region"":[[40.0, 20.0], [80.0, 20.0], [80.0, 60.0], [40.0, 60.0]], }"
5482.300000002413,"{""waypoints"":(-9850.8452, -6568.0365), ""unsafe_region"":[[40.0, 20.0], [80.0, 20.0], [80.0, 60.0], [40.0, 60.0]], }"
5482.300000002413,"{""waypoints"":(-9850.8452, -6568.0365), ""unsafe_region"":[[40.0, 20.0], [80.0, 20.0], [80.0, 60.0], [40.0, 60.0]], }"
5482.300000002413,"{""waypoints"":(-9850.8452, -6568.0365), ""unsafe_region"":[[40.0, 20.0], [80.0, 20.0], [80.0, 60.0], [40.0, 60.0]], }"
5482.300000002413,"{""waypoints"":(-9850.8452, -6568.0365), ""unsafe_region"":[[40.0, 20.0], [80.0, 20.0], [80.0, 60.0], [40.0, 60.0]], }"
5482.300000002413,"{""waypoints"":(-9850.8452, -6568.0365), ""unsafe_region"":[[40.0, 20.0], [80.0, 20.0], [80.0, 60.0], [40.0, 60.0]], }"
5482.300000002413,"{""waypoints"":(-9850.8452, -6568.0365), ""unsafe_region"":[[40.0, 20.0], [80.0, 20.0], [80.0, 60.0], [40.0, 60.0]], }"
5482.300000002413,"{""waypoints"":(-9850.8452, -6568.0365), ""unsafe_region"":[[40.0, 20.0], [80.0, 20.0], [80.0, 60.0], [40.0, 60.0]], }"
5482.300000002413,"{""waypoints"":(-9850.8452, -6568.0365), ""unsafe_region"":[[40.0, 20.0], [80.0, 20.0], [80.0, 60.0], [40.0, 60.0]], }"
5482.300000002413,"{""waypoints"":(-9850.8452, -6568.0365), ""unsafe_region"":[[40.0, 20.0], [80.0, 20.0], [80.0, 60.0], [40.0, 60.0]], }"
5482.300000002413,"{""waypoints"":(-9850.8452, -6568.0365), ""unsafe_region"":[[40.0, 20.0], [80.0, 20.0], [80.0, 60.0], [40.0, 60.0]], }"
5482.300000002413,"{""waypoints"":(-9850.8452, -6568.0365), ""unsafe_region"":[[40.0, 20.0], [80.0, 20.0], [80.0, 60.0], [40.0, 60.0]], }"
5535.400000002606,"{""waypoints"":(-9850.8452, -6568.0365), ""unsafe_region"":[[40.0, 20.0], [80.0, 20.0], [80.0, 60.0], [40.0, 60.0]], }"
5535.400000002606,"{""waypoints"":(-9850.8452, -6568.0365), ""unsafe_region"":[[40.0, 20.0], [80.0, 20.0], [80.0, 60.0], [40.0, 60.0]], }"
5535.400000002606,"{""waypoints"":(-9850.8452, -6568.0365), ""unsafe_region"":[[40.0, 20.0], [80.0, 20.0], [80.0, 60.0], [40.0, 60.0]], }"
5535.400000002606,"{""waypoints"":(-9850.8452, -6568.0365), ""unsafe_region"":[[40.0, 20.0], [80.0, 20.0], [80.0, 60.0], [40.0, 60.0]], }"
5535.400000002606,"{""waypoints"":(-9850.8452, -6568.0365), ""unsafe_region"":[[40.0, 20.0], [80.0, 20.0], [80.0, 60.0], [40.0, 60.0]], }"
5535.400000002606,"{""waypoints"":(-9850.8452, -6568.0365), ""unsafe_region"":[[40.0, 20.0], [80.0, 20.0], [80.0, 60.0], [40.0, 60.0]], }"
5535.400000002606,"{""waypoints"":(-9850.8452, -6568.0365), ""unsafe_region"":[[40.0, 20.0], [80.0, 20.0], [80.0, 60.0], [40.0, 60.0]], }"
5535.400000002606,"{""waypoints"":(-9850.8452, -6568.0365), ""unsafe_region"":[[40.0, 20.0], [80.0, 20.0], [80.0, 60.0], [40.0, 60.0]], }"
5535.400000002606,"{""waypoints"":(-9850.8452, -6568.0365), ""unsafe_region"":[[40.0, 20.0], [80.0, 20.0], [80.0, 60.0], [40.0, 60.0]], }"
5535.400000002606,"{""waypoints"":(-9850.8452, -6568.0365), ""unsafe_region"":[[40.0, 20.0], [80.0, 20.0], [80.0, 60.0], [40.0, 60.0]], }"
5535.400000002606,"{""waypoints"":(-9850.8452, -6568.0365), ""unsafe_region"":[[40.0, 20.0], [80.0, 20.0], [80.0, 60.0], [40.0, 60.0]], }"
5535.400000002606,"{""waypoints"":(-9850.8452, -6568.0365), ""unsafe_region"":[[40.0, 20.0], [80.0, 20.0], [80.0, 60.0], [40.0, 60.0]], }"
5535.400000002606,"{""waypoints"":(-9850.8452, -6568.0365), ""unsafe_region"":[[40.0, 20.0], [80.0, 20.0], [80.0, 60.0], [40.0, 60.0]], }"
5535.400000002606,"{""waypoints"":(-9850.8452, -6568.0365), ""unsafe_region"":[[40.0, 20.0], [80.0, 20.0], [80.0, 60.0], [40.0, 60.0]], }"
5535.400000002606,"{""waypoints"":(-9850.8452, -6568.0365), ""unsafe_region"":[[40.0, 20.0], [80.0, 20.0], [80.0, 60.0], [40.0, 60.0]], }"
5535.400000002606,"{""waypoints"":(-9850.8452, -6568.0365), ""unsafe_region"":[[40.0, 20.0], [80.0, 20.0], [80.0, 60.0], [40.0, 60.0]], }"
5535.400000002606,"{""waypoints"":(-9850.8452, -6568.0365), ""unsafe_region"":[[40.0, 20.0], [80.0, 20.0], [80.0, 60.0], [40.0, 60.0]], }"
5535.400000002606,"{""waypoints"":(-9850.8452, -6568.0365), ""unsafe_region"":[[40.0, 20.0], [80.0, 20.0], [80.0, 60.0], [40.0, 60.0]], }"
5535.400000002606,"{""waypoints"":(-9850.8452, -6568.0365), ""unsafe_region"":[[40.0, 20.0], [80.0, 20.0], [80.0, 60.0], [40.0, 60.0]], }"
5535.400000002606,"{""waypoints"":(-9850.8452, -6568.0365), ""unsafe_region"":[[40.0, 20.0], [80.0, 20.0], [80.0, 60.0], [40.0, 60.0]], }"
5535.400000002606,"{""waypoints"":(-9850.8452, -6568.0365), ""unsafe_region"":[[40.0, 20.0], [80.0, 20.0], [80.0, 60.0], [40.0, 60.0]], }"
5535.400000002606,"{""waypoints"":(-9850.8452, -6568.0365), ""unsafe_region"":[[40.0, 20.0], [80.0, 20.0], [80.0, 60.0], [40.0, 60.0]], }"
5535.400000002606,"{""waypoints"":(-9850.8452, -6568.0365), ""unsafe_region"":[[40.0, 20.0], [80.0, 20.0], [80.0, 60.0], [40.0, 60.0]], }"
5535.400000002606,"{""waypoints"":(-9850.8452, -6568.0365), ""unsafe_region"":[[40.0, 20.0], [80.0, 20.0], [80.0, 60.0], [40.0, 60.0]], }"
5535.400000002606,"{""waypoints"":(-9850.8452, -6568.0365), ""unsafe_region"":[[40.0, 20.0], [80.0, 20.0], [80.0, 60.0], [40.0, 60.0]], }"
5535.400000002606,"{""waypoints"":(-9850.8452, -6568.0365), ""unsafe_region"":[[40.0, 20.0], [80.0, 20.0], [80.0, 60.0], [40.0, 60.0]], }"
5535.400000002606,"{""waypoints"":(-9850.8452, -6568.0365), ""unsafe_region"":[[40.0, 20.0], [80.0, 20.0], [80.0, 60.0], [40.0, 60.0]], }"
5535.400000002606,"{""waypoints"":(-9850.8452, -6568.0365), ""unsafe_region"":[[40.0, 20.0], [80.0, 20.0], [80.0, 60.0], [40.0, 60.0]], }"
5535.400000002606,"{""waypoints"":(-9850.8452, -6568.0365), ""unsafe_region"":[[40.0, 20.0], [80.0, 20.0], [80.0, 60.0], [40.0, 60.0]], }"
5535.400000002606,"{""waypoints"":(-9850.8452, -6568.0365), ""unsafe_region"":[[40.0, 20.0], [80.0, 20.0], [80.0, 60.0], [40.0, 60.0]], }"
5535.400000002606,"{""waypoints"":(-9850.8452, -6568.0365), ""unsafe_region"":[[40.0, 20.0], [80.0, 20.0], [80.0, 60.0], [40.0, 60.0]], }"
5535.400000002606,"{""waypoints"":(-9850.8452, -6568.0365), ""unsafe_region"":[[40.0, 20.0], [80.0, 20.0], [80.0, 60.0], [40.0, 60.0]], }"
5535.400000002606,"{""waypoints"":(-9850.8452, -6568.0365), ""unsafe_region"":[[40.0, 20.0], [80.0, 20.0], [80.0, 60.0], [40.0, 60.0]], }"
5535.400000002606,"{""waypoints"":(-9850.8452, -6568.0365), ""unsafe_region"":[[40.0, 20.0], [80.0, 20.0], [80.0, 60.0], [40.0, 60.0]], }"
5535.400000002606,"{""waypoints"":(-9850.8452, -6568.0365), ""unsafe_region"":[[40.0, 20.0], [80.0, 20.0], [80.0, 60.0], [40.0, 60.0]], }"
5535.400000002606,"{""waypoints"":(-9850.8452, -6568.0365), ""unsafe_region"":[[40.0, 20.0], [80.0, 20.0], [80.0, 60.0], [40.0, 60.0]], }"
5535.400000002606,"{""waypoints"":(-9850.8452, -6568.0365), ""unsafe_region"":[[40.0, 20.0], [80.0, 20.0], [80.0, 60.0], [40.0, 60.0]], }"
5535.400000002606,"{""waypoints"":(-9850.8452, -6568.0365), ""unsafe_region"":[[40.0, 20.0], [80.0, 20.0], [80.0, 60.0], [40.0, 60.0]], }"
5535.400000002606,"{""waypoints"":(-9850.8452, -6568.0365), ""unsafe_region"":[[40.0, 20.0], [80.0, 20.0], [80.0, 60.0], [40.0, 60.0]], }"
5535.400000002606,"{""waypoints"":(-9850.8452, -6568.0365), ""unsafe_region"":[[40.0, 20.0], [80.0, 20.0], [80.0, 60.0], [40.0, 60.0]], }"
5535.400000002606,"{""waypoints"":(-9850.8452, -6568.0365), ""unsafe_region"":[[40.0, 20.0], [80.0, 20.0], [80.0, 60.0], [40.0, 60.0]], }"
5535.400000002606,"{""waypoints"":(-9850.8452, -6568.0365), ""unsafe_region"":[[40.0, 20.0], [80.0, 20.0], [80.0, 60.0], [40.0, 60.0]], }"
5535.400000002606,"{""waypoints"":(-9850.8452, -6568.0365), ""unsafe_region"":[[40.0, 20.0], [80.0, 20.0], [80.0, 60.0], [40.0, 60.0]], }"
5535.400000002606,"{""waypoints"":(-9850.8452, -6568.0365), ""unsafe_region"":[[40.0, 20.0], [80.0, 20.0], [80.0, 60.0], [40.0, 60.0]], }"
5535.400000002606,"{""waypoints"":(-9850.8452, -6568.0365), ""unsafe_region"":[[40.0, 20.0], [80.0, 20.0], [80.0, 60.0], [40.0, 60.0]], }"
5535.400000002606,"{""waypoints"":(-9850.8452, -6568.0365), ""unsafe_region"":[[40.0, 20.0], [80.0, 20.0], [80.0, 60.0], [40.0, 60.0]], }"
5535.400000002606,"{""waypoints"":(-9850.8452, -6568.0365), ""unsafe_region"":[[40.0, 20.0], [80.0, 20.0], [80.0, 60.0], [40.0, 60.0]], }"
5535.400000002606,"{""waypoints"":(-9850.8452, -6568.0365), ""unsafe_region"":[[40.0, 20.0], [80.0, 20.0], [80.0, 60.0], [40.0, 60.0]], }"
5535.400000002606,"{""waypoints"":(-9850.8452, -6568.0365), ""unsafe_region"":[[40.0, 20.0], [80.0, 20.0], [80.0, 60.0], [40.0, 60.0]], }"
5535.400000002606,"{""waypoints"":(-9850.8452, -6568.0365), ""unsafe_region"":[[40.0, 20.0], [80.0, 20.0], [80.0, 60.0], [40.0, 60.0]], }"
5535.400000002606,"{""waypoints"":(-9850.8452, -6568.0365), ""unsafe_region"":[[40.0, 20.0], [80.0, 20.0], [80.0, 60.0], [40.0, 60.0]], }"
5535.400000002606,"{""waypoints"":(-9850.8452, -6568.0365), ""unsafe_region"":[[40.0, 20.0], [80.0, 20.0], [80.0, 60.0], [40.0, 60.0]], }"
5535.400000002606,"{""waypoints"":(-9850.8452, -6568.0365), ""unsafe_region"":[[40.0, 20.0], [80.0, 20.0], [80.0, 60.0], [40.0, 60.0]], }"
5580.50000000277,"{""waypoints"":(-9850.8452, -6568.0365), ""unsafe_region"":[[40.0, 20.0], [80.0, 20.0], [80.0, 60.0], [40.0, 60.0]], }"
5580.600000002771,"{""waypoints"":(-9850.8452, -6568.0365), ""unsafe_region"":[[40.0, 20.0], [80.0, 20.0], [80.0, 60.0], [40.0, 60.0]], }"
5580.600000002771,"{""waypoints"":(-9850.8452, -6568.0365), ""unsafe_region"":[[40.0, 20.0], [80.0, 20.0], [80.0, 60.0], [40.0, 60.0]], }"
5580.600000002771,"{""waypoints"":(-9850.8452, -6568.0365), ""unsafe_region"":[[40.0, 20.0], [80.0, 20.0], [80.0, 60.0], [40.0, 60.0]], }"
5580.600000002771,"{""waypoints"":(-9850.8452, -6568.0365), ""unsafe_region"":[[40.0, 20.0], [80.0, 20.0], [80.0, 60.0], [40.0, 60.0]], }"
5580.600000002771,"{""waypoints"":(-9850.8452, -6568.0365), ""unsafe_region"":[[40.0, 20.0], [80.0, 20.0], [80.0, 60.0], [40.0, 60.0]], }"
5580.600000002771,"{""waypoints"":(-9850.8452, -6568.0365), ""unsafe_region"":[[40.0, 20.0], [80.0, 20.0], [80.0, 60.0], [40.0, 60.0]], }"
5580.600000002771,"{""waypoints"":(-9850.8452, -6568.0365), ""unsafe_region"":[[40.0, 20.0], [80.0, 20.0], [80.0, 60.0], [40.0, 60.0]], }"
5580.600000002771,"{""waypoints"":(-9850.8452, -6568.0365), ""unsafe_region"":[[40.0, 20.0], [80.0, 20.0], [80.0, 60.0], [40.0, 60.0]], }"
5580.600000002771,"{""waypoints"":(-9850.8452, -6568.0365), ""unsafe_region"":[[40.0, 20.0], [80.0, 20.0], [80.0, 60.0], [40.0, 60.0]], }"
5580.600000002771,"{""waypoints"":(-9850.8452, -6568.0365), ""unsafe_region"":[[40.0, 20.0], [80.0, 20.0], [80.0, 60.0], [40.0, 60.0]], }"
5580.600000002771,"{""waypoints"":(-9850.8452, -6568.0365), ""unsafe_region"":[[40.0, 20.0], [80.0, 20.0], [80.0, 60.0], [40.0, 60.0]], }"
5580.600000002771,"{""waypoints"":(-9850.8452, -6568.0365), ""unsafe_region"":[[40.0, 20.0], [80.0, 20.0], [80.0, 60.0], [40.0, 60.0]], }"
5580.600000002771,"{""waypoints"":(-9850.8452, -6568.0365), ""unsafe_region"":[[40.0, 20.0], [80.0, 20.0], [80.0, 60.0], [40.0, 60.0]], }"
5580.600000002771,"{""waypoints"":(-9850.8452, -6568.0365), ""unsafe_region"":[[40.0, 20.0], [80.0, 20.0], [80.0, 60.0], [40.0, 60.0]], }"
5580.600000002771,"{""waypoints"":(-9850.8452, -6568.0365), ""unsafe_region"":[[40.0, 20.0], [80.0, 20.0], [80.0, 60.0], [40.0, 60.0]], }"
5580.600000002771,"{""waypoints"":(-9850.8452, -6568.0365), ""unsafe_region"":[[40.0, 20.0], [80.0, 20.0], [80.0, 60.0], [40.0, 60.0]], }"
5580.600000002771,"{""waypoints"":(-9850.8452, -6568.0365), ""unsafe_region"":[[40.0, 20.0], [80.0, 20.0], [80.0, 60.0], [40.0, 60.0]], }"
5580.600000002771,"{""waypoints"":(-9850.8452, -6568.0365), ""unsafe_region"":[[40.0, 20.0], [80.0, 20.0], [80.0, 60.0], [40.0, 60.0]], }"
5580.600000002771,"{""waypoints"":(-9850.8452, -6568.0365), ""unsafe_region"":[[40.0, 20.0], [80.0, 20.0], [80.0, 60.0], [40.0, 60.0]], }"
5580.600000002771,"{""waypoints"":(-9850.8452, -6568.0365), ""unsafe_region"":[[40.0, 20.0], [80.0, 20.0], [80.0, 60.0], [40.0, 60.0]], }"
5580.600000002771,"{""waypoints"":(-9850.8452, -6568.0365), ""unsafe_region"":[[40.0, 20.0], [80.0, 20.0], [80.0, 60.0], [40.0, 60.0]], }"
5580.600000002771,"{""waypoints"":(-9850.8452, -6568.0365), ""unsafe_region"":[[40.0, 20.0], [80.0, 20.0], [80.0, 60.0], [40.0, 60.0]], }"
5580.600000002771,"{""waypoints"":(-9850.8452, -6568.0365), ""unsafe_region"":[[40.0, 20.0], [80.0, 20.0], [80.0, 60.0], [40.0, 60.0]], }"
5580.600000002771,"{""waypoints"":(-9850.8452, -6568.0365), ""unsafe_region"":[[40.0, 20.0], [80.0, 20.0], [80.0, 60.0], [40.0, 60.0]], }"
5580.600000002771,"{""waypoints"":(-9850.8452, -6568.0365), ""unsafe_region"":[[40.0, 20.0], [80.0, 20.0], [80.0, 60.0], [40.0, 60.0]], }"
5580.600000002771,"{""waypoints"":(-9850.8452, -6568.0365), ""unsafe_region"":[[40.0, 20.0], [80.0, 20.0], [80.0, 60.0], [40.0, 60.0]], }"
5580.600000002771,"{""waypoints"":(-9850.8452, -6568.0365), ""unsafe_region"":[[40.0, 20.0], [80.0, 20.0], [80.0, 60.0], [40.0, 60.0]], }"
5580.600000002771,"{""waypoints"":(-9850.8452, -6568.0365), ""unsafe_region"":[[40.0, 20.0], [80.0, 20.0], [80.0, 60.0], [40.0, 60.0]], }"
5580.600000002771,"{""waypoints"":(-9850.8452, -6568.0365), ""unsafe_region"":[[40.0, 20.0], [80.0, 20.0], [80.0, 60.0], [40.0, 60.0]], }"
5580.600000002771,"{""waypoints"":(-9850.8452, -6568.0365), ""unsafe_region"":[[40.0, 20.0], [80.0, 20.0], [80.0, 60.0], [40.0, 60.0]], }"
5580.600000002771,"{""waypoints"":(-9850.8452, -6568.0365), ""unsafe_region"":[[40.0, 20.0], [80.0, 20.0], [80.0, 60.0], [40.0, 60.0]], }"
5580.600000002771,"{""waypoints"":(-9850.8452, -6568.0365), ""unsafe_region"":[[40.0, 20.0], [80.0, 20.0], [80.0, 60.0], [40.0, 60.0]], }"
5580.600000002771,"{""waypoints"":(-9850.8452, -6568.0365), ""unsafe_region"":[[40.0, 20.0], [80.0, 20.0], [80.0, 60.0], [40.0, 60.0]], }"
5580.600000002771,"{""waypoints"":(-9850.8452, -6568.0365), ""unsafe_region"":[[40.0, 20.0], [80.0, 20.0], [80.0, 60.0], [40.0, 60.0]], }"
5580.600000002771,"{""waypoints"":(-9850.8452, -6568.0365), ""unsafe_region"":[[40.0, 20.0], [80.0, 20.0], [80.0, 60.0], [40.0, 60.0]], }"
5580.600000002771,"{""waypoints"":(-9850.8452, -6568.0365), ""unsafe_region"":[[40.0, 20.0], [80.0, 20.0], [80.0, 60.0], [40.0, 60.0]], }"
5580.600000002771,"{""waypoints"":(-9850.8452, -6568.0365), ""unsafe_region"":[[40.0, 20.0], [80.0, 20.0], [80.0, 60.0], [40.0, 60.0]], }"
5580.600000002771,"{""waypoints"":(-9850.8452, -6568.0365), ""unsafe_region"":[[40.0, 20.0], [80.0, 20.0], [80.0, 60.0], [40.0, 60.0]], }"
5580.600000002771,"{""waypoints"":(-9850.8452, -6568.0365), ""unsafe_region"":[[40.0, 20.0], [80.0, 20.0], [80.0, 60.0], [40.0, 60.0]], }"
5580.600000002771,"{""waypoints"":(-9850.8452, -6568.0365), ""unsafe_region"":[[40.0, 20.0], [80.0, 20.0], [80.0, 60.0], [40.0, 60.0]], }"
5580.600000002771,"{""waypoints"":(-9850.8452, -6568.0365), ""unsafe_region"":[[40.0, 20.0], [80.0, 20.0], [80.0, 60.0], [40.0, 60.0]], }"
5580.600000002771,"{""waypoints"":(-9850.8452, -6568.0365), ""unsafe_region"":[[40.0, 20.0], [80.0, 20.0], [80.0, 60.0], [40.0, 60.0]], }"
5580.600000002771,"{""waypoints"":(-9850.8452, -6568.0365), ""unsafe_region"":[[40.0, 20.0], [80.0, 20.0], [80.0, 60.0], [40.0, 60.0]], }"
5580.600000002771,"{""waypoints"":(-9850.8452, -6568.0365), ""unsafe_region"":[[40.0, 20.0], [80.0, 20.0], [80.0, 60.0], [40.0, 60.0]], }"
5612.000000002885,"{""waypoints"":(-9850.8452, -6568.0365), ""unsafe_region"":[[40.0, 20.0], [80.0, 20.0], [80.0, 60.0], [40.0, 60.0]], }"
5612.000000002885,"{""waypoints"":(-9850.8452, -6568.0365), ""unsafe_region"":[[40.0, 20.0], [80.0, 20.0], [80.0, 60.0], [40.0, 60.0]], }"
5612.000000002885,"{""waypoints"":(-9850.8452, -6568.0365), ""unsafe_region"":[[40.0, 20.0], [80.0, 20.0], [80.0, 60.0], [40.0, 60.0]], }"
5612.000000002885,"{""waypoints"":(-9850.8452, -6568.0365), ""unsafe_region"":[[40.0, 20.0], [80.0, 20.0], [80.0, 60.0], [40.0, 60.0]], }"
5612.000000002885,"{""waypoints"":(-9850.8452, -6568.0365), ""unsafe_region"":[[40.0, 20.0], [80.0, 20.0], [80.0, 60.0], [40.0, 60.0]], }"
5612.000000002885,"{""waypoints"":(-9850.8452, -6568.0365), ""unsafe_region"":[[40.0, 20.0], [80.0, 20.0], [80.0, 60.0], [40.0, 60.0]], }"
5612.000000002885,"{""waypoints"":(-9850.8452, -6568.0365), ""unsafe_region"":[[40.0, 20.0], [80.0, 20.0], [80.0, 60.0], [40.0, 60.0]], }"
5612.000000002885,"{""waypoints"":(-9850.8452, -6568.0365), ""unsafe_region"":[[40.0, 20.0], [80.0, 20.0], [80.0, 60.0], [40.0, 60.0]], }"
5612.000000002885,"{""waypoints"":(-9850.8452, -6568.0365), ""unsafe_region"":[[40.0, 20.0], [80.0, 20.0], [80.0, 60.0], [40.0, 60.0]], }"
5612.000000002885,"{""waypoints"":(-9850.8452, -6568.0365), ""unsafe_region"":[[40.0, 20.0], [80.0, 20.0], [80.0, 60.0], [40.0, 60.0]], }"
5612.000000002885,"{""waypoints"":(-9850.8452, -6568.0365), ""unsafe_region"":[[40.0, 20.0], [80.0, 20.0], [80.0, 60.0], [40.0, 60.0]], }"
5612.000000002885,"{""waypoints"":(-9850.8452, -6568.0365), ""unsafe_region"":[[40.0, 20.0], [80.0, 20.0], [80.0, 60.0], [40.0, 60.0]], }"
5612.000000002885,"{""waypoints"":(-9850.8452, -6568.0365), ""unsafe_region"":[[40.0, 20.0], [80.0, 20.0], [80.0, 60.0], [40.0, 60.0]], }"
5612.000000002885,"{""waypoints"":(-9850.8452, -6568.0365), ""unsafe_region"":[[40.0, 20.0], [80.0, 20.0], [80.0, 60.0], [40.0, 60.0]], }"
5612.000000002885,"{""waypoints"":(-9850.8452, -6568.0365), ""unsafe_region"":[[40.0, 20.0], [80.0, 20.0], [80.0, 60.0], [40.0, 60.0]], }"
5612.000000002885,"{""waypoints"":(-9850.8452, -6568.0365), ""unsafe_region"":[[40.0, 20.0], [80.0, 20.0], [80.0, 60.0], [40.0, 60.0]], }"
5612.000000002885,"{""waypoints"":(-9850.8452, -6568.0365), ""unsafe_region"":[[40.0, 20.0], [80.0, 20.0], [80.0, 60.0], [40.0, 60.0]], }"
5612.000000002885,"{""waypoints"":(-9850.8452, -6568.0365), ""unsafe_region"":[[40.0, 20.0], [80.0, 20.0], [80.0, 60.0], [40.0, 60.0]], }"
5612.000000002885,"{""waypoints"":(-9850.8452, -6568.0365), ""unsafe_region"":[[40.0, 20.0], [80.0, 20.0], [80.0, 60.0], [40.0, 60.0]], }"
5612.000000002885,"{""waypoints"":(-9850.8452, -6568.0365), ""unsafe_region"":[[40.0, 20.0], [80.0, 20.0], [80.0, 60.0], [40.0, 60.0]], }"
5612.000000002885,"{""waypoints"":(-9850.8452, -6568.0365), ""unsafe_region"":[[40.0, 20.0], [80.0, 20.0], [80.0, 60.0], [40.0, 60.0]], }"
5612.000000002885,"{""waypoints"":(-9850.8452, -6568.0365), ""unsafe_region"":[[40.0, 20.0], [80.0, 20.0], [80.0, 60.0], [40.0, 60.0]], }"
5612.000000002885,"{""waypoints"":(-9850.8452, -6568.0365), ""unsafe_region"":[[40.0, 20.0], [80.0, 20.0], [80.0, 60.0], [40.0, 60.0]], }"
5612.000000002885,"{""waypoints"":(-9850.8452, -6568.0365), ""unsafe_region"":[[40.0, 20.0], [80.0, 20.0], [80.0, 60.0], [40.0, 60.0]], }"
5612.000000002885,"{""waypoints"":(-9850.8452, -6568.0365), ""unsafe_region"":[[40.0, 20.0], [80.0, 20.0], [80.0, 60.0], [40.0, 60.0]], }"
5612.000000002885,"{""waypoints"":(-9850.8452, -6568.0365), ""unsafe_region"":[[40.0, 20.0], [80.0, 20.0], [80.0, 60.0], [40.0, 60.0]], }"
5612.000000002885,"{""waypoints"":(-9850.8452, -6568.0365), ""unsafe_region"":[[40.0, 20.0], [80.0, 20.0], [80.0, 60.0], [40.0, 60.0]], }"
5612.000000002885,"{""waypoints"":(-9850.8452, -6568.0365), ""unsafe_region"":[[40.0, 20.0], [80.0, 20.0], [80.0, 60.0], [40.0, 60.0]], }"
5612.000000002885,"{""waypoints"":(-9850.8452, -6568.0365), ""unsafe_region"":[[40.0, 20.0], [80.0, 20.0], [80.0, 60.0], [40.0, 60.0]], }"
5612.000000002885,"{""waypoints"":(-9850.8452, -6568.0365), ""unsafe_region"":[[40.0, 20.0], [80.0, 20.0], [80.0, 60.0], [40.0, 60.0]], }"
5612.000000002885,"{""waypoints"":(-9850.8452, -6568.0365), ""unsafe_region"":[[40.0, 20.0], [80.0, 20.0], [80.0, 60.0], [40.0, 60.0]], }"
5612.000000002885,"{""waypoints"":(-9850.8452, -6568.0365), ""unsafe_region"":[[40.0, 20.0], [80.0, 20.0], [80.0, 60.0], [40.0, 60.0]], }"
5690.100000003169,"{""waypoints"":(-9850.8452, -6568.0365), ""unsafe_region"":[[40.0, 20.0], [80.0, 20.0], [80.0, 60.0], [40.0, 60.0]], }"
5690.200000003169,"{""waypoints"":(-9850.8452, -6568.0365), ""unsafe_region"":[[40.0, 20.0], [80.0, 20.0], [80.0, 60.0], [40.0, 60.0]], }"
5690.200000003169,"{""waypoints"":(-9850.8452, -6568.0365), ""unsafe_region"":[[40.0, 20.0], [80.0, 20.0], [80.0, 60.0], [40.0, 60.0]], }"
5690.200000003169,"{""waypoints"":(-9850.8452, -6568.0365), ""unsafe_region"":[[40.0, 20.0], [80.0, 20.0], [80.0, 60.0], [40.0, 60.0]], }"
5690.200000003169,"{""waypoints"":(-9850.8452, -6568.0365), ""unsafe_region"":[[40.0, 20.0], [80.0, 20.0], [80.0, 60.0], [40.0, 60.0]], }"
5690.200000003169,"{""waypoints"":(-9850.8452, -6568.0365), ""unsafe_region"":[[40.0, 20.0], [80.0, 20.0], [80.0, 60.0], [40.0, 60.0]], }"
5690.200000003169,"{""waypoints"":(-9850.8452, -6568.0365), ""unsafe_region"":[[40.0, 20.0], [80.0, 20.0], [80.0, 60.0], [40.0, 60.0]], }"
5690.200000003169,"{""waypoints"":(-9850.8452, -6568.0365), ""unsafe_region"":[[40.0, 20.0], [80.0, 20.0], [80.0, 60.0], [40.0, 60.0]], }"
5690.200000003169,"{""waypoints"":(-9850.8452, -6568.0365), ""unsafe_region"":[[40.0, 20.0], [80.0, 20.0], [80.0, 60.0], [40.0, 60.0]], }"
5690.200000003169,"{""waypoints"":(-9850.8452, -6568.0365), ""unsafe_region"":[[40.0, 20.0], [80.0, 20.0], [80.0, 60.0], [40.0, 60.0]], }"
5690.200000003169,"{""waypoints"":(-9850.8452, -6568.0365), ""unsafe_region"":[[40.0, 20.0], [80.0, 20.0], [80.0, 60.0], [40.0, 60.0]], }"
5690.200000003169,"{""waypoints"":(-9850.8452, -6568.0365), ""unsafe_region"":[[40.0, 20.0], [80.0, 20.0], [80.0, 60.0], [40.0, 60.0]], }"
5690.200000003169,"{""waypoints"":(-9850.8452, -6568.0365), ""unsafe_region"":[[40.0, 20.0], [80.0, 20.0], [80.0, 60.0], [40.0, 60.0]], }"
5690.200000003169,"{""waypoints"":(-9850.8452, -6568.0365), ""unsafe_region"":[[40.0, 20.0], [80.0, 20.0], [80.0, 60.0], [40.0, 60.0]], }"
5690.200000003169,"{""waypoints"":(-9850.8452, -6568.0365), ""unsafe_region"":[[40.0, 20.0], [80.0, 20.0], [80.0, 60.0], [40.0, 60.0]], }"
5690.200000003169,"{""waypoints"":(-9850.8452, -6568.0365), ""unsafe_region"":[[40.0, 20.0], [80.0, 20.0], [80.0, 60.0], [40.0, 60.0]], }"
5690.200000003169,"{""waypoints"":(-9850.8452, -6568.0365), ""unsafe_region"":[[40.0, 20.0], [80.0, 20.0], [80.0, 60.0], [40.0, 60.0]], }"
5690.200000003169,"{""waypoints"":(-9850.8452, -6568.0365), ""unsafe_region"":[[40.0, 20.0], [80.0, 20.0], [80.0, 60.0], [40.0, 60.0]], }"
5690.200000003169,"{""waypoints"":(-9850.8452, -6568.0365), ""unsafe_region"":[[40.0, 20.0], [80.0, 20.0], [80.0, 60.0], [40.0, 60.0]], }"
5690.200000003169,"{""waypoints"":(-9850.8452, -6568.0365), ""unsafe_region"":[[40.0, 20.0], [80.0, 20.0], [80.0, 60.0], [40.0, 60.0]], }"
5690.200000003169,"{""waypoints"":(-9850.8452, -6568.0365), ""unsafe_region"":[[40.0, 20.0], [80.0, 20.0], [80.0, 60.0], [40.0, 60.0]], }"
5690.200000003169,"{""waypoints"":(-9850.8452, -6568.0365), ""unsafe_region"":[[40.0, 20.0], [80.0, 20.0], [80.0, 60.0], [40.0, 60.0]], }"
5690.200000003169,"{""waypoints"":(-9850.8452, -6568.0365), ""unsafe_region"":[[40.0, 20.0], [80.0, 20.0], [80.0, 60.0], [40.0, 60.0]], }"
5690.200000003169,"{""waypoints"":(-9850.8452, -6568.0365), ""unsafe_region"":[[40.0, 20.0], [80.0, 20.0], [80.0, 60.0], [40.0, 60.0]], }"
5690.200000003169,"{""waypoints"":(-9850.8452, -6568.0365), ""unsafe_region"":[[40.0, 20.0], [80.0, 20.0], [80.0, 60.0], [40.0, 60.0]], }"
5690.200000003169,"{""waypoints"":(-9850.8452, -6568.0365), ""unsafe_region"":[[40.0, 20.0], [80.0, 20.0], [80.0, 60.0], [40.0, 60.0]], }"
5690.200000003169,"{""waypoints"":(-9850.8452, -6568.0365), ""unsafe_region"":[[40.0, 20.0], [80.0, 20.0], [80.0, 60.0], [40.0, 60.0]], }"
5690.200000003169,"{""waypoints"":(-9850.8452, -6568.0365), ""unsafe_region"":[[40.0, 20.0], [80.0, 20.0], [80.0, 60.0], [40.0, 60.0]], }"
5690.200000003169,"{""waypoints"":(-9850.8452, -6568.0365), ""unsafe_region"":[[40.0, 20.0], [80.0, 20.0], [80.0, 60.0], [40.0, 60.0]], }"
5690.200000003169,"{""waypoints"":(-9850.8452, -6568.0365), ""unsafe_region"":[[40.0, 20.0], [80.0, 20.0], [80.0, 60.0], [40.0, 60.0]], }"
5690.200000003169,"{""waypoints"":(-9850.8452, -6568.0365), ""unsafe_region"":[[40.0, 20.0], [80.0, 20.0], [80.0, 60.0], [40.0, 60.0]], }"
5690.200000003169,"{""waypoints"":(-9850.8452, -6568.0365), ""unsafe_region"":[[40.0, 20.0], [80.0, 20.0], [80.0, 60.0], [40.0, 60.0]], }"
5690.200000003169,"{""waypoints"":(-9850.8452, -6568.0365), ""unsafe_region"":[[40.0, 20.0], [80.0, 20.0], [80.0, 60.0], [40.0, 60.0]], }"
5690.200000003169,"{""waypoints"":(-9850.8452, -6568.0365), ""unsafe_region"":[[40.0, 20.0], [80.0, 20.0], [80.0, 60.0], [40.0, 60.0]], }"
5690.200000003169,"{""waypoints"":(-9850.8452, -6568.0365), ""unsafe_region"":[[40.0, 20.0], [80.0, 20.0], [80.0, 60.0], [40.0, 60.0]], }"
5690.200000003169,"{""waypoints"":(-9850.8452, -6568.0365), ""unsafe_region"":[[40.0, 20.0], [80.0, 20.0], [80.0, 60.0], [40.0, 60.0]], }"
5690.200000003169,"{""waypoints"":(-9850.8452, -6568.0365), ""unsafe_region"":[[40.0, 20.0], [80.0, 20.0], [80.0, 60.0], [40.0, 60.0]], }"
5690.200000003169,"{""waypoints"":(-9850.8452, -6568.0365), ""unsafe_region"":[[40.0, 20.0], [80.0, 20.0], [80.0, 60.0], [40.0, 60.0]], }"
5690.200000003169,"{""waypoints"":(-9850.8452, -6568.0365), ""unsafe_region"":[[40.0, 20.0], [80.0, 20.0], [80.0, 60.0], [40.0, 60.0]], }"
5690.200000003169,"{""waypoints"":(-9850.8452, -6568.0365), ""unsafe_region"":[[40.0, 20.0], [80.0, 20.0], [80.0, 60.0], [40.0, 60.0]], }"
5690.200000003169,"{""waypoints"":(-9850.8452, -6568.0365), ""unsafe_region"":[[40.0, 20.0], [80.0, 20.0], [80.0, 60.0], [40.0, 60.0]], }"
5690.200000003169,"{""waypoints"":(-9850.8452, -6568.0365), ""unsafe_region"":[[40.0, 20.0], [80.0, 20.0], [80.0, 60.0], [40.0, 60.0]], }"
5690.200000003169,"{""waypoints"":(-9850.8452, -6568.0365), ""unsafe_region"":[[40.0, 20.0], [80.0, 20.0], [80.0, 60.0], [40.0, 60.0]], }"
5690.200000003169,"{""waypoints"":(-9850.8452, -6568.0365), ""unsafe_region"":[[40.0, 20.0], [80.0, 20.0], [80.0, 60.0], [40.0, 60.0]], }"
5690.200000003169,"{""waypoints"":(-9850.8452, -6568.0365), ""unsafe_region"":[[40.0, 20.0], [80.0, 20.0], [80.0, 60.0], [40.0, 60.0]], }"
5690.200000003169,"{""waypoints"":(-9850.8452, -6568.0365), ""unsafe_region"":[[40.0, 20.0], [80.0, 20.0], [80.0, 60.0], [40.0, 60.0]], }"
5690.200000003169,"{""waypoints"":(-9850.8452, -6568.0365), ""unsafe_region"":[[40.0, 20.0], [80.0, 20.0], [80.0, 60.0], [40.0, 60.0]], }"
5690.200000003169,"{""waypoints"":(-9850.8452, -6568.0365), ""unsafe_region"":[[40.0, 20.0], [80.0, 20.0], [80.0, 60.0], [40.0, 60.0]], }"
5690.200000003169,"{""waypoints"":(-9850.8452, -6568.0365), ""unsafe_region"":[[40.0, 20.0], [80.0, 20.0], [80.0, 60.0], [40.0, 60.0]], }"
5690.200000003169,"{""waypoints"":(-9850.8452, -6568.0365), ""unsafe_region"":[[40.0, 20.0], [80.0, 20.0], [80.0, 60.0], [40.0, 60.0]], }"
5690.200000003169,"{""waypoints"":(-9850.8452, -6568.0365), ""unsafe_region"":[[40.0, 20.0], [80.0, 20.0], [80.0, 60.0], [40.0, 60.0]], }"
5690.200000003169,"{""waypoints"":(-9850.8452, -6568.0365), ""unsafe_region"":[[40.0, 20.0], [80.0, 20.0], [80.0, 60.0], [40.0, 60.0]], }"
5690.200000003169,"{""waypoints"":(-9850.8452, -6568.0365), ""unsafe_region"":[[40.0, 20.0], [80.0, 20.0], [80.0, 60.0], [40.0, 60.0]], }"
5690.200000003169,"{""waypoints"":(-9850.8452, -6568.0365), ""unsafe_region"":[[40.0, 20.0], [80.0, 20.0], [80.0, 60.0], [40.0, 60.0]], }"
5690.200000003169,"{""waypoints"":(-9850.8452, -6568.0365), ""unsafe_region"":[[40.0, 20.0], [80.0, 20.0], [80.0, 60.0], [40.0, 60.0]], }"
5690.200000003169,"{""waypoints"":(-9850.8452, -6568.0365), ""unsafe_region"":[[40.0, 20.0], [80.0, 20.0], [80.0, 60.0], [40.0, 60.0]], }"
5690.200000003169,"{""waypoints"":(-9850.8452, -6568.0365), ""unsafe_region"":[[40.0, 20.0], [80.0, 20.0], [80.0, 60.0], [40.0, 60.0]], }"
5690.200000003169,"{""waypoints"":(-9850.8452, -6568.0365), ""unsafe_region"":[[40.0, 20.0], [80.0, 20.0], [80.0, 60.0], [40.0, 60.0]], }"
5690.200000003169,"{""waypoints"":(-9850.8452, -6568.0365), ""unsafe_region"":[[40.0, 20.0], [80.0, 20.0], [80.0, 60.0], [40.0, 60.0]], }"
5690.200000003169,"{""waypoints"":(-9850.8452, -6568.0365), ""unsafe_region"":[[40.0, 20.0], [80.0, 20.0], [80.0, 60.0], [40.0, 60.0]], }"
5690.200000003169,"{""waypoints"":(-9850.8452, -6568.0365), ""unsafe_region"":[[40.0, 20.0], [80.0, 20.0], [80.0, 60.0], [40.0, 60.0]], }"
5690.200000003169,"{""waypoints"":(-9850.8452, -6568.0365), ""unsafe_region"":[[40.0, 20.0], [80.0, 20.0], [80.0, 60.0], [40.0, 60.0]], }"
5690.200000003169,"{""waypoints"":(-9850.8452, -6568.0365), ""unsafe_region"":[[40.0, 20.0], [80.0, 20.0], [80.0, 60.0], [40.0, 60.0]], }"
5690.200000003169,"{""waypoints"":(-9850.8452, -6568.0365), ""unsafe_region"":[[40.0, 20.0], [80.0, 20.0], [80.0, 60.0], [40.0, 60.0]], }"
5690.200000003169,"{""waypoints"":(-9850.8452, -6568.0365), ""unsafe_region"":[[40.0, 20.0], [80.0, 20.0], [80.0, 60.0], [40.0, 60.0]], }"
5690.200000003169,"{""waypoints"":(-9850.8452, -6568.0365), ""unsafe_region"":[[40.0, 20.0], [80.0, 20.0], [80.0, 60.0], [40.0, 60.0]], }"
5690.200000003169,"{""waypoints"":(-9850.8452, -6568.0365), ""unsafe_region"":[[40.0, 20.0], [80.0, 20.0], [80.0, 60.0], [40.0, 60.0]], }"
5690.200000003169,"{""waypoints"":(-9850.8452, -6568.0365), ""unsafe_region"":[[40.0, 20.0], [80.0, 20.0], [80.0, 60.0], [40.0, 60.0]], }"
5690.200000003169,"{""waypoints"":(-9850.8452, -6568.0365), ""unsafe_region"":[[40.0, 20.0], [80.0, 20.0], [80.0, 60.0], [40.0, 60.0]], }"
5690.200000003169,"{""waypoints"":(-9850.8452, -6568.0365), ""unsafe_region"":[[40.0, 20.0], [80.0, 20.0], [80.0, 60.0], [40.0, 60.0]], }"
5690.200000003169,"{""waypoints"":(-9850.8452, -6568.0365), ""unsafe_region"":[[40.0, 20.0], [80.0, 20.0], [80.0, 60.0], [40.0, 60.0]], }"
5690.200000003169,"{""waypoints"":(-9850.8452, -6568.0365), ""unsafe_region"":[[40.0, 20.0], [80.0, 20.0], [80.0, 60.0], [40.0, 60.0]], }"
5690.200000003169,"{""waypoints"":(-9850.8452, -6568.0365), ""unsafe_region"":[[40.0, 20.0], [80.0, 20.0], [80.0, 60.0], [40.0, 60.0]], }"
5690.200000003169,"{""waypoints"":(-9850.8452, -6568.0365), ""unsafe_region"":[[40.0, 20.0], [80.0, 20.0], [80.0, 60.0], [40.0, 60.0]], }"
5690.200000003169,"{""waypoints"":(-9850.8452, -6568.0365), ""unsafe_region"":[[40.0, 20.0], [80.0, 20.0], [80.0, 60.0], [40.0, 60.0]], }"
5690.200000003169,"{""waypoints"":(-9850.8452, -6568.0365), ""unsafe_region"":[[40.0, 20.0], [80.0, 20.0], [80.0, 60.0], [40.0, 60.0]], }"
5690.200000003169,"{""waypoints"":(-9850.8452, -6568.0365), ""unsafe_region"":[[40.0, 20.0], [80.0, 20.0], [80.0, 60.0], [40.0, 60.0]], }"
5690.200000003169,"{""waypoints"":(-9850.8452, -6568.0365), ""unsafe_region"":[[40.0, 20.0], [80.0, 20.0], [80.0, 60.0], [40.0, 60.0]], }"
5754.600000003404,"{""waypoints"":(-9850.8452, -6568.0365), ""unsafe_region"":[[40.0, 20.0], [80.0, 20.0], [80.0, 60.0], [40.0, 60.0]], }"
5754.600000003404,"{""waypoints"":(-9850.8452, -6568.0365), ""unsafe_region"":[[40.0, 20.0], [80.0, 20.0], [80.0, 60.0], [40.0, 60.0]], }"
5754.600000003404,"{""waypoints"":(-9850.8452, -6568.0365), ""unsafe_region"":[[40.0, 20.0], [80.0, 20.0], [80.0, 60.0], [40.0, 60.0]], }"
5754.600000003404,"{""waypoints"":(-9850.8452, -6568.0365), ""unsafe_region"":[[40.0, 20.0], [80.0, 20.0], [80.0, 60.0], [40.0, 60.0]], }"
5754.600000003404,"{""waypoints"":(-9850.8452, -6568.0365), ""unsafe_region"":[[40.0, 20.0], [80.0, 20.0], [80.0, 60.0], [40.0, 60.0]], }"
5754.600000003404,"{""waypoints"":(-9850.8452, -6568.0365), ""unsafe_region"":[[40.0, 20.0], [80.0, 20.0], [80.0, 60.0], [40.0, 60.0]], }"
5754.600000003404,"{""waypoints"":(-9850.8452, -6568.0365), ""unsafe_region"":[[40.0, 20.0], [80.0, 20.0], [80.0, 60.0], [40.0, 60.0]], }"
5754.600000003404,"{""waypoints"":(-9850.8452, -6568.0365), ""unsafe_region"":[[40.0, 20.0], [80.0, 20.0], [80.0, 60.0], [40.0, 60.0]], }"
5754.600000003404,"{""waypoints"":(-9850.8452, -6568.0365), ""unsafe_region"":[[40.0, 20.0], [80.0, 20.0], [80.0, 60.0], [40.0, 60.0]], }"
5754.600000003404,"{""waypoints"":(-9850.8452, -6568.0365), ""unsafe_region"":[[40.0, 20.0], [80.0, 20.0], [80.0, 60.0], [40.0, 60.0]], }"
5754.600000003404,"{""waypoints"":(-9850.8452, -6568.0365), ""unsafe_region"":[[40.0, 20.0], [80.0, 20.0], [80.0, 60.0], [40.0, 60.0]], }"
5754.600000003404,"{""waypoints"":(-9850.8452, -6568.0365), ""unsafe_region"":[[40.0, 20.0], [80.0, 20.0], [80.0, 60.0], [40.0, 60.0]], }"
5754.600000003404,"{""waypoints"":(-9850.8452, -6568.0365), ""unsafe_region"":[[40.0, 20.0], [80.0, 20.0], [80.0, 60.0], [40.0, 60.0]], }"
5754.600000003404,"{""waypoints"":(-9850.8452, -6568.0365), ""unsafe_region"":[[40.0, 20.0], [80.0, 20.0], [80.0, 60.0], [40.0, 60.0]], }"
5754.600000003404,"{""waypoints"":(-9850.8452, -6568.0365), ""unsafe_region"":[[40.0, 20.0], [80.0, 20.0], [80.0, 60.0], [40.0, 60.0]], }"
5754.600000003404,"{""waypoints"":(-9850.8452, -6568.0365), ""unsafe_region"":[[40.0, 20.0], [80.0, 20.0], [80.0, 60.0], [40.0, 60.0]], }"
5754.600000003404,"{""waypoints"":(-9850.8452, -6568.0365), ""unsafe_region"":[[40.0, 20.0], [80.0, 20.0], [80.0, 60.0], [40.0, 60.0]], }"
5754.600000003404,"{""waypoints"":(-9850.8452, -6568.0365), ""unsafe_region"":[[40.0, 20.0], [80.0, 20.0], [80.0, 60.0], [40.0, 60.0]], }"
5754.600000003404,"{""waypoints"":(-9850.8452, -6568.0365), ""unsafe_region"":[[40.0, 20.0], [80.0, 20.0], [80.0, 60.0], [40.0, 60.0]], }"
5754.600000003404,"{""waypoints"":(-9850.8452, -6568.0365), ""unsafe_region"":[[40.0, 20.0], [80.0, 20.0], [80.0, 60.0], [40.0, 60.0]], }"
5754.600000003404,"{""waypoints"":(-9850.8452, -6568.0365), ""unsafe_region"":[[40.0, 20.0], [80.0, 20.0], [80.0, 60.0], [40.0, 60.0]], }"
5754.600000003404,"{""waypoints"":(-9850.8452, -6568.0365), ""unsafe_region"":[[40.0, 20.0], [80.0, 20.0], [80.0, 60.0], [40.0, 60.0]], }"
5754.600000003404,"{""waypoints"":(-9850.8452, -6568.0365), ""unsafe_region"":[[40.0, 20.0], [80.0, 20.0], [80.0, 60.0], [40.0, 60.0]], }"
5754.600000003404,"{""waypoints"":(-9850.8452, -6568.0365), ""unsafe_region"":[[40.0, 20.0], [80.0, 20.0], [80.0, 60.0], [40.0, 60.0]], }"
5754.600000003404,"{""waypoints"":(-9850.8452, -6568.0365), ""unsafe_region"":[[40.0, 20.0], [80.0, 20.0], [80.0, 60.0], [40.0, 60.0]], }"
5754.600000003404,"{""waypoints"":(-9850.8452, -6568.0365), ""unsafe_region"":[[40.0, 20.0], [80.0, 20.0], [80.0, 60.0], [40.0, 60.0]], }"
5754.600000003404,"{""waypoints"":(-9850.8452, -6568.0365), ""unsafe_region"":[[40.0, 20.0], [80.0, 20.0], [80.0, 60.0], [40.0, 60.0]], }"
5754.600000003404,"{""waypoints"":(-9850.8452, -6568.0365), ""unsafe_region"":[[40.0, 20.0], [80.0, 20.0], [80.0, 60.0], [40.0, 60.0]], }"
5754.600000003404,"{""waypoints"":(-9850.8452, -6568.0365), ""unsafe_region"":[[40.0, 20.0], [80.0, 20.0], [80.0, 60.0], [40.0, 60.0]], }"
5754.600000003404,"{""waypoints"":(-9850.8452, -6568.0365), ""unsafe_region"":[[40.0, 20.0], [80.0, 20.0], [80.0, 60.0], [40.0, 60.0]], }"
5754.600000003404,"{""waypoints"":(-9850.8452, -6568.0365), ""unsafe_region"":[[40.0, 20.0], [80.0, 20.0], [80.0, 60.0], [40.0, 60.0]], }"
5754.600000003404,"{""waypoints"":(-9850.8452, -6568.0365), ""unsafe_region"":[[40.0, 20.0], [80.0, 20.0], [80.0, 60.0], [40.0, 60.0]], }"
5754.600000003404,"{""waypoints"":(-9850.8452, -6568.0365), ""unsafe_region"":[[40.0, 20.0], [80.0, 20.0], [80.0, 60.0], [40.0, 60.0]], }"
5754.600000003404,"{""waypoints"":(-9850.8452, -6568.0365), ""unsafe_region"":[[40.0, 20.0], [80.0, 20.0], [80.0, 60.0], [40.0, 60.0]], }"
5754.600000003404,"{""waypoints"":(-9850.8452, -6568.0365), ""unsafe_region"":[[40.0, 20.0], [80.0, 20.0], [80.0, 60.0], [40.0, 60.0]], }"
5754.600000003404,"{""waypoints"":(-9850.8452, -6568.0365), ""unsafe_region"":[[40.0, 20.0], [80.0, 20.0], [80.0, 60.0], [40.0, 60.0]], }"
5754.600000003404,"{""waypoints"":(-9850.8452, -6568.0365), ""unsafe_region"":[[40.0, 20.0], [80.0, 20.0], [80.0, 60.0], [40.0, 60.0]], }"
5754.600000003404,"{""waypoints"":(-9850.8452, -6568.0365), ""unsafe_region"":[[40.0, 20.0], [80.0, 20.0], [80.0, 60.0], [40.0, 60.0]], }"
5754.600000003404,"{""waypoints"":(-9850.8452, -6568.0365), ""unsafe_region"":[[40.0, 20.0], [80.0, 20.0], [80.0, 60.0], [40.0, 60.0]], }"
5754.600000003404,"{""waypoints"":(-9850.8452, -6568.0365), ""unsafe_region"":[[40.0, 20.0], [80.0, 20.0], [80.0, 60.0], [40.0, 60.0]], }"
5754.600000003404,"{""waypoints"":(-9850.8452, -6568.0365), ""unsafe_region"":[[40.0, 20.0], [80.0, 20.0], [80.0, 60.0], [40.0, 60.0]], }"
5754.600000003404,"{""waypoints"":(-9850.8452, -6568.0365), ""unsafe_region"":[[40.0, 20.0], [80.0, 20.0], [80.0, 60.0], [40.0, 60.0]], }"
5754.600000003404,"{""waypoints"":(-9850.8452, -6568.0365), ""unsafe_region"":[[40.0, 20.0], [80.0, 20.0], [80.0, 60.0], [40.0, 60.0]], }"
5754.600000003404,"{""waypoints"":(-9850.8452, -6568.0365), ""unsafe_region"":[[40.0, 20.0], [80.0, 20.0], [80.0, 60.0], [40.0, 60.0]], }"
5754.600000003404,"{""waypoints"":(-9850.8452, -6568.0365), ""unsafe_region"":[[40.0, 20.0], [80.0, 20.0], [80.0, 60.0], [40.0, 60.0]], }"
5754.600000003404,"{""waypoints"":(-9850.8452, -6568.0365), ""unsafe_region"":[[40.0, 20.0], [80.0, 20.0], [80.0, 60.0], [40.0, 60.0]], }"
5754.600000003404,"{""waypoints"":(-9850.8452, -6568.0365), ""unsafe_region"":[[40.0, 20.0], [80.0, 20.0], [80.0, 60.0], [40.0, 60.0]], }"
5754.600000003404,"{""waypoints"":(-9850.8452, -6568.0365), ""unsafe_region"":[[40.0, 20.0], [80.0, 20.0], [80.0, 60.0], [40.0, 60.0]], }"
5754.600000003404,"{""waypoints"":(-9850.8452, -6568.0365), ""unsafe_region"":[[40.0, 20.0], [80.0, 20.0], [80.0, 60.0], [40.0, 60.0]], }"
5754.600000003404,"{""waypoints"":(-9850.8452, -6568.0365), ""unsafe_region"":[[40.0, 20.0], [80.0, 20.0], [80.0, 60.0], [40.0, 60.0]], }"
5754.600000003404,"{""waypoints"":(-9850.8452, -6568.0365), ""unsafe_region"":[[40.0, 20.0], [80.0, 20.0], [80.0, 60.0], [40.0, 60.0]], }"
5754.600000003404,"{""waypoints"":(-9850.8452, -6568.0365), ""unsafe_region"":[[40.0, 20.0], [80.0, 20.0], [80.0, 60.0], [40.0, 60.0]], }"
5754.600000003404,"{""waypoints"":(-9850.8452, -6568.0365), ""unsafe_region"":[[40.0, 20.0], [80.0, 20.0], [80.0, 60.0], [40.0, 60.0]], }"
5754.600000003404,"{""waypoints"":(-9850.8452, -6568.0365), ""unsafe_region"":[[40.0, 20.0], [80.0, 20.0], [80.0, 60.0], [40.0, 60.0]], }"
5754.600000003404,"{""waypoints"":(-9850.8452, -6568.0365), ""unsafe_region"":[[40.0, 20.0], [80.0, 20.0], [80.0, 60.0], [40.0, 60.0]], }"
5754.600000003404,"{""waypoints"":(-9850.8452, -6568.0365), ""unsafe_region"":[[40.0, 20.0], [80.0, 20.0], [80.0, 60.0], [40.0, 60.0]], }"
5754.600000003404,"{""waypoints"":(-9850.8452, -6568.0365), ""unsafe_region"":[[40.0, 20.0], [80.0, 20.0], [80.0, 60.0], [40.0, 60.0]], }"
5754.600000003404,"{""waypoints"":(-9850.8452, -6568.0365), ""unsafe_region"":[[40.0, 20.0], [80.0, 20.0], [80.0, 60.0], [40.0, 60.0]], }"
5754.600000003404,"{""waypoints"":(-9850.8452, -6568.0365), ""unsafe_region"":[[40.0, 20.0], [80.0, 20.0], [80.0, 60.0], [40.0, 60.0]], }"
5754.600000003404,"{""waypoints"":(-9850.8452, -6568.0365), ""unsafe_region"":[[40.0, 20.0], [80.0, 20.0], [80.0, 60.0], [40.0, 60.0]], }"
5754.600000003404,"{""waypoints"":(-9850.8452, -6568.0365), ""unsafe_region"":[[40.0, 20.0], [80.0, 20.0], [80.0, 60.0], [40.0, 60.0]], }"
5754.600000003404,"{""waypoints"":(-9850.8452, -6568.0365), ""unsafe_region"":[[40.0, 20.0], [80.0, 20.0], [80.0, 60.0], [40.0, 60.0]], }"
5754.600000003404,"{""waypoints"":(-9850.8452, -6568.0365), ""unsafe_region"":[[40.0, 20.0], [80.0, 20.0], [80.0, 60.0], [40.0, 60.0]], }"
5754.600000003404,"{""waypoints"":(-9850.8452, -6568.0365), ""unsafe_region"":[[40.0, 20.0], [80.0, 20.0], [80.0, 60.0], [40.0, 60.0]], }"
5787.400000003523,"{""waypoints"":(-9850.8452, -6568.0365), ""unsafe_region"":[[40.0, 20.0], [80.0, 20.0], [80.0, 60.0], [40.0, 60.0]], }"
5787.500000003523,"{""waypoints"":(-9850.8452, -6568.0365), ""unsafe_region"":[[40.0, 20.0], [80.0, 20.0], [80.0, 60.0], [40.0, 60.0]], }"
5787.500000003523,"{""waypoints"":(-9850.8452, -6568.0365), ""unsafe_region"":[[40.0, 20.0], [80.0, 20.0], [80.0, 60.0], [40.0, 60.0]], }"
5787.500000003523,"{""waypoints"":(-9850.8452, -6568.0365), ""unsafe_region"":[[40.0, 20.0], [80.0, 20.0], [80.0, 60.0], [40.0, 60.0]], }"
5787.500000003523,"{""waypoints"":(-9850.8452, -6568.0365), ""unsafe_region"":[[40.0, 20.0], [80.0, 20.0], [80.0, 60.0], [40.0, 60.0]], }"
5787.500000003523,"{""waypoints"":(-9850.8452, -6568.0365), ""unsafe_region"":[[40.0, 20.0], [80.0, 20.0], [80.0, 60.0], [40.0, 60.0]], }"
5787.500000003523,"{""waypoints"":(-9850.8452, -6568.0365), ""unsafe_region"":[[40.0, 20.0], [80.0, 20.0], [80.0, 60.0], [40.0, 60.0]], }"
5787.500000003523,"{""waypoints"":(-9850.8452, -6568.0365), ""unsafe_region"":[[40.0, 20.0], [80.0, 20.0], [80.0, 60.0], [40.0, 60.0]], }"
5787.500000003523,"{""waypoints"":(-9850.8452, -6568.0365), ""unsafe_region"":[[40.0, 20.0], [80.0, 20.0], [80.0, 60.0], [40.0, 60.0]], }"
5787.500000003523,"{""waypoints"":(-9850.8452, -6568.0365), ""unsafe_region"":[[40.0, 20.0], [80.0, 20.0], [80.0, 60.0], [40.0, 60.0]], }"
5787.500000003523,"{""waypoints"":(-9850.8452, -6568.0365), ""unsafe_region"":[[40.0, 20.0], [80.0, 20.0], [80.0, 60.0], [40.0, 60.0]], }"
5787.500000003523,"{""waypoints"":(-9850.8452, -6568.0365), ""unsafe_region"":[[40.0, 20.0], [80.0, 20.0], [80.0, 60.0], [40.0, 60.0]], }"
5787.500000003523,"{""waypoints"":(-9850.8452, -6568.0365), ""unsafe_region"":[[40.0, 20.0], [80.0, 20.0], [80.0, 60.0], [40.0, 60.0]], }"
5787.500000003523,"{""waypoints"":(-9850.8452, -6568.0365), ""unsafe_region"":[[40.0, 20.0], [80.0, 20.0], [80.0, 60.0], [40.0, 60.0]], }"
5787.500000003523,"{""waypoints"":(-9850.8452, -6568.0365), ""unsafe_region"":[[40.0, 20.0], [80.0, 20.0], [80.0, 60.0], [40.0, 60.0]], }"
5787.500000003523,"{""waypoints"":(-9850.8452, -6568.0365), ""unsafe_region"":[[40.0, 20.0], [80.0, 20.0], [80.0, 60.0], [40.0, 60.0]], }"
5787.500000003523,"{""waypoints"":(-9850.8452, -6568.0365), ""unsafe_region"":[[40.0, 20.0], [80.0, 20.0], [80.0, 60.0], [40.0, 60.0]], }"
5787.500000003523,"{""waypoints"":(-9850.8452, -6568.0365), ""unsafe_region"":[[40.0, 20.0], [80.0, 20.0], [80.0, 60.0], [40.0, 60.0]], }"
5787.500000003523,"{""waypoints"":(-9850.8452, -6568.0365), ""unsafe_region"":[[40.0, 20.0], [80.0, 20.0], [80.0, 60.0], [40.0, 60.0]], }"
5787.500000003523,"{""waypoints"":(-9850.8452, -6568.0365), ""unsafe_region"":[[40.0, 20.0], [80.0, 20.0], [80.0, 60.0], [40.0, 60.0]], }"
5787.500000003523,"{""waypoints"":(-9850.8452, -6568.0365), ""unsafe_region"":[[40.0, 20.0], [80.0, 20.0], [80.0, 60.0], [40.0, 60.0]], }"
5787.500000003523,"{""waypoints"":(-9850.8452, -6568.0365), ""unsafe_region"":[[40.0, 20.0], [80.0, 20.0], [80.0, 60.0], [40.0, 60.0]], }"
5787.500000003523,"{""waypoints"":(-9850.8452, -6568.0365), ""unsafe_region"":[[40.0, 20.0], [80.0, 20.0], [80.0, 60.0], [40.0, 60.0]], }"
5787.500000003523,"{""waypoints"":(-9850.8452, -6568.0365), ""unsafe_region"":[[40.0, 20.0], [80.0, 20.0], [80.0, 60.0], [40.0, 60.0]], }"
5787.500000003523,"{""waypoints"":(-9850.8452, -6568.0365), ""unsafe_region"":[[40.0, 20.0], [80.0, 20.0], [80.0, 60.0], [40.0, 60.0]], }"
5787.500000003523,"{""waypoints"":(-9850.8452, -6568.0365), ""unsafe_region"":[[40.0, 20.0], [80.0, 20.0], [80.0, 60.0], [40.0, 60.0]], }"
5787.500000003523,"{""waypoints"":(-9850.8452, -6568.0365), ""unsafe_region"":[[40.0, 20.0], [80.0, 20.0], [80.0, 60.0], [40.0, 60.0]], }"
5787.500000003523,"{""waypoints"":(-9850.8452, -6568.0365), ""unsafe_region"":[[40.0, 20.0], [80.0, 20.0], [80.0, 60.0], [40.0, 60.0]], }"
5787.500000003523,"{""waypoints"":(-9850.8452, -6568.0365), ""unsafe_region"":[[40.0, 20.0], [80.0, 20.0], [80.0, 60.0], [40.0, 60.0]], }"
5787.500000003523,"{""waypoints"":(-9850.8452, -6568.0365), ""unsafe_region"":[[40.0, 20.0], [80.0, 20.0], [80.0, 60.0], [40.0, 60.0]], }"
5787.500000003523,"{""waypoints"":(-9850.8452, -6568.0365), ""unsafe_region"":[[40.0, 20.0], [80.0, 20.0], [80.0, 60.0], [40.0, 60.0]], }"
5787.500000003523,"{""waypoints"":(-9850.8452, -6568.0365), ""unsafe_region"":[[40.0, 20.0], [80.0, 20.0], [80.0, 60.0], [40.0, 60.0]], }"
5787.500000003523,"{""waypoints"":(-9850.8452, -6568.0365), ""unsafe_region"":[[40.0, 20.0], [80.0, 20.0], [80.0, 60.0], [40.0, 60.0]], }"
5827.90000000367,"{""waypoints"":(-9850.8452, -6568.0365), ""unsafe_region"":[[40.0, 20.0], [80.0, 20.0], [80.0, 60.0], [40.0, 60.0]], }"
5827.90000000367,"{""waypoints"":(-9850.8452, -6568.0365), ""unsafe_region"":[[40.0, 20.0], [80.0, 20.0], [80.0, 60.0], [40.0, 60.0]], }"
5827.90000000367,"{""waypoints"":(-9850.8452, -6568.0365), ""unsafe_region"":[[40.0, 20.0], [80.0, 20.0], [80.0, 60.0], [40.0, 60.0]], }"
5827.90000000367,"{""waypoints"":(-9850.8452, -6568.0365), ""unsafe_region"":[[40.0, 20.0], [80.0, 20.0], [80.0, 60.0], [40.0, 60.0]], }"
5827.90000000367,"{""waypoints"":(-9850.8452, -6568.0365), ""unsafe_region"":[[40.0, 20.0], [80.0, 20.0], [80.0, 60.0], [40.0, 60.0]], }"
5827.90000000367,"{""waypoints"":(-9850.8452, -6568.0365), ""unsafe_region"":[[40.0, 20.0], [80.0, 20.0], [80.0, 60.0], [40.0, 60.0]], }"
5827.90000000367,"{""waypoints"":(-9850.8452, -6568.0365), ""unsafe_region"":[[40.0, 20.0], [80.0, 20.0], [80.0, 60.0], [40.0, 60.0]], }"
5827.90000000367,"{""waypoints"":(-9850.8452, -6568.0365), ""unsafe_region"":[[40.0, 20.0], [80.0, 20.0], [80.0, 60.0], [40.0, 60.0]], }"
5827.90000000367,"{""waypoints"":(-9850.8452, -6568.0365), ""unsafe_region"":[[40.0, 20.0], [80.0, 20.0], [80.0, 60.0], [40.0, 60.0]], }"
5827.90000000367,"{""waypoints"":(-9850.8452, -6568.0365), ""unsafe_region"":[[40.0, 20.0], [80.0, 20.0], [80.0, 60.0], [40.0, 60.0]], }"
5827.90000000367,"{""waypoints"":(-9850.8452, -6568.0365), ""unsafe_region"":[[40.0, 20.0], [80.0, 20.0], [80.0, 60.0], [40.0, 60.0]], }"
5827.90000000367,"{""waypoints"":(-9850.8452, -6568.0365), ""unsafe_region"":[[40.0, 20.0], [80.0, 20.0], [80.0, 60.0], [40.0, 60.0]], }"
5827.90000000367,"{""waypoints"":(-9850.8452, -6568.0365), ""unsafe_region"":[[40.0, 20.0], [80.0, 20.0], [80.0, 60.0], [40.0, 60.0]], }"
5827.90000000367,"{""waypoints"":(-9850.8452, -6568.0365), ""unsafe_region"":[[40.0, 20.0], [80.0, 20.0], [80.0, 60.0], [40.0, 60.0]], }"
5827.90000000367,"{""waypoints"":(-9850.8452, -6568.0365), ""unsafe_region"":[[40.0, 20.0], [80.0, 20.0], [80.0, 60.0], [40.0, 60.0]], }"
5827.90000000367,"{""waypoints"":(-9850.8452, -6568.0365), ""unsafe_region"":[[40.0, 20.0], [80.0, 20.0], [80.0, 60.0], [40.0, 60.0]], }"
5827.90000000367,"{""waypoints"":(-9850.8452, -6568.0365), ""unsafe_region"":[[40.0, 20.0], [80.0, 20.0], [80.0, 60.0], [40.0, 60.0]], }"
5827.90000000367,"{""waypoints"":(-9850.8452, -6568.0365), ""unsafe_region"":[[40.0, 20.0], [80.0, 20.0], [80.0, 60.0], [40.0, 60.0]], }"
5827.90000000367,"{""waypoints"":(-9850.8452, -6568.0365), ""unsafe_region"":[[40.0, 20.0], [80.0, 20.0], [80.0, 60.0], [40.0, 60.0]], }"
5827.90000000367,"{""waypoints"":(-9850.8452, -6568.0365), ""unsafe_region"":[[40.0, 20.0], [80.0, 20.0], [80.0, 60.0], [40.0, 60.0]], }"
5827.90000000367,"{""waypoints"":(-9850.8452, -6568.0365), ""unsafe_region"":[[40.0, 20.0], [80.0, 20.0], [80.0, 60.0], [40.0, 60.0]], }"
5827.90000000367,"{""waypoints"":(-9850.8452, -6568.0365), ""unsafe_region"":[[40.0, 20.0], [80.0, 20.0], [80.0, 60.0], [40.0, 60.0]], }"
5827.90000000367,"{""waypoints"":(-9850.8452, -6568.0365), ""unsafe_region"":[[40.0, 20.0], [80.0, 20.0], [80.0, 60.0], [40.0, 60.0]], }"
5827.90000000367,"{""waypoints"":(-9850.8452, -6568.0365), ""unsafe_region"":[[40.0, 20.0], [80.0, 20.0], [80.0, 60.0], [40.0, 60.0]], }"
5827.90000000367,"{""waypoints"":(-9850.8452, -6568.0365), ""unsafe_region"":[[40.0, 20.0], [80.0, 20.0], [80.0, 60.0], [40.0, 60.0]], }"
5827.90000000367,"{""waypoints"":(-9850.8452, -6568.0365), ""unsafe_region"":[[40.0, 20.0], [80.0, 20.0], [80.0, 60.0], [40.0, 60.0]], }"
5827.90000000367,"{""waypoints"":(-9850.8452, -6568.0365), ""unsafe_region"":[[40.0, 20.0], [80.0, 20.0], [80.0, 60.0], [40.0, 60.0]], }"
5827.90000000367,"{""waypoints"":(-9850.8452, -6568.0365), ""unsafe_region"":[[40.0, 20.0], [80.0, 20.0], [80.0, 60.0], [40.0, 60.0]], }"
5827.90000000367,"{""waypoints"":(-9850.8452, -6568.0365), ""unsafe_region"":[[40.0, 20.0], [80.0, 20.0], [80.0, 60.0], [40.0, 60.0]], }"
5827.90000000367,"{""waypoints"":(-9850.8452, -6568.0365), ""unsafe_region"":[[40.0, 20.0], [80.0, 20.0], [80.0, 60.0], [40.0, 60.0]], }"
5827.90000000367,"{""waypoints"":(-9850.8452, -6568.0365), ""unsafe_region"":[[40.0, 20.0], [80.0, 20.0], [80.0, 60.0], [40.0, 60.0]], }"
5827.90000000367,"{""waypoints"":(-9850.8452, -6568.0365), ""unsafe_region"":[[40.0, 20.0], [80.0, 20.0], [80.0, 60.0], [40.0, 60.0]], }"
5827.90000000367,"{""waypoints"":(-9850.8452, -6568.0365), ""unsafe_region"":[[40.0, 20.0], [80.0, 20.0], [80.0, 60.0], [40.0, 60.0]], }"
5827.90000000367,"{""waypoints"":(-9850.8452, -6568.0365), ""unsafe_region"":[[40.0, 20.0], [80.0, 20.0], [80.0, 60.0], [40.0, 60.0]], }"
5827.90000000367,"{""waypoints"":(-9850.8452, -6568.0365), ""unsafe_region"":[[40.0, 20.0], [80.0, 20.0], [80.0, 60.0], [40.0, 60.0]], }"
5827.90000000367,"{""waypoints"":(-9850.8452, -6568.0365), ""unsafe_region"":[[40.0, 20.0], [80.0, 20.0], [80.0, 60.0], [40.0, 60.0]], }"
5827.90000000367,"{""waypoints"":(-9850.8452, -6568.0365), ""unsafe_region"":[[40.0, 20.0], [80.0, 20.0], [80.0, 60.0], [40.0, 60.0]], }"
5827.90000000367,"{""waypoints"":(-9850.8452, -6568.0365), ""unsafe_region"":[[40.0, 20.0], [80.0, 20.0], [80.0, 60.0], [40.0, 60.0]], }"
5827.90000000367,"{""waypoints"":(-9850.8452, -6568.0365), ""unsafe_region"":[[40.0, 20.0], [80.0, 20.0], [80.0, 60.0], [40.0, 60.0]], }"
5827.90000000367,"{""waypoints"":(-9850.8452, -6568.0365), ""unsafe_region"":[[40.0, 20.0], [80.0, 20.0], [80.0, 60.0], [40.0, 60.0]], }"
5835.9000000036995,"{""waypoints"":(-9850.8452, -6568.0365), ""unsafe_region"":[[40.0, 20.0], [80.0, 20.0], [80.0, 60.0], [40.0, 60.0]], }"
5836.0000000037,"{""waypoints"":(-9850.8452, -6568.0365), ""unsafe_region"":[[40.0, 20.0], [80.0, 20.0], [80.0, 60.0], [40.0, 60.0]], }"
5836.0000000037,"{""waypoints"":(-9850.8452, -6568.0365), ""unsafe_region"":[[40.0, 20.0], [80.0, 20.0], [80.0, 60.0], [40.0, 60.0]], }"
5836.0000000037,"{""waypoints"":(-9850.8452, -6568.0365), ""unsafe_region"":[[40.0, 20.0], [80.0, 20.0], [80.0, 60.0], [40.0, 60.0]], }"
5836.0000000037,"{""waypoints"":(-9850.8452, -6568.0365), ""unsafe_region"":[[40.0, 20.0], [80.0, 20.0], [80.0, 60.0], [40.0, 60.0]], }"
5836.0000000037,"{""waypoints"":(-9850.8452, -6568.0365), ""unsafe_region"":[[40.0, 20.0], [80.0, 20.0], [80.0, 60.0], [40.0, 60.0]], }"
5836.0000000037,"{""waypoints"":(-9850.8452, -6568.0365), ""unsafe_region"":[[40.0, 20.0], [80.0, 20.0], [80.0, 60.0], [40.0, 60.0]], }"
5836.0000000037,"{""waypoints"":(-9850.8452, -6568.0365), ""unsafe_region"":[[40.0, 20.0], [80.0, 20.0], [80.0, 60.0], [40.0, 60.0]], }"
5836.0000000037,"{""waypoints"":(-9850.8452, -6568.0365), ""unsafe_region"":[[40.0, 20.0], [80.0, 20.0], [80.0, 60.0], [40.0, 60.0]], }"
5916.400000003992,"{""waypoints"":(-9850.8452, -6568.0365), ""unsafe_region"":[[40.0, 20.0], [80.0, 20.0], [80.0, 60.0], [40.0, 60.0]], }"
5916.500000003993,"{""waypoints"":(-9850.8452, -6568.0365), ""unsafe_region"":[[40.0, 20.0], [80.0, 20.0], [80.0, 60.0], [40.0, 60.0]], }"
5916.500000003993,"{""waypoints"":(-9850.8452, -6568.0365), ""unsafe_region"":[[40.0, 20.0], [80.0, 20.0], [80.0, 60.0], [40.0, 60.0]], }"
5916.500000003993,"{""waypoints"":(-9850.8452, -6568.0365), ""unsafe_region"":[[40.0, 20.0], [80.0, 20.0], [80.0, 60.0], [40.0, 60.0]], }"
5916.500000003993,"{""waypoints"":(-9850.8452, -6568.0365), ""unsafe_region"":[[40.0, 20.0], [80.0, 20.0], [80.0, 60.0], [40.0, 60.0]], }"
5916.500000003993,"{""waypoints"":(-9850.8452, -6568.0365), ""unsafe_region"":[[40.0, 20.0], [80.0, 20.0], [80.0, 60.0], [40.0, 60.0]], }"
5916.500000003993,"{""waypoints"":(-9850.8452, -6568.0365), ""unsafe_region"":[[40.0, 20.0], [80.0, 20.0], [80.0, 60.0], [40.0, 60.0]], }"
5916.500000003993,"{""waypoints"":(-9850.8452, -6568.0365), ""unsafe_region"":[[40.0, 20.0], [80.0, 20.0], [80.0, 60.0], [40.0, 60.0]], }"
5916.500000003993,"{""waypoints"":(-9850.8452, -6568.0365), ""unsafe_region"":[[40.0, 20.0], [80.0, 20.0], [80.0, 60.0], [40.0, 60.0]], }"
5916.500000003993,"{""waypoints"":(-9850.8452, -6568.0365), ""unsafe_region"":[[40.0, 20.0], [80.0, 20.0], [80.0, 60.0], [40.0, 60.0]], }"
5916.500000003993,"{""waypoints"":(-9850.8452, -6568.0365), ""unsafe_region"":[[40.0, 20.0], [80.0, 20.0], [80.0, 60.0], [40.0, 60.0]], }"
5916.500000003993,"{""waypoints"":(-9850.8452, -6568.0365), ""unsafe_region"":[[40.0, 20.0], [80.0, 20.0], [80.0, 60.0], [40.0, 60.0]], }"
5916.500000003993,"{""waypoints"":(-9850.8452, -6568.0365), ""unsafe_region"":[[40.0, 20.0], [80.0, 20.0], [80.0, 60.0], [40.0, 60.0]], }"
5916.500000003993,"{""waypoints"":(-9850.8452, -6568.0365), ""unsafe_region"":[[40.0, 20.0], [80.0, 20.0], [80.0, 60.0], [40.0, 60.0]], }"
5916.500000003993,"{""waypoints"":(-9850.8452, -6568.0365), ""unsafe_region"":[[40.0, 20.0], [80.0, 20.0], [80.0, 60.0], [40.0, 60.0]], }"
5916.500000003993,"{""waypoints"":(-9850.8452, -6568.0365), ""unsafe_region"":[[40.0, 20.0], [80.0, 20.0], [80.0, 60.0], [40.0, 60.0]], }"
5916.500000003993,"{""waypoints"":(-9850.8452, -6568.0365), ""unsafe_region"":[[40.0, 20.0], [80.0, 20.0], [80.0, 60.0], [40.0, 60.0]], }"
5916.500000003993,"{""waypoints"":(-9850.8452, -6568.0365), ""unsafe_region"":[[40.0, 20.0], [80.0, 20.0], [80.0, 60.0], [40.0, 60.0]], }"
5916.500000003993,"{""waypoints"":(-9850.8452, -6568.0365), ""unsafe_region"":[[40.0, 20.0], [80.0, 20.0], [80.0, 60.0], [40.0, 60.0]], }"
5916.500000003993,"{""waypoints"":(-9850.8452, -6568.0365), ""unsafe_region"":[[40.0, 20.0], [80.0, 20.0], [80.0, 60.0], [40.0, 60.0]], }"
5916.500000003993,"{""waypoints"":(-9850.8452, -6568.0365), ""unsafe_region"":[[40.0, 20.0], [80.0, 20.0], [80.0, 60.0], [40.0, 60.0]], }"
5916.500000003993,"{""waypoints"":(-9850.8452, -6568.0365), ""unsafe_region"":[[40.0, 20.0], [80.0, 20.0], [80.0, 60.0], [40.0, 60.0]], }"
5916.500000003993,"{""waypoints"":(-9850.8452, -6568.0365), ""unsafe_region"":[[40.0, 20.0], [80.0, 20.0], [80.0, 60.0], [40.0, 60.0]], }"
5916.500000003993,"{""waypoints"":(-9850.8452, -6568.0365), ""unsafe_region"":[[40.0, 20.0], [80.0, 20.0], [80.0, 60.0], [40.0, 60.0]], }"
5916.500000003993,"{""waypoints"":(-9850.8452, -6568.0365), ""unsafe_region"":[[40.0, 20.0], [80.0, 20.0], [80.0, 60.0], [40.0, 60.0]], }"
5916.500000003993,"{""waypoints"":(-9850.8452, -6568.0365), ""unsafe_region"":[[40.0, 20.0], [80.0, 20.0], [80.0, 60.0], [40.0, 60.0]], }"
5916.500000003993,"{""waypoints"":(-9850.8452, -6568.0365), ""unsafe_region"":[[40.0, 20.0], [80.0, 20.0], [80.0, 60.0], [40.0, 60.0]], }"
5916.500000003993,"{""waypoints"":(-9850.8452, -6568.0365), ""unsafe_region"":[[40.0, 20.0], [80.0, 20.0], [80.0, 60.0], [40.0, 60.0]], }"
5916.500000003993,"{""waypoints"":(-9850.8452, -6568.0365), ""unsafe_region"":[[40.0, 20.0], [80.0, 20.0], [80.0, 60.0], [40.0, 60.0]], }"
5916.500000003993,"{""waypoints"":(-9850.8452, -6568.0365), ""unsafe_region"":[[40.0, 20.0], [80.0, 20.0], [80.0, 60.0], [40.0, 60.0]], }"
5916.500000003993,"{""waypoints"":(-9850.8452, -6568.0365), ""unsafe_region"":[[40.0, 20.0], [80.0, 20.0], [80.0, 60.0], [40.0, 60.0]], }"
5916.500000003993,"{""waypoints"":(-9850.8452, -6568.0365), ""unsafe_region"":[[40.0, 20.0], [80.0, 20.0], [80.0, 60.0], [40.0, 60.0]], }"
5916.500000003993,"{""waypoints"":(-9850.8452, -6568.0365), ""unsafe_region"":[[40.0, 20.0], [80.0, 20.0], [80.0, 60.0], [40.0, 60.0]], }"
5916.500000003993,"{""waypoints"":(-9850.8452, -6568.0365), ""unsafe_region"":[[40.0, 20.0], [80.0, 20.0], [80.0, 60.0], [40.0, 60.0]], }"
5916.500000003993,"{""waypoints"":(-9850.8452, -6568.0365), ""unsafe_region"":[[40.0, 20.0], [80.0, 20.0], [80.0, 60.0], [40.0, 60.0]], }"
5916.500000003993,"{""waypoints"":(-9850.8452, -6568.0365), ""unsafe_region"":[[40.0, 20.0], [80.0, 20.0], [80.0, 60.0], [40.0, 60.0]], }"
5916.500000003993,"{""waypoints"":(-9850.8452, -6568.0365), ""unsafe_region"":[[40.0, 20.0], [80.0, 20.0], [80.0, 60.0], [40.0, 60.0]], }"
5916.500000003993,"{""waypoints"":(-9850.8452, -6568.0365), ""unsafe_region"":[[40.0, 20.0], [80.0, 20.0], [80.0, 60.0], [40.0, 60.0]], }"
5916.500000003993,"{""waypoints"":(-9850.8452, -6568.0365), ""unsafe_region"":[[40.0, 20.0], [80.0, 20.0], [80.0, 60.0], [40.0, 60.0]], }"
5916.500000003993,"{""waypoints"":(-9850.8452, -6568.0365), ""unsafe_region"":[[40.0, 20.0], [80.0, 20.0], [80.0, 60.0], [40.0, 60.0]], }"
5916.500000003993,"{""waypoints"":(-9850.8452, -6568.0365), ""unsafe_region"":[[40.0, 20.0], [80.0, 20.0], [80.0, 60.0], [40.0, 60.0]], }"
5916.500000003993,"{""waypoints"":(-9850.8452, -6568.0365), ""unsafe_region"":[[40.0, 20.0], [80.0, 20.0], [80.0, 60.0], [40.0, 60.0]], }"
5916.500000003993,"{""waypoints"":(-9850.8452, -6568.0365), ""unsafe_region"":[[40.0, 20.0], [80.0, 20.0], [80.0, 60.0], [40.0, 60.0]], }"
5916.500000003993,"{""waypoints"":(-9850.8452, -6568.0365), ""unsafe_region"":[[40.0, 20.0], [80.0, 20.0], [80.0, 60.0], [40.0, 60.0]], }"
5916.500000003993,"{""waypoints"":(-9850.8452, -6568.0365), ""unsafe_region"":[[40.0, 20.0], [80.0, 20.0], [80.0, 60.0], [40.0, 60.0]], }"
5916.500000003993,"{""waypoints"":(-9850.8452, -6568.0365), ""unsafe_region"":[[40.0, 20.0], [80.0, 20.0], [80.0, 60.0], [40.0, 60.0]], }"
5916.500000003993,"{""waypoints"":(-9850.8452, -6568.0365), ""unsafe_region"":[[40.0, 20.0], [80.0, 20.0], [80.0, 60.0], [40.0, 60.0]], }"
5916.500000003993,"{""waypoints"":(-9850.8452, -6568.0365), ""unsafe_region"":[[40.0, 20.0], [80.0, 20.0], [80.0, 60.0], [40.0, 60.0]], }"
5916.500000003993,"{""waypoints"":(-9850.8452, -6568.0365), ""unsafe_region"":[[40.0, 20.0], [80.0, 20.0], [80.0, 60.0], [40.0, 60.0]], }"
5916.500000003993,"{""waypoints"":(-9850.8452, -6568.0365), ""unsafe_region"":[[40.0, 20.0], [80.0, 20.0], [80.0, 60.0], [40.0, 60.0]], }"
5916.500000003993,"{""waypoints"":(-9850.8452, -6568.0365), ""unsafe_region"":[[40.0, 20.0], [80.0, 20.0], [80.0, 60.0], [40.0, 60.0]], }"
5916.500000003993,"{""waypoints"":(-9850.8452, -6568.0365), ""unsafe_region"":[[40.0, 20.0], [80.0, 20.0], [80.0, 60.0], [40.0, 60.0]], }"
5916.500000003993,"{""waypoints"":(-9850.8452, -6568.0365), ""unsafe_region"":[[40.0, 20.0], [80.0, 20.0], [80.0, 60.0], [40.0, 60.0]], }"
5916.500000003993,"{""waypoints"":(-9850.8452, -6568.0365), ""unsafe_region"":[[40.0, 20.0], [80.0, 20.0], [80.0, 60.0], [40.0, 60.0]], }"
5916.500000003993,"{""waypoints"":(-9850.8452, -6568.0365), ""unsafe_region"":[[40.0, 20.0], [80.0, 20.0], [80.0, 60.0], [40.0, 60.0]], }"
5916.500000003993,"{""waypoints"":(-9850.8452, -6568.0365), ""unsafe_region"":[[40.0, 20.0], [80.0, 20.0], [80.0, 60.0], [40.0, 60.0]], }"
5916.500000003993,"{""waypoints"":(-9850.8452, -6568.0365), ""unsafe_region"":[[40.0, 20.0], [80.0, 20.0], [80.0, 60.0], [40.0, 60.0]], }"
5916.500000003993,"{""waypoints"":(-9850.8452, -6568.0365), ""unsafe_region"":[[40.0, 20.0], [80.0, 20.0], [80.0, 60.0], [40.0, 60.0]], }"
5916.500000003993,"{""waypoints"":(-9850.8452, -6568.0365), ""unsafe_region"":[[40.0, 20.0], [80.0, 20.0], [80.0, 60.0], [40.0, 60.0]], }"
5916.500000003993,"{""waypoints"":(-9850.8452, -6568.0365), ""unsafe_region"":[[40.0, 20.0], [80.0, 20.0], [80.0, 60.0], [40.0, 60.0]], }"
5916.500000003993,"{""waypoints"":(-9850.8452, -6568.0365), ""unsafe_region"":[[40.0, 20.0], [80.0, 20.0], [80.0, 60.0], [40.0, 60.0]], }"
5916.500000003993,"{""waypoints"":(-9850.8452, -6568.0365), ""unsafe_region"":[[40.0, 20.0], [80.0, 20.0], [80.0, 60.0], [40.0, 60.0]], }"
5916.500000003993,"{""waypoints"":(-9850.8452, -6568.0365), ""unsafe_region"":[[40.0, 20.0], [80.0, 20.0], [80.0, 60.0], [40.0, 60.0]], }"
5916.500000003993,"{""waypoints"":(-9850.8452, -6568.0365), ""unsafe_region"":[[40.0, 20.0], [80.0, 20.0], [80.0, 60.0], [40.0, 60.0]], }"
5916.500000003993,"{""waypoints"":(-9850.8452, -6568.0365), ""unsafe_region"":[[40.0, 20.0], [80.0, 20.0], [80.0, 60.0], [40.0, 60.0]], }"
5916.500000003993,"{""waypoints"":(-9850.8452, -6568.0365), ""unsafe_region"":[[40.0, 20.0], [80.0, 20.0], [80.0, 60.0], [40.0, 60.0]], }"
5916.500000003993,"{""waypoints"":(-9850.8452, -6568.0365), ""unsafe_region"":[[40.0, 20.0], [80.0, 20.0], [80.0, 60.0], [40.0, 60.0]], }"
5916.500000003993,"{""waypoints"":(-9850.8452, -6568.0365), ""unsafe_region"":[[40.0, 20.0], [80.0, 20.0], [80.0, 60.0], [40.0, 60.0]], }"
5916.500000003993,"{""waypoints"":(-9850.8452, -6568.0365), ""unsafe_region"":[[40.0, 20.0], [80.0, 20.0], [80.0, 60.0], [40.0, 60.0]], }"
5916.500000003993,"{""waypoints"":(-9850.8452, -6568.0365), ""unsafe_region"":[[40.0, 20.0], [80.0, 20.0], [80.0, 60.0], [40.0, 60.0]], }"
5916.500000003993,"{""waypoints"":(-9850.8452, -6568.0365), ""unsafe_region"":[[40.0, 20.0], [80.0, 20.0], [80.0, 60.0], [40.0, 60.0]], }"
5916.500000003993,"{""waypoints"":(-9850.8452, -6568.0365), ""unsafe_region"":[[40.0, 20.0], [80.0, 20.0], [80.0, 60.0], [40.0, 60.0]], }"
5916.500000003993,"{""waypoints"":(-9850.8452, -6568.0365), ""unsafe_region"":[[40.0, 20.0], [80.0, 20.0], [80.0, 60.0], [40.0, 60.0]], }"
5916.500000003993,"{""waypoints"":(-9850.8452, -6568.0365), ""unsafe_region"":[[40.0, 20.0], [80.0, 20.0], [80.0, 60.0], [40.0, 60.0]], }"
5916.500000003993,"{""waypoints"":(-9850.8452, -6568.0365), ""unsafe_region"":[[40.0, 20.0], [80.0, 20.0], [80.0, 60.0], [40.0, 60.0]], }"
5916.500000003993,"{""waypoints"":(-9850.8452, -6568.0365), ""unsafe_region"":[[40.0, 20.0], [80.0, 20.0], [80.0, 60.0], [40.0, 60.0]], }"
5916.500000003993,"{""waypoints"":(-9850.8452, -6568.0365), ""unsafe_region"":[[40.0, 20.0], [80.0, 20.0], [80.0, 60.0], [40.0, 60.0]], }"
5916.500000003993,"{""waypoints"":(-9850.8452, -6568.0365), ""unsafe_region"":[[40.0, 20.0], [80.0, 20.0], [80.0, 60.0], [40.0, 60.0]], }"
5916.500000003993,"{""waypoints"":(-9850.8452, -6568.0365), ""unsafe_region"":[[40.0, 20.0], [80.0, 20.0], [80.0, 60.0], [40.0, 60.0]], }"
5916.500000003993,"{""waypoints"":(-9850.8452, -6568.0365), ""unsafe_region"":[[40.0, 20.0], [80.0, 20.0], [80.0, 60.0], [40.0, 60.0]], }"
5957.00000000414,"{""waypoints"":(-9850.8452, -6568.0365), ""unsafe_region"":[[40.0, 20.0], [80.0, 20.0], [80.0, 60.0], [40.0, 60.0]], }"
5957.10000000414,"{""waypoints"":(-9850.8452, -6568.0365), ""unsafe_region"":[[40.0, 20.0], [80.0, 20.0], [80.0, 60.0], [40.0, 60.0]], }"
5957.10000000414,"{""waypoints"":(-9850.8452, -6568.0365), ""unsafe_region"":[[40.0, 20.0], [80.0, 20.0], [80.0, 60.0], [40.0, 60.0]], }"
5957.10000000414,"{""waypoints"":(-9850.8452, -6568.0365), ""unsafe_region"":[[40.0, 20.0], [80.0, 20.0], [80.0, 60.0], [40.0, 60.0]], }"
5957.10000000414,"{""waypoints"":(-9850.8452, -6568.0365), ""unsafe_region"":[[40.0, 20.0], [80.0, 20.0], [80.0, 60.0], [40.0, 60.0]], }"
5957.10000000414,"{""waypoints"":(-9850.8452, -6568.0365), ""unsafe_region"":[[40.0, 20.0], [80.0, 20.0], [80.0, 60.0], [40.0, 60.0]], }"
5957.10000000414,"{""waypoints"":(-9850.8452, -6568.0365), ""unsafe_region"":[[40.0, 20.0], [80.0, 20.0], [80.0, 60.0], [40.0, 60.0]], }"
5957.10000000414,"{""waypoints"":(-9850.8452, -6568.0365), ""unsafe_region"":[[40.0, 20.0], [80.0, 20.0], [80.0, 60.0], [40.0, 60.0]], }"
5957.10000000414,"{""waypoints"":(-9850.8452, -6568.0365), ""unsafe_region"":[[40.0, 20.0], [80.0, 20.0], [80.0, 60.0], [40.0, 60.0]], }"
5957.10000000414,"{""waypoints"":(-9850.8452, -6568.0365), ""unsafe_region"":[[40.0, 20.0], [80.0, 20.0], [80.0, 60.0], [40.0, 60.0]], }"
5957.10000000414,"{""waypoints"":(-9850.8452, -6568.0365), ""unsafe_region"":[[40.0, 20.0], [80.0, 20.0], [80.0, 60.0], [40.0, 60.0]], }"
5957.10000000414,"{""waypoints"":(-9850.8452, -6568.0365), ""unsafe_region"":[[40.0, 20.0], [80.0, 20.0], [80.0, 60.0], [40.0, 60.0]], }"
5957.10000000414,"{""waypoints"":(-9850.8452, -6568.0365), ""unsafe_region"":[[40.0, 20.0], [80.0, 20.0], [80.0, 60.0], [40.0, 60.0]], }"
5957.10000000414,"{""waypoints"":(-9850.8452, -6568.0365), ""unsafe_region"":[[40.0, 20.0], [80.0, 20.0], [80.0, 60.0], [40.0, 60.0]], }"
5957.10000000414,"{""waypoints"":(-9850.8452, -6568.0365), ""unsafe_region"":[[40.0, 20.0], [80.0, 20.0], [80.0, 60.0], [40.0, 60.0]], }"
5957.10000000414,"{""waypoints"":(-9850.8452, -6568.0365), ""unsafe_region"":[[40.0, 20.0], [80.0, 20.0], [80.0, 60.0], [40.0, 60.0]], }"
5957.10000000414,"{""waypoints"":(-9850.8452, -6568.0365), ""unsafe_region"":[[40.0, 20.0], [80.0, 20.0], [80.0, 60.0], [40.0, 60.0]], }"
5957.10000000414,"{""waypoints"":(-9850.8452, -6568.0365), ""unsafe_region"":[[40.0, 20.0], [80.0, 20.0], [80.0, 60.0], [40.0, 60.0]], }"
5957.10000000414,"{""waypoints"":(-9850.8452, -6568.0365), ""unsafe_region"":[[40.0, 20.0], [80.0, 20.0], [80.0, 60.0], [40.0, 60.0]], }"
5957.10000000414,"{""waypoints"":(-9850.8452, -6568.0365), ""unsafe_region"":[[40.0, 20.0], [80.0, 20.0], [80.0, 60.0], [40.0, 60.0]], }"
5957.10000000414,"{""waypoints"":(-9850.8452, -6568.0365), ""unsafe_region"":[[40.0, 20.0], [80.0, 20.0], [80.0, 60.0], [40.0, 60.0]], }"
5957.10000000414,"{""waypoints"":(-9850.8452, -6568.0365), ""unsafe_region"":[[40.0, 20.0], [80.0, 20.0], [80.0, 60.0], [40.0, 60.0]], }"
5957.10000000414,"{""waypoints"":(-9850.8452, -6568.0365), ""unsafe_region"":[[40.0, 20.0], [80.0, 20.0], [80.0, 60.0], [40.0, 60.0]], }"
5957.10000000414,"{""waypoints"":(-9850.8452, -6568.0365), ""unsafe_region"":[[40.0, 20.0], [80.0, 20.0], [80.0, 60.0], [40.0, 60.0]], }"
5957.10000000414,"{""waypoints"":(-9850.8452, -6568.0365), ""unsafe_region"":[[40.0, 20.0], [80.0, 20.0], [80.0, 60.0], [40.0, 60.0]], }"
5957.10000000414,"{""waypoints"":(-9850.8452, -6568.0365), ""unsafe_region"":[[40.0, 20.0], [80.0, 20.0], [80.0, 60.0], [40.0, 60.0]], }"
5957.10000000414,"{""waypoints"":(-9850.8452, -6568.0365), ""unsafe_region"":[[40.0, 20.0], [80.0, 20.0], [80.0, 60.0], [40.0, 60.0]], }"
5957.10000000414,"{""waypoints"":(-9850.8452, -6568.0365), ""unsafe_region"":[[40.0, 20.0], [80.0, 20.0], [80.0, 60.0], [40.0, 60.0]], }"
5957.10000000414,"{""waypoints"":(-9850.8452, -6568.0365), ""unsafe_region"":[[40.0, 20.0], [80.0, 20.0], [80.0, 60.0], [40.0, 60.0]], }"
5957.10000000414,"{""waypoints"":(-9850.8452, -6568.0365), ""unsafe_region"":[[40.0, 20.0], [80.0, 20.0], [80.0, 60.0], [40.0, 60.0]], }"
5957.10000000414,"{""waypoints"":(-9850.8452, -6568.0365), ""unsafe_region"":[[40.0, 20.0], [80.0, 20.0], [80.0, 60.0], [40.0, 60.0]], }"
5957.10000000414,"{""waypoints"":(-9850.8452, -6568.0365), ""unsafe_region"":[[40.0, 20.0], [80.0, 20.0], [80.0, 60.0], [40.0, 60.0]], }"
5957.10000000414,"{""waypoints"":(-9850.8452, -6568.0365), ""unsafe_region"":[[40.0, 20.0], [80.0, 20.0], [80.0, 60.0], [40.0, 60.0]], }"
5957.10000000414,"{""waypoints"":(-9850.8452, -6568.0365), ""unsafe_region"":[[40.0, 20.0], [80.0, 20.0], [80.0, 60.0], [40.0, 60.0]], }"
5957.10000000414,"{""waypoints"":(-9850.8452, -6568.0365), ""unsafe_region"":[[40.0, 20.0], [80.0, 20.0], [80.0, 60.0], [40.0, 60.0]], }"
5957.10000000414,"{""waypoints"":(-9850.8452, -6568.0365), ""unsafe_region"":[[40.0, 20.0], [80.0, 20.0], [80.0, 60.0], [40.0, 60.0]], }"
5957.10000000414,"{""waypoints"":(-9850.8452, -6568.0365), ""unsafe_region"":[[40.0, 20.0], [80.0, 20.0], [80.0, 60.0], [40.0, 60.0]], }"
5957.10000000414,"{""waypoints"":(-9850.8452, -6568.0365), ""unsafe_region"":[[40.0, 20.0], [80.0, 20.0], [80.0, 60.0], [40.0, 60.0]], }"
5957.10000000414,"{""waypoints"":(-9850.8452, -6568.0365), ""unsafe_region"":[[40.0, 20.0], [80.0, 20.0], [80.0, 60.0], [40.0, 60.0]], }"
5957.10000000414,"{""waypoints"":(-9850.8452, -6568.0365), ""unsafe_region"":[[40.0, 20.0], [80.0, 20.0], [80.0, 60.0], [40.0, 60.0]], }"
5957.10000000414,"{""waypoints"":(-9850.8452, -6568.0365), ""unsafe_region"":[[40.0, 20.0], [80.0, 20.0], [80.0, 60.0], [40.0, 60.0]], }"
