timestamp,state
7.29999999999999,"{""waypoints"":[180, 140], ""unsafe_region"":[[40.0, 20.0], [80.0, 20.0], [80.0, 60.0], [40.0, 60.0]], }"
7.39999999999999,"{""waypoints"":[180, 140], ""unsafe_region"":[[40.0, 20.0], [80.0, 20.0], [80.0, 60.0], [40.0, 60.0]], }"
7.39999999999999,"{""waypoints"":[180, 140], ""unsafe_region"":[[40.0, 20.0], [80.0, 20.0], [80.0, 60.0], [40.0, 60.0]], }"
7.39999999999999,"{""waypoints"":[180, 140], ""unsafe_region"":[[40.0, 20.0], [80.0, 20.0], [80.0, 60.0], [40.0, 60.0]], }"
7.39999999999999,"{""waypoints"":[180, 140], ""unsafe_region"":[[40.0, 20.0], [80.0, 20.0], [80.0, 60.0], [40.0, 60.0]], }"
7.39999999999999,"{""waypoints"":[180, 140], ""unsafe_region"":[[40.0, 20.0], [80.0, 20.0], [80.0, 60.0], [40.0, 60.0]], }"
7.39999999999999,"{""waypoints"":[180, 140], ""unsafe_region"":[[40.0, 20.0], [80.0, 20.0], [80.0, 60.0], [40.0, 60.0]], }"
7.39999999999999,"{""waypoints"":[180, 140], ""unsafe_region"":[[40.0, 20.0], [80.0, 20.0], [80.0, 60.0], [40.0, 60.0]], }"
7.39999999999999,"{""waypoints"":[180, 140], ""unsafe_region"":[[40.0, 20.0], [80.0, 20.0], [80.0, 60.0], [40.0, 60.0]], }"
7.39999999999999,"{""waypoints"":[180, 140], ""unsafe_region"":[[40.0, 20.0], [80.0, 20.0], [80.0, 60.0], [40.0, 60.0]], }"
7.39999999999999,"{""waypoints"":[180, 140], ""unsafe_region"":[[40.0, 20.0], [80.0, 20.0], [80.0, 60.0], [40.0, 60.0]], }"
7.39999999999999,"{""waypoints"":[180, 140], ""unsafe_region"":[[40.0, 20.0], [80.0, 20.0], [80.0, 60.0], [40.0, 60.0]], }"
7.39999999999999,"{""waypoints"":[180, 140], ""unsafe_region"":[[40.0, 20.0], [80.0, 20.0], [80.0, 60.0], [40.0, 60.0]], }"
7.39999999999999,"{""waypoints"":[180, 140], ""unsafe_region"":[[40.0, 20.0], [80.0, 20.0], [80.0, 60.0], [40.0, 60.0]], }"
7.39999999999999,"{""waypoints"":[180, 140], ""unsafe_region"":[[40.0, 20.0], [80.0, 20.0], [80.0, 60.0], [40.0, 60.0]], }"
7.39999999999999,"{""waypoints"":[180, 140], ""unsafe_region"":[[40.0, 20.0], [80.0, 20.0], [80.0, 60.0], [40.0, 60.0]], }"
7.39999999999999,"{""waypoints"":[180, 140], ""unsafe_region"":[[40.0, 20.0], [80.0, 20.0], [80.0, 60.0], [40.0, 60.0]], }"
7.39999999999999,"{""waypoints"":[180, 140], ""unsafe_region"":[[40.0, 20.0], [80.0, 20.0], [80.0, 60.0], [40.0, 60.0]], }"
7.39999999999999,"{""waypoints"":[180, 140], ""unsafe_region"":[[40.0, 20.0], [80.0, 20.0], [80.0, 60.0], [40.0, 60.0]], }"
7.39999999999999,"{""waypoints"":[180, 140], ""unsafe_region"":[[40.0, 20.0], [80.0, 20.0], [80.0, 60.0], [40.0, 60.0]], }"
7.39999999999999,"{""waypoints"":[180, 140], ""unsafe_region"":[[40.0, 20.0], [80.0, 20.0], [80.0, 60.0], [40.0, 60.0]], }"
7.39999999999999,"{""waypoints"":[180, 140], ""unsafe_region"":[[40.0, 20.0], [80.0, 20.0], [80.0, 60.0], [40.0, 60.0]], }"
7.39999999999999,"{""waypoints"":[180, 140], ""unsafe_region"":[[40.0, 20.0], [80.0, 20.0], [80.0, 60.0], [40.0, 60.0]], }"
7.39999999999999,"{""waypoints"":[180, 140], ""unsafe_region"":[[40.0, 20.0], [80.0, 20.0], [80.0, 60.0], [40.0, 60.0]], }"
7.39999999999999,"{""waypoints"":[180, 140], ""unsafe_region"":[[40.0, 20.0], [80.0, 20.0], [80.0, 60.0], [40.0, 60.0]], }"
7.39999999999999,"{""waypoints"":[180, 140], ""unsafe_region"":[[40.0, 20.0], [80.0, 20.0], [80.0, 60.0], [40.0, 60.0]], }"
7.39999999999999,"{""waypoints"":[180, 140], ""unsafe_region"":[[40.0, 20.0], [80.0, 20.0], [80.0, 60.0], [40.0, 60.0]], }"
7.39999999999999,"{""waypoints"":[180, 140], ""unsafe_region"":[[40.0, 20.0], [80.0, 20.0], [80.0, 60.0], [40.0, 60.0]], }"
7.39999999999999,"{""waypoints"":[180, 140], ""unsafe_region"":[[40.0, 20.0], [80.0, 20.0], [80.0, 60.0], [40.0, 60.0]], }"
7.39999999999999,"{""waypoints"":[180, 140], ""unsafe_region"":[[40.0, 20.0], [80.0, 20.0], [80.0, 60.0], [40.0, 60.0]], }"
7.39999999999999,"{""waypoints"":[180, 140], ""unsafe_region"":[[40.0, 20.0], [80.0, 20.0], [80.0, 60.0], [40.0, 60.0]], }"
7.39999999999999,"{""waypoints"":[180, 140], ""unsafe_region"":[[40.0, 20.0], [80.0, 20.0], [80.0, 60.0], [40.0, 60.0]], }"
7.39999999999999,"{""waypoints"":[180, 140], ""unsafe_region"":[[40.0, 20.0], [80.0, 20.0], [80.0, 60.0], [40.0, 60.0]], }"
7.39999999999999,"{""waypoints"":[180, 140], ""unsafe_region"":[[40.0, 20.0], [80.0, 20.0], [80.0, 60.0], [40.0, 60.0]], }"
7.39999999999999,"{""waypoints"":[180, 140], ""unsafe_region"":[[40.0, 20.0], [80.0, 20.0], [80.0, 60.0], [40.0, 60.0]], }"
7.39999999999999,"{""waypoints"":[180, 140], ""unsafe_region"":[[40.0, 20.0], [80.0, 20.0], [80.0, 60.0], [40.0, 60.0]], }"
7.39999999999999,"{""waypoints"":[180, 140], ""unsafe_region"":[[40.0, 20.0], [80.0, 20.0], [80.0, 60.0], [40.0, 60.0]], }"
7.39999999999999,"{""waypoints"":[180, 140], ""unsafe_region"":[[40.0, 20.0], [80.0, 20.0], [80.0, 60.0], [40.0, 60.0]], }"
7.39999999999999,"{""waypoints"":[180, 140], ""unsafe_region"":[[40.0, 20.0], [80.0, 20.0], [80.0, 60.0], [40.0, 60.0]], }"
7.39999999999999,"{""waypoints"":[180, 140], ""unsafe_region"":[[40.0, 20.0], [80.0, 20.0], [80.0, 60.0], [40.0, 60.0]], }"
7.39999999999999,"{""waypoints"":[180, 140], ""unsafe_region"":[[40.0, 20.0], [80.0, 20.0], [80.0, 60.0], [40.0, 60.0]], }"
7.39999999999999,"{""waypoints"":[180, 140], ""unsafe_region"":[[40.0, 20.0], [80.0, 20.0], [80.0, 60.0], [40.0, 60.0]], }"
7.39999999999999,"{""waypoints"":[180, 140], ""unsafe_region"":[[40.0, 20.0], [80.0, 20.0], [80.0, 60.0], [40.0, 60.0]], }"
7.39999999999999,"{""waypoints"":[180, 140], ""unsafe_region"":[[40.0, 20.0], [80.0, 20.0], [80.0, 60.0], [40.0, 60.0]], }"
7.39999999999999,"{""waypoints"":[180, 140], ""unsafe_region"":[[40.0, 20.0], [80.0, 20.0], [80.0, 60.0], [40.0, 60.0]], }"
7.39999999999999,"{""waypoints"":[180, 140], ""unsafe_region"":[[40.0, 20.0], [80.0, 20.0], [80.0, 60.0], [40.0, 60.0]], }"
7.39999999999999,"{""waypoints"":[180, 140], ""unsafe_region"":[[40.0, 20.0], [80.0, 20.0], [80.0, 60.0], [40.0, 60.0]], }"
7.39999999999999,"{""waypoints"":[180, 140], ""unsafe_region"":[[40.0, 20.0], [80.0, 20.0], [80.0, 60.0], [40.0, 60.0]], }"
7.39999999999999,"{""waypoints"":[180, 140], ""unsafe_region"":[[40.0, 20.0], [80.0, 20.0], [80.0, 60.0], [40.0, 60.0]], }"
7.39999999999999,"{""waypoints"":[180, 140], ""unsafe_region"":[[40.0, 20.0], [80.0, 20.0], [80.0, 60.0], [40.0, 60.0]], }"
7.39999999999999,"{""waypoints"":[180, 140], ""unsafe_region"":[[40.0, 20.0], [80.0, 20.0], [80.0, 60.0], [40.0, 60.0]], }"
7.39999999999999,"{""waypoints"":[180, 140], ""unsafe_region"":[[40.0, 20.0], [80.0, 20.0], [80.0, 60.0], [40.0, 60.0]], }"
7.39999999999999,"{""waypoints"":[180, 140], ""unsafe_region"":[[40.0, 20.0], [80.0, 20.0], [80.0, 60.0], [40.0, 60.0]], }"
7.39999999999999,"{""waypoints"":[180, 140], ""unsafe_region"":[[40.0, 20.0], [80.0, 20.0], [80.0, 60.0], [40.0, 60.0]], }"
7.39999999999999,"{""waypoints"":[180, 140], ""unsafe_region"":[[40.0, 20.0], [80.0, 20.0], [80.0, 60.0], [40.0, 60.0]], }"
7.39999999999999,"{""waypoints"":[180, 140], ""unsafe_region"":[[40.0, 20.0], [80.0, 20.0], [80.0, 60.0], [40.0, 60.0]], }"
7.39999999999999,"{""waypoints"":[180, 140], ""unsafe_region"":[[40.0, 20.0], [80.0, 20.0], [80.0, 60.0], [40.0, 60.0]], }"
7.39999999999999,"{""waypoints"":[180, 140], ""unsafe_region"":[[40.0, 20.0], [80.0, 20.0], [80.0, 60.0], [40.0, 60.0]], }"
7.39999999999999,"{""waypoints"":[180, 140], ""unsafe_region"":[[40.0, 20.0], [80.0, 20.0], [80.0, 60.0], [40.0, 60.0]], }"
7.39999999999999,"{""waypoints"":[180, 140], ""unsafe_region"":[[40.0, 20.0], [80.0, 20.0], [80.0, 60.0], [40.0, 60.0]], }"
7.39999999999999,"{""waypoints"":[180, 140], ""unsafe_region"":[[40.0, 20.0], [80.0, 20.0], [80.0, 60.0], [40.0, 60.0]], }"
7.39999999999999,"{""waypoints"":[180, 140], ""unsafe_region"":[[40.0, 20.0], [80.0, 20.0], [80.0, 60.0], [40.0, 60.0]], }"
7.39999999999999,"{""waypoints"":[180, 140], ""unsafe_region"":[[40.0, 20.0], [80.0, 20.0], [80.0, 60.0], [40.0, 60.0]], }"
7.39999999999999,"{""waypoints"":[180, 140], ""unsafe_region"":[[40.0, 20.0], [80.0, 20.0], [80.0, 60.0], [40.0, 60.0]], }"
7.39999999999999,"{""waypoints"":[180, 140], ""unsafe_region"":[[40.0, 20.0], [80.0, 20.0], [80.0, 60.0], [40.0, 60.0]], }"
7.39999999999999,"{""waypoints"":[180, 140], ""unsafe_region"":[[40.0, 20.0], [80.0, 20.0], [80.0, 60.0], [40.0, 60.0]], }"
7.39999999999999,"{""waypoints"":[180, 140], ""unsafe_region"":[[40.0, 20.0], [80.0, 20.0], [80.0, 60.0], [40.0, 60.0]], }"
7.39999999999999,"{""waypoints"":[180, 140], ""unsafe_region"":[[40.0, 20.0], [80.0, 20.0], [80.0, 60.0], [40.0, 60.0]], }"
7.39999999999999,"{""waypoints"":[180, 140], ""unsafe_region"":[[40.0, 20.0], [80.0, 20.0], [80.0, 60.0], [40.0, 60.0]], }"
7.39999999999999,"{""waypoints"":[180, 140], ""unsafe_region"":[[40.0, 20.0], [80.0, 20.0], [80.0, 60.0], [40.0, 60.0]], }"
7.39999999999999,"{""waypoints"":[180, 140], ""unsafe_region"":[[40.0, 20.0], [80.0, 20.0], [80.0, 60.0], [40.0, 60.0]], }"
7.39999999999999,"{""waypoints"":[180, 140], ""unsafe_region"":[[40.0, 20.0], [80.0, 20.0], [80.0, 60.0], [40.0, 60.0]], }"
7.39999999999999,"{""waypoints"":[180, 140], ""unsafe_region"":[[40.0, 20.0], [80.0, 20.0], [80.0, 60.0], [40.0, 60.0]], }"
7.39999999999999,"{""waypoints"":[180, 140], ""unsafe_region"":[[40.0, 20.0], [80.0, 20.0], [80.0, 60.0], [40.0, 60.0]], }"
14.799999999999963,"{""waypoints"":[110.99240966738276, -19.23608725407159], ""unsafe_region"":[[40.0, 20.0], [80.0, 20.0], [80.0, 60.0], [40.0, 60.0]], }"
14.899999999999963,"{""waypoints"":[110.99240966738276, -19.23608725407159], ""unsafe_region"":[[40.0, 20.0], [80.0, 20.0], [80.0, 60.0], [40.0, 60.0]], }"
14.899999999999963,"{""waypoints"":[110.99240966738276, -19.23608725407159], ""unsafe_region"":[[40.0, 20.0], [80.0, 20.0], [80.0, 60.0], [40.0, 60.0]], }"
14.899999999999963,"{""waypoints"":[110.99240966738276, -19.23608725407159], ""unsafe_region"":[[40.0, 20.0], [80.0, 20.0], [80.0, 60.0], [40.0, 60.0]], }"
14.899999999999963,"{""waypoints"":[110.99240966738276, -19.23608725407159], ""unsafe_region"":[[40.0, 20.0], [80.0, 20.0], [80.0, 60.0], [40.0, 60.0]], }"
14.899999999999963,"{""waypoints"":[110.99240966738276, -19.23608725407159], ""unsafe_region"":[[40.0, 20.0], [80.0, 20.0], [80.0, 60.0], [40.0, 60.0]], }"
14.899999999999963,"{""waypoints"":[110.99240966738276, -19.23608725407159], ""unsafe_region"":[[40.0, 20.0], [80.0, 20.0], [80.0, 60.0], [40.0, 60.0]], }"
14.899999999999963,"{""waypoints"":[110.99240966738276, -19.23608725407159], ""unsafe_region"":[[40.0, 20.0], [80.0, 20.0], [80.0, 60.0], [40.0, 60.0]], }"
14.899999999999963,"{""waypoints"":[110.99240966738276, -19.23608725407159], ""unsafe_region"":[[40.0, 20.0], [80.0, 20.0], [80.0, 60.0], [40.0, 60.0]], }"
14.899999999999963,"{""waypoints"":[110.99240966738276, -19.23608725407159], ""unsafe_region"":[[40.0, 20.0], [80.0, 20.0], [80.0, 60.0], [40.0, 60.0]], }"
14.899999999999963,"{""waypoints"":[110.99240966738276, -19.23608725407159], ""unsafe_region"":[[40.0, 20.0], [80.0, 20.0], [80.0, 60.0], [40.0, 60.0]], }"
14.899999999999963,"{""waypoints"":[110.99240966738276, -19.23608725407159], ""unsafe_region"":[[40.0, 20.0], [80.0, 20.0], [80.0, 60.0], [40.0, 60.0]], }"
14.899999999999963,"{""waypoints"":[110.99240966738276, -19.23608725407159], ""unsafe_region"":[[40.0, 20.0], [80.0, 20.0], [80.0, 60.0], [40.0, 60.0]], }"
14.899999999999963,"{""waypoints"":[110.99240966738276, -19.23608725407159], ""unsafe_region"":[[40.0, 20.0], [80.0, 20.0], [80.0, 60.0], [40.0, 60.0]], }"
14.899999999999963,"{""waypoints"":[110.99240966738276, -19.23608725407159], ""unsafe_region"":[[40.0, 20.0], [80.0, 20.0], [80.0, 60.0], [40.0, 60.0]], }"
14.899999999999963,"{""waypoints"":[110.99240966738276, -19.23608725407159], ""unsafe_region"":[[40.0, 20.0], [80.0, 20.0], [80.0, 60.0], [40.0, 60.0]], }"
14.899999999999963,"{""waypoints"":[110.99240966738276, -19.23608725407159], ""unsafe_region"":[[40.0, 20.0], [80.0, 20.0], [80.0, 60.0], [40.0, 60.0]], }"
14.899999999999963,"{""waypoints"":[110.99240966738276, -19.23608725407159], ""unsafe_region"":[[40.0, 20.0], [80.0, 20.0], [80.0, 60.0], [40.0, 60.0]], }"
14.899999999999963,"{""waypoints"":[110.99240966738276, -19.23608725407159], ""unsafe_region"":[[40.0, 20.0], [80.0, 20.0], [80.0, 60.0], [40.0, 60.0]], }"
14.899999999999963,"{""waypoints"":[110.99240966738276, -19.23608725407159], ""unsafe_region"":[[40.0, 20.0], [80.0, 20.0], [80.0, 60.0], [40.0, 60.0]], }"
14.899999999999963,"{""waypoints"":[110.99240966738276, -19.23608725407159], ""unsafe_region"":[[40.0, 20.0], [80.0, 20.0], [80.0, 60.0], [40.0, 60.0]], }"
14.899999999999963,"{""waypoints"":[110.99240966738276, -19.23608725407159], ""unsafe_region"":[[40.0, 20.0], [80.0, 20.0], [80.0, 60.0], [40.0, 60.0]], }"
14.899999999999963,"{""waypoints"":[110.99240966738276, -19.23608725407159], ""unsafe_region"":[[40.0, 20.0], [80.0, 20.0], [80.0, 60.0], [40.0, 60.0]], }"
14.899999999999963,"{""waypoints"":[110.99240966738276, -19.23608725407159], ""unsafe_region"":[[40.0, 20.0], [80.0, 20.0], [80.0, 60.0], [40.0, 60.0]], }"
14.899999999999963,"{""waypoints"":[110.99240966738276, -19.23608725407159], ""unsafe_region"":[[40.0, 20.0], [80.0, 20.0], [80.0, 60.0], [40.0, 60.0]], }"
14.899999999999963,"{""waypoints"":[110.99240966738276, -19.23608725407159], ""unsafe_region"":[[40.0, 20.0], [80.0, 20.0], [80.0, 60.0], [40.0, 60.0]], }"
14.899999999999963,"{""waypoints"":[110.99240966738276, -19.23608725407159], ""unsafe_region"":[[40.0, 20.0], [80.0, 20.0], [80.0, 60.0], [40.0, 60.0]], }"
14.899999999999963,"{""waypoints"":[110.99240966738276, -19.23608725407159], ""unsafe_region"":[[40.0, 20.0], [80.0, 20.0], [80.0, 60.0], [40.0, 60.0]], }"
14.899999999999963,"{""waypoints"":[110.99240966738276, -19.23608725407159], ""unsafe_region"":[[40.0, 20.0], [80.0, 20.0], [80.0, 60.0], [40.0, 60.0]], }"
14.899999999999963,"{""waypoints"":[110.99240966738276, -19.23608725407159], ""unsafe_region"":[[40.0, 20.0], [80.0, 20.0], [80.0, 60.0], [40.0, 60.0]], }"
14.899999999999963,"{""waypoints"":[110.99240966738276, -19.23608725407159], ""unsafe_region"":[[40.0, 20.0], [80.0, 20.0], [80.0, 60.0], [40.0, 60.0]], }"
14.899999999999963,"{""waypoints"":[110.99240966738276, -19.23608725407159], ""unsafe_region"":[[40.0, 20.0], [80.0, 20.0], [80.0, 60.0], [40.0, 60.0]], }"
14.899999999999963,"{""waypoints"":[110.99240966738276, -19.23608725407159], ""unsafe_region"":[[40.0, 20.0], [80.0, 20.0], [80.0, 60.0], [40.0, 60.0]], }"
14.899999999999963,"{""waypoints"":[110.99240966738276, -19.23608725407159], ""unsafe_region"":[[40.0, 20.0], [80.0, 20.0], [80.0, 60.0], [40.0, 60.0]], }"
14.899999999999963,"{""waypoints"":[110.99240966738276, -19.23608725407159], ""unsafe_region"":[[40.0, 20.0], [80.0, 20.0], [80.0, 60.0], [40.0, 60.0]], }"
14.899999999999963,"{""waypoints"":[110.99240966738276, -19.23608725407159], ""unsafe_region"":[[40.0, 20.0], [80.0, 20.0], [80.0, 60.0], [40.0, 60.0]], }"
14.899999999999963,"{""waypoints"":[110.99240966738276, -19.23608725407159], ""unsafe_region"":[[40.0, 20.0], [80.0, 20.0], [80.0, 60.0], [40.0, 60.0]], }"
14.899999999999963,"{""waypoints"":[110.99240966738276, -19.23608725407159], ""unsafe_region"":[[40.0, 20.0], [80.0, 20.0], [80.0, 60.0], [40.0, 60.0]], }"
14.899999999999963,"{""waypoints"":[110.99240966738276, -19.23608725407159], ""unsafe_region"":[[40.0, 20.0], [80.0, 20.0], [80.0, 60.0], [40.0, 60.0]], }"
14.899999999999963,"{""waypoints"":[110.99240966738276, -19.23608725407159], ""unsafe_region"":[[40.0, 20.0], [80.0, 20.0], [80.0, 60.0], [40.0, 60.0]], }"
14.899999999999963,"{""waypoints"":[110.99240966738276, -19.23608725407159], ""unsafe_region"":[[40.0, 20.0], [80.0, 20.0], [80.0, 60.0], [40.0, 60.0]], }"
14.899999999999963,"{""waypoints"":[110.99240966738276, -19.23608725407159], ""unsafe_region"":[[40.0, 20.0], [80.0, 20.0], [80.0, 60.0], [40.0, 60.0]], }"
14.899999999999963,"{""waypoints"":[110.99240966738276, -19.23608725407159], ""unsafe_region"":[[40.0, 20.0], [80.0, 20.0], [80.0, 60.0], [40.0, 60.0]], }"
14.899999999999963,"{""waypoints"":[110.99240966738276, -19.23608725407159], ""unsafe_region"":[[40.0, 20.0], [80.0, 20.0], [80.0, 60.0], [40.0, 60.0]], }"
14.899999999999963,"{""waypoints"":[110.99240966738276, -19.23608725407159], ""unsafe_region"":[[40.0, 20.0], [80.0, 20.0], [80.0, 60.0], [40.0, 60.0]], }"
14.899999999999963,"{""waypoints"":[110.99240966738276, -19.23608725407159], ""unsafe_region"":[[40.0, 20.0], [80.0, 20.0], [80.0, 60.0], [40.0, 60.0]], }"
14.899999999999963,"{""waypoints"":[110.99240966738276, -19.23608725407159], ""unsafe_region"":[[40.0, 20.0], [80.0, 20.0], [80.0, 60.0], [40.0, 60.0]], }"
14.899999999999963,"{""waypoints"":[110.99240966738276, -19.23608725407159], ""unsafe_region"":[[40.0, 20.0], [80.0, 20.0], [80.0, 60.0], [40.0, 60.0]], }"
14.899999999999963,"{""waypoints"":[110.99240966738276, -19.23608725407159], ""unsafe_region"":[[40.0, 20.0], [80.0, 20.0], [80.0, 60.0], [40.0, 60.0]], }"
14.899999999999963,"{""waypoints"":[110.99240966738276, -19.23608725407159], ""unsafe_region"":[[40.0, 20.0], [80.0, 20.0], [80.0, 60.0], [40.0, 60.0]], }"
14.899999999999963,"{""waypoints"":[110.99240966738276, -19.23608725407159], ""unsafe_region"":[[40.0, 20.0], [80.0, 20.0], [80.0, 60.0], [40.0, 60.0]], }"
14.899999999999963,"{""waypoints"":[110.99240966738276, -19.23608725407159], ""unsafe_region"":[[40.0, 20.0], [80.0, 20.0], [80.0, 60.0], [40.0, 60.0]], }"
14.899999999999963,"{""waypoints"":[110.99240966738276, -19.23608725407159], ""unsafe_region"":[[40.0, 20.0], [80.0, 20.0], [80.0, 60.0], [40.0, 60.0]], }"
14.899999999999963,"{""waypoints"":[110.99240966738276, -19.23608725407159], ""unsafe_region"":[[40.0, 20.0], [80.0, 20.0], [80.0, 60.0], [40.0, 60.0]], }"
14.899999999999963,"{""waypoints"":[110.99240966738276, -19.23608725407159], ""unsafe_region"":[[40.0, 20.0], [80.0, 20.0], [80.0, 60.0], [40.0, 60.0]], }"
14.899999999999963,"{""waypoints"":[110.99240966738276, -19.23608725407159], ""unsafe_region"":[[40.0, 20.0], [80.0, 20.0], [80.0, 60.0], [40.0, 60.0]], }"
14.899999999999963,"{""waypoints"":[110.99240966738276, -19.23608725407159], ""unsafe_region"":[[40.0, 20.0], [80.0, 20.0], [80.0, 60.0], [40.0, 60.0]], }"
14.899999999999963,"{""waypoints"":[110.99240966738276, -19.23608725407159], ""unsafe_region"":[[40.0, 20.0], [80.0, 20.0], [80.0, 60.0], [40.0, 60.0]], }"
14.899999999999963,"{""waypoints"":[110.99240966738276, -19.23608725407159], ""unsafe_region"":[[40.0, 20.0], [80.0, 20.0], [80.0, 60.0], [40.0, 60.0]], }"
14.899999999999963,"{""waypoints"":[110.99240966738276, -19.23608725407159], ""unsafe_region"":[[40.0, 20.0], [80.0, 20.0], [80.0, 60.0], [40.0, 60.0]], }"
14.899999999999963,"{""waypoints"":[110.99240966738276, -19.23608725407159], ""unsafe_region"":[[40.0, 20.0], [80.0, 20.0], [80.0, 60.0], [40.0, 60.0]], }"
14.899999999999963,"{""waypoints"":[110.99240966738276, -19.23608725407159], ""unsafe_region"":[[40.0, 20.0], [80.0, 20.0], [80.0, 60.0], [40.0, 60.0]], }"
14.899999999999963,"{""waypoints"":[110.99240966738276, -19.23608725407159], ""unsafe_region"":[[40.0, 20.0], [80.0, 20.0], [80.0, 60.0], [40.0, 60.0]], }"
14.899999999999963,"{""waypoints"":[110.99240966738276, -19.23608725407159], ""unsafe_region"":[[40.0, 20.0], [80.0, 20.0], [80.0, 60.0], [40.0, 60.0]], }"
14.899999999999963,"{""waypoints"":[110.99240966738276, -19.23608725407159], ""unsafe_region"":[[40.0, 20.0], [80.0, 20.0], [80.0, 60.0], [40.0, 60.0]], }"
14.899999999999963,"{""waypoints"":[110.99240966738276, -19.23608725407159], ""unsafe_region"":[[40.0, 20.0], [80.0, 20.0], [80.0, 60.0], [40.0, 60.0]], }"
14.899999999999963,"{""waypoints"":[110.99240966738276, -19.23608725407159], ""unsafe_region"":[[40.0, 20.0], [80.0, 20.0], [80.0, 60.0], [40.0, 60.0]], }"
14.899999999999963,"{""waypoints"":[110.99240966738276, -19.23608725407159], ""unsafe_region"":[[40.0, 20.0], [80.0, 20.0], [80.0, 60.0], [40.0, 60.0]], }"
14.899999999999963,"{""waypoints"":[110.99240966738276, -19.23608725407159], ""unsafe_region"":[[40.0, 20.0], [80.0, 20.0], [80.0, 60.0], [40.0, 60.0]], }"
14.899999999999963,"{""waypoints"":[110.99240966738276, -19.23608725407159], ""unsafe_region"":[[40.0, 20.0], [80.0, 20.0], [80.0, 60.0], [40.0, 60.0]], }"
14.899999999999963,"{""waypoints"":[110.99240966738276, -19.23608725407159], ""unsafe_region"":[[40.0, 20.0], [80.0, 20.0], [80.0, 60.0], [40.0, 60.0]], }"
14.899999999999963,"{""waypoints"":[110.99240966738276, -19.23608725407159], ""unsafe_region"":[[40.0, 20.0], [80.0, 20.0], [80.0, 60.0], [40.0, 60.0]], }"
14.899999999999963,"{""waypoints"":[110.99240966738276, -19.23608725407159], ""unsafe_region"":[[40.0, 20.0], [80.0, 20.0], [80.0, 60.0], [40.0, 60.0]], }"
14.899999999999963,"{""waypoints"":[110.99240966738276, -19.23608725407159], ""unsafe_region"":[[40.0, 20.0], [80.0, 20.0], [80.0, 60.0], [40.0, 60.0]], }"
14.899999999999963,"{""waypoints"":[110.99240966738276, -19.23608725407159], ""unsafe_region"":[[40.0, 20.0], [80.0, 20.0], [80.0, 60.0], [40.0, 60.0]], }"
22.50000000000005,"{""waypoints"":[110.99240966738276, -19.23608725407159], ""unsafe_region"":[[40.0, 20.0], [80.0, 20.0], [80.0, 60.0], [40.0, 60.0]], }"
22.60000000000005,"{""waypoints"":[110.99240966738276, -19.23608725407159], ""unsafe_region"":[[40.0, 20.0], [80.0, 20.0], [80.0, 60.0], [40.0, 60.0]], }"
22.60000000000005,"{""waypoints"":[110.99240966738276, -19.23608725407159], ""unsafe_region"":[[40.0, 20.0], [80.0, 20.0], [80.0, 60.0], [40.0, 60.0]], }"
22.60000000000005,"{""waypoints"":[110.99240966738276, -19.23608725407159], ""unsafe_region"":[[40.0, 20.0], [80.0, 20.0], [80.0, 60.0], [40.0, 60.0]], }"
22.60000000000005,"{""waypoints"":[110.99240966738276, -19.23608725407159], ""unsafe_region"":[[40.0, 20.0], [80.0, 20.0], [80.0, 60.0], [40.0, 60.0]], }"
22.60000000000005,"{""waypoints"":[110.99240966738276, -19.23608725407159], ""unsafe_region"":[[40.0, 20.0], [80.0, 20.0], [80.0, 60.0], [40.0, 60.0]], }"
22.60000000000005,"{""waypoints"":[110.99240966738276, -19.23608725407159], ""unsafe_region"":[[40.0, 20.0], [80.0, 20.0], [80.0, 60.0], [40.0, 60.0]], }"
22.60000000000005,"{""waypoints"":[110.99240966738276, -19.23608725407159], ""unsafe_region"":[[40.0, 20.0], [80.0, 20.0], [80.0, 60.0], [40.0, 60.0]], }"
22.60000000000005,"{""waypoints"":[110.99240966738276, -19.23608725407159], ""unsafe_region"":[[40.0, 20.0], [80.0, 20.0], [80.0, 60.0], [40.0, 60.0]], }"
22.60000000000005,"{""waypoints"":[110.99240966738276, -19.23608725407159], ""unsafe_region"":[[40.0, 20.0], [80.0, 20.0], [80.0, 60.0], [40.0, 60.0]], }"
22.60000000000005,"{""waypoints"":[110.99240966738276, -19.23608725407159], ""unsafe_region"":[[40.0, 20.0], [80.0, 20.0], [80.0, 60.0], [40.0, 60.0]], }"
22.60000000000005,"{""waypoints"":[110.99240966738276, -19.23608725407159], ""unsafe_region"":[[40.0, 20.0], [80.0, 20.0], [80.0, 60.0], [40.0, 60.0]], }"
22.60000000000005,"{""waypoints"":[110.99240966738276, -19.23608725407159], ""unsafe_region"":[[40.0, 20.0], [80.0, 20.0], [80.0, 60.0], [40.0, 60.0]], }"
22.60000000000005,"{""waypoints"":[110.99240966738276, -19.23608725407159], ""unsafe_region"":[[40.0, 20.0], [80.0, 20.0], [80.0, 60.0], [40.0, 60.0]], }"
22.60000000000005,"{""waypoints"":[110.99240966738276, -19.23608725407159], ""unsafe_region"":[[40.0, 20.0], [80.0, 20.0], [80.0, 60.0], [40.0, 60.0]], }"
22.60000000000005,"{""waypoints"":[110.99240966738276, -19.23608725407159], ""unsafe_region"":[[40.0, 20.0], [80.0, 20.0], [80.0, 60.0], [40.0, 60.0]], }"
22.60000000000005,"{""waypoints"":[110.99240966738276, -19.23608725407159], ""unsafe_region"":[[40.0, 20.0], [80.0, 20.0], [80.0, 60.0], [40.0, 60.0]], }"
22.60000000000005,"{""waypoints"":[110.99240966738276, -19.23608725407159], ""unsafe_region"":[[40.0, 20.0], [80.0, 20.0], [80.0, 60.0], [40.0, 60.0]], }"
22.60000000000005,"{""waypoints"":[110.99240966738276, -19.23608725407159], ""unsafe_region"":[[40.0, 20.0], [80.0, 20.0], [80.0, 60.0], [40.0, 60.0]], }"
22.60000000000005,"{""waypoints"":[110.99240966738276, -19.23608725407159], ""unsafe_region"":[[40.0, 20.0], [80.0, 20.0], [80.0, 60.0], [40.0, 60.0]], }"
22.60000000000005,"{""waypoints"":[110.99240966738276, -19.23608725407159], ""unsafe_region"":[[40.0, 20.0], [80.0, 20.0], [80.0, 60.0], [40.0, 60.0]], }"
22.60000000000005,"{""waypoints"":[110.99240966738276, -19.23608725407159], ""unsafe_region"":[[40.0, 20.0], [80.0, 20.0], [80.0, 60.0], [40.0, 60.0]], }"
22.60000000000005,"{""waypoints"":[110.99240966738276, -19.23608725407159], ""unsafe_region"":[[40.0, 20.0], [80.0, 20.0], [80.0, 60.0], [40.0, 60.0]], }"
22.60000000000005,"{""waypoints"":[110.99240966738276, -19.23608725407159], ""unsafe_region"":[[40.0, 20.0], [80.0, 20.0], [80.0, 60.0], [40.0, 60.0]], }"
22.60000000000005,"{""waypoints"":[110.99240966738276, -19.23608725407159], ""unsafe_region"":[[40.0, 20.0], [80.0, 20.0], [80.0, 60.0], [40.0, 60.0]], }"
22.60000000000005,"{""waypoints"":[110.99240966738276, -19.23608725407159], ""unsafe_region"":[[40.0, 20.0], [80.0, 20.0], [80.0, 60.0], [40.0, 60.0]], }"
22.60000000000005,"{""waypoints"":[110.99240966738276, -19.23608725407159], ""unsafe_region"":[[40.0, 20.0], [80.0, 20.0], [80.0, 60.0], [40.0, 60.0]], }"
22.60000000000005,"{""waypoints"":[110.99240966738276, -19.23608725407159], ""unsafe_region"":[[40.0, 20.0], [80.0, 20.0], [80.0, 60.0], [40.0, 60.0]], }"
22.60000000000005,"{""waypoints"":[110.99240966738276, -19.23608725407159], ""unsafe_region"":[[40.0, 20.0], [80.0, 20.0], [80.0, 60.0], [40.0, 60.0]], }"
22.60000000000005,"{""waypoints"":[110.99240966738276, -19.23608725407159], ""unsafe_region"":[[40.0, 20.0], [80.0, 20.0], [80.0, 60.0], [40.0, 60.0]], }"
22.60000000000005,"{""waypoints"":[110.99240966738276, -19.23608725407159], ""unsafe_region"":[[40.0, 20.0], [80.0, 20.0], [80.0, 60.0], [40.0, 60.0]], }"
22.60000000000005,"{""waypoints"":[110.99240966738276, -19.23608725407159], ""unsafe_region"":[[40.0, 20.0], [80.0, 20.0], [80.0, 60.0], [40.0, 60.0]], }"
22.60000000000005,"{""waypoints"":[110.99240966738276, -19.23608725407159], ""unsafe_region"":[[40.0, 20.0], [80.0, 20.0], [80.0, 60.0], [40.0, 60.0]], }"
22.60000000000005,"{""waypoints"":[110.99240966738276, -19.23608725407159], ""unsafe_region"":[[40.0, 20.0], [80.0, 20.0], [80.0, 60.0], [40.0, 60.0]], }"
22.60000000000005,"{""waypoints"":[110.99240966738276, -19.23608725407159], ""unsafe_region"":[[40.0, 20.0], [80.0, 20.0], [80.0, 60.0], [40.0, 60.0]], }"
22.60000000000005,"{""waypoints"":[110.99240966738276, -19.23608725407159], ""unsafe_region"":[[40.0, 20.0], [80.0, 20.0], [80.0, 60.0], [40.0, 60.0]], }"
22.60000000000005,"{""waypoints"":[110.99240966738276, -19.23608725407159], ""unsafe_region"":[[40.0, 20.0], [80.0, 20.0], [80.0, 60.0], [40.0, 60.0]], }"
22.60000000000005,"{""waypoints"":[110.99240966738276, -19.23608725407159], ""unsafe_region"":[[40.0, 20.0], [80.0, 20.0], [80.0, 60.0], [40.0, 60.0]], }"
22.60000000000005,"{""waypoints"":[110.99240966738276, -19.23608725407159], ""unsafe_region"":[[40.0, 20.0], [80.0, 20.0], [80.0, 60.0], [40.0, 60.0]], }"
22.60000000000005,"{""waypoints"":[110.99240966738276, -19.23608725407159], ""unsafe_region"":[[40.0, 20.0], [80.0, 20.0], [80.0, 60.0], [40.0, 60.0]], }"
22.60000000000005,"{""waypoints"":[110.99240966738276, -19.23608725407159], ""unsafe_region"":[[40.0, 20.0], [80.0, 20.0], [80.0, 60.0], [40.0, 60.0]], }"
22.60000000000005,"{""waypoints"":[110.99240966738276, -19.23608725407159], ""unsafe_region"":[[40.0, 20.0], [80.0, 20.0], [80.0, 60.0], [40.0, 60.0]], }"
22.60000000000005,"{""waypoints"":[110.99240966738276, -19.23608725407159], ""unsafe_region"":[[40.0, 20.0], [80.0, 20.0], [80.0, 60.0], [40.0, 60.0]], }"
22.60000000000005,"{""waypoints"":[110.99240966738276, -19.23608725407159], ""unsafe_region"":[[40.0, 20.0], [80.0, 20.0], [80.0, 60.0], [40.0, 60.0]], }"
22.60000000000005,"{""waypoints"":[110.99240966738276, -19.23608725407159], ""unsafe_region"":[[40.0, 20.0], [80.0, 20.0], [80.0, 60.0], [40.0, 60.0]], }"
22.60000000000005,"{""waypoints"":[110.99240966738276, -19.23608725407159], ""unsafe_region"":[[40.0, 20.0], [80.0, 20.0], [80.0, 60.0], [40.0, 60.0]], }"
22.60000000000005,"{""waypoints"":[110.99240966738276, -19.23608725407159], ""unsafe_region"":[[40.0, 20.0], [80.0, 20.0], [80.0, 60.0], [40.0, 60.0]], }"
22.60000000000005,"{""waypoints"":[110.99240966738276, -19.23608725407159], ""unsafe_region"":[[40.0, 20.0], [80.0, 20.0], [80.0, 60.0], [40.0, 60.0]], }"
22.60000000000005,"{""waypoints"":[110.99240966738276, -19.23608725407159], ""unsafe_region"":[[40.0, 20.0], [80.0, 20.0], [80.0, 60.0], [40.0, 60.0]], }"
22.60000000000005,"{""waypoints"":[110.99240966738276, -19.23608725407159], ""unsafe_region"":[[40.0, 20.0], [80.0, 20.0], [80.0, 60.0], [40.0, 60.0]], }"
22.60000000000005,"{""waypoints"":[110.99240966738276, -19.23608725407159], ""unsafe_region"":[[40.0, 20.0], [80.0, 20.0], [80.0, 60.0], [40.0, 60.0]], }"
22.60000000000005,"{""waypoints"":[110.99240966738276, -19.23608725407159], ""unsafe_region"":[[40.0, 20.0], [80.0, 20.0], [80.0, 60.0], [40.0, 60.0]], }"
22.60000000000005,"{""waypoints"":[110.99240966738276, -19.23608725407159], ""unsafe_region"":[[40.0, 20.0], [80.0, 20.0], [80.0, 60.0], [40.0, 60.0]], }"
22.60000000000005,"{""waypoints"":[110.99240966738276, -19.23608725407159], ""unsafe_region"":[[40.0, 20.0], [80.0, 20.0], [80.0, 60.0], [40.0, 60.0]], }"
22.60000000000005,"{""waypoints"":[110.99240966738276, -19.23608725407159], ""unsafe_region"":[[40.0, 20.0], [80.0, 20.0], [80.0, 60.0], [40.0, 60.0]], }"
22.60000000000005,"{""waypoints"":[110.99240966738276, -19.23608725407159], ""unsafe_region"":[[40.0, 20.0], [80.0, 20.0], [80.0, 60.0], [40.0, 60.0]], }"
22.60000000000005,"{""waypoints"":[110.99240966738276, -19.23608725407159], ""unsafe_region"":[[40.0, 20.0], [80.0, 20.0], [80.0, 60.0], [40.0, 60.0]], }"
22.60000000000005,"{""waypoints"":[110.99240966738276, -19.23608725407159], ""unsafe_region"":[[40.0, 20.0], [80.0, 20.0], [80.0, 60.0], [40.0, 60.0]], }"
22.60000000000005,"{""waypoints"":[110.99240966738276, -19.23608725407159], ""unsafe_region"":[[40.0, 20.0], [80.0, 20.0], [80.0, 60.0], [40.0, 60.0]], }"
22.60000000000005,"{""waypoints"":[110.99240966738276, -19.23608725407159], ""unsafe_region"":[[40.0, 20.0], [80.0, 20.0], [80.0, 60.0], [40.0, 60.0]], }"
22.60000000000005,"{""waypoints"":[110.99240966738276, -19.23608725407159], ""unsafe_region"":[[40.0, 20.0], [80.0, 20.0], [80.0, 60.0], [40.0, 60.0]], }"
22.60000000000005,"{""waypoints"":[110.99240966738276, -19.23608725407159], ""unsafe_region"":[[40.0, 20.0], [80.0, 20.0], [80.0, 60.0], [40.0, 60.0]], }"
22.60000000000005,"{""waypoints"":[110.99240966738276, -19.23608725407159], ""unsafe_region"":[[40.0, 20.0], [80.0, 20.0], [80.0, 60.0], [40.0, 60.0]], }"
22.60000000000005,"{""waypoints"":[110.99240966738276, -19.23608725407159], ""unsafe_region"":[[40.0, 20.0], [80.0, 20.0], [80.0, 60.0], [40.0, 60.0]], }"
22.60000000000005,"{""waypoints"":[110.99240966738276, -19.23608725407159], ""unsafe_region"":[[40.0, 20.0], [80.0, 20.0], [80.0, 60.0], [40.0, 60.0]], }"
22.60000000000005,"{""waypoints"":[110.99240966738276, -19.23608725407159], ""unsafe_region"":[[40.0, 20.0], [80.0, 20.0], [80.0, 60.0], [40.0, 60.0]], }"
22.60000000000005,"{""waypoints"":[110.99240966738276, -19.23608725407159], ""unsafe_region"":[[40.0, 20.0], [80.0, 20.0], [80.0, 60.0], [40.0, 60.0]], }"
22.60000000000005,"{""waypoints"":[110.99240966738276, -19.23608725407159], ""unsafe_region"":[[40.0, 20.0], [80.0, 20.0], [80.0, 60.0], [40.0, 60.0]], }"
22.60000000000005,"{""waypoints"":[110.99240966738276, -19.23608725407159], ""unsafe_region"":[[40.0, 20.0], [80.0, 20.0], [80.0, 60.0], [40.0, 60.0]], }"
22.60000000000005,"{""waypoints"":[110.99240966738276, -19.23608725407159], ""unsafe_region"":[[40.0, 20.0], [80.0, 20.0], [80.0, 60.0], [40.0, 60.0]], }"
22.60000000000005,"{""waypoints"":[110.99240966738276, -19.23608725407159], ""unsafe_region"":[[40.0, 20.0], [80.0, 20.0], [80.0, 60.0], [40.0, 60.0]], }"
22.60000000000005,"{""waypoints"":[110.99240966738276, -19.23608725407159], ""unsafe_region"":[[40.0, 20.0], [80.0, 20.0], [80.0, 60.0], [40.0, 60.0]], }"
22.60000000000005,"{""waypoints"":[110.99240966738276, -19.23608725407159], ""unsafe_region"":[[40.0, 20.0], [80.0, 20.0], [80.0, 60.0], [40.0, 60.0]], }"
22.60000000000005,"{""waypoints"":[110.99240966738276, -19.23608725407159], ""unsafe_region"":[[40.0, 20.0], [80.0, 20.0], [80.0, 60.0], [40.0, 60.0]], }"
22.60000000000005,"{""waypoints"":[110.99240966738276, -19.23608725407159], ""unsafe_region"":[[40.0, 20.0], [80.0, 20.0], [80.0, 60.0], [40.0, 60.0]], }"
22.60000000000005,"{""waypoints"":[110.99240966738276, -19.23608725407159], ""unsafe_region"":[[40.0, 20.0], [80.0, 20.0], [80.0, 60.0], [40.0, 60.0]], }"
22.60000000000005,"{""waypoints"":[110.99240966738276, -19.23608725407159], ""unsafe_region"":[[40.0, 20.0], [80.0, 20.0], [80.0, 60.0], [40.0, 60.0]], }"
30.30000000000016,"{""waypoints"":[110.99240966738276, -19.23608725407159], ""unsafe_region"":[[40.0, 20.0], [80.0, 20.0], [80.0, 60.0], [40.0, 60.0]], }"
30.400000000000162,"{""waypoints"":[110.99240966738276, -19.23608725407159], ""unsafe_region"":[[40.0, 20.0], [80.0, 20.0], [80.0, 60.0], [40.0, 60.0]], }"
30.400000000000162,"{""waypoints"":[110.99240966738276, -19.23608725407159], ""unsafe_region"":[[40.0, 20.0], [80.0, 20.0], [80.0, 60.0], [40.0, 60.0]], }"
30.400000000000162,"{""waypoints"":[110.99240966738276, -19.23608725407159], ""unsafe_region"":[[40.0, 20.0], [80.0, 20.0], [80.0, 60.0], [40.0, 60.0]], }"
30.400000000000162,"{""waypoints"":[110.99240966738276, -19.23608725407159], ""unsafe_region"":[[40.0, 20.0], [80.0, 20.0], [80.0, 60.0], [40.0, 60.0]], }"
30.400000000000162,"{""waypoints"":[110.99240966738276, -19.23608725407159], ""unsafe_region"":[[40.0, 20.0], [80.0, 20.0], [80.0, 60.0], [40.0, 60.0]], }"
30.400000000000162,"{""waypoints"":[110.99240966738276, -19.23608725407159], ""unsafe_region"":[[40.0, 20.0], [80.0, 20.0], [80.0, 60.0], [40.0, 60.0]], }"
30.400000000000162,"{""waypoints"":[110.99240966738276, -19.23608725407159], ""unsafe_region"":[[40.0, 20.0], [80.0, 20.0], [80.0, 60.0], [40.0, 60.0]], }"
30.400000000000162,"{""waypoints"":[110.99240966738276, -19.23608725407159], ""unsafe_region"":[[40.0, 20.0], [80.0, 20.0], [80.0, 60.0], [40.0, 60.0]], }"
30.400000000000162,"{""waypoints"":[110.99240966738276, -19.23608725407159], ""unsafe_region"":[[40.0, 20.0], [80.0, 20.0], [80.0, 60.0], [40.0, 60.0]], }"
30.400000000000162,"{""waypoints"":[110.99240966738276, -19.23608725407159], ""unsafe_region"":[[40.0, 20.0], [80.0, 20.0], [80.0, 60.0], [40.0, 60.0]], }"
30.400000000000162,"{""waypoints"":[110.99240966738276, -19.23608725407159], ""unsafe_region"":[[40.0, 20.0], [80.0, 20.0], [80.0, 60.0], [40.0, 60.0]], }"
30.400000000000162,"{""waypoints"":[110.99240966738276, -19.23608725407159], ""unsafe_region"":[[40.0, 20.0], [80.0, 20.0], [80.0, 60.0], [40.0, 60.0]], }"
30.400000000000162,"{""waypoints"":[110.99240966738276, -19.23608725407159], ""unsafe_region"":[[40.0, 20.0], [80.0, 20.0], [80.0, 60.0], [40.0, 60.0]], }"
30.400000000000162,"{""waypoints"":[110.99240966738276, -19.23608725407159], ""unsafe_region"":[[40.0, 20.0], [80.0, 20.0], [80.0, 60.0], [40.0, 60.0]], }"
30.400000000000162,"{""waypoints"":[110.99240966738276, -19.23608725407159], ""unsafe_region"":[[40.0, 20.0], [80.0, 20.0], [80.0, 60.0], [40.0, 60.0]], }"
30.400000000000162,"{""waypoints"":[110.99240966738276, -19.23608725407159], ""unsafe_region"":[[40.0, 20.0], [80.0, 20.0], [80.0, 60.0], [40.0, 60.0]], }"
30.400000000000162,"{""waypoints"":[110.99240966738276, -19.23608725407159], ""unsafe_region"":[[40.0, 20.0], [80.0, 20.0], [80.0, 60.0], [40.0, 60.0]], }"
30.400000000000162,"{""waypoints"":[110.99240966738276, -19.23608725407159], ""unsafe_region"":[[40.0, 20.0], [80.0, 20.0], [80.0, 60.0], [40.0, 60.0]], }"
30.400000000000162,"{""waypoints"":[110.99240966738276, -19.23608725407159], ""unsafe_region"":[[40.0, 20.0], [80.0, 20.0], [80.0, 60.0], [40.0, 60.0]], }"
30.400000000000162,"{""waypoints"":[110.99240966738276, -19.23608725407159], ""unsafe_region"":[[40.0, 20.0], [80.0, 20.0], [80.0, 60.0], [40.0, 60.0]], }"
30.400000000000162,"{""waypoints"":[110.99240966738276, -19.23608725407159], ""unsafe_region"":[[40.0, 20.0], [80.0, 20.0], [80.0, 60.0], [40.0, 60.0]], }"
30.400000000000162,"{""waypoints"":[110.99240966738276, -19.23608725407159], ""unsafe_region"":[[40.0, 20.0], [80.0, 20.0], [80.0, 60.0], [40.0, 60.0]], }"
30.400000000000162,"{""waypoints"":[110.99240966738276, -19.23608725407159], ""unsafe_region"":[[40.0, 20.0], [80.0, 20.0], [80.0, 60.0], [40.0, 60.0]], }"
30.400000000000162,"{""waypoints"":[110.99240966738276, -19.23608725407159], ""unsafe_region"":[[40.0, 20.0], [80.0, 20.0], [80.0, 60.0], [40.0, 60.0]], }"
30.400000000000162,"{""waypoints"":[110.99240966738276, -19.23608725407159], ""unsafe_region"":[[40.0, 20.0], [80.0, 20.0], [80.0, 60.0], [40.0, 60.0]], }"
30.400000000000162,"{""waypoints"":[110.99240966738276, -19.23608725407159], ""unsafe_region"":[[40.0, 20.0], [80.0, 20.0], [80.0, 60.0], [40.0, 60.0]], }"
30.400000000000162,"{""waypoints"":[110.99240966738276, -19.23608725407159], ""unsafe_region"":[[40.0, 20.0], [80.0, 20.0], [80.0, 60.0], [40.0, 60.0]], }"
30.400000000000162,"{""waypoints"":[110.99240966738276, -19.23608725407159], ""unsafe_region"":[[40.0, 20.0], [80.0, 20.0], [80.0, 60.0], [40.0, 60.0]], }"
30.400000000000162,"{""waypoints"":[110.99240966738276, -19.23608725407159], ""unsafe_region"":[[40.0, 20.0], [80.0, 20.0], [80.0, 60.0], [40.0, 60.0]], }"
30.400000000000162,"{""waypoints"":[110.99240966738276, -19.23608725407159], ""unsafe_region"":[[40.0, 20.0], [80.0, 20.0], [80.0, 60.0], [40.0, 60.0]], }"
30.400000000000162,"{""waypoints"":[110.99240966738276, -19.23608725407159], ""unsafe_region"":[[40.0, 20.0], [80.0, 20.0], [80.0, 60.0], [40.0, 60.0]], }"
30.400000000000162,"{""waypoints"":[110.99240966738276, -19.23608725407159], ""unsafe_region"":[[40.0, 20.0], [80.0, 20.0], [80.0, 60.0], [40.0, 60.0]], }"
30.400000000000162,"{""waypoints"":[110.99240966738276, -19.23608725407159], ""unsafe_region"":[[40.0, 20.0], [80.0, 20.0], [80.0, 60.0], [40.0, 60.0]], }"
30.400000000000162,"{""waypoints"":[110.99240966738276, -19.23608725407159], ""unsafe_region"":[[40.0, 20.0], [80.0, 20.0], [80.0, 60.0], [40.0, 60.0]], }"
30.400000000000162,"{""waypoints"":[110.99240966738276, -19.23608725407159], ""unsafe_region"":[[40.0, 20.0], [80.0, 20.0], [80.0, 60.0], [40.0, 60.0]], }"
30.400000000000162,"{""waypoints"":[110.99240966738276, -19.23608725407159], ""unsafe_region"":[[40.0, 20.0], [80.0, 20.0], [80.0, 60.0], [40.0, 60.0]], }"
30.400000000000162,"{""waypoints"":[110.99240966738276, -19.23608725407159], ""unsafe_region"":[[40.0, 20.0], [80.0, 20.0], [80.0, 60.0], [40.0, 60.0]], }"
30.400000000000162,"{""waypoints"":[110.99240966738276, -19.23608725407159], ""unsafe_region"":[[40.0, 20.0], [80.0, 20.0], [80.0, 60.0], [40.0, 60.0]], }"
30.400000000000162,"{""waypoints"":[110.99240966738276, -19.23608725407159], ""unsafe_region"":[[40.0, 20.0], [80.0, 20.0], [80.0, 60.0], [40.0, 60.0]], }"
30.400000000000162,"{""waypoints"":[110.99240966738276, -19.23608725407159], ""unsafe_region"":[[40.0, 20.0], [80.0, 20.0], [80.0, 60.0], [40.0, 60.0]], }"
30.400000000000162,"{""waypoints"":[110.99240966738276, -19.23608725407159], ""unsafe_region"":[[40.0, 20.0], [80.0, 20.0], [80.0, 60.0], [40.0, 60.0]], }"
30.400000000000162,"{""waypoints"":[110.99240966738276, -19.23608725407159], ""unsafe_region"":[[40.0, 20.0], [80.0, 20.0], [80.0, 60.0], [40.0, 60.0]], }"
30.400000000000162,"{""waypoints"":[110.99240966738276, -19.23608725407159], ""unsafe_region"":[[40.0, 20.0], [80.0, 20.0], [80.0, 60.0], [40.0, 60.0]], }"
30.400000000000162,"{""waypoints"":[110.99240966738276, -19.23608725407159], ""unsafe_region"":[[40.0, 20.0], [80.0, 20.0], [80.0, 60.0], [40.0, 60.0]], }"
30.400000000000162,"{""waypoints"":[110.99240966738276, -19.23608725407159], ""unsafe_region"":[[40.0, 20.0], [80.0, 20.0], [80.0, 60.0], [40.0, 60.0]], }"
30.400000000000162,"{""waypoints"":[110.99240966738276, -19.23608725407159], ""unsafe_region"":[[40.0, 20.0], [80.0, 20.0], [80.0, 60.0], [40.0, 60.0]], }"
30.400000000000162,"{""waypoints"":[110.99240966738276, -19.23608725407159], ""unsafe_region"":[[40.0, 20.0], [80.0, 20.0], [80.0, 60.0], [40.0, 60.0]], }"
30.400000000000162,"{""waypoints"":[110.99240966738276, -19.23608725407159], ""unsafe_region"":[[40.0, 20.0], [80.0, 20.0], [80.0, 60.0], [40.0, 60.0]], }"
30.400000000000162,"{""waypoints"":[110.99240966738276, -19.23608725407159], ""unsafe_region"":[[40.0, 20.0], [80.0, 20.0], [80.0, 60.0], [40.0, 60.0]], }"
30.400000000000162,"{""waypoints"":[110.99240966738276, -19.23608725407159], ""unsafe_region"":[[40.0, 20.0], [80.0, 20.0], [80.0, 60.0], [40.0, 60.0]], }"
30.400000000000162,"{""waypoints"":[110.99240966738276, -19.23608725407159], ""unsafe_region"":[[40.0, 20.0], [80.0, 20.0], [80.0, 60.0], [40.0, 60.0]], }"
30.400000000000162,"{""waypoints"":[110.99240966738276, -19.23608725407159], ""unsafe_region"":[[40.0, 20.0], [80.0, 20.0], [80.0, 60.0], [40.0, 60.0]], }"
30.400000000000162,"{""waypoints"":[110.99240966738276, -19.23608725407159], ""unsafe_region"":[[40.0, 20.0], [80.0, 20.0], [80.0, 60.0], [40.0, 60.0]], }"
30.400000000000162,"{""waypoints"":[110.99240966738276, -19.23608725407159], ""unsafe_region"":[[40.0, 20.0], [80.0, 20.0], [80.0, 60.0], [40.0, 60.0]], }"
30.400000000000162,"{""waypoints"":[110.99240966738276, -19.23608725407159], ""unsafe_region"":[[40.0, 20.0], [80.0, 20.0], [80.0, 60.0], [40.0, 60.0]], }"
30.400000000000162,"{""waypoints"":[110.99240966738276, -19.23608725407159], ""unsafe_region"":[[40.0, 20.0], [80.0, 20.0], [80.0, 60.0], [40.0, 60.0]], }"
30.400000000000162,"{""waypoints"":[110.99240966738276, -19.23608725407159], ""unsafe_region"":[[40.0, 20.0], [80.0, 20.0], [80.0, 60.0], [40.0, 60.0]], }"
30.400000000000162,"{""waypoints"":[110.99240966738276, -19.23608725407159], ""unsafe_region"":[[40.0, 20.0], [80.0, 20.0], [80.0, 60.0], [40.0, 60.0]], }"
30.400000000000162,"{""waypoints"":[110.99240966738276, -19.23608725407159], ""unsafe_region"":[[40.0, 20.0], [80.0, 20.0], [80.0, 60.0], [40.0, 60.0]], }"
30.400000000000162,"{""waypoints"":[110.99240966738276, -19.23608725407159], ""unsafe_region"":[[40.0, 20.0], [80.0, 20.0], [80.0, 60.0], [40.0, 60.0]], }"
30.400000000000162,"{""waypoints"":[110.99240966738276, -19.23608725407159], ""unsafe_region"":[[40.0, 20.0], [80.0, 20.0], [80.0, 60.0], [40.0, 60.0]], }"
30.400000000000162,"{""waypoints"":[110.99240966738276, -19.23608725407159], ""unsafe_region"":[[40.0, 20.0], [80.0, 20.0], [80.0, 60.0], [40.0, 60.0]], }"
30.400000000000162,"{""waypoints"":[110.99240966738276, -19.23608725407159], ""unsafe_region"":[[40.0, 20.0], [80.0, 20.0], [80.0, 60.0], [40.0, 60.0]], }"
30.400000000000162,"{""waypoints"":[110.99240966738276, -19.23608725407159], ""unsafe_region"":[[40.0, 20.0], [80.0, 20.0], [80.0, 60.0], [40.0, 60.0]], }"
30.400000000000162,"{""waypoints"":[110.99240966738276, -19.23608725407159], ""unsafe_region"":[[40.0, 20.0], [80.0, 20.0], [80.0, 60.0], [40.0, 60.0]], }"
30.400000000000162,"{""waypoints"":[110.99240966738276, -19.23608725407159], ""unsafe_region"":[[40.0, 20.0], [80.0, 20.0], [80.0, 60.0], [40.0, 60.0]], }"
30.400000000000162,"{""waypoints"":[110.99240966738276, -19.23608725407159], ""unsafe_region"":[[40.0, 20.0], [80.0, 20.0], [80.0, 60.0], [40.0, 60.0]], }"
30.400000000000162,"{""waypoints"":[110.99240966738276, -19.23608725407159], ""unsafe_region"":[[40.0, 20.0], [80.0, 20.0], [80.0, 60.0], [40.0, 60.0]], }"
30.400000000000162,"{""waypoints"":[110.99240966738276, -19.23608725407159], ""unsafe_region"":[[40.0, 20.0], [80.0, 20.0], [80.0, 60.0], [40.0, 60.0]], }"
30.400000000000162,"{""waypoints"":[110.99240966738276, -19.23608725407159], ""unsafe_region"":[[40.0, 20.0], [80.0, 20.0], [80.0, 60.0], [40.0, 60.0]], }"
30.400000000000162,"{""waypoints"":[110.99240966738276, -19.23608725407159], ""unsafe_region"":[[40.0, 20.0], [80.0, 20.0], [80.0, 60.0], [40.0, 60.0]], }"
30.400000000000162,"{""waypoints"":[110.99240966738276, -19.23608725407159], ""unsafe_region"":[[40.0, 20.0], [80.0, 20.0], [80.0, 60.0], [40.0, 60.0]], }"
30.400000000000162,"{""waypoints"":[110.99240966738276, -19.23608725407159], ""unsafe_region"":[[40.0, 20.0], [80.0, 20.0], [80.0, 60.0], [40.0, 60.0]], }"
30.400000000000162,"{""waypoints"":[110.99240966738276, -19.23608725407159], ""unsafe_region"":[[40.0, 20.0], [80.0, 20.0], [80.0, 60.0], [40.0, 60.0]], }"
30.400000000000162,"{""waypoints"":[110.99240966738276, -19.23608725407159], ""unsafe_region"":[[40.0, 20.0], [80.0, 20.0], [80.0, 60.0], [40.0, 60.0]], }"
30.400000000000162,"{""waypoints"":[110.99240966738276, -19.23608725407159], ""unsafe_region"":[[40.0, 20.0], [80.0, 20.0], [80.0, 60.0], [40.0, 60.0]], }"
30.400000000000162,"{""waypoints"":[110.99240966738276, -19.23608725407159], ""unsafe_region"":[[40.0, 20.0], [80.0, 20.0], [80.0, 60.0], [40.0, 60.0]], }"
38.300000000000274,"{""waypoints"":[110.99240966738276, -19.23608725407159], ""unsafe_region"":[[40.0, 20.0], [80.0, 20.0], [80.0, 60.0], [40.0, 60.0]], }"
38.400000000000276,"{""waypoints"":[110.99240966738276, -19.23608725407159], ""unsafe_region"":[[40.0, 20.0], [80.0, 20.0], [80.0, 60.0], [40.0, 60.0]], }"
38.400000000000276,"{""waypoints"":[110.99240966738276, -19.23608725407159], ""unsafe_region"":[[40.0, 20.0], [80.0, 20.0], [80.0, 60.0], [40.0, 60.0]], }"
38.400000000000276,"{""waypoints"":[110.99240966738276, -19.23608725407159], ""unsafe_region"":[[40.0, 20.0], [80.0, 20.0], [80.0, 60.0], [40.0, 60.0]], }"
38.400000000000276,"{""waypoints"":[110.99240966738276, -19.23608725407159], ""unsafe_region"":[[40.0, 20.0], [80.0, 20.0], [80.0, 60.0], [40.0, 60.0]], }"
38.400000000000276,"{""waypoints"":[110.99240966738276, -19.23608725407159], ""unsafe_region"":[[40.0, 20.0], [80.0, 20.0], [80.0, 60.0], [40.0, 60.0]], }"
38.400000000000276,"{""waypoints"":[110.99240966738276, -19.23608725407159], ""unsafe_region"":[[40.0, 20.0], [80.0, 20.0], [80.0, 60.0], [40.0, 60.0]], }"
38.400000000000276,"{""waypoints"":[110.99240966738276, -19.23608725407159], ""unsafe_region"":[[40.0, 20.0], [80.0, 20.0], [80.0, 60.0], [40.0, 60.0]], }"
38.400000000000276,"{""waypoints"":[110.99240966738276, -19.23608725407159], ""unsafe_region"":[[40.0, 20.0], [80.0, 20.0], [80.0, 60.0], [40.0, 60.0]], }"
38.400000000000276,"{""waypoints"":[110.99240966738276, -19.23608725407159], ""unsafe_region"":[[40.0, 20.0], [80.0, 20.0], [80.0, 60.0], [40.0, 60.0]], }"
38.400000000000276,"{""waypoints"":[110.99240966738276, -19.23608725407159], ""unsafe_region"":[[40.0, 20.0], [80.0, 20.0], [80.0, 60.0], [40.0, 60.0]], }"
38.400000000000276,"{""waypoints"":[110.99240966738276, -19.23608725407159], ""unsafe_region"":[[40.0, 20.0], [80.0, 20.0], [80.0, 60.0], [40.0, 60.0]], }"
38.400000000000276,"{""waypoints"":[110.99240966738276, -19.23608725407159], ""unsafe_region"":[[40.0, 20.0], [80.0, 20.0], [80.0, 60.0], [40.0, 60.0]], }"
38.400000000000276,"{""waypoints"":[110.99240966738276, -19.23608725407159], ""unsafe_region"":[[40.0, 20.0], [80.0, 20.0], [80.0, 60.0], [40.0, 60.0]], }"
38.400000000000276,"{""waypoints"":[110.99240966738276, -19.23608725407159], ""unsafe_region"":[[40.0, 20.0], [80.0, 20.0], [80.0, 60.0], [40.0, 60.0]], }"
38.400000000000276,"{""waypoints"":[110.99240966738276, -19.23608725407159], ""unsafe_region"":[[40.0, 20.0], [80.0, 20.0], [80.0, 60.0], [40.0, 60.0]], }"
38.400000000000276,"{""waypoints"":[110.99240966738276, -19.23608725407159], ""unsafe_region"":[[40.0, 20.0], [80.0, 20.0], [80.0, 60.0], [40.0, 60.0]], }"
38.400000000000276,"{""waypoints"":[110.99240966738276, -19.23608725407159], ""unsafe_region"":[[40.0, 20.0], [80.0, 20.0], [80.0, 60.0], [40.0, 60.0]], }"
38.400000000000276,"{""waypoints"":[110.99240966738276, -19.23608725407159], ""unsafe_region"":[[40.0, 20.0], [80.0, 20.0], [80.0, 60.0], [40.0, 60.0]], }"
38.400000000000276,"{""waypoints"":[110.99240966738276, -19.23608725407159], ""unsafe_region"":[[40.0, 20.0], [80.0, 20.0], [80.0, 60.0], [40.0, 60.0]], }"
38.400000000000276,"{""waypoints"":[110.99240966738276, -19.23608725407159], ""unsafe_region"":[[40.0, 20.0], [80.0, 20.0], [80.0, 60.0], [40.0, 60.0]], }"
38.400000000000276,"{""waypoints"":[110.99240966738276, -19.23608725407159], ""unsafe_region"":[[40.0, 20.0], [80.0, 20.0], [80.0, 60.0], [40.0, 60.0]], }"
38.400000000000276,"{""waypoints"":[110.99240966738276, -19.23608725407159], ""unsafe_region"":[[40.0, 20.0], [80.0, 20.0], [80.0, 60.0], [40.0, 60.0]], }"
38.400000000000276,"{""waypoints"":[110.99240966738276, -19.23608725407159], ""unsafe_region"":[[40.0, 20.0], [80.0, 20.0], [80.0, 60.0], [40.0, 60.0]], }"
38.400000000000276,"{""waypoints"":[110.99240966738276, -19.23608725407159], ""unsafe_region"":[[40.0, 20.0], [80.0, 20.0], [80.0, 60.0], [40.0, 60.0]], }"
38.400000000000276,"{""waypoints"":[110.99240966738276, -19.23608725407159], ""unsafe_region"":[[40.0, 20.0], [80.0, 20.0], [80.0, 60.0], [40.0, 60.0]], }"
38.400000000000276,"{""waypoints"":[110.99240966738276, -19.23608725407159], ""unsafe_region"":[[40.0, 20.0], [80.0, 20.0], [80.0, 60.0], [40.0, 60.0]], }"
38.400000000000276,"{""waypoints"":[110.99240966738276, -19.23608725407159], ""unsafe_region"":[[40.0, 20.0], [80.0, 20.0], [80.0, 60.0], [40.0, 60.0]], }"
38.400000000000276,"{""waypoints"":[110.99240966738276, -19.23608725407159], ""unsafe_region"":[[40.0, 20.0], [80.0, 20.0], [80.0, 60.0], [40.0, 60.0]], }"
38.400000000000276,"{""waypoints"":[110.99240966738276, -19.23608725407159], ""unsafe_region"":[[40.0, 20.0], [80.0, 20.0], [80.0, 60.0], [40.0, 60.0]], }"
38.400000000000276,"{""waypoints"":[110.99240966738276, -19.23608725407159], ""unsafe_region"":[[40.0, 20.0], [80.0, 20.0], [80.0, 60.0], [40.0, 60.0]], }"
38.400000000000276,"{""waypoints"":[110.99240966738276, -19.23608725407159], ""unsafe_region"":[[40.0, 20.0], [80.0, 20.0], [80.0, 60.0], [40.0, 60.0]], }"
38.400000000000276,"{""waypoints"":[110.99240966738276, -19.23608725407159], ""unsafe_region"":[[40.0, 20.0], [80.0, 20.0], [80.0, 60.0], [40.0, 60.0]], }"
38.400000000000276,"{""waypoints"":[110.99240966738276, -19.23608725407159], ""unsafe_region"":[[40.0, 20.0], [80.0, 20.0], [80.0, 60.0], [40.0, 60.0]], }"
38.400000000000276,"{""waypoints"":[110.99240966738276, -19.23608725407159], ""unsafe_region"":[[40.0, 20.0], [80.0, 20.0], [80.0, 60.0], [40.0, 60.0]], }"
38.400000000000276,"{""waypoints"":[110.99240966738276, -19.23608725407159], ""unsafe_region"":[[40.0, 20.0], [80.0, 20.0], [80.0, 60.0], [40.0, 60.0]], }"
38.400000000000276,"{""waypoints"":[110.99240966738276, -19.23608725407159], ""unsafe_region"":[[40.0, 20.0], [80.0, 20.0], [80.0, 60.0], [40.0, 60.0]], }"
38.400000000000276,"{""waypoints"":[110.99240966738276, -19.23608725407159], ""unsafe_region"":[[40.0, 20.0], [80.0, 20.0], [80.0, 60.0], [40.0, 60.0]], }"
38.400000000000276,"{""waypoints"":[110.99240966738276, -19.23608725407159], ""unsafe_region"":[[40.0, 20.0], [80.0, 20.0], [80.0, 60.0], [40.0, 60.0]], }"
38.400000000000276,"{""waypoints"":[110.99240966738276, -19.23608725407159], ""unsafe_region"":[[40.0, 20.0], [80.0, 20.0], [80.0, 60.0], [40.0, 60.0]], }"
38.400000000000276,"{""waypoints"":[110.99240966738276, -19.23608725407159], ""unsafe_region"":[[40.0, 20.0], [80.0, 20.0], [80.0, 60.0], [40.0, 60.0]], }"
38.400000000000276,"{""waypoints"":[110.99240966738276, -19.23608725407159], ""unsafe_region"":[[40.0, 20.0], [80.0, 20.0], [80.0, 60.0], [40.0, 60.0]], }"
38.400000000000276,"{""waypoints"":[110.99240966738276, -19.23608725407159], ""unsafe_region"":[[40.0, 20.0], [80.0, 20.0], [80.0, 60.0], [40.0, 60.0]], }"
38.400000000000276,"{""waypoints"":[110.99240966738276, -19.23608725407159], ""unsafe_region"":[[40.0, 20.0], [80.0, 20.0], [80.0, 60.0], [40.0, 60.0]], }"
38.400000000000276,"{""waypoints"":[110.99240966738276, -19.23608725407159], ""unsafe_region"":[[40.0, 20.0], [80.0, 20.0], [80.0, 60.0], [40.0, 60.0]], }"
38.400000000000276,"{""waypoints"":[110.99240966738276, -19.23608725407159], ""unsafe_region"":[[40.0, 20.0], [80.0, 20.0], [80.0, 60.0], [40.0, 60.0]], }"
38.400000000000276,"{""waypoints"":[110.99240966738276, -19.23608725407159], ""unsafe_region"":[[40.0, 20.0], [80.0, 20.0], [80.0, 60.0], [40.0, 60.0]], }"
38.400000000000276,"{""waypoints"":[110.99240966738276, -19.23608725407159], ""unsafe_region"":[[40.0, 20.0], [80.0, 20.0], [80.0, 60.0], [40.0, 60.0]], }"
38.400000000000276,"{""waypoints"":[110.99240966738276, -19.23608725407159], ""unsafe_region"":[[40.0, 20.0], [80.0, 20.0], [80.0, 60.0], [40.0, 60.0]], }"
38.400000000000276,"{""waypoints"":[110.99240966738276, -19.23608725407159], ""unsafe_region"":[[40.0, 20.0], [80.0, 20.0], [80.0, 60.0], [40.0, 60.0]], }"
38.400000000000276,"{""waypoints"":[110.99240966738276, -19.23608725407159], ""unsafe_region"":[[40.0, 20.0], [80.0, 20.0], [80.0, 60.0], [40.0, 60.0]], }"
38.400000000000276,"{""waypoints"":[110.99240966738276, -19.23608725407159], ""unsafe_region"":[[40.0, 20.0], [80.0, 20.0], [80.0, 60.0], [40.0, 60.0]], }"
38.400000000000276,"{""waypoints"":[110.99240966738276, -19.23608725407159], ""unsafe_region"":[[40.0, 20.0], [80.0, 20.0], [80.0, 60.0], [40.0, 60.0]], }"
38.400000000000276,"{""waypoints"":[110.99240966738276, -19.23608725407159], ""unsafe_region"":[[40.0, 20.0], [80.0, 20.0], [80.0, 60.0], [40.0, 60.0]], }"
38.400000000000276,"{""waypoints"":[110.99240966738276, -19.23608725407159], ""unsafe_region"":[[40.0, 20.0], [80.0, 20.0], [80.0, 60.0], [40.0, 60.0]], }"
38.400000000000276,"{""waypoints"":[110.99240966738276, -19.23608725407159], ""unsafe_region"":[[40.0, 20.0], [80.0, 20.0], [80.0, 60.0], [40.0, 60.0]], }"
38.400000000000276,"{""waypoints"":[110.99240966738276, -19.23608725407159], ""unsafe_region"":[[40.0, 20.0], [80.0, 20.0], [80.0, 60.0], [40.0, 60.0]], }"
38.400000000000276,"{""waypoints"":[110.99240966738276, -19.23608725407159], ""unsafe_region"":[[40.0, 20.0], [80.0, 20.0], [80.0, 60.0], [40.0, 60.0]], }"
38.400000000000276,"{""waypoints"":[110.99240966738276, -19.23608725407159], ""unsafe_region"":[[40.0, 20.0], [80.0, 20.0], [80.0, 60.0], [40.0, 60.0]], }"
38.400000000000276,"{""waypoints"":[110.99240966738276, -19.23608725407159], ""unsafe_region"":[[40.0, 20.0], [80.0, 20.0], [80.0, 60.0], [40.0, 60.0]], }"
38.400000000000276,"{""waypoints"":[110.99240966738276, -19.23608725407159], ""unsafe_region"":[[40.0, 20.0], [80.0, 20.0], [80.0, 60.0], [40.0, 60.0]], }"
38.400000000000276,"{""waypoints"":[110.99240966738276, -19.23608725407159], ""unsafe_region"":[[40.0, 20.0], [80.0, 20.0], [80.0, 60.0], [40.0, 60.0]], }"
38.400000000000276,"{""waypoints"":[110.99240966738276, -19.23608725407159], ""unsafe_region"":[[40.0, 20.0], [80.0, 20.0], [80.0, 60.0], [40.0, 60.0]], }"
38.400000000000276,"{""waypoints"":[110.99240966738276, -19.23608725407159], ""unsafe_region"":[[40.0, 20.0], [80.0, 20.0], [80.0, 60.0], [40.0, 60.0]], }"
38.400000000000276,"{""waypoints"":[110.99240966738276, -19.23608725407159], ""unsafe_region"":[[40.0, 20.0], [80.0, 20.0], [80.0, 60.0], [40.0, 60.0]], }"
38.400000000000276,"{""waypoints"":[110.99240966738276, -19.23608725407159], ""unsafe_region"":[[40.0, 20.0], [80.0, 20.0], [80.0, 60.0], [40.0, 60.0]], }"
38.400000000000276,"{""waypoints"":[110.99240966738276, -19.23608725407159], ""unsafe_region"":[[40.0, 20.0], [80.0, 20.0], [80.0, 60.0], [40.0, 60.0]], }"
38.400000000000276,"{""waypoints"":[110.99240966738276, -19.23608725407159], ""unsafe_region"":[[40.0, 20.0], [80.0, 20.0], [80.0, 60.0], [40.0, 60.0]], }"
38.400000000000276,"{""waypoints"":[110.99240966738276, -19.23608725407159], ""unsafe_region"":[[40.0, 20.0], [80.0, 20.0], [80.0, 60.0], [40.0, 60.0]], }"
38.400000000000276,"{""waypoints"":[110.99240966738276, -19.23608725407159], ""unsafe_region"":[[40.0, 20.0], [80.0, 20.0], [80.0, 60.0], [40.0, 60.0]], }"
38.400000000000276,"{""waypoints"":[110.99240966738276, -19.23608725407159], ""unsafe_region"":[[40.0, 20.0], [80.0, 20.0], [80.0, 60.0], [40.0, 60.0]], }"
38.400000000000276,"{""waypoints"":[110.99240966738276, -19.23608725407159], ""unsafe_region"":[[40.0, 20.0], [80.0, 20.0], [80.0, 60.0], [40.0, 60.0]], }"
38.400000000000276,"{""waypoints"":[110.99240966738276, -19.23608725407159], ""unsafe_region"":[[40.0, 20.0], [80.0, 20.0], [80.0, 60.0], [40.0, 60.0]], }"
38.400000000000276,"{""waypoints"":[110.99240966738276, -19.23608725407159], ""unsafe_region"":[[40.0, 20.0], [80.0, 20.0], [80.0, 60.0], [40.0, 60.0]], }"
38.400000000000276,"{""waypoints"":[110.99240966738276, -19.23608725407159], ""unsafe_region"":[[40.0, 20.0], [80.0, 20.0], [80.0, 60.0], [40.0, 60.0]], }"
38.400000000000276,"{""waypoints"":[110.99240966738276, -19.23608725407159], ""unsafe_region"":[[40.0, 20.0], [80.0, 20.0], [80.0, 60.0], [40.0, 60.0]], }"
38.400000000000276,"{""waypoints"":[110.99240966738276, -19.23608725407159], ""unsafe_region"":[[40.0, 20.0], [80.0, 20.0], [80.0, 60.0], [40.0, 60.0]], }"
38.400000000000276,"{""waypoints"":[110.99240966738276, -19.23608725407159], ""unsafe_region"":[[40.0, 20.0], [80.0, 20.0], [80.0, 60.0], [40.0, 60.0]], }"
38.400000000000276,"{""waypoints"":[110.99240966738276, -19.23608725407159], ""unsafe_region"":[[40.0, 20.0], [80.0, 20.0], [80.0, 60.0], [40.0, 60.0]], }"
38.400000000000276,"{""waypoints"":[110.99240966738276, -19.23608725407159], ""unsafe_region"":[[40.0, 20.0], [80.0, 20.0], [80.0, 60.0], [40.0, 60.0]], }"
46.20000000000039,"{""waypoints"":[110.99240966738276, -19.23608725407159], ""unsafe_region"":[[40.0, 20.0], [80.0, 20.0], [80.0, 60.0], [40.0, 60.0]], }"
46.30000000000039,"{""waypoints"":[110.99240966738276, -19.23608725407159], ""unsafe_region"":[[40.0, 20.0], [80.0, 20.0], [80.0, 60.0], [40.0, 60.0]], }"
46.30000000000039,"{""waypoints"":[110.99240966738276, -19.23608725407159], ""unsafe_region"":[[40.0, 20.0], [80.0, 20.0], [80.0, 60.0], [40.0, 60.0]], }"
46.30000000000039,"{""waypoints"":[110.99240966738276, -19.23608725407159], ""unsafe_region"":[[40.0, 20.0], [80.0, 20.0], [80.0, 60.0], [40.0, 60.0]], }"
46.30000000000039,"{""waypoints"":[110.99240966738276, -19.23608725407159], ""unsafe_region"":[[40.0, 20.0], [80.0, 20.0], [80.0, 60.0], [40.0, 60.0]], }"
46.30000000000039,"{""waypoints"":[110.99240966738276, -19.23608725407159], ""unsafe_region"":[[40.0, 20.0], [80.0, 20.0], [80.0, 60.0], [40.0, 60.0]], }"
46.30000000000039,"{""waypoints"":[110.99240966738276, -19.23608725407159], ""unsafe_region"":[[40.0, 20.0], [80.0, 20.0], [80.0, 60.0], [40.0, 60.0]], }"
46.30000000000039,"{""waypoints"":[110.99240966738276, -19.23608725407159], ""unsafe_region"":[[40.0, 20.0], [80.0, 20.0], [80.0, 60.0], [40.0, 60.0]], }"
46.30000000000039,"{""waypoints"":[110.99240966738276, -19.23608725407159], ""unsafe_region"":[[40.0, 20.0], [80.0, 20.0], [80.0, 60.0], [40.0, 60.0]], }"
46.30000000000039,"{""waypoints"":[110.99240966738276, -19.23608725407159], ""unsafe_region"":[[40.0, 20.0], [80.0, 20.0], [80.0, 60.0], [40.0, 60.0]], }"
46.30000000000039,"{""waypoints"":[110.99240966738276, -19.23608725407159], ""unsafe_region"":[[40.0, 20.0], [80.0, 20.0], [80.0, 60.0], [40.0, 60.0]], }"
46.30000000000039,"{""waypoints"":[110.99240966738276, -19.23608725407159], ""unsafe_region"":[[40.0, 20.0], [80.0, 20.0], [80.0, 60.0], [40.0, 60.0]], }"
46.30000000000039,"{""waypoints"":[110.99240966738276, -19.23608725407159], ""unsafe_region"":[[40.0, 20.0], [80.0, 20.0], [80.0, 60.0], [40.0, 60.0]], }"
46.30000000000039,"{""waypoints"":[110.99240966738276, -19.23608725407159], ""unsafe_region"":[[40.0, 20.0], [80.0, 20.0], [80.0, 60.0], [40.0, 60.0]], }"
46.30000000000039,"{""waypoints"":[110.99240966738276, -19.23608725407159], ""unsafe_region"":[[40.0, 20.0], [80.0, 20.0], [80.0, 60.0], [40.0, 60.0]], }"
46.30000000000039,"{""waypoints"":[110.99240966738276, -19.23608725407159], ""unsafe_region"":[[40.0, 20.0], [80.0, 20.0], [80.0, 60.0], [40.0, 60.0]], }"
46.30000000000039,"{""waypoints"":[110.99240966738276, -19.23608725407159], ""unsafe_region"":[[40.0, 20.0], [80.0, 20.0], [80.0, 60.0], [40.0, 60.0]], }"
46.30000000000039,"{""waypoints"":[110.99240966738276, -19.23608725407159], ""unsafe_region"":[[40.0, 20.0], [80.0, 20.0], [80.0, 60.0], [40.0, 60.0]], }"
46.30000000000039,"{""waypoints"":[110.99240966738276, -19.23608725407159], ""unsafe_region"":[[40.0, 20.0], [80.0, 20.0], [80.0, 60.0], [40.0, 60.0]], }"
46.30000000000039,"{""waypoints"":[110.99240966738276, -19.23608725407159], ""unsafe_region"":[[40.0, 20.0], [80.0, 20.0], [80.0, 60.0], [40.0, 60.0]], }"
46.30000000000039,"{""waypoints"":[110.99240966738276, -19.23608725407159], ""unsafe_region"":[[40.0, 20.0], [80.0, 20.0], [80.0, 60.0], [40.0, 60.0]], }"
46.30000000000039,"{""waypoints"":[110.99240966738276, -19.23608725407159], ""unsafe_region"":[[40.0, 20.0], [80.0, 20.0], [80.0, 60.0], [40.0, 60.0]], }"
46.30000000000039,"{""waypoints"":[110.99240966738276, -19.23608725407159], ""unsafe_region"":[[40.0, 20.0], [80.0, 20.0], [80.0, 60.0], [40.0, 60.0]], }"
46.30000000000039,"{""waypoints"":[110.99240966738276, -19.23608725407159], ""unsafe_region"":[[40.0, 20.0], [80.0, 20.0], [80.0, 60.0], [40.0, 60.0]], }"
46.30000000000039,"{""waypoints"":[110.99240966738276, -19.23608725407159], ""unsafe_region"":[[40.0, 20.0], [80.0, 20.0], [80.0, 60.0], [40.0, 60.0]], }"
46.30000000000039,"{""waypoints"":[110.99240966738276, -19.23608725407159], ""unsafe_region"":[[40.0, 20.0], [80.0, 20.0], [80.0, 60.0], [40.0, 60.0]], }"
46.30000000000039,"{""waypoints"":[110.99240966738276, -19.23608725407159], ""unsafe_region"":[[40.0, 20.0], [80.0, 20.0], [80.0, 60.0], [40.0, 60.0]], }"
46.30000000000039,"{""waypoints"":[110.99240966738276, -19.23608725407159], ""unsafe_region"":[[40.0, 20.0], [80.0, 20.0], [80.0, 60.0], [40.0, 60.0]], }"
46.30000000000039,"{""waypoints"":[110.99240966738276, -19.23608725407159], ""unsafe_region"":[[40.0, 20.0], [80.0, 20.0], [80.0, 60.0], [40.0, 60.0]], }"
46.30000000000039,"{""waypoints"":[110.99240966738276, -19.23608725407159], ""unsafe_region"":[[40.0, 20.0], [80.0, 20.0], [80.0, 60.0], [40.0, 60.0]], }"
46.30000000000039,"{""waypoints"":[110.99240966738276, -19.23608725407159], ""unsafe_region"":[[40.0, 20.0], [80.0, 20.0], [80.0, 60.0], [40.0, 60.0]], }"
46.30000000000039,"{""waypoints"":[110.99240966738276, -19.23608725407159], ""unsafe_region"":[[40.0, 20.0], [80.0, 20.0], [80.0, 60.0], [40.0, 60.0]], }"
46.30000000000039,"{""waypoints"":[110.99240966738276, -19.23608725407159], ""unsafe_region"":[[40.0, 20.0], [80.0, 20.0], [80.0, 60.0], [40.0, 60.0]], }"
46.30000000000039,"{""waypoints"":[110.99240966738276, -19.23608725407159], ""unsafe_region"":[[40.0, 20.0], [80.0, 20.0], [80.0, 60.0], [40.0, 60.0]], }"
46.30000000000039,"{""waypoints"":[110.99240966738276, -19.23608725407159], ""unsafe_region"":[[40.0, 20.0], [80.0, 20.0], [80.0, 60.0], [40.0, 60.0]], }"
46.30000000000039,"{""waypoints"":[110.99240966738276, -19.23608725407159], ""unsafe_region"":[[40.0, 20.0], [80.0, 20.0], [80.0, 60.0], [40.0, 60.0]], }"
46.30000000000039,"{""waypoints"":[110.99240966738276, -19.23608725407159], ""unsafe_region"":[[40.0, 20.0], [80.0, 20.0], [80.0, 60.0], [40.0, 60.0]], }"
46.30000000000039,"{""waypoints"":[110.99240966738276, -19.23608725407159], ""unsafe_region"":[[40.0, 20.0], [80.0, 20.0], [80.0, 60.0], [40.0, 60.0]], }"
46.30000000000039,"{""waypoints"":[110.99240966738276, -19.23608725407159], ""unsafe_region"":[[40.0, 20.0], [80.0, 20.0], [80.0, 60.0], [40.0, 60.0]], }"
46.30000000000039,"{""waypoints"":[110.99240966738276, -19.23608725407159], ""unsafe_region"":[[40.0, 20.0], [80.0, 20.0], [80.0, 60.0], [40.0, 60.0]], }"
46.30000000000039,"{""waypoints"":[110.99240966738276, -19.23608725407159], ""unsafe_region"":[[40.0, 20.0], [80.0, 20.0], [80.0, 60.0], [40.0, 60.0]], }"
46.30000000000039,"{""waypoints"":[110.99240966738276, -19.23608725407159], ""unsafe_region"":[[40.0, 20.0], [80.0, 20.0], [80.0, 60.0], [40.0, 60.0]], }"
46.30000000000039,"{""waypoints"":[110.99240966738276, -19.23608725407159], ""unsafe_region"":[[40.0, 20.0], [80.0, 20.0], [80.0, 60.0], [40.0, 60.0]], }"
46.30000000000039,"{""waypoints"":[110.99240966738276, -19.23608725407159], ""unsafe_region"":[[40.0, 20.0], [80.0, 20.0], [80.0, 60.0], [40.0, 60.0]], }"
46.30000000000039,"{""waypoints"":[110.99240966738276, -19.23608725407159], ""unsafe_region"":[[40.0, 20.0], [80.0, 20.0], [80.0, 60.0], [40.0, 60.0]], }"
46.30000000000039,"{""waypoints"":[110.99240966738276, -19.23608725407159], ""unsafe_region"":[[40.0, 20.0], [80.0, 20.0], [80.0, 60.0], [40.0, 60.0]], }"
46.30000000000039,"{""waypoints"":[110.99240966738276, -19.23608725407159], ""unsafe_region"":[[40.0, 20.0], [80.0, 20.0], [80.0, 60.0], [40.0, 60.0]], }"
46.30000000000039,"{""waypoints"":[110.99240966738276, -19.23608725407159], ""unsafe_region"":[[40.0, 20.0], [80.0, 20.0], [80.0, 60.0], [40.0, 60.0]], }"
46.30000000000039,"{""waypoints"":[110.99240966738276, -19.23608725407159], ""unsafe_region"":[[40.0, 20.0], [80.0, 20.0], [80.0, 60.0], [40.0, 60.0]], }"
46.30000000000039,"{""waypoints"":[110.99240966738276, -19.23608725407159], ""unsafe_region"":[[40.0, 20.0], [80.0, 20.0], [80.0, 60.0], [40.0, 60.0]], }"
46.30000000000039,"{""waypoints"":[110.99240966738276, -19.23608725407159], ""unsafe_region"":[[40.0, 20.0], [80.0, 20.0], [80.0, 60.0], [40.0, 60.0]], }"
46.30000000000039,"{""waypoints"":[110.99240966738276, -19.23608725407159], ""unsafe_region"":[[40.0, 20.0], [80.0, 20.0], [80.0, 60.0], [40.0, 60.0]], }"
46.30000000000039,"{""waypoints"":[110.99240966738276, -19.23608725407159], ""unsafe_region"":[[40.0, 20.0], [80.0, 20.0], [80.0, 60.0], [40.0, 60.0]], }"
46.30000000000039,"{""waypoints"":[110.99240966738276, -19.23608725407159], ""unsafe_region"":[[40.0, 20.0], [80.0, 20.0], [80.0, 60.0], [40.0, 60.0]], }"
46.30000000000039,"{""waypoints"":[110.99240966738276, -19.23608725407159], ""unsafe_region"":[[40.0, 20.0], [80.0, 20.0], [80.0, 60.0], [40.0, 60.0]], }"
46.30000000000039,"{""waypoints"":[110.99240966738276, -19.23608725407159], ""unsafe_region"":[[40.0, 20.0], [80.0, 20.0], [80.0, 60.0], [40.0, 60.0]], }"
46.30000000000039,"{""waypoints"":[110.99240966738276, -19.23608725407159], ""unsafe_region"":[[40.0, 20.0], [80.0, 20.0], [80.0, 60.0], [40.0, 60.0]], }"
46.30000000000039,"{""waypoints"":[110.99240966738276, -19.23608725407159], ""unsafe_region"":[[40.0, 20.0], [80.0, 20.0], [80.0, 60.0], [40.0, 60.0]], }"
46.30000000000039,"{""waypoints"":[110.99240966738276, -19.23608725407159], ""unsafe_region"":[[40.0, 20.0], [80.0, 20.0], [80.0, 60.0], [40.0, 60.0]], }"
46.30000000000039,"{""waypoints"":[110.99240966738276, -19.23608725407159], ""unsafe_region"":[[40.0, 20.0], [80.0, 20.0], [80.0, 60.0], [40.0, 60.0]], }"
46.30000000000039,"{""waypoints"":[110.99240966738276, -19.23608725407159], ""unsafe_region"":[[40.0, 20.0], [80.0, 20.0], [80.0, 60.0], [40.0, 60.0]], }"
46.30000000000039,"{""waypoints"":[110.99240966738276, -19.23608725407159], ""unsafe_region"":[[40.0, 20.0], [80.0, 20.0], [80.0, 60.0], [40.0, 60.0]], }"
46.30000000000039,"{""waypoints"":[110.99240966738276, -19.23608725407159], ""unsafe_region"":[[40.0, 20.0], [80.0, 20.0], [80.0, 60.0], [40.0, 60.0]], }"
46.30000000000039,"{""waypoints"":[110.99240966738276, -19.23608725407159], ""unsafe_region"":[[40.0, 20.0], [80.0, 20.0], [80.0, 60.0], [40.0, 60.0]], }"
46.30000000000039,"{""waypoints"":[110.99240966738276, -19.23608725407159], ""unsafe_region"":[[40.0, 20.0], [80.0, 20.0], [80.0, 60.0], [40.0, 60.0]], }"
46.30000000000039,"{""waypoints"":[110.99240966738276, -19.23608725407159], ""unsafe_region"":[[40.0, 20.0], [80.0, 20.0], [80.0, 60.0], [40.0, 60.0]], }"
46.30000000000039,"{""waypoints"":[110.99240966738276, -19.23608725407159], ""unsafe_region"":[[40.0, 20.0], [80.0, 20.0], [80.0, 60.0], [40.0, 60.0]], }"
46.30000000000039,"{""waypoints"":[110.99240966738276, -19.23608725407159], ""unsafe_region"":[[40.0, 20.0], [80.0, 20.0], [80.0, 60.0], [40.0, 60.0]], }"
46.30000000000039,"{""waypoints"":[110.99240966738276, -19.23608725407159], ""unsafe_region"":[[40.0, 20.0], [80.0, 20.0], [80.0, 60.0], [40.0, 60.0]], }"
46.30000000000039,"{""waypoints"":[110.99240966738276, -19.23608725407159], ""unsafe_region"":[[40.0, 20.0], [80.0, 20.0], [80.0, 60.0], [40.0, 60.0]], }"
46.30000000000039,"{""waypoints"":[110.99240966738276, -19.23608725407159], ""unsafe_region"":[[40.0, 20.0], [80.0, 20.0], [80.0, 60.0], [40.0, 60.0]], }"
46.30000000000039,"{""waypoints"":[110.99240966738276, -19.23608725407159], ""unsafe_region"":[[40.0, 20.0], [80.0, 20.0], [80.0, 60.0], [40.0, 60.0]], }"
46.30000000000039,"{""waypoints"":[110.99240966738276, -19.23608725407159], ""unsafe_region"":[[40.0, 20.0], [80.0, 20.0], [80.0, 60.0], [40.0, 60.0]], }"
46.30000000000039,"{""waypoints"":[110.99240966738276, -19.23608725407159], ""unsafe_region"":[[40.0, 20.0], [80.0, 20.0], [80.0, 60.0], [40.0, 60.0]], }"
46.30000000000039,"{""waypoints"":[110.99240966738276, -19.23608725407159], ""unsafe_region"":[[40.0, 20.0], [80.0, 20.0], [80.0, 60.0], [40.0, 60.0]], }"
46.30000000000039,"{""waypoints"":[110.99240966738276, -19.23608725407159], ""unsafe_region"":[[40.0, 20.0], [80.0, 20.0], [80.0, 60.0], [40.0, 60.0]], }"
46.30000000000039,"{""waypoints"":[110.99240966738276, -19.23608725407159], ""unsafe_region"":[[40.0, 20.0], [80.0, 20.0], [80.0, 60.0], [40.0, 60.0]], }"
46.30000000000039,"{""waypoints"":[110.99240966738276, -19.23608725407159], ""unsafe_region"":[[40.0, 20.0], [80.0, 20.0], [80.0, 60.0], [40.0, 60.0]], }"
46.30000000000039,"{""waypoints"":[110.99240966738276, -19.23608725407159], ""unsafe_region"":[[40.0, 20.0], [80.0, 20.0], [80.0, 60.0], [40.0, 60.0]], }"
54.2000000000005,"{""waypoints"":[110.99240966738276, -19.23608725407159], ""unsafe_region"":[[40.0, 20.0], [80.0, 20.0], [80.0, 60.0], [40.0, 60.0]], }"
54.3000000000005,"{""waypoints"":[110.99240966738276, -19.23608725407159], ""unsafe_region"":[[40.0, 20.0], [80.0, 20.0], [80.0, 60.0], [40.0, 60.0]], }"
54.3000000000005,"{""waypoints"":[110.99240966738276, -19.23608725407159], ""unsafe_region"":[[40.0, 20.0], [80.0, 20.0], [80.0, 60.0], [40.0, 60.0]], }"
54.3000000000005,"{""waypoints"":[110.99240966738276, -19.23608725407159], ""unsafe_region"":[[40.0, 20.0], [80.0, 20.0], [80.0, 60.0], [40.0, 60.0]], }"
54.3000000000005,"{""waypoints"":[110.99240966738276, -19.23608725407159], ""unsafe_region"":[[40.0, 20.0], [80.0, 20.0], [80.0, 60.0], [40.0, 60.0]], }"
54.3000000000005,"{""waypoints"":[110.99240966738276, -19.23608725407159], ""unsafe_region"":[[40.0, 20.0], [80.0, 20.0], [80.0, 60.0], [40.0, 60.0]], }"
54.3000000000005,"{""waypoints"":[110.99240966738276, -19.23608725407159], ""unsafe_region"":[[40.0, 20.0], [80.0, 20.0], [80.0, 60.0], [40.0, 60.0]], }"
54.3000000000005,"{""waypoints"":[110.99240966738276, -19.23608725407159], ""unsafe_region"":[[40.0, 20.0], [80.0, 20.0], [80.0, 60.0], [40.0, 60.0]], }"
54.3000000000005,"{""waypoints"":[110.99240966738276, -19.23608725407159], ""unsafe_region"":[[40.0, 20.0], [80.0, 20.0], [80.0, 60.0], [40.0, 60.0]], }"
54.3000000000005,"{""waypoints"":[110.99240966738276, -19.23608725407159], ""unsafe_region"":[[40.0, 20.0], [80.0, 20.0], [80.0, 60.0], [40.0, 60.0]], }"
54.3000000000005,"{""waypoints"":[110.99240966738276, -19.23608725407159], ""unsafe_region"":[[40.0, 20.0], [80.0, 20.0], [80.0, 60.0], [40.0, 60.0]], }"
54.3000000000005,"{""waypoints"":[110.99240966738276, -19.23608725407159], ""unsafe_region"":[[40.0, 20.0], [80.0, 20.0], [80.0, 60.0], [40.0, 60.0]], }"
54.3000000000005,"{""waypoints"":[110.99240966738276, -19.23608725407159], ""unsafe_region"":[[40.0, 20.0], [80.0, 20.0], [80.0, 60.0], [40.0, 60.0]], }"
54.3000000000005,"{""waypoints"":[110.99240966738276, -19.23608725407159], ""unsafe_region"":[[40.0, 20.0], [80.0, 20.0], [80.0, 60.0], [40.0, 60.0]], }"
54.3000000000005,"{""waypoints"":[110.99240966738276, -19.23608725407159], ""unsafe_region"":[[40.0, 20.0], [80.0, 20.0], [80.0, 60.0], [40.0, 60.0]], }"
54.3000000000005,"{""waypoints"":[110.99240966738276, -19.23608725407159], ""unsafe_region"":[[40.0, 20.0], [80.0, 20.0], [80.0, 60.0], [40.0, 60.0]], }"
54.3000000000005,"{""waypoints"":[110.99240966738276, -19.23608725407159], ""unsafe_region"":[[40.0, 20.0], [80.0, 20.0], [80.0, 60.0], [40.0, 60.0]], }"
54.3000000000005,"{""waypoints"":[110.99240966738276, -19.23608725407159], ""unsafe_region"":[[40.0, 20.0], [80.0, 20.0], [80.0, 60.0], [40.0, 60.0]], }"
54.3000000000005,"{""waypoints"":[110.99240966738276, -19.23608725407159], ""unsafe_region"":[[40.0, 20.0], [80.0, 20.0], [80.0, 60.0], [40.0, 60.0]], }"
54.3000000000005,"{""waypoints"":[110.99240966738276, -19.23608725407159], ""unsafe_region"":[[40.0, 20.0], [80.0, 20.0], [80.0, 60.0], [40.0, 60.0]], }"
54.3000000000005,"{""waypoints"":[110.99240966738276, -19.23608725407159], ""unsafe_region"":[[40.0, 20.0], [80.0, 20.0], [80.0, 60.0], [40.0, 60.0]], }"
54.3000000000005,"{""waypoints"":[110.99240966738276, -19.23608725407159], ""unsafe_region"":[[40.0, 20.0], [80.0, 20.0], [80.0, 60.0], [40.0, 60.0]], }"
54.3000000000005,"{""waypoints"":[110.99240966738276, -19.23608725407159], ""unsafe_region"":[[40.0, 20.0], [80.0, 20.0], [80.0, 60.0], [40.0, 60.0]], }"
54.3000000000005,"{""waypoints"":[110.99240966738276, -19.23608725407159], ""unsafe_region"":[[40.0, 20.0], [80.0, 20.0], [80.0, 60.0], [40.0, 60.0]], }"
54.3000000000005,"{""waypoints"":[110.99240966738276, -19.23608725407159], ""unsafe_region"":[[40.0, 20.0], [80.0, 20.0], [80.0, 60.0], [40.0, 60.0]], }"
54.3000000000005,"{""waypoints"":[110.99240966738276, -19.23608725407159], ""unsafe_region"":[[40.0, 20.0], [80.0, 20.0], [80.0, 60.0], [40.0, 60.0]], }"
54.3000000000005,"{""waypoints"":[110.99240966738276, -19.23608725407159], ""unsafe_region"":[[40.0, 20.0], [80.0, 20.0], [80.0, 60.0], [40.0, 60.0]], }"
54.3000000000005,"{""waypoints"":[110.99240966738276, -19.23608725407159], ""unsafe_region"":[[40.0, 20.0], [80.0, 20.0], [80.0, 60.0], [40.0, 60.0]], }"
54.3000000000005,"{""waypoints"":[110.99240966738276, -19.23608725407159], ""unsafe_region"":[[40.0, 20.0], [80.0, 20.0], [80.0, 60.0], [40.0, 60.0]], }"
54.3000000000005,"{""waypoints"":[110.99240966738276, -19.23608725407159], ""unsafe_region"":[[40.0, 20.0], [80.0, 20.0], [80.0, 60.0], [40.0, 60.0]], }"
54.3000000000005,"{""waypoints"":[110.99240966738276, -19.23608725407159], ""unsafe_region"":[[40.0, 20.0], [80.0, 20.0], [80.0, 60.0], [40.0, 60.0]], }"
54.3000000000005,"{""waypoints"":[110.99240966738276, -19.23608725407159], ""unsafe_region"":[[40.0, 20.0], [80.0, 20.0], [80.0, 60.0], [40.0, 60.0]], }"
54.3000000000005,"{""waypoints"":[110.99240966738276, -19.23608725407159], ""unsafe_region"":[[40.0, 20.0], [80.0, 20.0], [80.0, 60.0], [40.0, 60.0]], }"
54.3000000000005,"{""waypoints"":[110.99240966738276, -19.23608725407159], ""unsafe_region"":[[40.0, 20.0], [80.0, 20.0], [80.0, 60.0], [40.0, 60.0]], }"
54.3000000000005,"{""waypoints"":[110.99240966738276, -19.23608725407159], ""unsafe_region"":[[40.0, 20.0], [80.0, 20.0], [80.0, 60.0], [40.0, 60.0]], }"
54.3000000000005,"{""waypoints"":[110.99240966738276, -19.23608725407159], ""unsafe_region"":[[40.0, 20.0], [80.0, 20.0], [80.0, 60.0], [40.0, 60.0]], }"
54.3000000000005,"{""waypoints"":[110.99240966738276, -19.23608725407159], ""unsafe_region"":[[40.0, 20.0], [80.0, 20.0], [80.0, 60.0], [40.0, 60.0]], }"
54.3000000000005,"{""waypoints"":[110.99240966738276, -19.23608725407159], ""unsafe_region"":[[40.0, 20.0], [80.0, 20.0], [80.0, 60.0], [40.0, 60.0]], }"
54.3000000000005,"{""waypoints"":[110.99240966738276, -19.23608725407159], ""unsafe_region"":[[40.0, 20.0], [80.0, 20.0], [80.0, 60.0], [40.0, 60.0]], }"
54.3000000000005,"{""waypoints"":[110.99240966738276, -19.23608725407159], ""unsafe_region"":[[40.0, 20.0], [80.0, 20.0], [80.0, 60.0], [40.0, 60.0]], }"
54.3000000000005,"{""waypoints"":[110.99240966738276, -19.23608725407159], ""unsafe_region"":[[40.0, 20.0], [80.0, 20.0], [80.0, 60.0], [40.0, 60.0]], }"
54.3000000000005,"{""waypoints"":[110.99240966738276, -19.23608725407159], ""unsafe_region"":[[40.0, 20.0], [80.0, 20.0], [80.0, 60.0], [40.0, 60.0]], }"
54.3000000000005,"{""waypoints"":[110.99240966738276, -19.23608725407159], ""unsafe_region"":[[40.0, 20.0], [80.0, 20.0], [80.0, 60.0], [40.0, 60.0]], }"
54.3000000000005,"{""waypoints"":[110.99240966738276, -19.23608725407159], ""unsafe_region"":[[40.0, 20.0], [80.0, 20.0], [80.0, 60.0], [40.0, 60.0]], }"
54.3000000000005,"{""waypoints"":[110.99240966738276, -19.23608725407159], ""unsafe_region"":[[40.0, 20.0], [80.0, 20.0], [80.0, 60.0], [40.0, 60.0]], }"
54.3000000000005,"{""waypoints"":[110.99240966738276, -19.23608725407159], ""unsafe_region"":[[40.0, 20.0], [80.0, 20.0], [80.0, 60.0], [40.0, 60.0]], }"
54.3000000000005,"{""waypoints"":[110.99240966738276, -19.23608725407159], ""unsafe_region"":[[40.0, 20.0], [80.0, 20.0], [80.0, 60.0], [40.0, 60.0]], }"
54.3000000000005,"{""waypoints"":[110.99240966738276, -19.23608725407159], ""unsafe_region"":[[40.0, 20.0], [80.0, 20.0], [80.0, 60.0], [40.0, 60.0]], }"
54.3000000000005,"{""waypoints"":[110.99240966738276, -19.23608725407159], ""unsafe_region"":[[40.0, 20.0], [80.0, 20.0], [80.0, 60.0], [40.0, 60.0]], }"
54.3000000000005,"{""waypoints"":[110.99240966738276, -19.23608725407159], ""unsafe_region"":[[40.0, 20.0], [80.0, 20.0], [80.0, 60.0], [40.0, 60.0]], }"
54.3000000000005,"{""waypoints"":[110.99240966738276, -19.23608725407159], ""unsafe_region"":[[40.0, 20.0], [80.0, 20.0], [80.0, 60.0], [40.0, 60.0]], }"
54.3000000000005,"{""waypoints"":[110.99240966738276, -19.23608725407159], ""unsafe_region"":[[40.0, 20.0], [80.0, 20.0], [80.0, 60.0], [40.0, 60.0]], }"
54.3000000000005,"{""waypoints"":[110.99240966738276, -19.23608725407159], ""unsafe_region"":[[40.0, 20.0], [80.0, 20.0], [80.0, 60.0], [40.0, 60.0]], }"
54.3000000000005,"{""waypoints"":[110.99240966738276, -19.23608725407159], ""unsafe_region"":[[40.0, 20.0], [80.0, 20.0], [80.0, 60.0], [40.0, 60.0]], }"
54.3000000000005,"{""waypoints"":[110.99240966738276, -19.23608725407159], ""unsafe_region"":[[40.0, 20.0], [80.0, 20.0], [80.0, 60.0], [40.0, 60.0]], }"
54.3000000000005,"{""waypoints"":[110.99240966738276, -19.23608725407159], ""unsafe_region"":[[40.0, 20.0], [80.0, 20.0], [80.0, 60.0], [40.0, 60.0]], }"
54.3000000000005,"{""waypoints"":[110.99240966738276, -19.23608725407159], ""unsafe_region"":[[40.0, 20.0], [80.0, 20.0], [80.0, 60.0], [40.0, 60.0]], }"
54.3000000000005,"{""waypoints"":[110.99240966738276, -19.23608725407159], ""unsafe_region"":[[40.0, 20.0], [80.0, 20.0], [80.0, 60.0], [40.0, 60.0]], }"
54.3000000000005,"{""waypoints"":[110.99240966738276, -19.23608725407159], ""unsafe_region"":[[40.0, 20.0], [80.0, 20.0], [80.0, 60.0], [40.0, 60.0]], }"
54.3000000000005,"{""waypoints"":[110.99240966738276, -19.23608725407159], ""unsafe_region"":[[40.0, 20.0], [80.0, 20.0], [80.0, 60.0], [40.0, 60.0]], }"
54.3000000000005,"{""waypoints"":[110.99240966738276, -19.23608725407159], ""unsafe_region"":[[40.0, 20.0], [80.0, 20.0], [80.0, 60.0], [40.0, 60.0]], }"
54.3000000000005,"{""waypoints"":[110.99240966738276, -19.23608725407159], ""unsafe_region"":[[40.0, 20.0], [80.0, 20.0], [80.0, 60.0], [40.0, 60.0]], }"
54.3000000000005,"{""waypoints"":[110.99240966738276, -19.23608725407159], ""unsafe_region"":[[40.0, 20.0], [80.0, 20.0], [80.0, 60.0], [40.0, 60.0]], }"
54.3000000000005,"{""waypoints"":[110.99240966738276, -19.23608725407159], ""unsafe_region"":[[40.0, 20.0], [80.0, 20.0], [80.0, 60.0], [40.0, 60.0]], }"
54.3000000000005,"{""waypoints"":[110.99240966738276, -19.23608725407159], ""unsafe_region"":[[40.0, 20.0], [80.0, 20.0], [80.0, 60.0], [40.0, 60.0]], }"
54.3000000000005,"{""waypoints"":[110.99240966738276, -19.23608725407159], ""unsafe_region"":[[40.0, 20.0], [80.0, 20.0], [80.0, 60.0], [40.0, 60.0]], }"
54.3000000000005,"{""waypoints"":[110.99240966738276, -19.23608725407159], ""unsafe_region"":[[40.0, 20.0], [80.0, 20.0], [80.0, 60.0], [40.0, 60.0]], }"
54.3000000000005,"{""waypoints"":[110.99240966738276, -19.23608725407159], ""unsafe_region"":[[40.0, 20.0], [80.0, 20.0], [80.0, 60.0], [40.0, 60.0]], }"
54.3000000000005,"{""waypoints"":[110.99240966738276, -19.23608725407159], ""unsafe_region"":[[40.0, 20.0], [80.0, 20.0], [80.0, 60.0], [40.0, 60.0]], }"
54.3000000000005,"{""waypoints"":[110.99240966738276, -19.23608725407159], ""unsafe_region"":[[40.0, 20.0], [80.0, 20.0], [80.0, 60.0], [40.0, 60.0]], }"
54.3000000000005,"{""waypoints"":[110.99240966738276, -19.23608725407159], ""unsafe_region"":[[40.0, 20.0], [80.0, 20.0], [80.0, 60.0], [40.0, 60.0]], }"
54.3000000000005,"{""waypoints"":[110.99240966738276, -19.23608725407159], ""unsafe_region"":[[40.0, 20.0], [80.0, 20.0], [80.0, 60.0], [40.0, 60.0]], }"
54.3000000000005,"{""waypoints"":[110.99240966738276, -19.23608725407159], ""unsafe_region"":[[40.0, 20.0], [80.0, 20.0], [80.0, 60.0], [40.0, 60.0]], }"
54.3000000000005,"{""waypoints"":[110.99240966738276, -19.23608725407159], ""unsafe_region"":[[40.0, 20.0], [80.0, 20.0], [80.0, 60.0], [40.0, 60.0]], }"
54.3000000000005,"{""waypoints"":[110.99240966738276, -19.23608725407159], ""unsafe_region"":[[40.0, 20.0], [80.0, 20.0], [80.0, 60.0], [40.0, 60.0]], }"
54.3000000000005,"{""waypoints"":[110.99240966738276, -19.23608725407159], ""unsafe_region"":[[40.0, 20.0], [80.0, 20.0], [80.0, 60.0], [40.0, 60.0]], }"
54.3000000000005,"{""waypoints"":[110.99240966738276, -19.23608725407159], ""unsafe_region"":[[40.0, 20.0], [80.0, 20.0], [80.0, 60.0], [40.0, 60.0]], }"
54.3000000000005,"{""waypoints"":[110.99240966738276, -19.23608725407159], ""unsafe_region"":[[40.0, 20.0], [80.0, 20.0], [80.0, 60.0], [40.0, 60.0]], }"
54.3000000000005,"{""waypoints"":[110.99240966738276, -19.23608725407159], ""unsafe_region"":[[40.0, 20.0], [80.0, 20.0], [80.0, 60.0], [40.0, 60.0]], }"
54.3000000000005,"{""waypoints"":[110.99240966738276, -19.23608725407159], ""unsafe_region"":[[40.0, 20.0], [80.0, 20.0], [80.0, 60.0], [40.0, 60.0]], }"
62.00000000000061,"{""waypoints"":[180, 140], ""unsafe_region"":[[40.0, 20.0], [80.0, 20.0], [80.0, 60.0], [40.0, 60.0]], }"
62.10000000000061,"{""waypoints"":[180, 140], ""unsafe_region"":[[40.0, 20.0], [80.0, 20.0], [80.0, 60.0], [40.0, 60.0]], }"
62.10000000000061,"{""waypoints"":[180, 140], ""unsafe_region"":[[40.0, 20.0], [80.0, 20.0], [80.0, 60.0], [40.0, 60.0]], }"
62.10000000000061,"{""waypoints"":[180, 140], ""unsafe_region"":[[40.0, 20.0], [80.0, 20.0], [80.0, 60.0], [40.0, 60.0]], }"
62.10000000000061,"{""waypoints"":[180, 140], ""unsafe_region"":[[40.0, 20.0], [80.0, 20.0], [80.0, 60.0], [40.0, 60.0]], }"
62.10000000000061,"{""waypoints"":[180, 140], ""unsafe_region"":[[40.0, 20.0], [80.0, 20.0], [80.0, 60.0], [40.0, 60.0]], }"
62.10000000000061,"{""waypoints"":[180, 140], ""unsafe_region"":[[40.0, 20.0], [80.0, 20.0], [80.0, 60.0], [40.0, 60.0]], }"
62.10000000000061,"{""waypoints"":[180, 140], ""unsafe_region"":[[40.0, 20.0], [80.0, 20.0], [80.0, 60.0], [40.0, 60.0]], }"
62.10000000000061,"{""waypoints"":[180, 140], ""unsafe_region"":[[40.0, 20.0], [80.0, 20.0], [80.0, 60.0], [40.0, 60.0]], }"
62.10000000000061,"{""waypoints"":[180, 140], ""unsafe_region"":[[40.0, 20.0], [80.0, 20.0], [80.0, 60.0], [40.0, 60.0]], }"
62.10000000000061,"{""waypoints"":[180, 140], ""unsafe_region"":[[40.0, 20.0], [80.0, 20.0], [80.0, 60.0], [40.0, 60.0]], }"
62.10000000000061,"{""waypoints"":[180, 140], ""unsafe_region"":[[40.0, 20.0], [80.0, 20.0], [80.0, 60.0], [40.0, 60.0]], }"
62.10000000000061,"{""waypoints"":[180, 140], ""unsafe_region"":[[40.0, 20.0], [80.0, 20.0], [80.0, 60.0], [40.0, 60.0]], }"
62.10000000000061,"{""waypoints"":[180, 140], ""unsafe_region"":[[40.0, 20.0], [80.0, 20.0], [80.0, 60.0], [40.0, 60.0]], }"
62.10000000000061,"{""waypoints"":[180, 140], ""unsafe_region"":[[40.0, 20.0], [80.0, 20.0], [80.0, 60.0], [40.0, 60.0]], }"
62.10000000000061,"{""waypoints"":[180, 140], ""unsafe_region"":[[40.0, 20.0], [80.0, 20.0], [80.0, 60.0], [40.0, 60.0]], }"
62.10000000000061,"{""waypoints"":[180, 140], ""unsafe_region"":[[40.0, 20.0], [80.0, 20.0], [80.0, 60.0], [40.0, 60.0]], }"
62.10000000000061,"{""waypoints"":[180, 140], ""unsafe_region"":[[40.0, 20.0], [80.0, 20.0], [80.0, 60.0], [40.0, 60.0]], }"
62.10000000000061,"{""waypoints"":[180, 140], ""unsafe_region"":[[40.0, 20.0], [80.0, 20.0], [80.0, 60.0], [40.0, 60.0]], }"
62.10000000000061,"{""waypoints"":[180, 140], ""unsafe_region"":[[40.0, 20.0], [80.0, 20.0], [80.0, 60.0], [40.0, 60.0]], }"
62.10000000000061,"{""waypoints"":[180, 140], ""unsafe_region"":[[40.0, 20.0], [80.0, 20.0], [80.0, 60.0], [40.0, 60.0]], }"
62.10000000000061,"{""waypoints"":[180, 140], ""unsafe_region"":[[40.0, 20.0], [80.0, 20.0], [80.0, 60.0], [40.0, 60.0]], }"
62.10000000000061,"{""waypoints"":[180, 140], ""unsafe_region"":[[40.0, 20.0], [80.0, 20.0], [80.0, 60.0], [40.0, 60.0]], }"
62.10000000000061,"{""waypoints"":[180, 140], ""unsafe_region"":[[40.0, 20.0], [80.0, 20.0], [80.0, 60.0], [40.0, 60.0]], }"
62.10000000000061,"{""waypoints"":[180, 140], ""unsafe_region"":[[40.0, 20.0], [80.0, 20.0], [80.0, 60.0], [40.0, 60.0]], }"
62.10000000000061,"{""waypoints"":[180, 140], ""unsafe_region"":[[40.0, 20.0], [80.0, 20.0], [80.0, 60.0], [40.0, 60.0]], }"
62.10000000000061,"{""waypoints"":[180, 140], ""unsafe_region"":[[40.0, 20.0], [80.0, 20.0], [80.0, 60.0], [40.0, 60.0]], }"
62.10000000000061,"{""waypoints"":[180, 140], ""unsafe_region"":[[40.0, 20.0], [80.0, 20.0], [80.0, 60.0], [40.0, 60.0]], }"
62.10000000000061,"{""waypoints"":[180, 140], ""unsafe_region"":[[40.0, 20.0], [80.0, 20.0], [80.0, 60.0], [40.0, 60.0]], }"
62.10000000000061,"{""waypoints"":[180, 140], ""unsafe_region"":[[40.0, 20.0], [80.0, 20.0], [80.0, 60.0], [40.0, 60.0]], }"
62.10000000000061,"{""waypoints"":[180, 140], ""unsafe_region"":[[40.0, 20.0], [80.0, 20.0], [80.0, 60.0], [40.0, 60.0]], }"
62.10000000000061,"{""waypoints"":[180, 140], ""unsafe_region"":[[40.0, 20.0], [80.0, 20.0], [80.0, 60.0], [40.0, 60.0]], }"
62.10000000000061,"{""waypoints"":[180, 140], ""unsafe_region"":[[40.0, 20.0], [80.0, 20.0], [80.0, 60.0], [40.0, 60.0]], }"
62.10000000000061,"{""waypoints"":[180, 140], ""unsafe_region"":[[40.0, 20.0], [80.0, 20.0], [80.0, 60.0], [40.0, 60.0]], }"
62.10000000000061,"{""waypoints"":[180, 140], ""unsafe_region"":[[40.0, 20.0], [80.0, 20.0], [80.0, 60.0], [40.0, 60.0]], }"
62.10000000000061,"{""waypoints"":[180, 140], ""unsafe_region"":[[40.0, 20.0], [80.0, 20.0], [80.0, 60.0], [40.0, 60.0]], }"
62.10000000000061,"{""waypoints"":[180, 140], ""unsafe_region"":[[40.0, 20.0], [80.0, 20.0], [80.0, 60.0], [40.0, 60.0]], }"
62.10000000000061,"{""waypoints"":[180, 140], ""unsafe_region"":[[40.0, 20.0], [80.0, 20.0], [80.0, 60.0], [40.0, 60.0]], }"
62.10000000000061,"{""waypoints"":[180, 140], ""unsafe_region"":[[40.0, 20.0], [80.0, 20.0], [80.0, 60.0], [40.0, 60.0]], }"
62.10000000000061,"{""waypoints"":[180, 140], ""unsafe_region"":[[40.0, 20.0], [80.0, 20.0], [80.0, 60.0], [40.0, 60.0]], }"
62.10000000000061,"{""waypoints"":[180, 140], ""unsafe_region"":[[40.0, 20.0], [80.0, 20.0], [80.0, 60.0], [40.0, 60.0]], }"
62.10000000000061,"{""waypoints"":[180, 140], ""unsafe_region"":[[40.0, 20.0], [80.0, 20.0], [80.0, 60.0], [40.0, 60.0]], }"
62.10000000000061,"{""waypoints"":[180, 140], ""unsafe_region"":[[40.0, 20.0], [80.0, 20.0], [80.0, 60.0], [40.0, 60.0]], }"
62.10000000000061,"{""waypoints"":[180, 140], ""unsafe_region"":[[40.0, 20.0], [80.0, 20.0], [80.0, 60.0], [40.0, 60.0]], }"
62.10000000000061,"{""waypoints"":[180, 140], ""unsafe_region"":[[40.0, 20.0], [80.0, 20.0], [80.0, 60.0], [40.0, 60.0]], }"
62.10000000000061,"{""waypoints"":[180, 140], ""unsafe_region"":[[40.0, 20.0], [80.0, 20.0], [80.0, 60.0], [40.0, 60.0]], }"
62.10000000000061,"{""waypoints"":[180, 140], ""unsafe_region"":[[40.0, 20.0], [80.0, 20.0], [80.0, 60.0], [40.0, 60.0]], }"
62.10000000000061,"{""waypoints"":[180, 140], ""unsafe_region"":[[40.0, 20.0], [80.0, 20.0], [80.0, 60.0], [40.0, 60.0]], }"
62.10000000000061,"{""waypoints"":[180, 140], ""unsafe_region"":[[40.0, 20.0], [80.0, 20.0], [80.0, 60.0], [40.0, 60.0]], }"
62.10000000000061,"{""waypoints"":[180, 140], ""unsafe_region"":[[40.0, 20.0], [80.0, 20.0], [80.0, 60.0], [40.0, 60.0]], }"
62.10000000000061,"{""waypoints"":[180, 140], ""unsafe_region"":[[40.0, 20.0], [80.0, 20.0], [80.0, 60.0], [40.0, 60.0]], }"
62.10000000000061,"{""waypoints"":[180, 140], ""unsafe_region"":[[40.0, 20.0], [80.0, 20.0], [80.0, 60.0], [40.0, 60.0]], }"
62.10000000000061,"{""waypoints"":[180, 140], ""unsafe_region"":[[40.0, 20.0], [80.0, 20.0], [80.0, 60.0], [40.0, 60.0]], }"
62.10000000000061,"{""waypoints"":[180, 140], ""unsafe_region"":[[40.0, 20.0], [80.0, 20.0], [80.0, 60.0], [40.0, 60.0]], }"
62.10000000000061,"{""waypoints"":[180, 140], ""unsafe_region"":[[40.0, 20.0], [80.0, 20.0], [80.0, 60.0], [40.0, 60.0]], }"
62.10000000000061,"{""waypoints"":[180, 140], ""unsafe_region"":[[40.0, 20.0], [80.0, 20.0], [80.0, 60.0], [40.0, 60.0]], }"
62.10000000000061,"{""waypoints"":[180, 140], ""unsafe_region"":[[40.0, 20.0], [80.0, 20.0], [80.0, 60.0], [40.0, 60.0]], }"
62.10000000000061,"{""waypoints"":[180, 140], ""unsafe_region"":[[40.0, 20.0], [80.0, 20.0], [80.0, 60.0], [40.0, 60.0]], }"
62.10000000000061,"{""waypoints"":[180, 140], ""unsafe_region"":[[40.0, 20.0], [80.0, 20.0], [80.0, 60.0], [40.0, 60.0]], }"
62.10000000000061,"{""waypoints"":[180, 140], ""unsafe_region"":[[40.0, 20.0], [80.0, 20.0], [80.0, 60.0], [40.0, 60.0]], }"
62.10000000000061,"{""waypoints"":[180, 140], ""unsafe_region"":[[40.0, 20.0], [80.0, 20.0], [80.0, 60.0], [40.0, 60.0]], }"
62.10000000000061,"{""waypoints"":[180, 140], ""unsafe_region"":[[40.0, 20.0], [80.0, 20.0], [80.0, 60.0], [40.0, 60.0]], }"
62.10000000000061,"{""waypoints"":[180, 140], ""unsafe_region"":[[40.0, 20.0], [80.0, 20.0], [80.0, 60.0], [40.0, 60.0]], }"
62.10000000000061,"{""waypoints"":[180, 140], ""unsafe_region"":[[40.0, 20.0], [80.0, 20.0], [80.0, 60.0], [40.0, 60.0]], }"
62.10000000000061,"{""waypoints"":[180, 140], ""unsafe_region"":[[40.0, 20.0], [80.0, 20.0], [80.0, 60.0], [40.0, 60.0]], }"
62.10000000000061,"{""waypoints"":[180, 140], ""unsafe_region"":[[40.0, 20.0], [80.0, 20.0], [80.0, 60.0], [40.0, 60.0]], }"
62.10000000000061,"{""waypoints"":[180, 140], ""unsafe_region"":[[40.0, 20.0], [80.0, 20.0], [80.0, 60.0], [40.0, 60.0]], }"
62.10000000000061,"{""waypoints"":[180, 140], ""unsafe_region"":[[40.0, 20.0], [80.0, 20.0], [80.0, 60.0], [40.0, 60.0]], }"
62.10000000000061,"{""waypoints"":[180, 140], ""unsafe_region"":[[40.0, 20.0], [80.0, 20.0], [80.0, 60.0], [40.0, 60.0]], }"
62.10000000000061,"{""waypoints"":[180, 140], ""unsafe_region"":[[40.0, 20.0], [80.0, 20.0], [80.0, 60.0], [40.0, 60.0]], }"
62.10000000000061,"{""waypoints"":[180, 140], ""unsafe_region"":[[40.0, 20.0], [80.0, 20.0], [80.0, 60.0], [40.0, 60.0]], }"
62.10000000000061,"{""waypoints"":[180, 140], ""unsafe_region"":[[40.0, 20.0], [80.0, 20.0], [80.0, 60.0], [40.0, 60.0]], }"
62.10000000000061,"{""waypoints"":[180, 140], ""unsafe_region"":[[40.0, 20.0], [80.0, 20.0], [80.0, 60.0], [40.0, 60.0]], }"
62.10000000000061,"{""waypoints"":[180, 140], ""unsafe_region"":[[40.0, 20.0], [80.0, 20.0], [80.0, 60.0], [40.0, 60.0]], }"
62.10000000000061,"{""waypoints"":[180, 140], ""unsafe_region"":[[40.0, 20.0], [80.0, 20.0], [80.0, 60.0], [40.0, 60.0]], }"
62.10000000000061,"{""waypoints"":[180, 140], ""unsafe_region"":[[40.0, 20.0], [80.0, 20.0], [80.0, 60.0], [40.0, 60.0]], }"
62.10000000000061,"{""waypoints"":[180, 140], ""unsafe_region"":[[40.0, 20.0], [80.0, 20.0], [80.0, 60.0], [40.0, 60.0]], }"
62.10000000000061,"{""waypoints"":[180, 140], ""unsafe_region"":[[40.0, 20.0], [80.0, 20.0], [80.0, 60.0], [40.0, 60.0]], }"
70.0000000000003,"{""waypoints"":[180, 140], ""unsafe_region"":[[40.0, 20.0], [80.0, 20.0], [80.0, 60.0], [40.0, 60.0]], }"
70.10000000000029,"{""waypoints"":[180, 140], ""unsafe_region"":[[40.0, 20.0], [80.0, 20.0], [80.0, 60.0], [40.0, 60.0]], }"
70.10000000000029,"{""waypoints"":[180, 140], ""unsafe_region"":[[40.0, 20.0], [80.0, 20.0], [80.0, 60.0], [40.0, 60.0]], }"
70.10000000000029,"{""waypoints"":[180, 140], ""unsafe_region"":[[40.0, 20.0], [80.0, 20.0], [80.0, 60.0], [40.0, 60.0]], }"
70.10000000000029,"{""waypoints"":[180, 140], ""unsafe_region"":[[40.0, 20.0], [80.0, 20.0], [80.0, 60.0], [40.0, 60.0]], }"
70.10000000000029,"{""waypoints"":[180, 140], ""unsafe_region"":[[40.0, 20.0], [80.0, 20.0], [80.0, 60.0], [40.0, 60.0]], }"
70.10000000000029,"{""waypoints"":[180, 140], ""unsafe_region"":[[40.0, 20.0], [80.0, 20.0], [80.0, 60.0], [40.0, 60.0]], }"
70.10000000000029,"{""waypoints"":[180, 140], ""unsafe_region"":[[40.0, 20.0], [80.0, 20.0], [80.0, 60.0], [40.0, 60.0]], }"
70.10000000000029,"{""waypoints"":[180, 140], ""unsafe_region"":[[40.0, 20.0], [80.0, 20.0], [80.0, 60.0], [40.0, 60.0]], }"
70.10000000000029,"{""waypoints"":[180, 140], ""unsafe_region"":[[40.0, 20.0], [80.0, 20.0], [80.0, 60.0], [40.0, 60.0]], }"
70.10000000000029,"{""waypoints"":[180, 140], ""unsafe_region"":[[40.0, 20.0], [80.0, 20.0], [80.0, 60.0], [40.0, 60.0]], }"
70.10000000000029,"{""waypoints"":[180, 140], ""unsafe_region"":[[40.0, 20.0], [80.0, 20.0], [80.0, 60.0], [40.0, 60.0]], }"
70.10000000000029,"{""waypoints"":[180, 140], ""unsafe_region"":[[40.0, 20.0], [80.0, 20.0], [80.0, 60.0], [40.0, 60.0]], }"
70.10000000000029,"{""waypoints"":[180, 140], ""unsafe_region"":[[40.0, 20.0], [80.0, 20.0], [80.0, 60.0], [40.0, 60.0]], }"
70.10000000000029,"{""waypoints"":[180, 140], ""unsafe_region"":[[40.0, 20.0], [80.0, 20.0], [80.0, 60.0], [40.0, 60.0]], }"
70.10000000000029,"{""waypoints"":[180, 140], ""unsafe_region"":[[40.0, 20.0], [80.0, 20.0], [80.0, 60.0], [40.0, 60.0]], }"
70.10000000000029,"{""waypoints"":[180, 140], ""unsafe_region"":[[40.0, 20.0], [80.0, 20.0], [80.0, 60.0], [40.0, 60.0]], }"
70.10000000000029,"{""waypoints"":[180, 140], ""unsafe_region"":[[40.0, 20.0], [80.0, 20.0], [80.0, 60.0], [40.0, 60.0]], }"
70.10000000000029,"{""waypoints"":[180, 140], ""unsafe_region"":[[40.0, 20.0], [80.0, 20.0], [80.0, 60.0], [40.0, 60.0]], }"
70.10000000000029,"{""waypoints"":[180, 140], ""unsafe_region"":[[40.0, 20.0], [80.0, 20.0], [80.0, 60.0], [40.0, 60.0]], }"
70.10000000000029,"{""waypoints"":[180, 140], ""unsafe_region"":[[40.0, 20.0], [80.0, 20.0], [80.0, 60.0], [40.0, 60.0]], }"
70.10000000000029,"{""waypoints"":[180, 140], ""unsafe_region"":[[40.0, 20.0], [80.0, 20.0], [80.0, 60.0], [40.0, 60.0]], }"
70.10000000000029,"{""waypoints"":[180, 140], ""unsafe_region"":[[40.0, 20.0], [80.0, 20.0], [80.0, 60.0], [40.0, 60.0]], }"
70.10000000000029,"{""waypoints"":[180, 140], ""unsafe_region"":[[40.0, 20.0], [80.0, 20.0], [80.0, 60.0], [40.0, 60.0]], }"
70.10000000000029,"{""waypoints"":[180, 140], ""unsafe_region"":[[40.0, 20.0], [80.0, 20.0], [80.0, 60.0], [40.0, 60.0]], }"
70.10000000000029,"{""waypoints"":[180, 140], ""unsafe_region"":[[40.0, 20.0], [80.0, 20.0], [80.0, 60.0], [40.0, 60.0]], }"
70.10000000000029,"{""waypoints"":[180, 140], ""unsafe_region"":[[40.0, 20.0], [80.0, 20.0], [80.0, 60.0], [40.0, 60.0]], }"
70.10000000000029,"{""waypoints"":[180, 140], ""unsafe_region"":[[40.0, 20.0], [80.0, 20.0], [80.0, 60.0], [40.0, 60.0]], }"
70.10000000000029,"{""waypoints"":[180, 140], ""unsafe_region"":[[40.0, 20.0], [80.0, 20.0], [80.0, 60.0], [40.0, 60.0]], }"
70.10000000000029,"{""waypoints"":[180, 140], ""unsafe_region"":[[40.0, 20.0], [80.0, 20.0], [80.0, 60.0], [40.0, 60.0]], }"
70.10000000000029,"{""waypoints"":[180, 140], ""unsafe_region"":[[40.0, 20.0], [80.0, 20.0], [80.0, 60.0], [40.0, 60.0]], }"
70.10000000000029,"{""waypoints"":[180, 140], ""unsafe_region"":[[40.0, 20.0], [80.0, 20.0], [80.0, 60.0], [40.0, 60.0]], }"
70.10000000000029,"{""waypoints"":[180, 140], ""unsafe_region"":[[40.0, 20.0], [80.0, 20.0], [80.0, 60.0], [40.0, 60.0]], }"
70.10000000000029,"{""waypoints"":[180, 140], ""unsafe_region"":[[40.0, 20.0], [80.0, 20.0], [80.0, 60.0], [40.0, 60.0]], }"
70.10000000000029,"{""waypoints"":[180, 140], ""unsafe_region"":[[40.0, 20.0], [80.0, 20.0], [80.0, 60.0], [40.0, 60.0]], }"
70.10000000000029,"{""waypoints"":[180, 140], ""unsafe_region"":[[40.0, 20.0], [80.0, 20.0], [80.0, 60.0], [40.0, 60.0]], }"
70.10000000000029,"{""waypoints"":[180, 140], ""unsafe_region"":[[40.0, 20.0], [80.0, 20.0], [80.0, 60.0], [40.0, 60.0]], }"
70.10000000000029,"{""waypoints"":[180, 140], ""unsafe_region"":[[40.0, 20.0], [80.0, 20.0], [80.0, 60.0], [40.0, 60.0]], }"
70.10000000000029,"{""waypoints"":[180, 140], ""unsafe_region"":[[40.0, 20.0], [80.0, 20.0], [80.0, 60.0], [40.0, 60.0]], }"
70.10000000000029,"{""waypoints"":[180, 140], ""unsafe_region"":[[40.0, 20.0], [80.0, 20.0], [80.0, 60.0], [40.0, 60.0]], }"
70.10000000000029,"{""waypoints"":[180, 140], ""unsafe_region"":[[40.0, 20.0], [80.0, 20.0], [80.0, 60.0], [40.0, 60.0]], }"
70.10000000000029,"{""waypoints"":[180, 140], ""unsafe_region"":[[40.0, 20.0], [80.0, 20.0], [80.0, 60.0], [40.0, 60.0]], }"
70.10000000000029,"{""waypoints"":[180, 140], ""unsafe_region"":[[40.0, 20.0], [80.0, 20.0], [80.0, 60.0], [40.0, 60.0]], }"
70.10000000000029,"{""waypoints"":[180, 140], ""unsafe_region"":[[40.0, 20.0], [80.0, 20.0], [80.0, 60.0], [40.0, 60.0]], }"
70.10000000000029,"{""waypoints"":[180, 140], ""unsafe_region"":[[40.0, 20.0], [80.0, 20.0], [80.0, 60.0], [40.0, 60.0]], }"
70.10000000000029,"{""waypoints"":[180, 140], ""unsafe_region"":[[40.0, 20.0], [80.0, 20.0], [80.0, 60.0], [40.0, 60.0]], }"
70.10000000000029,"{""waypoints"":[180, 140], ""unsafe_region"":[[40.0, 20.0], [80.0, 20.0], [80.0, 60.0], [40.0, 60.0]], }"
70.10000000000029,"{""waypoints"":[180, 140], ""unsafe_region"":[[40.0, 20.0], [80.0, 20.0], [80.0, 60.0], [40.0, 60.0]], }"
70.10000000000029,"{""waypoints"":[180, 140], ""unsafe_region"":[[40.0, 20.0], [80.0, 20.0], [80.0, 60.0], [40.0, 60.0]], }"
70.10000000000029,"{""waypoints"":[180, 140], ""unsafe_region"":[[40.0, 20.0], [80.0, 20.0], [80.0, 60.0], [40.0, 60.0]], }"
70.10000000000029,"{""waypoints"":[180, 140], ""unsafe_region"":[[40.0, 20.0], [80.0, 20.0], [80.0, 60.0], [40.0, 60.0]], }"
70.10000000000029,"{""waypoints"":[180, 140], ""unsafe_region"":[[40.0, 20.0], [80.0, 20.0], [80.0, 60.0], [40.0, 60.0]], }"
70.10000000000029,"{""waypoints"":[180, 140], ""unsafe_region"":[[40.0, 20.0], [80.0, 20.0], [80.0, 60.0], [40.0, 60.0]], }"
70.10000000000029,"{""waypoints"":[180, 140], ""unsafe_region"":[[40.0, 20.0], [80.0, 20.0], [80.0, 60.0], [40.0, 60.0]], }"
70.10000000000029,"{""waypoints"":[180, 140], ""unsafe_region"":[[40.0, 20.0], [80.0, 20.0], [80.0, 60.0], [40.0, 60.0]], }"
70.10000000000029,"{""waypoints"":[180, 140], ""unsafe_region"":[[40.0, 20.0], [80.0, 20.0], [80.0, 60.0], [40.0, 60.0]], }"
70.10000000000029,"{""waypoints"":[180, 140], ""unsafe_region"":[[40.0, 20.0], [80.0, 20.0], [80.0, 60.0], [40.0, 60.0]], }"
70.10000000000029,"{""waypoints"":[180, 140], ""unsafe_region"":[[40.0, 20.0], [80.0, 20.0], [80.0, 60.0], [40.0, 60.0]], }"
70.10000000000029,"{""waypoints"":[180, 140], ""unsafe_region"":[[40.0, 20.0], [80.0, 20.0], [80.0, 60.0], [40.0, 60.0]], }"
70.10000000000029,"{""waypoints"":[180, 140], ""unsafe_region"":[[40.0, 20.0], [80.0, 20.0], [80.0, 60.0], [40.0, 60.0]], }"
70.10000000000029,"{""waypoints"":[180, 140], ""unsafe_region"":[[40.0, 20.0], [80.0, 20.0], [80.0, 60.0], [40.0, 60.0]], }"
70.10000000000029,"{""waypoints"":[180, 140], ""unsafe_region"":[[40.0, 20.0], [80.0, 20.0], [80.0, 60.0], [40.0, 60.0]], }"
70.10000000000029,"{""waypoints"":[180, 140], ""unsafe_region"":[[40.0, 20.0], [80.0, 20.0], [80.0, 60.0], [40.0, 60.0]], }"
70.10000000000029,"{""waypoints"":[180, 140], ""unsafe_region"":[[40.0, 20.0], [80.0, 20.0], [80.0, 60.0], [40.0, 60.0]], }"
70.10000000000029,"{""waypoints"":[180, 140], ""unsafe_region"":[[40.0, 20.0], [80.0, 20.0], [80.0, 60.0], [40.0, 60.0]], }"
70.10000000000029,"{""waypoints"":[180, 140], ""unsafe_region"":[[40.0, 20.0], [80.0, 20.0], [80.0, 60.0], [40.0, 60.0]], }"
70.10000000000029,"{""waypoints"":[180, 140], ""unsafe_region"":[[40.0, 20.0], [80.0, 20.0], [80.0, 60.0], [40.0, 60.0]], }"
70.10000000000029,"{""waypoints"":[180, 140], ""unsafe_region"":[[40.0, 20.0], [80.0, 20.0], [80.0, 60.0], [40.0, 60.0]], }"
70.10000000000029,"{""waypoints"":[180, 140], ""unsafe_region"":[[40.0, 20.0], [80.0, 20.0], [80.0, 60.0], [40.0, 60.0]], }"
70.10000000000029,"{""waypoints"":[180, 140], ""unsafe_region"":[[40.0, 20.0], [80.0, 20.0], [80.0, 60.0], [40.0, 60.0]], }"
70.10000000000029,"{""waypoints"":[180, 140], ""unsafe_region"":[[40.0, 20.0], [80.0, 20.0], [80.0, 60.0], [40.0, 60.0]], }"
70.10000000000029,"{""waypoints"":[180, 140], ""unsafe_region"":[[40.0, 20.0], [80.0, 20.0], [80.0, 60.0], [40.0, 60.0]], }"
70.10000000000029,"{""waypoints"":[180, 140], ""unsafe_region"":[[40.0, 20.0], [80.0, 20.0], [80.0, 60.0], [40.0, 60.0]], }"
70.10000000000029,"{""waypoints"":[180, 140], ""unsafe_region"":[[40.0, 20.0], [80.0, 20.0], [80.0, 60.0], [40.0, 60.0]], }"
70.10000000000029,"{""waypoints"":[180, 140], ""unsafe_region"":[[40.0, 20.0], [80.0, 20.0], [80.0, 60.0], [40.0, 60.0]], }"
70.10000000000029,"{""waypoints"":[180, 140], ""unsafe_region"":[[40.0, 20.0], [80.0, 20.0], [80.0, 60.0], [40.0, 60.0]], }"
70.10000000000029,"{""waypoints"":[180, 140], ""unsafe_region"":[[40.0, 20.0], [80.0, 20.0], [80.0, 60.0], [40.0, 60.0]], }"
70.10000000000029,"{""waypoints"":[180, 140], ""unsafe_region"":[[40.0, 20.0], [80.0, 20.0], [80.0, 60.0], [40.0, 60.0]], }"
70.10000000000029,"{""waypoints"":[180, 140], ""unsafe_region"":[[40.0, 20.0], [80.0, 20.0], [80.0, 60.0], [40.0, 60.0]], }"
70.10000000000029,"{""waypoints"":[180, 140], ""unsafe_region"":[[40.0, 20.0], [80.0, 20.0], [80.0, 60.0], [40.0, 60.0]], }"
77.69999999999986,"{""waypoints"":[180, 140], ""unsafe_region"":[[40.0, 20.0], [80.0, 20.0], [80.0, 60.0], [40.0, 60.0]], }"
77.79999999999986,"{""waypoints"":[180, 140], ""unsafe_region"":[[40.0, 20.0], [80.0, 20.0], [80.0, 60.0], [40.0, 60.0]], }"
77.79999999999986,"{""waypoints"":[180, 140], ""unsafe_region"":[[40.0, 20.0], [80.0, 20.0], [80.0, 60.0], [40.0, 60.0]], }"
77.79999999999986,"{""waypoints"":[180, 140], ""unsafe_region"":[[40.0, 20.0], [80.0, 20.0], [80.0, 60.0], [40.0, 60.0]], }"
77.79999999999986,"{""waypoints"":[180, 140], ""unsafe_region"":[[40.0, 20.0], [80.0, 20.0], [80.0, 60.0], [40.0, 60.0]], }"
77.79999999999986,"{""waypoints"":[180, 140], ""unsafe_region"":[[40.0, 20.0], [80.0, 20.0], [80.0, 60.0], [40.0, 60.0]], }"
77.79999999999986,"{""waypoints"":[180, 140], ""unsafe_region"":[[40.0, 20.0], [80.0, 20.0], [80.0, 60.0], [40.0, 60.0]], }"
77.79999999999986,"{""waypoints"":[180, 140], ""unsafe_region"":[[40.0, 20.0], [80.0, 20.0], [80.0, 60.0], [40.0, 60.0]], }"
77.79999999999986,"{""waypoints"":[180, 140], ""unsafe_region"":[[40.0, 20.0], [80.0, 20.0], [80.0, 60.0], [40.0, 60.0]], }"
77.79999999999986,"{""waypoints"":[180, 140], ""unsafe_region"":[[40.0, 20.0], [80.0, 20.0], [80.0, 60.0], [40.0, 60.0]], }"
77.79999999999986,"{""waypoints"":[180, 140], ""unsafe_region"":[[40.0, 20.0], [80.0, 20.0], [80.0, 60.0], [40.0, 60.0]], }"
77.79999999999986,"{""waypoints"":[180, 140], ""unsafe_region"":[[40.0, 20.0], [80.0, 20.0], [80.0, 60.0], [40.0, 60.0]], }"
77.79999999999986,"{""waypoints"":[180, 140], ""unsafe_region"":[[40.0, 20.0], [80.0, 20.0], [80.0, 60.0], [40.0, 60.0]], }"
77.79999999999986,"{""waypoints"":[180, 140], ""unsafe_region"":[[40.0, 20.0], [80.0, 20.0], [80.0, 60.0], [40.0, 60.0]], }"
77.79999999999986,"{""waypoints"":[180, 140], ""unsafe_region"":[[40.0, 20.0], [80.0, 20.0], [80.0, 60.0], [40.0, 60.0]], }"
77.79999999999986,"{""waypoints"":[180, 140], ""unsafe_region"":[[40.0, 20.0], [80.0, 20.0], [80.0, 60.0], [40.0, 60.0]], }"
77.79999999999986,"{""waypoints"":[180, 140], ""unsafe_region"":[[40.0, 20.0], [80.0, 20.0], [80.0, 60.0], [40.0, 60.0]], }"
77.79999999999986,"{""waypoints"":[180, 140], ""unsafe_region"":[[40.0, 20.0], [80.0, 20.0], [80.0, 60.0], [40.0, 60.0]], }"
77.79999999999986,"{""waypoints"":[180, 140], ""unsafe_region"":[[40.0, 20.0], [80.0, 20.0], [80.0, 60.0], [40.0, 60.0]], }"
77.79999999999986,"{""waypoints"":[180, 140], ""unsafe_region"":[[40.0, 20.0], [80.0, 20.0], [80.0, 60.0], [40.0, 60.0]], }"
77.79999999999986,"{""waypoints"":[180, 140], ""unsafe_region"":[[40.0, 20.0], [80.0, 20.0], [80.0, 60.0], [40.0, 60.0]], }"
77.79999999999986,"{""waypoints"":[180, 140], ""unsafe_region"":[[40.0, 20.0], [80.0, 20.0], [80.0, 60.0], [40.0, 60.0]], }"
77.79999999999986,"{""waypoints"":[180, 140], ""unsafe_region"":[[40.0, 20.0], [80.0, 20.0], [80.0, 60.0], [40.0, 60.0]], }"
77.79999999999986,"{""waypoints"":[180, 140], ""unsafe_region"":[[40.0, 20.0], [80.0, 20.0], [80.0, 60.0], [40.0, 60.0]], }"
77.79999999999986,"{""waypoints"":[180, 140], ""unsafe_region"":[[40.0, 20.0], [80.0, 20.0], [80.0, 60.0], [40.0, 60.0]], }"
77.79999999999986,"{""waypoints"":[180, 140], ""unsafe_region"":[[40.0, 20.0], [80.0, 20.0], [80.0, 60.0], [40.0, 60.0]], }"
77.79999999999986,"{""waypoints"":[180, 140], ""unsafe_region"":[[40.0, 20.0], [80.0, 20.0], [80.0, 60.0], [40.0, 60.0]], }"
77.79999999999986,"{""waypoints"":[180, 140], ""unsafe_region"":[[40.0, 20.0], [80.0, 20.0], [80.0, 60.0], [40.0, 60.0]], }"
77.79999999999986,"{""waypoints"":[180, 140], ""unsafe_region"":[[40.0, 20.0], [80.0, 20.0], [80.0, 60.0], [40.0, 60.0]], }"
77.79999999999986,"{""waypoints"":[180, 140], ""unsafe_region"":[[40.0, 20.0], [80.0, 20.0], [80.0, 60.0], [40.0, 60.0]], }"
77.79999999999986,"{""waypoints"":[180, 140], ""unsafe_region"":[[40.0, 20.0], [80.0, 20.0], [80.0, 60.0], [40.0, 60.0]], }"
77.79999999999986,"{""waypoints"":[180, 140], ""unsafe_region"":[[40.0, 20.0], [80.0, 20.0], [80.0, 60.0], [40.0, 60.0]], }"
77.79999999999986,"{""waypoints"":[180, 140], ""unsafe_region"":[[40.0, 20.0], [80.0, 20.0], [80.0, 60.0], [40.0, 60.0]], }"
77.79999999999986,"{""waypoints"":[180, 140], ""unsafe_region"":[[40.0, 20.0], [80.0, 20.0], [80.0, 60.0], [40.0, 60.0]], }"
77.79999999999986,"{""waypoints"":[180, 140], ""unsafe_region"":[[40.0, 20.0], [80.0, 20.0], [80.0, 60.0], [40.0, 60.0]], }"
77.79999999999986,"{""waypoints"":[180, 140], ""unsafe_region"":[[40.0, 20.0], [80.0, 20.0], [80.0, 60.0], [40.0, 60.0]], }"
77.79999999999986,"{""waypoints"":[180, 140], ""unsafe_region"":[[40.0, 20.0], [80.0, 20.0], [80.0, 60.0], [40.0, 60.0]], }"
77.79999999999986,"{""waypoints"":[180, 140], ""unsafe_region"":[[40.0, 20.0], [80.0, 20.0], [80.0, 60.0], [40.0, 60.0]], }"
77.79999999999986,"{""waypoints"":[180, 140], ""unsafe_region"":[[40.0, 20.0], [80.0, 20.0], [80.0, 60.0], [40.0, 60.0]], }"
77.79999999999986,"{""waypoints"":[180, 140], ""unsafe_region"":[[40.0, 20.0], [80.0, 20.0], [80.0, 60.0], [40.0, 60.0]], }"
77.79999999999986,"{""waypoints"":[180, 140], ""unsafe_region"":[[40.0, 20.0], [80.0, 20.0], [80.0, 60.0], [40.0, 60.0]], }"
77.79999999999986,"{""waypoints"":[180, 140], ""unsafe_region"":[[40.0, 20.0], [80.0, 20.0], [80.0, 60.0], [40.0, 60.0]], }"
77.79999999999986,"{""waypoints"":[180, 140], ""unsafe_region"":[[40.0, 20.0], [80.0, 20.0], [80.0, 60.0], [40.0, 60.0]], }"
77.79999999999986,"{""waypoints"":[180, 140], ""unsafe_region"":[[40.0, 20.0], [80.0, 20.0], [80.0, 60.0], [40.0, 60.0]], }"
77.79999999999986,"{""waypoints"":[180, 140], ""unsafe_region"":[[40.0, 20.0], [80.0, 20.0], [80.0, 60.0], [40.0, 60.0]], }"
77.79999999999986,"{""waypoints"":[180, 140], ""unsafe_region"":[[40.0, 20.0], [80.0, 20.0], [80.0, 60.0], [40.0, 60.0]], }"
77.79999999999986,"{""waypoints"":[180, 140], ""unsafe_region"":[[40.0, 20.0], [80.0, 20.0], [80.0, 60.0], [40.0, 60.0]], }"
77.79999999999986,"{""waypoints"":[180, 140], ""unsafe_region"":[[40.0, 20.0], [80.0, 20.0], [80.0, 60.0], [40.0, 60.0]], }"
77.79999999999986,"{""waypoints"":[180, 140], ""unsafe_region"":[[40.0, 20.0], [80.0, 20.0], [80.0, 60.0], [40.0, 60.0]], }"
77.79999999999986,"{""waypoints"":[180, 140], ""unsafe_region"":[[40.0, 20.0], [80.0, 20.0], [80.0, 60.0], [40.0, 60.0]], }"
77.79999999999986,"{""waypoints"":[180, 140], ""unsafe_region"":[[40.0, 20.0], [80.0, 20.0], [80.0, 60.0], [40.0, 60.0]], }"
77.79999999999986,"{""waypoints"":[180, 140], ""unsafe_region"":[[40.0, 20.0], [80.0, 20.0], [80.0, 60.0], [40.0, 60.0]], }"
77.79999999999986,"{""waypoints"":[180, 140], ""unsafe_region"":[[40.0, 20.0], [80.0, 20.0], [80.0, 60.0], [40.0, 60.0]], }"
77.79999999999986,"{""waypoints"":[180, 140], ""unsafe_region"":[[40.0, 20.0], [80.0, 20.0], [80.0, 60.0], [40.0, 60.0]], }"
77.79999999999986,"{""waypoints"":[180, 140], ""unsafe_region"":[[40.0, 20.0], [80.0, 20.0], [80.0, 60.0], [40.0, 60.0]], }"
77.79999999999986,"{""waypoints"":[180, 140], ""unsafe_region"":[[40.0, 20.0], [80.0, 20.0], [80.0, 60.0], [40.0, 60.0]], }"
77.79999999999986,"{""waypoints"":[180, 140], ""unsafe_region"":[[40.0, 20.0], [80.0, 20.0], [80.0, 60.0], [40.0, 60.0]], }"
77.79999999999986,"{""waypoints"":[180, 140], ""unsafe_region"":[[40.0, 20.0], [80.0, 20.0], [80.0, 60.0], [40.0, 60.0]], }"
77.79999999999986,"{""waypoints"":[180, 140], ""unsafe_region"":[[40.0, 20.0], [80.0, 20.0], [80.0, 60.0], [40.0, 60.0]], }"
77.79999999999986,"{""waypoints"":[180, 140], ""unsafe_region"":[[40.0, 20.0], [80.0, 20.0], [80.0, 60.0], [40.0, 60.0]], }"
77.79999999999986,"{""waypoints"":[180, 140], ""unsafe_region"":[[40.0, 20.0], [80.0, 20.0], [80.0, 60.0], [40.0, 60.0]], }"
77.79999999999986,"{""waypoints"":[180, 140], ""unsafe_region"":[[40.0, 20.0], [80.0, 20.0], [80.0, 60.0], [40.0, 60.0]], }"
77.79999999999986,"{""waypoints"":[180, 140], ""unsafe_region"":[[40.0, 20.0], [80.0, 20.0], [80.0, 60.0], [40.0, 60.0]], }"
77.79999999999986,"{""waypoints"":[180, 140], ""unsafe_region"":[[40.0, 20.0], [80.0, 20.0], [80.0, 60.0], [40.0, 60.0]], }"
77.79999999999986,"{""waypoints"":[180, 140], ""unsafe_region"":[[40.0, 20.0], [80.0, 20.0], [80.0, 60.0], [40.0, 60.0]], }"
77.79999999999986,"{""waypoints"":[180, 140], ""unsafe_region"":[[40.0, 20.0], [80.0, 20.0], [80.0, 60.0], [40.0, 60.0]], }"
77.79999999999986,"{""waypoints"":[180, 140], ""unsafe_region"":[[40.0, 20.0], [80.0, 20.0], [80.0, 60.0], [40.0, 60.0]], }"
77.79999999999986,"{""waypoints"":[180, 140], ""unsafe_region"":[[40.0, 20.0], [80.0, 20.0], [80.0, 60.0], [40.0, 60.0]], }"
77.79999999999986,"{""waypoints"":[180, 140], ""unsafe_region"":[[40.0, 20.0], [80.0, 20.0], [80.0, 60.0], [40.0, 60.0]], }"
77.79999999999986,"{""waypoints"":[180, 140], ""unsafe_region"":[[40.0, 20.0], [80.0, 20.0], [80.0, 60.0], [40.0, 60.0]], }"
77.79999999999986,"{""waypoints"":[180, 140], ""unsafe_region"":[[40.0, 20.0], [80.0, 20.0], [80.0, 60.0], [40.0, 60.0]], }"
77.79999999999986,"{""waypoints"":[180, 140], ""unsafe_region"":[[40.0, 20.0], [80.0, 20.0], [80.0, 60.0], [40.0, 60.0]], }"
77.79999999999986,"{""waypoints"":[180, 140], ""unsafe_region"":[[40.0, 20.0], [80.0, 20.0], [80.0, 60.0], [40.0, 60.0]], }"
77.79999999999986,"{""waypoints"":[180, 140], ""unsafe_region"":[[40.0, 20.0], [80.0, 20.0], [80.0, 60.0], [40.0, 60.0]], }"
77.79999999999986,"{""waypoints"":[180, 140], ""unsafe_region"":[[40.0, 20.0], [80.0, 20.0], [80.0, 60.0], [40.0, 60.0]], }"
77.79999999999986,"{""waypoints"":[180, 140], ""unsafe_region"":[[40.0, 20.0], [80.0, 20.0], [80.0, 60.0], [40.0, 60.0]], }"
77.79999999999986,"{""waypoints"":[180, 140], ""unsafe_region"":[[40.0, 20.0], [80.0, 20.0], [80.0, 60.0], [40.0, 60.0]], }"
85.49999999999942,"{""waypoints"":[180, 140], ""unsafe_region"":[[40.0, 20.0], [80.0, 20.0], [80.0, 60.0], [40.0, 60.0]], }"
85.59999999999941,"{""waypoints"":[180, 140], ""unsafe_region"":[[40.0, 20.0], [80.0, 20.0], [80.0, 60.0], [40.0, 60.0]], }"
85.59999999999941,"{""waypoints"":[180, 140], ""unsafe_region"":[[40.0, 20.0], [80.0, 20.0], [80.0, 60.0], [40.0, 60.0]], }"
85.59999999999941,"{""waypoints"":[180, 140], ""unsafe_region"":[[40.0, 20.0], [80.0, 20.0], [80.0, 60.0], [40.0, 60.0]], }"
85.59999999999941,"{""waypoints"":[180, 140], ""unsafe_region"":[[40.0, 20.0], [80.0, 20.0], [80.0, 60.0], [40.0, 60.0]], }"
85.59999999999941,"{""waypoints"":[180, 140], ""unsafe_region"":[[40.0, 20.0], [80.0, 20.0], [80.0, 60.0], [40.0, 60.0]], }"
85.59999999999941,"{""waypoints"":[180, 140], ""unsafe_region"":[[40.0, 20.0], [80.0, 20.0], [80.0, 60.0], [40.0, 60.0]], }"
85.59999999999941,"{""waypoints"":[180, 140], ""unsafe_region"":[[40.0, 20.0], [80.0, 20.0], [80.0, 60.0], [40.0, 60.0]], }"
85.59999999999941,"{""waypoints"":[180, 140], ""unsafe_region"":[[40.0, 20.0], [80.0, 20.0], [80.0, 60.0], [40.0, 60.0]], }"
85.59999999999941,"{""waypoints"":[180, 140], ""unsafe_region"":[[40.0, 20.0], [80.0, 20.0], [80.0, 60.0], [40.0, 60.0]], }"
85.59999999999941,"{""waypoints"":[180, 140], ""unsafe_region"":[[40.0, 20.0], [80.0, 20.0], [80.0, 60.0], [40.0, 60.0]], }"
85.59999999999941,"{""waypoints"":[180, 140], ""unsafe_region"":[[40.0, 20.0], [80.0, 20.0], [80.0, 60.0], [40.0, 60.0]], }"
85.59999999999941,"{""waypoints"":[180, 140], ""unsafe_region"":[[40.0, 20.0], [80.0, 20.0], [80.0, 60.0], [40.0, 60.0]], }"
85.59999999999941,"{""waypoints"":[180, 140], ""unsafe_region"":[[40.0, 20.0], [80.0, 20.0], [80.0, 60.0], [40.0, 60.0]], }"
85.59999999999941,"{""waypoints"":[180, 140], ""unsafe_region"":[[40.0, 20.0], [80.0, 20.0], [80.0, 60.0], [40.0, 60.0]], }"
85.59999999999941,"{""waypoints"":[180, 140], ""unsafe_region"":[[40.0, 20.0], [80.0, 20.0], [80.0, 60.0], [40.0, 60.0]], }"
85.59999999999941,"{""waypoints"":[180, 140], ""unsafe_region"":[[40.0, 20.0], [80.0, 20.0], [80.0, 60.0], [40.0, 60.0]], }"
85.59999999999941,"{""waypoints"":[180, 140], ""unsafe_region"":[[40.0, 20.0], [80.0, 20.0], [80.0, 60.0], [40.0, 60.0]], }"
85.59999999999941,"{""waypoints"":[180, 140], ""unsafe_region"":[[40.0, 20.0], [80.0, 20.0], [80.0, 60.0], [40.0, 60.0]], }"
85.59999999999941,"{""waypoints"":[180, 140], ""unsafe_region"":[[40.0, 20.0], [80.0, 20.0], [80.0, 60.0], [40.0, 60.0]], }"
85.59999999999941,"{""waypoints"":[180, 140], ""unsafe_region"":[[40.0, 20.0], [80.0, 20.0], [80.0, 60.0], [40.0, 60.0]], }"
85.59999999999941,"{""waypoints"":[180, 140], ""unsafe_region"":[[40.0, 20.0], [80.0, 20.0], [80.0, 60.0], [40.0, 60.0]], }"
85.59999999999941,"{""waypoints"":[180, 140], ""unsafe_region"":[[40.0, 20.0], [80.0, 20.0], [80.0, 60.0], [40.0, 60.0]], }"
85.59999999999941,"{""waypoints"":[180, 140], ""unsafe_region"":[[40.0, 20.0], [80.0, 20.0], [80.0, 60.0], [40.0, 60.0]], }"
85.59999999999941,"{""waypoints"":[180, 140], ""unsafe_region"":[[40.0, 20.0], [80.0, 20.0], [80.0, 60.0], [40.0, 60.0]], }"
85.59999999999941,"{""waypoints"":[180, 140], ""unsafe_region"":[[40.0, 20.0], [80.0, 20.0], [80.0, 60.0], [40.0, 60.0]], }"
85.59999999999941,"{""waypoints"":[180, 140], ""unsafe_region"":[[40.0, 20.0], [80.0, 20.0], [80.0, 60.0], [40.0, 60.0]], }"
85.59999999999941,"{""waypoints"":[180, 140], ""unsafe_region"":[[40.0, 20.0], [80.0, 20.0], [80.0, 60.0], [40.0, 60.0]], }"
85.59999999999941,"{""waypoints"":[180, 140], ""unsafe_region"":[[40.0, 20.0], [80.0, 20.0], [80.0, 60.0], [40.0, 60.0]], }"
85.59999999999941,"{""waypoints"":[180, 140], ""unsafe_region"":[[40.0, 20.0], [80.0, 20.0], [80.0, 60.0], [40.0, 60.0]], }"
85.59999999999941,"{""waypoints"":[180, 140], ""unsafe_region"":[[40.0, 20.0], [80.0, 20.0], [80.0, 60.0], [40.0, 60.0]], }"
85.59999999999941,"{""waypoints"":[180, 140], ""unsafe_region"":[[40.0, 20.0], [80.0, 20.0], [80.0, 60.0], [40.0, 60.0]], }"
85.59999999999941,"{""waypoints"":[180, 140], ""unsafe_region"":[[40.0, 20.0], [80.0, 20.0], [80.0, 60.0], [40.0, 60.0]], }"
85.59999999999941,"{""waypoints"":[180, 140], ""unsafe_region"":[[40.0, 20.0], [80.0, 20.0], [80.0, 60.0], [40.0, 60.0]], }"
85.59999999999941,"{""waypoints"":[180, 140], ""unsafe_region"":[[40.0, 20.0], [80.0, 20.0], [80.0, 60.0], [40.0, 60.0]], }"
85.59999999999941,"{""waypoints"":[180, 140], ""unsafe_region"":[[40.0, 20.0], [80.0, 20.0], [80.0, 60.0], [40.0, 60.0]], }"
85.59999999999941,"{""waypoints"":[180, 140], ""unsafe_region"":[[40.0, 20.0], [80.0, 20.0], [80.0, 60.0], [40.0, 60.0]], }"
85.59999999999941,"{""waypoints"":[180, 140], ""unsafe_region"":[[40.0, 20.0], [80.0, 20.0], [80.0, 60.0], [40.0, 60.0]], }"
85.59999999999941,"{""waypoints"":[180, 140], ""unsafe_region"":[[40.0, 20.0], [80.0, 20.0], [80.0, 60.0], [40.0, 60.0]], }"
85.59999999999941,"{""waypoints"":[180, 140], ""unsafe_region"":[[40.0, 20.0], [80.0, 20.0], [80.0, 60.0], [40.0, 60.0]], }"
85.59999999999941,"{""waypoints"":[180, 140], ""unsafe_region"":[[40.0, 20.0], [80.0, 20.0], [80.0, 60.0], [40.0, 60.0]], }"
85.59999999999941,"{""waypoints"":[180, 140], ""unsafe_region"":[[40.0, 20.0], [80.0, 20.0], [80.0, 60.0], [40.0, 60.0]], }"
85.59999999999941,"{""waypoints"":[180, 140], ""unsafe_region"":[[40.0, 20.0], [80.0, 20.0], [80.0, 60.0], [40.0, 60.0]], }"
85.59999999999941,"{""waypoints"":[180, 140], ""unsafe_region"":[[40.0, 20.0], [80.0, 20.0], [80.0, 60.0], [40.0, 60.0]], }"
85.59999999999941,"{""waypoints"":[180, 140], ""unsafe_region"":[[40.0, 20.0], [80.0, 20.0], [80.0, 60.0], [40.0, 60.0]], }"
85.59999999999941,"{""waypoints"":[180, 140], ""unsafe_region"":[[40.0, 20.0], [80.0, 20.0], [80.0, 60.0], [40.0, 60.0]], }"
85.59999999999941,"{""waypoints"":[180, 140], ""unsafe_region"":[[40.0, 20.0], [80.0, 20.0], [80.0, 60.0], [40.0, 60.0]], }"
85.59999999999941,"{""waypoints"":[180, 140], ""unsafe_region"":[[40.0, 20.0], [80.0, 20.0], [80.0, 60.0], [40.0, 60.0]], }"
85.59999999999941,"{""waypoints"":[180, 140], ""unsafe_region"":[[40.0, 20.0], [80.0, 20.0], [80.0, 60.0], [40.0, 60.0]], }"
85.59999999999941,"{""waypoints"":[180, 140], ""unsafe_region"":[[40.0, 20.0], [80.0, 20.0], [80.0, 60.0], [40.0, 60.0]], }"
85.59999999999941,"{""waypoints"":[180, 140], ""unsafe_region"":[[40.0, 20.0], [80.0, 20.0], [80.0, 60.0], [40.0, 60.0]], }"
85.59999999999941,"{""waypoints"":[180, 140], ""unsafe_region"":[[40.0, 20.0], [80.0, 20.0], [80.0, 60.0], [40.0, 60.0]], }"
85.59999999999941,"{""waypoints"":[180, 140], ""unsafe_region"":[[40.0, 20.0], [80.0, 20.0], [80.0, 60.0], [40.0, 60.0]], }"
85.59999999999941,"{""waypoints"":[180, 140], ""unsafe_region"":[[40.0, 20.0], [80.0, 20.0], [80.0, 60.0], [40.0, 60.0]], }"
85.59999999999941,"{""waypoints"":[180, 140], ""unsafe_region"":[[40.0, 20.0], [80.0, 20.0], [80.0, 60.0], [40.0, 60.0]], }"
85.59999999999941,"{""waypoints"":[180, 140], ""unsafe_region"":[[40.0, 20.0], [80.0, 20.0], [80.0, 60.0], [40.0, 60.0]], }"
85.59999999999941,"{""waypoints"":[180, 140], ""unsafe_region"":[[40.0, 20.0], [80.0, 20.0], [80.0, 60.0], [40.0, 60.0]], }"
85.59999999999941,"{""waypoints"":[180, 140], ""unsafe_region"":[[40.0, 20.0], [80.0, 20.0], [80.0, 60.0], [40.0, 60.0]], }"
85.59999999999941,"{""waypoints"":[180, 140], ""unsafe_region"":[[40.0, 20.0], [80.0, 20.0], [80.0, 60.0], [40.0, 60.0]], }"
85.59999999999941,"{""waypoints"":[180, 140], ""unsafe_region"":[[40.0, 20.0], [80.0, 20.0], [80.0, 60.0], [40.0, 60.0]], }"
85.59999999999941,"{""waypoints"":[180, 140], ""unsafe_region"":[[40.0, 20.0], [80.0, 20.0], [80.0, 60.0], [40.0, 60.0]], }"
85.59999999999941,"{""waypoints"":[180, 140], ""unsafe_region"":[[40.0, 20.0], [80.0, 20.0], [80.0, 60.0], [40.0, 60.0]], }"
85.59999999999941,"{""waypoints"":[180, 140], ""unsafe_region"":[[40.0, 20.0], [80.0, 20.0], [80.0, 60.0], [40.0, 60.0]], }"
85.59999999999941,"{""waypoints"":[180, 140], ""unsafe_region"":[[40.0, 20.0], [80.0, 20.0], [80.0, 60.0], [40.0, 60.0]], }"
85.59999999999941,"{""waypoints"":[180, 140], ""unsafe_region"":[[40.0, 20.0], [80.0, 20.0], [80.0, 60.0], [40.0, 60.0]], }"
85.59999999999941,"{""waypoints"":[180, 140], ""unsafe_region"":[[40.0, 20.0], [80.0, 20.0], [80.0, 60.0], [40.0, 60.0]], }"
85.59999999999941,"{""waypoints"":[180, 140], ""unsafe_region"":[[40.0, 20.0], [80.0, 20.0], [80.0, 60.0], [40.0, 60.0]], }"
85.59999999999941,"{""waypoints"":[180, 140], ""unsafe_region"":[[40.0, 20.0], [80.0, 20.0], [80.0, 60.0], [40.0, 60.0]], }"
85.59999999999941,"{""waypoints"":[180, 140], ""unsafe_region"":[[40.0, 20.0], [80.0, 20.0], [80.0, 60.0], [40.0, 60.0]], }"
85.59999999999941,"{""waypoints"":[180, 140], ""unsafe_region"":[[40.0, 20.0], [80.0, 20.0], [80.0, 60.0], [40.0, 60.0]], }"
85.59999999999941,"{""waypoints"":[180, 140], ""unsafe_region"":[[40.0, 20.0], [80.0, 20.0], [80.0, 60.0], [40.0, 60.0]], }"
85.59999999999941,"{""waypoints"":[180, 140], ""unsafe_region"":[[40.0, 20.0], [80.0, 20.0], [80.0, 60.0], [40.0, 60.0]], }"
85.59999999999941,"{""waypoints"":[180, 140], ""unsafe_region"":[[40.0, 20.0], [80.0, 20.0], [80.0, 60.0], [40.0, 60.0]], }"
85.59999999999941,"{""waypoints"":[180, 140], ""unsafe_region"":[[40.0, 20.0], [80.0, 20.0], [80.0, 60.0], [40.0, 60.0]], }"
85.59999999999941,"{""waypoints"":[180, 140], ""unsafe_region"":[[40.0, 20.0], [80.0, 20.0], [80.0, 60.0], [40.0, 60.0]], }"
85.59999999999941,"{""waypoints"":[180, 140], ""unsafe_region"":[[40.0, 20.0], [80.0, 20.0], [80.0, 60.0], [40.0, 60.0]], }"
85.59999999999941,"{""waypoints"":[180, 140], ""unsafe_region"":[[40.0, 20.0], [80.0, 20.0], [80.0, 60.0], [40.0, 60.0]], }"
85.59999999999941,"{""waypoints"":[180, 140], ""unsafe_region"":[[40.0, 20.0], [80.0, 20.0], [80.0, 60.0], [40.0, 60.0]], }"
92.99999999999899,"{""waypoints"":[180, 140], ""unsafe_region"":[[40.0, 20.0], [80.0, 20.0], [80.0, 60.0], [40.0, 60.0]], }"
93.09999999999899,"{""waypoints"":[180, 140], ""unsafe_region"":[[40.0, 20.0], [80.0, 20.0], [80.0, 60.0], [40.0, 60.0]], }"
93.09999999999899,"{""waypoints"":[180, 140], ""unsafe_region"":[[40.0, 20.0], [80.0, 20.0], [80.0, 60.0], [40.0, 60.0]], }"
93.09999999999899,"{""waypoints"":[180, 140], ""unsafe_region"":[[40.0, 20.0], [80.0, 20.0], [80.0, 60.0], [40.0, 60.0]], }"
93.09999999999899,"{""waypoints"":[180, 140], ""unsafe_region"":[[40.0, 20.0], [80.0, 20.0], [80.0, 60.0], [40.0, 60.0]], }"
93.09999999999899,"{""waypoints"":[180, 140], ""unsafe_region"":[[40.0, 20.0], [80.0, 20.0], [80.0, 60.0], [40.0, 60.0]], }"
93.09999999999899,"{""waypoints"":[180, 140], ""unsafe_region"":[[40.0, 20.0], [80.0, 20.0], [80.0, 60.0], [40.0, 60.0]], }"
93.09999999999899,"{""waypoints"":[180, 140], ""unsafe_region"":[[40.0, 20.0], [80.0, 20.0], [80.0, 60.0], [40.0, 60.0]], }"
93.09999999999899,"{""waypoints"":[180, 140], ""unsafe_region"":[[40.0, 20.0], [80.0, 20.0], [80.0, 60.0], [40.0, 60.0]], }"
93.09999999999899,"{""waypoints"":[180, 140], ""unsafe_region"":[[40.0, 20.0], [80.0, 20.0], [80.0, 60.0], [40.0, 60.0]], }"
93.09999999999899,"{""waypoints"":[180, 140], ""unsafe_region"":[[40.0, 20.0], [80.0, 20.0], [80.0, 60.0], [40.0, 60.0]], }"
93.09999999999899,"{""waypoints"":[180, 140], ""unsafe_region"":[[40.0, 20.0], [80.0, 20.0], [80.0, 60.0], [40.0, 60.0]], }"
93.09999999999899,"{""waypoints"":[180, 140], ""unsafe_region"":[[40.0, 20.0], [80.0, 20.0], [80.0, 60.0], [40.0, 60.0]], }"
93.09999999999899,"{""waypoints"":[180, 140], ""unsafe_region"":[[40.0, 20.0], [80.0, 20.0], [80.0, 60.0], [40.0, 60.0]], }"
93.09999999999899,"{""waypoints"":[180, 140], ""unsafe_region"":[[40.0, 20.0], [80.0, 20.0], [80.0, 60.0], [40.0, 60.0]], }"
93.09999999999899,"{""waypoints"":[180, 140], ""unsafe_region"":[[40.0, 20.0], [80.0, 20.0], [80.0, 60.0], [40.0, 60.0]], }"
93.09999999999899,"{""waypoints"":[180, 140], ""unsafe_region"":[[40.0, 20.0], [80.0, 20.0], [80.0, 60.0], [40.0, 60.0]], }"
93.09999999999899,"{""waypoints"":[180, 140], ""unsafe_region"":[[40.0, 20.0], [80.0, 20.0], [80.0, 60.0], [40.0, 60.0]], }"
93.09999999999899,"{""waypoints"":[180, 140], ""unsafe_region"":[[40.0, 20.0], [80.0, 20.0], [80.0, 60.0], [40.0, 60.0]], }"
93.09999999999899,"{""waypoints"":[180, 140], ""unsafe_region"":[[40.0, 20.0], [80.0, 20.0], [80.0, 60.0], [40.0, 60.0]], }"
93.09999999999899,"{""waypoints"":[180, 140], ""unsafe_region"":[[40.0, 20.0], [80.0, 20.0], [80.0, 60.0], [40.0, 60.0]], }"
93.09999999999899,"{""waypoints"":[180, 140], ""unsafe_region"":[[40.0, 20.0], [80.0, 20.0], [80.0, 60.0], [40.0, 60.0]], }"
93.09999999999899,"{""waypoints"":[180, 140], ""unsafe_region"":[[40.0, 20.0], [80.0, 20.0], [80.0, 60.0], [40.0, 60.0]], }"
93.09999999999899,"{""waypoints"":[180, 140], ""unsafe_region"":[[40.0, 20.0], [80.0, 20.0], [80.0, 60.0], [40.0, 60.0]], }"
93.09999999999899,"{""waypoints"":[180, 140], ""unsafe_region"":[[40.0, 20.0], [80.0, 20.0], [80.0, 60.0], [40.0, 60.0]], }"
93.09999999999899,"{""waypoints"":[180, 140], ""unsafe_region"":[[40.0, 20.0], [80.0, 20.0], [80.0, 60.0], [40.0, 60.0]], }"
93.09999999999899,"{""waypoints"":[180, 140], ""unsafe_region"":[[40.0, 20.0], [80.0, 20.0], [80.0, 60.0], [40.0, 60.0]], }"
93.09999999999899,"{""waypoints"":[180, 140], ""unsafe_region"":[[40.0, 20.0], [80.0, 20.0], [80.0, 60.0], [40.0, 60.0]], }"
93.09999999999899,"{""waypoints"":[180, 140], ""unsafe_region"":[[40.0, 20.0], [80.0, 20.0], [80.0, 60.0], [40.0, 60.0]], }"
93.09999999999899,"{""waypoints"":[180, 140], ""unsafe_region"":[[40.0, 20.0], [80.0, 20.0], [80.0, 60.0], [40.0, 60.0]], }"
93.09999999999899,"{""waypoints"":[180, 140], ""unsafe_region"":[[40.0, 20.0], [80.0, 20.0], [80.0, 60.0], [40.0, 60.0]], }"
93.09999999999899,"{""waypoints"":[180, 140], ""unsafe_region"":[[40.0, 20.0], [80.0, 20.0], [80.0, 60.0], [40.0, 60.0]], }"
93.09999999999899,"{""waypoints"":[180, 140], ""unsafe_region"":[[40.0, 20.0], [80.0, 20.0], [80.0, 60.0], [40.0, 60.0]], }"
93.09999999999899,"{""waypoints"":[180, 140], ""unsafe_region"":[[40.0, 20.0], [80.0, 20.0], [80.0, 60.0], [40.0, 60.0]], }"
93.09999999999899,"{""waypoints"":[180, 140], ""unsafe_region"":[[40.0, 20.0], [80.0, 20.0], [80.0, 60.0], [40.0, 60.0]], }"
93.09999999999899,"{""waypoints"":[180, 140], ""unsafe_region"":[[40.0, 20.0], [80.0, 20.0], [80.0, 60.0], [40.0, 60.0]], }"
93.09999999999899,"{""waypoints"":[180, 140], ""unsafe_region"":[[40.0, 20.0], [80.0, 20.0], [80.0, 60.0], [40.0, 60.0]], }"
93.09999999999899,"{""waypoints"":[180, 140], ""unsafe_region"":[[40.0, 20.0], [80.0, 20.0], [80.0, 60.0], [40.0, 60.0]], }"
93.09999999999899,"{""waypoints"":[180, 140], ""unsafe_region"":[[40.0, 20.0], [80.0, 20.0], [80.0, 60.0], [40.0, 60.0]], }"
93.09999999999899,"{""waypoints"":[180, 140], ""unsafe_region"":[[40.0, 20.0], [80.0, 20.0], [80.0, 60.0], [40.0, 60.0]], }"
93.09999999999899,"{""waypoints"":[180, 140], ""unsafe_region"":[[40.0, 20.0], [80.0, 20.0], [80.0, 60.0], [40.0, 60.0]], }"
93.09999999999899,"{""waypoints"":[180, 140], ""unsafe_region"":[[40.0, 20.0], [80.0, 20.0], [80.0, 60.0], [40.0, 60.0]], }"
93.09999999999899,"{""waypoints"":[180, 140], ""unsafe_region"":[[40.0, 20.0], [80.0, 20.0], [80.0, 60.0], [40.0, 60.0]], }"
93.09999999999899,"{""waypoints"":[180, 140], ""unsafe_region"":[[40.0, 20.0], [80.0, 20.0], [80.0, 60.0], [40.0, 60.0]], }"
93.09999999999899,"{""waypoints"":[180, 140], ""unsafe_region"":[[40.0, 20.0], [80.0, 20.0], [80.0, 60.0], [40.0, 60.0]], }"
93.09999999999899,"{""waypoints"":[180, 140], ""unsafe_region"":[[40.0, 20.0], [80.0, 20.0], [80.0, 60.0], [40.0, 60.0]], }"
93.09999999999899,"{""waypoints"":[180, 140], ""unsafe_region"":[[40.0, 20.0], [80.0, 20.0], [80.0, 60.0], [40.0, 60.0]], }"
93.09999999999899,"{""waypoints"":[180, 140], ""unsafe_region"":[[40.0, 20.0], [80.0, 20.0], [80.0, 60.0], [40.0, 60.0]], }"
93.09999999999899,"{""waypoints"":[180, 140], ""unsafe_region"":[[40.0, 20.0], [80.0, 20.0], [80.0, 60.0], [40.0, 60.0]], }"
93.09999999999899,"{""waypoints"":[180, 140], ""unsafe_region"":[[40.0, 20.0], [80.0, 20.0], [80.0, 60.0], [40.0, 60.0]], }"
93.09999999999899,"{""waypoints"":[180, 140], ""unsafe_region"":[[40.0, 20.0], [80.0, 20.0], [80.0, 60.0], [40.0, 60.0]], }"
93.09999999999899,"{""waypoints"":[180, 140], ""unsafe_region"":[[40.0, 20.0], [80.0, 20.0], [80.0, 60.0], [40.0, 60.0]], }"
93.09999999999899,"{""waypoints"":[180, 140], ""unsafe_region"":[[40.0, 20.0], [80.0, 20.0], [80.0, 60.0], [40.0, 60.0]], }"
93.09999999999899,"{""waypoints"":[180, 140], ""unsafe_region"":[[40.0, 20.0], [80.0, 20.0], [80.0, 60.0], [40.0, 60.0]], }"
93.09999999999899,"{""waypoints"":[180, 140], ""unsafe_region"":[[40.0, 20.0], [80.0, 20.0], [80.0, 60.0], [40.0, 60.0]], }"
93.09999999999899,"{""waypoints"":[180, 140], ""unsafe_region"":[[40.0, 20.0], [80.0, 20.0], [80.0, 60.0], [40.0, 60.0]], }"
93.09999999999899,"{""waypoints"":[180, 140], ""unsafe_region"":[[40.0, 20.0], [80.0, 20.0], [80.0, 60.0], [40.0, 60.0]], }"
93.09999999999899,"{""waypoints"":[180, 140], ""unsafe_region"":[[40.0, 20.0], [80.0, 20.0], [80.0, 60.0], [40.0, 60.0]], }"
93.09999999999899,"{""waypoints"":[180, 140], ""unsafe_region"":[[40.0, 20.0], [80.0, 20.0], [80.0, 60.0], [40.0, 60.0]], }"
93.09999999999899,"{""waypoints"":[180, 140], ""unsafe_region"":[[40.0, 20.0], [80.0, 20.0], [80.0, 60.0], [40.0, 60.0]], }"
93.09999999999899,"{""waypoints"":[180, 140], ""unsafe_region"":[[40.0, 20.0], [80.0, 20.0], [80.0, 60.0], [40.0, 60.0]], }"
93.09999999999899,"{""waypoints"":[180, 140], ""unsafe_region"":[[40.0, 20.0], [80.0, 20.0], [80.0, 60.0], [40.0, 60.0]], }"
93.09999999999899,"{""waypoints"":[180, 140], ""unsafe_region"":[[40.0, 20.0], [80.0, 20.0], [80.0, 60.0], [40.0, 60.0]], }"
93.09999999999899,"{""waypoints"":[180, 140], ""unsafe_region"":[[40.0, 20.0], [80.0, 20.0], [80.0, 60.0], [40.0, 60.0]], }"
93.09999999999899,"{""waypoints"":[180, 140], ""unsafe_region"":[[40.0, 20.0], [80.0, 20.0], [80.0, 60.0], [40.0, 60.0]], }"
93.09999999999899,"{""waypoints"":[180, 140], ""unsafe_region"":[[40.0, 20.0], [80.0, 20.0], [80.0, 60.0], [40.0, 60.0]], }"
93.09999999999899,"{""waypoints"":[180, 140], ""unsafe_region"":[[40.0, 20.0], [80.0, 20.0], [80.0, 60.0], [40.0, 60.0]], }"
93.09999999999899,"{""waypoints"":[180, 140], ""unsafe_region"":[[40.0, 20.0], [80.0, 20.0], [80.0, 60.0], [40.0, 60.0]], }"
93.09999999999899,"{""waypoints"":[180, 140], ""unsafe_region"":[[40.0, 20.0], [80.0, 20.0], [80.0, 60.0], [40.0, 60.0]], }"
93.09999999999899,"{""waypoints"":[180, 140], ""unsafe_region"":[[40.0, 20.0], [80.0, 20.0], [80.0, 60.0], [40.0, 60.0]], }"
93.09999999999899,"{""waypoints"":[180, 140], ""unsafe_region"":[[40.0, 20.0], [80.0, 20.0], [80.0, 60.0], [40.0, 60.0]], }"
93.09999999999899,"{""waypoints"":[180, 140], ""unsafe_region"":[[40.0, 20.0], [80.0, 20.0], [80.0, 60.0], [40.0, 60.0]], }"
93.09999999999899,"{""waypoints"":[180, 140], ""unsafe_region"":[[40.0, 20.0], [80.0, 20.0], [80.0, 60.0], [40.0, 60.0]], }"
93.09999999999899,"{""waypoints"":[180, 140], ""unsafe_region"":[[40.0, 20.0], [80.0, 20.0], [80.0, 60.0], [40.0, 60.0]], }"
93.09999999999899,"{""waypoints"":[180, 140], ""unsafe_region"":[[40.0, 20.0], [80.0, 20.0], [80.0, 60.0], [40.0, 60.0]], }"
100.69999999999855,"{""waypoints"":[180, 140], ""unsafe_region"":[[40.0, 20.0], [80.0, 20.0], [80.0, 60.0], [40.0, 60.0]], }"
100.79999999999855,"{""waypoints"":[180, 140], ""unsafe_region"":[[40.0, 20.0], [80.0, 20.0], [80.0, 60.0], [40.0, 60.0]], }"
100.79999999999855,"{""waypoints"":[180, 140], ""unsafe_region"":[[40.0, 20.0], [80.0, 20.0], [80.0, 60.0], [40.0, 60.0]], }"
100.79999999999855,"{""waypoints"":[180, 140], ""unsafe_region"":[[40.0, 20.0], [80.0, 20.0], [80.0, 60.0], [40.0, 60.0]], }"
100.79999999999855,"{""waypoints"":[180, 140], ""unsafe_region"":[[40.0, 20.0], [80.0, 20.0], [80.0, 60.0], [40.0, 60.0]], }"
100.79999999999855,"{""waypoints"":[180, 140], ""unsafe_region"":[[40.0, 20.0], [80.0, 20.0], [80.0, 60.0], [40.0, 60.0]], }"
100.79999999999855,"{""waypoints"":[180, 140], ""unsafe_region"":[[40.0, 20.0], [80.0, 20.0], [80.0, 60.0], [40.0, 60.0]], }"
100.79999999999855,"{""waypoints"":[180, 140], ""unsafe_region"":[[40.0, 20.0], [80.0, 20.0], [80.0, 60.0], [40.0, 60.0]], }"
100.79999999999855,"{""waypoints"":[180, 140], ""unsafe_region"":[[40.0, 20.0], [80.0, 20.0], [80.0, 60.0], [40.0, 60.0]], }"
100.79999999999855,"{""waypoints"":[180, 140], ""unsafe_region"":[[40.0, 20.0], [80.0, 20.0], [80.0, 60.0], [40.0, 60.0]], }"
100.79999999999855,"{""waypoints"":[180, 140], ""unsafe_region"":[[40.0, 20.0], [80.0, 20.0], [80.0, 60.0], [40.0, 60.0]], }"
100.79999999999855,"{""waypoints"":[180, 140], ""unsafe_region"":[[40.0, 20.0], [80.0, 20.0], [80.0, 60.0], [40.0, 60.0]], }"
100.79999999999855,"{""waypoints"":[180, 140], ""unsafe_region"":[[40.0, 20.0], [80.0, 20.0], [80.0, 60.0], [40.0, 60.0]], }"
100.79999999999855,"{""waypoints"":[180, 140], ""unsafe_region"":[[40.0, 20.0], [80.0, 20.0], [80.0, 60.0], [40.0, 60.0]], }"
100.79999999999855,"{""waypoints"":[180, 140], ""unsafe_region"":[[40.0, 20.0], [80.0, 20.0], [80.0, 60.0], [40.0, 60.0]], }"
100.79999999999855,"{""waypoints"":[180, 140], ""unsafe_region"":[[40.0, 20.0], [80.0, 20.0], [80.0, 60.0], [40.0, 60.0]], }"
100.79999999999855,"{""waypoints"":[180, 140], ""unsafe_region"":[[40.0, 20.0], [80.0, 20.0], [80.0, 60.0], [40.0, 60.0]], }"
100.79999999999855,"{""waypoints"":[180, 140], ""unsafe_region"":[[40.0, 20.0], [80.0, 20.0], [80.0, 60.0], [40.0, 60.0]], }"
100.79999999999855,"{""waypoints"":[180, 140], ""unsafe_region"":[[40.0, 20.0], [80.0, 20.0], [80.0, 60.0], [40.0, 60.0]], }"
100.79999999999855,"{""waypoints"":[180, 140], ""unsafe_region"":[[40.0, 20.0], [80.0, 20.0], [80.0, 60.0], [40.0, 60.0]], }"
100.79999999999855,"{""waypoints"":[180, 140], ""unsafe_region"":[[40.0, 20.0], [80.0, 20.0], [80.0, 60.0], [40.0, 60.0]], }"
100.79999999999855,"{""waypoints"":[180, 140], ""unsafe_region"":[[40.0, 20.0], [80.0, 20.0], [80.0, 60.0], [40.0, 60.0]], }"
100.79999999999855,"{""waypoints"":[180, 140], ""unsafe_region"":[[40.0, 20.0], [80.0, 20.0], [80.0, 60.0], [40.0, 60.0]], }"
100.79999999999855,"{""waypoints"":[180, 140], ""unsafe_region"":[[40.0, 20.0], [80.0, 20.0], [80.0, 60.0], [40.0, 60.0]], }"
100.79999999999855,"{""waypoints"":[180, 140], ""unsafe_region"":[[40.0, 20.0], [80.0, 20.0], [80.0, 60.0], [40.0, 60.0]], }"
100.79999999999855,"{""waypoints"":[180, 140], ""unsafe_region"":[[40.0, 20.0], [80.0, 20.0], [80.0, 60.0], [40.0, 60.0]], }"
100.79999999999855,"{""waypoints"":[180, 140], ""unsafe_region"":[[40.0, 20.0], [80.0, 20.0], [80.0, 60.0], [40.0, 60.0]], }"
100.79999999999855,"{""waypoints"":[180, 140], ""unsafe_region"":[[40.0, 20.0], [80.0, 20.0], [80.0, 60.0], [40.0, 60.0]], }"
100.79999999999855,"{""waypoints"":[180, 140], ""unsafe_region"":[[40.0, 20.0], [80.0, 20.0], [80.0, 60.0], [40.0, 60.0]], }"
100.79999999999855,"{""waypoints"":[180, 140], ""unsafe_region"":[[40.0, 20.0], [80.0, 20.0], [80.0, 60.0], [40.0, 60.0]], }"
100.79999999999855,"{""waypoints"":[180, 140], ""unsafe_region"":[[40.0, 20.0], [80.0, 20.0], [80.0, 60.0], [40.0, 60.0]], }"
100.79999999999855,"{""waypoints"":[180, 140], ""unsafe_region"":[[40.0, 20.0], [80.0, 20.0], [80.0, 60.0], [40.0, 60.0]], }"
100.79999999999855,"{""waypoints"":[180, 140], ""unsafe_region"":[[40.0, 20.0], [80.0, 20.0], [80.0, 60.0], [40.0, 60.0]], }"
100.79999999999855,"{""waypoints"":[180, 140], ""unsafe_region"":[[40.0, 20.0], [80.0, 20.0], [80.0, 60.0], [40.0, 60.0]], }"
100.79999999999855,"{""waypoints"":[180, 140], ""unsafe_region"":[[40.0, 20.0], [80.0, 20.0], [80.0, 60.0], [40.0, 60.0]], }"
100.79999999999855,"{""waypoints"":[180, 140], ""unsafe_region"":[[40.0, 20.0], [80.0, 20.0], [80.0, 60.0], [40.0, 60.0]], }"
100.79999999999855,"{""waypoints"":[180, 140], ""unsafe_region"":[[40.0, 20.0], [80.0, 20.0], [80.0, 60.0], [40.0, 60.0]], }"
100.79999999999855,"{""waypoints"":[180, 140], ""unsafe_region"":[[40.0, 20.0], [80.0, 20.0], [80.0, 60.0], [40.0, 60.0]], }"
100.79999999999855,"{""waypoints"":[180, 140], ""unsafe_region"":[[40.0, 20.0], [80.0, 20.0], [80.0, 60.0], [40.0, 60.0]], }"
100.79999999999855,"{""waypoints"":[180, 140], ""unsafe_region"":[[40.0, 20.0], [80.0, 20.0], [80.0, 60.0], [40.0, 60.0]], }"
100.79999999999855,"{""waypoints"":[180, 140], ""unsafe_region"":[[40.0, 20.0], [80.0, 20.0], [80.0, 60.0], [40.0, 60.0]], }"
100.79999999999855,"{""waypoints"":[180, 140], ""unsafe_region"":[[40.0, 20.0], [80.0, 20.0], [80.0, 60.0], [40.0, 60.0]], }"
100.79999999999855,"{""waypoints"":[180, 140], ""unsafe_region"":[[40.0, 20.0], [80.0, 20.0], [80.0, 60.0], [40.0, 60.0]], }"
100.79999999999855,"{""waypoints"":[180, 140], ""unsafe_region"":[[40.0, 20.0], [80.0, 20.0], [80.0, 60.0], [40.0, 60.0]], }"
100.79999999999855,"{""waypoints"":[180, 140], ""unsafe_region"":[[40.0, 20.0], [80.0, 20.0], [80.0, 60.0], [40.0, 60.0]], }"
100.79999999999855,"{""waypoints"":[180, 140], ""unsafe_region"":[[40.0, 20.0], [80.0, 20.0], [80.0, 60.0], [40.0, 60.0]], }"
100.79999999999855,"{""waypoints"":[180, 140], ""unsafe_region"":[[40.0, 20.0], [80.0, 20.0], [80.0, 60.0], [40.0, 60.0]], }"
100.79999999999855,"{""waypoints"":[180, 140], ""unsafe_region"":[[40.0, 20.0], [80.0, 20.0], [80.0, 60.0], [40.0, 60.0]], }"
100.79999999999855,"{""waypoints"":[180, 140], ""unsafe_region"":[[40.0, 20.0], [80.0, 20.0], [80.0, 60.0], [40.0, 60.0]], }"
100.79999999999855,"{""waypoints"":[180, 140], ""unsafe_region"":[[40.0, 20.0], [80.0, 20.0], [80.0, 60.0], [40.0, 60.0]], }"
100.79999999999855,"{""waypoints"":[180, 140], ""unsafe_region"":[[40.0, 20.0], [80.0, 20.0], [80.0, 60.0], [40.0, 60.0]], }"
100.79999999999855,"{""waypoints"":[180, 140], ""unsafe_region"":[[40.0, 20.0], [80.0, 20.0], [80.0, 60.0], [40.0, 60.0]], }"
100.79999999999855,"{""waypoints"":[180, 140], ""unsafe_region"":[[40.0, 20.0], [80.0, 20.0], [80.0, 60.0], [40.0, 60.0]], }"
100.79999999999855,"{""waypoints"":[180, 140], ""unsafe_region"":[[40.0, 20.0], [80.0, 20.0], [80.0, 60.0], [40.0, 60.0]], }"
100.79999999999855,"{""waypoints"":[180, 140], ""unsafe_region"":[[40.0, 20.0], [80.0, 20.0], [80.0, 60.0], [40.0, 60.0]], }"
100.79999999999855,"{""waypoints"":[180, 140], ""unsafe_region"":[[40.0, 20.0], [80.0, 20.0], [80.0, 60.0], [40.0, 60.0]], }"
100.79999999999855,"{""waypoints"":[180, 140], ""unsafe_region"":[[40.0, 20.0], [80.0, 20.0], [80.0, 60.0], [40.0, 60.0]], }"
100.79999999999855,"{""waypoints"":[180, 140], ""unsafe_region"":[[40.0, 20.0], [80.0, 20.0], [80.0, 60.0], [40.0, 60.0]], }"
100.79999999999855,"{""waypoints"":[180, 140], ""unsafe_region"":[[40.0, 20.0], [80.0, 20.0], [80.0, 60.0], [40.0, 60.0]], }"
100.79999999999855,"{""waypoints"":[180, 140], ""unsafe_region"":[[40.0, 20.0], [80.0, 20.0], [80.0, 60.0], [40.0, 60.0]], }"
100.79999999999855,"{""waypoints"":[180, 140], ""unsafe_region"":[[40.0, 20.0], [80.0, 20.0], [80.0, 60.0], [40.0, 60.0]], }"
100.79999999999855,"{""waypoints"":[180, 140], ""unsafe_region"":[[40.0, 20.0], [80.0, 20.0], [80.0, 60.0], [40.0, 60.0]], }"
100.79999999999855,"{""waypoints"":[180, 140], ""unsafe_region"":[[40.0, 20.0], [80.0, 20.0], [80.0, 60.0], [40.0, 60.0]], }"
100.79999999999855,"{""waypoints"":[180, 140], ""unsafe_region"":[[40.0, 20.0], [80.0, 20.0], [80.0, 60.0], [40.0, 60.0]], }"
100.79999999999855,"{""waypoints"":[180, 140], ""unsafe_region"":[[40.0, 20.0], [80.0, 20.0], [80.0, 60.0], [40.0, 60.0]], }"
100.79999999999855,"{""waypoints"":[180, 140], ""unsafe_region"":[[40.0, 20.0], [80.0, 20.0], [80.0, 60.0], [40.0, 60.0]], }"
100.79999999999855,"{""waypoints"":[180, 140], ""unsafe_region"":[[40.0, 20.0], [80.0, 20.0], [80.0, 60.0], [40.0, 60.0]], }"
100.79999999999855,"{""waypoints"":[180, 140], ""unsafe_region"":[[40.0, 20.0], [80.0, 20.0], [80.0, 60.0], [40.0, 60.0]], }"
100.79999999999855,"{""waypoints"":[180, 140], ""unsafe_region"":[[40.0, 20.0], [80.0, 20.0], [80.0, 60.0], [40.0, 60.0]], }"
100.79999999999855,"{""waypoints"":[180, 140], ""unsafe_region"":[[40.0, 20.0], [80.0, 20.0], [80.0, 60.0], [40.0, 60.0]], }"
100.79999999999855,"{""waypoints"":[180, 140], ""unsafe_region"":[[40.0, 20.0], [80.0, 20.0], [80.0, 60.0], [40.0, 60.0]], }"
100.79999999999855,"{""waypoints"":[180, 140], ""unsafe_region"":[[40.0, 20.0], [80.0, 20.0], [80.0, 60.0], [40.0, 60.0]], }"
100.89999999999854,"{""waypoints"":[180, 140], ""unsafe_region"":[[40.0, 20.0], [80.0, 20.0], [80.0, 60.0], [40.0, 60.0]], }"
100.89999999999854,"{""waypoints"":[180, 140], ""unsafe_region"":[[40.0, 20.0], [80.0, 20.0], [80.0, 60.0], [40.0, 60.0]], }"
100.89999999999854,"{""waypoints"":[180, 140], ""unsafe_region"":[[40.0, 20.0], [80.0, 20.0], [80.0, 60.0], [40.0, 60.0]], }"
100.89999999999854,"{""waypoints"":[180, 140], ""unsafe_region"":[[40.0, 20.0], [80.0, 20.0], [80.0, 60.0], [40.0, 60.0]], }"
100.89999999999854,"{""waypoints"":[180, 140], ""unsafe_region"":[[40.0, 20.0], [80.0, 20.0], [80.0, 60.0], [40.0, 60.0]], }"
100.89999999999854,"{""waypoints"":[180, 140], ""unsafe_region"":[[40.0, 20.0], [80.0, 20.0], [80.0, 60.0], [40.0, 60.0]], }"
108.7999999999981,"{""waypoints"":[180, 140], ""unsafe_region"":[[40.0, 20.0], [80.0, 20.0], [80.0, 60.0], [40.0, 60.0]], }"
108.89999999999809,"{""waypoints"":[180, 140], ""unsafe_region"":[[40.0, 20.0], [80.0, 20.0], [80.0, 60.0], [40.0, 60.0]], }"
108.89999999999809,"{""waypoints"":[180, 140], ""unsafe_region"":[[40.0, 20.0], [80.0, 20.0], [80.0, 60.0], [40.0, 60.0]], }"
108.89999999999809,"{""waypoints"":[180, 140], ""unsafe_region"":[[40.0, 20.0], [80.0, 20.0], [80.0, 60.0], [40.0, 60.0]], }"
108.89999999999809,"{""waypoints"":[180, 140], ""unsafe_region"":[[40.0, 20.0], [80.0, 20.0], [80.0, 60.0], [40.0, 60.0]], }"
108.89999999999809,"{""waypoints"":[180, 140], ""unsafe_region"":[[40.0, 20.0], [80.0, 20.0], [80.0, 60.0], [40.0, 60.0]], }"
108.89999999999809,"{""waypoints"":[180, 140], ""unsafe_region"":[[40.0, 20.0], [80.0, 20.0], [80.0, 60.0], [40.0, 60.0]], }"
108.89999999999809,"{""waypoints"":[180, 140], ""unsafe_region"":[[40.0, 20.0], [80.0, 20.0], [80.0, 60.0], [40.0, 60.0]], }"
108.89999999999809,"{""waypoints"":[180, 140], ""unsafe_region"":[[40.0, 20.0], [80.0, 20.0], [80.0, 60.0], [40.0, 60.0]], }"
108.89999999999809,"{""waypoints"":[180, 140], ""unsafe_region"":[[40.0, 20.0], [80.0, 20.0], [80.0, 60.0], [40.0, 60.0]], }"
108.89999999999809,"{""waypoints"":[180, 140], ""unsafe_region"":[[40.0, 20.0], [80.0, 20.0], [80.0, 60.0], [40.0, 60.0]], }"
108.89999999999809,"{""waypoints"":[180, 140], ""unsafe_region"":[[40.0, 20.0], [80.0, 20.0], [80.0, 60.0], [40.0, 60.0]], }"
108.89999999999809,"{""waypoints"":[180, 140], ""unsafe_region"":[[40.0, 20.0], [80.0, 20.0], [80.0, 60.0], [40.0, 60.0]], }"
108.89999999999809,"{""waypoints"":[180, 140], ""unsafe_region"":[[40.0, 20.0], [80.0, 20.0], [80.0, 60.0], [40.0, 60.0]], }"
108.89999999999809,"{""waypoints"":[180, 140], ""unsafe_region"":[[40.0, 20.0], [80.0, 20.0], [80.0, 60.0], [40.0, 60.0]], }"
108.89999999999809,"{""waypoints"":[180, 140], ""unsafe_region"":[[40.0, 20.0], [80.0, 20.0], [80.0, 60.0], [40.0, 60.0]], }"
108.89999999999809,"{""waypoints"":[180, 140], ""unsafe_region"":[[40.0, 20.0], [80.0, 20.0], [80.0, 60.0], [40.0, 60.0]], }"
108.89999999999809,"{""waypoints"":[180, 140], ""unsafe_region"":[[40.0, 20.0], [80.0, 20.0], [80.0, 60.0], [40.0, 60.0]], }"
108.89999999999809,"{""waypoints"":[180, 140], ""unsafe_region"":[[40.0, 20.0], [80.0, 20.0], [80.0, 60.0], [40.0, 60.0]], }"
108.89999999999809,"{""waypoints"":[180, 140], ""unsafe_region"":[[40.0, 20.0], [80.0, 20.0], [80.0, 60.0], [40.0, 60.0]], }"
108.89999999999809,"{""waypoints"":[180, 140], ""unsafe_region"":[[40.0, 20.0], [80.0, 20.0], [80.0, 60.0], [40.0, 60.0]], }"
108.89999999999809,"{""waypoints"":[180, 140], ""unsafe_region"":[[40.0, 20.0], [80.0, 20.0], [80.0, 60.0], [40.0, 60.0]], }"
108.89999999999809,"{""waypoints"":[180, 140], ""unsafe_region"":[[40.0, 20.0], [80.0, 20.0], [80.0, 60.0], [40.0, 60.0]], }"
108.89999999999809,"{""waypoints"":[180, 140], ""unsafe_region"":[[40.0, 20.0], [80.0, 20.0], [80.0, 60.0], [40.0, 60.0]], }"
108.89999999999809,"{""waypoints"":[180, 140], ""unsafe_region"":[[40.0, 20.0], [80.0, 20.0], [80.0, 60.0], [40.0, 60.0]], }"
108.89999999999809,"{""waypoints"":[180, 140], ""unsafe_region"":[[40.0, 20.0], [80.0, 20.0], [80.0, 60.0], [40.0, 60.0]], }"
108.89999999999809,"{""waypoints"":[180, 140], ""unsafe_region"":[[40.0, 20.0], [80.0, 20.0], [80.0, 60.0], [40.0, 60.0]], }"
108.89999999999809,"{""waypoints"":[180, 140], ""unsafe_region"":[[40.0, 20.0], [80.0, 20.0], [80.0, 60.0], [40.0, 60.0]], }"
108.89999999999809,"{""waypoints"":[180, 140], ""unsafe_region"":[[40.0, 20.0], [80.0, 20.0], [80.0, 60.0], [40.0, 60.0]], }"
108.89999999999809,"{""waypoints"":[180, 140], ""unsafe_region"":[[40.0, 20.0], [80.0, 20.0], [80.0, 60.0], [40.0, 60.0]], }"
108.89999999999809,"{""waypoints"":[180, 140], ""unsafe_region"":[[40.0, 20.0], [80.0, 20.0], [80.0, 60.0], [40.0, 60.0]], }"
108.89999999999809,"{""waypoints"":[180, 140], ""unsafe_region"":[[40.0, 20.0], [80.0, 20.0], [80.0, 60.0], [40.0, 60.0]], }"
108.89999999999809,"{""waypoints"":[180, 140], ""unsafe_region"":[[40.0, 20.0], [80.0, 20.0], [80.0, 60.0], [40.0, 60.0]], }"
108.89999999999809,"{""waypoints"":[180, 140], ""unsafe_region"":[[40.0, 20.0], [80.0, 20.0], [80.0, 60.0], [40.0, 60.0]], }"
108.89999999999809,"{""waypoints"":[180, 140], ""unsafe_region"":[[40.0, 20.0], [80.0, 20.0], [80.0, 60.0], [40.0, 60.0]], }"
108.89999999999809,"{""waypoints"":[180, 140], ""unsafe_region"":[[40.0, 20.0], [80.0, 20.0], [80.0, 60.0], [40.0, 60.0]], }"
108.89999999999809,"{""waypoints"":[180, 140], ""unsafe_region"":[[40.0, 20.0], [80.0, 20.0], [80.0, 60.0], [40.0, 60.0]], }"
108.89999999999809,"{""waypoints"":[180, 140], ""unsafe_region"":[[40.0, 20.0], [80.0, 20.0], [80.0, 60.0], [40.0, 60.0]], }"
108.89999999999809,"{""waypoints"":[180, 140], ""unsafe_region"":[[40.0, 20.0], [80.0, 20.0], [80.0, 60.0], [40.0, 60.0]], }"
108.89999999999809,"{""waypoints"":[180, 140], ""unsafe_region"":[[40.0, 20.0], [80.0, 20.0], [80.0, 60.0], [40.0, 60.0]], }"
108.89999999999809,"{""waypoints"":[180, 140], ""unsafe_region"":[[40.0, 20.0], [80.0, 20.0], [80.0, 60.0], [40.0, 60.0]], }"
108.89999999999809,"{""waypoints"":[180, 140], ""unsafe_region"":[[40.0, 20.0], [80.0, 20.0], [80.0, 60.0], [40.0, 60.0]], }"
108.89999999999809,"{""waypoints"":[180, 140], ""unsafe_region"":[[40.0, 20.0], [80.0, 20.0], [80.0, 60.0], [40.0, 60.0]], }"
108.89999999999809,"{""waypoints"":[180, 140], ""unsafe_region"":[[40.0, 20.0], [80.0, 20.0], [80.0, 60.0], [40.0, 60.0]], }"
108.89999999999809,"{""waypoints"":[180, 140], ""unsafe_region"":[[40.0, 20.0], [80.0, 20.0], [80.0, 60.0], [40.0, 60.0]], }"
108.89999999999809,"{""waypoints"":[180, 140], ""unsafe_region"":[[40.0, 20.0], [80.0, 20.0], [80.0, 60.0], [40.0, 60.0]], }"
108.89999999999809,"{""waypoints"":[180, 140], ""unsafe_region"":[[40.0, 20.0], [80.0, 20.0], [80.0, 60.0], [40.0, 60.0]], }"
108.89999999999809,"{""waypoints"":[180, 140], ""unsafe_region"":[[40.0, 20.0], [80.0, 20.0], [80.0, 60.0], [40.0, 60.0]], }"
108.89999999999809,"{""waypoints"":[180, 140], ""unsafe_region"":[[40.0, 20.0], [80.0, 20.0], [80.0, 60.0], [40.0, 60.0]], }"
108.89999999999809,"{""waypoints"":[180, 140], ""unsafe_region"":[[40.0, 20.0], [80.0, 20.0], [80.0, 60.0], [40.0, 60.0]], }"
108.89999999999809,"{""waypoints"":[180, 140], ""unsafe_region"":[[40.0, 20.0], [80.0, 20.0], [80.0, 60.0], [40.0, 60.0]], }"
108.89999999999809,"{""waypoints"":[180, 140], ""unsafe_region"":[[40.0, 20.0], [80.0, 20.0], [80.0, 60.0], [40.0, 60.0]], }"
108.89999999999809,"{""waypoints"":[180, 140], ""unsafe_region"":[[40.0, 20.0], [80.0, 20.0], [80.0, 60.0], [40.0, 60.0]], }"
108.89999999999809,"{""waypoints"":[180, 140], ""unsafe_region"":[[40.0, 20.0], [80.0, 20.0], [80.0, 60.0], [40.0, 60.0]], }"
108.89999999999809,"{""waypoints"":[180, 140], ""unsafe_region"":[[40.0, 20.0], [80.0, 20.0], [80.0, 60.0], [40.0, 60.0]], }"
108.89999999999809,"{""waypoints"":[180, 140], ""unsafe_region"":[[40.0, 20.0], [80.0, 20.0], [80.0, 60.0], [40.0, 60.0]], }"
108.89999999999809,"{""waypoints"":[180, 140], ""unsafe_region"":[[40.0, 20.0], [80.0, 20.0], [80.0, 60.0], [40.0, 60.0]], }"
108.89999999999809,"{""waypoints"":[180, 140], ""unsafe_region"":[[40.0, 20.0], [80.0, 20.0], [80.0, 60.0], [40.0, 60.0]], }"
108.89999999999809,"{""waypoints"":[180, 140], ""unsafe_region"":[[40.0, 20.0], [80.0, 20.0], [80.0, 60.0], [40.0, 60.0]], }"
108.89999999999809,"{""waypoints"":[180, 140], ""unsafe_region"":[[40.0, 20.0], [80.0, 20.0], [80.0, 60.0], [40.0, 60.0]], }"
108.89999999999809,"{""waypoints"":[180, 140], ""unsafe_region"":[[40.0, 20.0], [80.0, 20.0], [80.0, 60.0], [40.0, 60.0]], }"
108.89999999999809,"{""waypoints"":[180, 140], ""unsafe_region"":[[40.0, 20.0], [80.0, 20.0], [80.0, 60.0], [40.0, 60.0]], }"
108.89999999999809,"{""waypoints"":[180, 140], ""unsafe_region"":[[40.0, 20.0], [80.0, 20.0], [80.0, 60.0], [40.0, 60.0]], }"
108.89999999999809,"{""waypoints"":[180, 140], ""unsafe_region"":[[40.0, 20.0], [80.0, 20.0], [80.0, 60.0], [40.0, 60.0]], }"
108.89999999999809,"{""waypoints"":[180, 140], ""unsafe_region"":[[40.0, 20.0], [80.0, 20.0], [80.0, 60.0], [40.0, 60.0]], }"
108.89999999999809,"{""waypoints"":[180, 140], ""unsafe_region"":[[40.0, 20.0], [80.0, 20.0], [80.0, 60.0], [40.0, 60.0]], }"
108.89999999999809,"{""waypoints"":[180, 140], ""unsafe_region"":[[40.0, 20.0], [80.0, 20.0], [80.0, 60.0], [40.0, 60.0]], }"
108.89999999999809,"{""waypoints"":[180, 140], ""unsafe_region"":[[40.0, 20.0], [80.0, 20.0], [80.0, 60.0], [40.0, 60.0]], }"
108.89999999999809,"{""waypoints"":[180, 140], ""unsafe_region"":[[40.0, 20.0], [80.0, 20.0], [80.0, 60.0], [40.0, 60.0]], }"
108.89999999999809,"{""waypoints"":[180, 140], ""unsafe_region"":[[40.0, 20.0], [80.0, 20.0], [80.0, 60.0], [40.0, 60.0]], }"
108.89999999999809,"{""waypoints"":[180, 140], ""unsafe_region"":[[40.0, 20.0], [80.0, 20.0], [80.0, 60.0], [40.0, 60.0]], }"
108.89999999999809,"{""waypoints"":[180, 140], ""unsafe_region"":[[40.0, 20.0], [80.0, 20.0], [80.0, 60.0], [40.0, 60.0]], }"
108.89999999999809,"{""waypoints"":[180, 140], ""unsafe_region"":[[40.0, 20.0], [80.0, 20.0], [80.0, 60.0], [40.0, 60.0]], }"
108.89999999999809,"{""waypoints"":[180, 140], ""unsafe_region"":[[40.0, 20.0], [80.0, 20.0], [80.0, 60.0], [40.0, 60.0]], }"
108.89999999999809,"{""waypoints"":[180, 140], ""unsafe_region"":[[40.0, 20.0], [80.0, 20.0], [80.0, 60.0], [40.0, 60.0]], }"
108.89999999999809,"{""waypoints"":[180, 140], ""unsafe_region"":[[40.0, 20.0], [80.0, 20.0], [80.0, 60.0], [40.0, 60.0]], }"
108.89999999999809,"{""waypoints"":[180, 140], ""unsafe_region"":[[40.0, 20.0], [80.0, 20.0], [80.0, 60.0], [40.0, 60.0]], }"
108.89999999999809,"{""waypoints"":[180, 140], ""unsafe_region"":[[40.0, 20.0], [80.0, 20.0], [80.0, 60.0], [40.0, 60.0]], }"
108.89999999999809,"{""waypoints"":[180, 140], ""unsafe_region"":[[40.0, 20.0], [80.0, 20.0], [80.0, 60.0], [40.0, 60.0]], }"
108.89999999999809,"{""waypoints"":[180, 140], ""unsafe_region"":[[40.0, 20.0], [80.0, 20.0], [80.0, 60.0], [40.0, 60.0]], }"
116.79999999999764,"{""waypoints"":[180, 140], ""unsafe_region"":[[40.0, 20.0], [80.0, 20.0], [80.0, 60.0], [40.0, 60.0]], }"
116.89999999999763,"{""waypoints"":[180, 140], ""unsafe_region"":[[40.0, 20.0], [80.0, 20.0], [80.0, 60.0], [40.0, 60.0]], }"
116.89999999999763,"{""waypoints"":[180, 140], ""unsafe_region"":[[40.0, 20.0], [80.0, 20.0], [80.0, 60.0], [40.0, 60.0]], }"
116.89999999999763,"{""waypoints"":[180, 140], ""unsafe_region"":[[40.0, 20.0], [80.0, 20.0], [80.0, 60.0], [40.0, 60.0]], }"
116.89999999999763,"{""waypoints"":[180, 140], ""unsafe_region"":[[40.0, 20.0], [80.0, 20.0], [80.0, 60.0], [40.0, 60.0]], }"
116.89999999999763,"{""waypoints"":[180, 140], ""unsafe_region"":[[40.0, 20.0], [80.0, 20.0], [80.0, 60.0], [40.0, 60.0]], }"
116.89999999999763,"{""waypoints"":[180, 140], ""unsafe_region"":[[40.0, 20.0], [80.0, 20.0], [80.0, 60.0], [40.0, 60.0]], }"
116.89999999999763,"{""waypoints"":[180, 140], ""unsafe_region"":[[40.0, 20.0], [80.0, 20.0], [80.0, 60.0], [40.0, 60.0]], }"
116.89999999999763,"{""waypoints"":[180, 140], ""unsafe_region"":[[40.0, 20.0], [80.0, 20.0], [80.0, 60.0], [40.0, 60.0]], }"
116.89999999999763,"{""waypoints"":[180, 140], ""unsafe_region"":[[40.0, 20.0], [80.0, 20.0], [80.0, 60.0], [40.0, 60.0]], }"
116.89999999999763,"{""waypoints"":[180, 140], ""unsafe_region"":[[40.0, 20.0], [80.0, 20.0], [80.0, 60.0], [40.0, 60.0]], }"
116.89999999999763,"{""waypoints"":[180, 140], ""unsafe_region"":[[40.0, 20.0], [80.0, 20.0], [80.0, 60.0], [40.0, 60.0]], }"
116.89999999999763,"{""waypoints"":[180, 140], ""unsafe_region"":[[40.0, 20.0], [80.0, 20.0], [80.0, 60.0], [40.0, 60.0]], }"
116.89999999999763,"{""waypoints"":[180, 140], ""unsafe_region"":[[40.0, 20.0], [80.0, 20.0], [80.0, 60.0], [40.0, 60.0]], }"
116.89999999999763,"{""waypoints"":[180, 140], ""unsafe_region"":[[40.0, 20.0], [80.0, 20.0], [80.0, 60.0], [40.0, 60.0]], }"
116.89999999999763,"{""waypoints"":[180, 140], ""unsafe_region"":[[40.0, 20.0], [80.0, 20.0], [80.0, 60.0], [40.0, 60.0]], }"
116.89999999999763,"{""waypoints"":[180, 140], ""unsafe_region"":[[40.0, 20.0], [80.0, 20.0], [80.0, 60.0], [40.0, 60.0]], }"
116.89999999999763,"{""waypoints"":[180, 140], ""unsafe_region"":[[40.0, 20.0], [80.0, 20.0], [80.0, 60.0], [40.0, 60.0]], }"
116.89999999999763,"{""waypoints"":[180, 140], ""unsafe_region"":[[40.0, 20.0], [80.0, 20.0], [80.0, 60.0], [40.0, 60.0]], }"
116.89999999999763,"{""waypoints"":[180, 140], ""unsafe_region"":[[40.0, 20.0], [80.0, 20.0], [80.0, 60.0], [40.0, 60.0]], }"
116.89999999999763,"{""waypoints"":[180, 140], ""unsafe_region"":[[40.0, 20.0], [80.0, 20.0], [80.0, 60.0], [40.0, 60.0]], }"
116.89999999999763,"{""waypoints"":[180, 140], ""unsafe_region"":[[40.0, 20.0], [80.0, 20.0], [80.0, 60.0], [40.0, 60.0]], }"
116.89999999999763,"{""waypoints"":[180, 140], ""unsafe_region"":[[40.0, 20.0], [80.0, 20.0], [80.0, 60.0], [40.0, 60.0]], }"
116.89999999999763,"{""waypoints"":[180, 140], ""unsafe_region"":[[40.0, 20.0], [80.0, 20.0], [80.0, 60.0], [40.0, 60.0]], }"
116.89999999999763,"{""waypoints"":[180, 140], ""unsafe_region"":[[40.0, 20.0], [80.0, 20.0], [80.0, 60.0], [40.0, 60.0]], }"
116.89999999999763,"{""waypoints"":[180, 140], ""unsafe_region"":[[40.0, 20.0], [80.0, 20.0], [80.0, 60.0], [40.0, 60.0]], }"
116.89999999999763,"{""waypoints"":[180, 140], ""unsafe_region"":[[40.0, 20.0], [80.0, 20.0], [80.0, 60.0], [40.0, 60.0]], }"
116.89999999999763,"{""waypoints"":[180, 140], ""unsafe_region"":[[40.0, 20.0], [80.0, 20.0], [80.0, 60.0], [40.0, 60.0]], }"
116.89999999999763,"{""waypoints"":[180, 140], ""unsafe_region"":[[40.0, 20.0], [80.0, 20.0], [80.0, 60.0], [40.0, 60.0]], }"
116.89999999999763,"{""waypoints"":[180, 140], ""unsafe_region"":[[40.0, 20.0], [80.0, 20.0], [80.0, 60.0], [40.0, 60.0]], }"
116.89999999999763,"{""waypoints"":[180, 140], ""unsafe_region"":[[40.0, 20.0], [80.0, 20.0], [80.0, 60.0], [40.0, 60.0]], }"
116.89999999999763,"{""waypoints"":[180, 140], ""unsafe_region"":[[40.0, 20.0], [80.0, 20.0], [80.0, 60.0], [40.0, 60.0]], }"
116.89999999999763,"{""waypoints"":[180, 140], ""unsafe_region"":[[40.0, 20.0], [80.0, 20.0], [80.0, 60.0], [40.0, 60.0]], }"
116.89999999999763,"{""waypoints"":[180, 140], ""unsafe_region"":[[40.0, 20.0], [80.0, 20.0], [80.0, 60.0], [40.0, 60.0]], }"
116.89999999999763,"{""waypoints"":[180, 140], ""unsafe_region"":[[40.0, 20.0], [80.0, 20.0], [80.0, 60.0], [40.0, 60.0]], }"
116.89999999999763,"{""waypoints"":[180, 140], ""unsafe_region"":[[40.0, 20.0], [80.0, 20.0], [80.0, 60.0], [40.0, 60.0]], }"
116.89999999999763,"{""waypoints"":[180, 140], ""unsafe_region"":[[40.0, 20.0], [80.0, 20.0], [80.0, 60.0], [40.0, 60.0]], }"
116.89999999999763,"{""waypoints"":[180, 140], ""unsafe_region"":[[40.0, 20.0], [80.0, 20.0], [80.0, 60.0], [40.0, 60.0]], }"
116.89999999999763,"{""waypoints"":[180, 140], ""unsafe_region"":[[40.0, 20.0], [80.0, 20.0], [80.0, 60.0], [40.0, 60.0]], }"
116.89999999999763,"{""waypoints"":[180, 140], ""unsafe_region"":[[40.0, 20.0], [80.0, 20.0], [80.0, 60.0], [40.0, 60.0]], }"
116.89999999999763,"{""waypoints"":[180, 140], ""unsafe_region"":[[40.0, 20.0], [80.0, 20.0], [80.0, 60.0], [40.0, 60.0]], }"
116.89999999999763,"{""waypoints"":[180, 140], ""unsafe_region"":[[40.0, 20.0], [80.0, 20.0], [80.0, 60.0], [40.0, 60.0]], }"
116.89999999999763,"{""waypoints"":[180, 140], ""unsafe_region"":[[40.0, 20.0], [80.0, 20.0], [80.0, 60.0], [40.0, 60.0]], }"
116.89999999999763,"{""waypoints"":[180, 140], ""unsafe_region"":[[40.0, 20.0], [80.0, 20.0], [80.0, 60.0], [40.0, 60.0]], }"
116.89999999999763,"{""waypoints"":[180, 140], ""unsafe_region"":[[40.0, 20.0], [80.0, 20.0], [80.0, 60.0], [40.0, 60.0]], }"
116.89999999999763,"{""waypoints"":[180, 140], ""unsafe_region"":[[40.0, 20.0], [80.0, 20.0], [80.0, 60.0], [40.0, 60.0]], }"
116.89999999999763,"{""waypoints"":[180, 140], ""unsafe_region"":[[40.0, 20.0], [80.0, 20.0], [80.0, 60.0], [40.0, 60.0]], }"
116.89999999999763,"{""waypoints"":[180, 140], ""unsafe_region"":[[40.0, 20.0], [80.0, 20.0], [80.0, 60.0], [40.0, 60.0]], }"
116.89999999999763,"{""waypoints"":[180, 140], ""unsafe_region"":[[40.0, 20.0], [80.0, 20.0], [80.0, 60.0], [40.0, 60.0]], }"
116.89999999999763,"{""waypoints"":[180, 140], ""unsafe_region"":[[40.0, 20.0], [80.0, 20.0], [80.0, 60.0], [40.0, 60.0]], }"
116.89999999999763,"{""waypoints"":[180, 140], ""unsafe_region"":[[40.0, 20.0], [80.0, 20.0], [80.0, 60.0], [40.0, 60.0]], }"
116.89999999999763,"{""waypoints"":[180, 140], ""unsafe_region"":[[40.0, 20.0], [80.0, 20.0], [80.0, 60.0], [40.0, 60.0]], }"
116.89999999999763,"{""waypoints"":[180, 140], ""unsafe_region"":[[40.0, 20.0], [80.0, 20.0], [80.0, 60.0], [40.0, 60.0]], }"
116.89999999999763,"{""waypoints"":[180, 140], ""unsafe_region"":[[40.0, 20.0], [80.0, 20.0], [80.0, 60.0], [40.0, 60.0]], }"
116.89999999999763,"{""waypoints"":[180, 140], ""unsafe_region"":[[40.0, 20.0], [80.0, 20.0], [80.0, 60.0], [40.0, 60.0]], }"
116.89999999999763,"{""waypoints"":[180, 140], ""unsafe_region"":[[40.0, 20.0], [80.0, 20.0], [80.0, 60.0], [40.0, 60.0]], }"
116.89999999999763,"{""waypoints"":[180, 140], ""unsafe_region"":[[40.0, 20.0], [80.0, 20.0], [80.0, 60.0], [40.0, 60.0]], }"
116.89999999999763,"{""waypoints"":[180, 140], ""unsafe_region"":[[40.0, 20.0], [80.0, 20.0], [80.0, 60.0], [40.0, 60.0]], }"
116.89999999999763,"{""waypoints"":[180, 140], ""unsafe_region"":[[40.0, 20.0], [80.0, 20.0], [80.0, 60.0], [40.0, 60.0]], }"
116.89999999999763,"{""waypoints"":[180, 140], ""unsafe_region"":[[40.0, 20.0], [80.0, 20.0], [80.0, 60.0], [40.0, 60.0]], }"
116.89999999999763,"{""waypoints"":[180, 140], ""unsafe_region"":[[40.0, 20.0], [80.0, 20.0], [80.0, 60.0], [40.0, 60.0]], }"
116.89999999999763,"{""waypoints"":[180, 140], ""unsafe_region"":[[40.0, 20.0], [80.0, 20.0], [80.0, 60.0], [40.0, 60.0]], }"
116.89999999999763,"{""waypoints"":[180, 140], ""unsafe_region"":[[40.0, 20.0], [80.0, 20.0], [80.0, 60.0], [40.0, 60.0]], }"
116.89999999999763,"{""waypoints"":[180, 140], ""unsafe_region"":[[40.0, 20.0], [80.0, 20.0], [80.0, 60.0], [40.0, 60.0]], }"
116.89999999999763,"{""waypoints"":[180, 140], ""unsafe_region"":[[40.0, 20.0], [80.0, 20.0], [80.0, 60.0], [40.0, 60.0]], }"
116.89999999999763,"{""waypoints"":[180, 140], ""unsafe_region"":[[40.0, 20.0], [80.0, 20.0], [80.0, 60.0], [40.0, 60.0]], }"
116.89999999999763,"{""waypoints"":[180, 140], ""unsafe_region"":[[40.0, 20.0], [80.0, 20.0], [80.0, 60.0], [40.0, 60.0]], }"
116.89999999999763,"{""waypoints"":[180, 140], ""unsafe_region"":[[40.0, 20.0], [80.0, 20.0], [80.0, 60.0], [40.0, 60.0]], }"
116.89999999999763,"{""waypoints"":[180, 140], ""unsafe_region"":[[40.0, 20.0], [80.0, 20.0], [80.0, 60.0], [40.0, 60.0]], }"
116.89999999999763,"{""waypoints"":[180, 140], ""unsafe_region"":[[40.0, 20.0], [80.0, 20.0], [80.0, 60.0], [40.0, 60.0]], }"
116.89999999999763,"{""waypoints"":[180, 140], ""unsafe_region"":[[40.0, 20.0], [80.0, 20.0], [80.0, 60.0], [40.0, 60.0]], }"
116.89999999999763,"{""waypoints"":[180, 140], ""unsafe_region"":[[40.0, 20.0], [80.0, 20.0], [80.0, 60.0], [40.0, 60.0]], }"
116.89999999999763,"{""waypoints"":[180, 140], ""unsafe_region"":[[40.0, 20.0], [80.0, 20.0], [80.0, 60.0], [40.0, 60.0]], }"
116.89999999999763,"{""waypoints"":[180, 140], ""unsafe_region"":[[40.0, 20.0], [80.0, 20.0], [80.0, 60.0], [40.0, 60.0]], }"
116.89999999999763,"{""waypoints"":[180, 140], ""unsafe_region"":[[40.0, 20.0], [80.0, 20.0], [80.0, 60.0], [40.0, 60.0]], }"
116.89999999999763,"{""waypoints"":[180, 140], ""unsafe_region"":[[40.0, 20.0], [80.0, 20.0], [80.0, 60.0], [40.0, 60.0]], }"
116.89999999999763,"{""waypoints"":[180, 140], ""unsafe_region"":[[40.0, 20.0], [80.0, 20.0], [80.0, 60.0], [40.0, 60.0]], }"
116.89999999999763,"{""waypoints"":[180, 140], ""unsafe_region"":[[40.0, 20.0], [80.0, 20.0], [80.0, 60.0], [40.0, 60.0]], }"
116.89999999999763,"{""waypoints"":[180, 140], ""unsafe_region"":[[40.0, 20.0], [80.0, 20.0], [80.0, 60.0], [40.0, 60.0]], }"
116.89999999999763,"{""waypoints"":[180, 140], ""unsafe_region"":[[40.0, 20.0], [80.0, 20.0], [80.0, 60.0], [40.0, 60.0]], }"
124.79999999999718,"{""waypoints"":[180, 140], ""unsafe_region"":[[40.0, 20.0], [80.0, 20.0], [80.0, 60.0], [40.0, 60.0]], }"
124.79999999999718,"{""waypoints"":[180, 140], ""unsafe_region"":[[40.0, 20.0], [80.0, 20.0], [80.0, 60.0], [40.0, 60.0]], }"
124.79999999999718,"{""waypoints"":[180, 140], ""unsafe_region"":[[40.0, 20.0], [80.0, 20.0], [80.0, 60.0], [40.0, 60.0]], }"
124.79999999999718,"{""waypoints"":[180, 140], ""unsafe_region"":[[40.0, 20.0], [80.0, 20.0], [80.0, 60.0], [40.0, 60.0]], }"
124.79999999999718,"{""waypoints"":[180, 140], ""unsafe_region"":[[40.0, 20.0], [80.0, 20.0], [80.0, 60.0], [40.0, 60.0]], }"
124.79999999999718,"{""waypoints"":[180, 140], ""unsafe_region"":[[40.0, 20.0], [80.0, 20.0], [80.0, 60.0], [40.0, 60.0]], }"
124.79999999999718,"{""waypoints"":[180, 140], ""unsafe_region"":[[40.0, 20.0], [80.0, 20.0], [80.0, 60.0], [40.0, 60.0]], }"
124.79999999999718,"{""waypoints"":[180, 140], ""unsafe_region"":[[40.0, 20.0], [80.0, 20.0], [80.0, 60.0], [40.0, 60.0]], }"
124.79999999999718,"{""waypoints"":[180, 140], ""unsafe_region"":[[40.0, 20.0], [80.0, 20.0], [80.0, 60.0], [40.0, 60.0]], }"
124.79999999999718,"{""waypoints"":[180, 140], ""unsafe_region"":[[40.0, 20.0], [80.0, 20.0], [80.0, 60.0], [40.0, 60.0]], }"
124.79999999999718,"{""waypoints"":[180, 140], ""unsafe_region"":[[40.0, 20.0], [80.0, 20.0], [80.0, 60.0], [40.0, 60.0]], }"
124.79999999999718,"{""waypoints"":[180, 140], ""unsafe_region"":[[40.0, 20.0], [80.0, 20.0], [80.0, 60.0], [40.0, 60.0]], }"
124.79999999999718,"{""waypoints"":[180, 140], ""unsafe_region"":[[40.0, 20.0], [80.0, 20.0], [80.0, 60.0], [40.0, 60.0]], }"
124.79999999999718,"{""waypoints"":[180, 140], ""unsafe_region"":[[40.0, 20.0], [80.0, 20.0], [80.0, 60.0], [40.0, 60.0]], }"
124.79999999999718,"{""waypoints"":[180, 140], ""unsafe_region"":[[40.0, 20.0], [80.0, 20.0], [80.0, 60.0], [40.0, 60.0]], }"
124.79999999999718,"{""waypoints"":[180, 140], ""unsafe_region"":[[40.0, 20.0], [80.0, 20.0], [80.0, 60.0], [40.0, 60.0]], }"
124.79999999999718,"{""waypoints"":[180, 140], ""unsafe_region"":[[40.0, 20.0], [80.0, 20.0], [80.0, 60.0], [40.0, 60.0]], }"
124.79999999999718,"{""waypoints"":[180, 140], ""unsafe_region"":[[40.0, 20.0], [80.0, 20.0], [80.0, 60.0], [40.0, 60.0]], }"
124.79999999999718,"{""waypoints"":[180, 140], ""unsafe_region"":[[40.0, 20.0], [80.0, 20.0], [80.0, 60.0], [40.0, 60.0]], }"
124.79999999999718,"{""waypoints"":[180, 140], ""unsafe_region"":[[40.0, 20.0], [80.0, 20.0], [80.0, 60.0], [40.0, 60.0]], }"
124.79999999999718,"{""waypoints"":[180, 140], ""unsafe_region"":[[40.0, 20.0], [80.0, 20.0], [80.0, 60.0], [40.0, 60.0]], }"
124.79999999999718,"{""waypoints"":[180, 140], ""unsafe_region"":[[40.0, 20.0], [80.0, 20.0], [80.0, 60.0], [40.0, 60.0]], }"
124.79999999999718,"{""waypoints"":[180, 140], ""unsafe_region"":[[40.0, 20.0], [80.0, 20.0], [80.0, 60.0], [40.0, 60.0]], }"
124.79999999999718,"{""waypoints"":[180, 140], ""unsafe_region"":[[40.0, 20.0], [80.0, 20.0], [80.0, 60.0], [40.0, 60.0]], }"
124.79999999999718,"{""waypoints"":[180, 140], ""unsafe_region"":[[40.0, 20.0], [80.0, 20.0], [80.0, 60.0], [40.0, 60.0]], }"
124.79999999999718,"{""waypoints"":[180, 140], ""unsafe_region"":[[40.0, 20.0], [80.0, 20.0], [80.0, 60.0], [40.0, 60.0]], }"
124.79999999999718,"{""waypoints"":[180, 140], ""unsafe_region"":[[40.0, 20.0], [80.0, 20.0], [80.0, 60.0], [40.0, 60.0]], }"
124.79999999999718,"{""waypoints"":[180, 140], ""unsafe_region"":[[40.0, 20.0], [80.0, 20.0], [80.0, 60.0], [40.0, 60.0]], }"
124.79999999999718,"{""waypoints"":[180, 140], ""unsafe_region"":[[40.0, 20.0], [80.0, 20.0], [80.0, 60.0], [40.0, 60.0]], }"
124.79999999999718,"{""waypoints"":[180, 140], ""unsafe_region"":[[40.0, 20.0], [80.0, 20.0], [80.0, 60.0], [40.0, 60.0]], }"
124.79999999999718,"{""waypoints"":[180, 140], ""unsafe_region"":[[40.0, 20.0], [80.0, 20.0], [80.0, 60.0], [40.0, 60.0]], }"
124.79999999999718,"{""waypoints"":[180, 140], ""unsafe_region"":[[40.0, 20.0], [80.0, 20.0], [80.0, 60.0], [40.0, 60.0]], }"
124.79999999999718,"{""waypoints"":[180, 140], ""unsafe_region"":[[40.0, 20.0], [80.0, 20.0], [80.0, 60.0], [40.0, 60.0]], }"
124.79999999999718,"{""waypoints"":[180, 140], ""unsafe_region"":[[40.0, 20.0], [80.0, 20.0], [80.0, 60.0], [40.0, 60.0]], }"
124.79999999999718,"{""waypoints"":[180, 140], ""unsafe_region"":[[40.0, 20.0], [80.0, 20.0], [80.0, 60.0], [40.0, 60.0]], }"
124.79999999999718,"{""waypoints"":[180, 140], ""unsafe_region"":[[40.0, 20.0], [80.0, 20.0], [80.0, 60.0], [40.0, 60.0]], }"
124.79999999999718,"{""waypoints"":[180, 140], ""unsafe_region"":[[40.0, 20.0], [80.0, 20.0], [80.0, 60.0], [40.0, 60.0]], }"
124.79999999999718,"{""waypoints"":[180, 140], ""unsafe_region"":[[40.0, 20.0], [80.0, 20.0], [80.0, 60.0], [40.0, 60.0]], }"
124.79999999999718,"{""waypoints"":[180, 140], ""unsafe_region"":[[40.0, 20.0], [80.0, 20.0], [80.0, 60.0], [40.0, 60.0]], }"
124.79999999999718,"{""waypoints"":[180, 140], ""unsafe_region"":[[40.0, 20.0], [80.0, 20.0], [80.0, 60.0], [40.0, 60.0]], }"
124.79999999999718,"{""waypoints"":[180, 140], ""unsafe_region"":[[40.0, 20.0], [80.0, 20.0], [80.0, 60.0], [40.0, 60.0]], }"
124.79999999999718,"{""waypoints"":[180, 140], ""unsafe_region"":[[40.0, 20.0], [80.0, 20.0], [80.0, 60.0], [40.0, 60.0]], }"
124.79999999999718,"{""waypoints"":[180, 140], ""unsafe_region"":[[40.0, 20.0], [80.0, 20.0], [80.0, 60.0], [40.0, 60.0]], }"
124.79999999999718,"{""waypoints"":[180, 140], ""unsafe_region"":[[40.0, 20.0], [80.0, 20.0], [80.0, 60.0], [40.0, 60.0]], }"
124.79999999999718,"{""waypoints"":[180, 140], ""unsafe_region"":[[40.0, 20.0], [80.0, 20.0], [80.0, 60.0], [40.0, 60.0]], }"
124.79999999999718,"{""waypoints"":[180, 140], ""unsafe_region"":[[40.0, 20.0], [80.0, 20.0], [80.0, 60.0], [40.0, 60.0]], }"
124.79999999999718,"{""waypoints"":[180, 140], ""unsafe_region"":[[40.0, 20.0], [80.0, 20.0], [80.0, 60.0], [40.0, 60.0]], }"
124.79999999999718,"{""waypoints"":[180, 140], ""unsafe_region"":[[40.0, 20.0], [80.0, 20.0], [80.0, 60.0], [40.0, 60.0]], }"
124.79999999999718,"{""waypoints"":[180, 140], ""unsafe_region"":[[40.0, 20.0], [80.0, 20.0], [80.0, 60.0], [40.0, 60.0]], }"
124.79999999999718,"{""waypoints"":[180, 140], ""unsafe_region"":[[40.0, 20.0], [80.0, 20.0], [80.0, 60.0], [40.0, 60.0]], }"
124.79999999999718,"{""waypoints"":[180, 140], ""unsafe_region"":[[40.0, 20.0], [80.0, 20.0], [80.0, 60.0], [40.0, 60.0]], }"
124.79999999999718,"{""waypoints"":[180, 140], ""unsafe_region"":[[40.0, 20.0], [80.0, 20.0], [80.0, 60.0], [40.0, 60.0]], }"
124.79999999999718,"{""waypoints"":[180, 140], ""unsafe_region"":[[40.0, 20.0], [80.0, 20.0], [80.0, 60.0], [40.0, 60.0]], }"
124.79999999999718,"{""waypoints"":[180, 140], ""unsafe_region"":[[40.0, 20.0], [80.0, 20.0], [80.0, 60.0], [40.0, 60.0]], }"
124.79999999999718,"{""waypoints"":[180, 140], ""unsafe_region"":[[40.0, 20.0], [80.0, 20.0], [80.0, 60.0], [40.0, 60.0]], }"
124.79999999999718,"{""waypoints"":[180, 140], ""unsafe_region"":[[40.0, 20.0], [80.0, 20.0], [80.0, 60.0], [40.0, 60.0]], }"
124.79999999999718,"{""waypoints"":[180, 140], ""unsafe_region"":[[40.0, 20.0], [80.0, 20.0], [80.0, 60.0], [40.0, 60.0]], }"
124.79999999999718,"{""waypoints"":[180, 140], ""unsafe_region"":[[40.0, 20.0], [80.0, 20.0], [80.0, 60.0], [40.0, 60.0]], }"
124.79999999999718,"{""waypoints"":[180, 140], ""unsafe_region"":[[40.0, 20.0], [80.0, 20.0], [80.0, 60.0], [40.0, 60.0]], }"
124.79999999999718,"{""waypoints"":[180, 140], ""unsafe_region"":[[40.0, 20.0], [80.0, 20.0], [80.0, 60.0], [40.0, 60.0]], }"
124.79999999999718,"{""waypoints"":[180, 140], ""unsafe_region"":[[40.0, 20.0], [80.0, 20.0], [80.0, 60.0], [40.0, 60.0]], }"
124.79999999999718,"{""waypoints"":[180, 140], ""unsafe_region"":[[40.0, 20.0], [80.0, 20.0], [80.0, 60.0], [40.0, 60.0]], }"
124.79999999999718,"{""waypoints"":[180, 140], ""unsafe_region"":[[40.0, 20.0], [80.0, 20.0], [80.0, 60.0], [40.0, 60.0]], }"
124.79999999999718,"{""waypoints"":[180, 140], ""unsafe_region"":[[40.0, 20.0], [80.0, 20.0], [80.0, 60.0], [40.0, 60.0]], }"
124.79999999999718,"{""waypoints"":[180, 140], ""unsafe_region"":[[40.0, 20.0], [80.0, 20.0], [80.0, 60.0], [40.0, 60.0]], }"
124.79999999999718,"{""waypoints"":[180, 140], ""unsafe_region"":[[40.0, 20.0], [80.0, 20.0], [80.0, 60.0], [40.0, 60.0]], }"
124.79999999999718,"{""waypoints"":[180, 140], ""unsafe_region"":[[40.0, 20.0], [80.0, 20.0], [80.0, 60.0], [40.0, 60.0]], }"
124.79999999999718,"{""waypoints"":[180, 140], ""unsafe_region"":[[40.0, 20.0], [80.0, 20.0], [80.0, 60.0], [40.0, 60.0]], }"
124.79999999999718,"{""waypoints"":[180, 140], ""unsafe_region"":[[40.0, 20.0], [80.0, 20.0], [80.0, 60.0], [40.0, 60.0]], }"
124.79999999999718,"{""waypoints"":[180, 140], ""unsafe_region"":[[40.0, 20.0], [80.0, 20.0], [80.0, 60.0], [40.0, 60.0]], }"
124.79999999999718,"{""waypoints"":[180, 140], ""unsafe_region"":[[40.0, 20.0], [80.0, 20.0], [80.0, 60.0], [40.0, 60.0]], }"
124.79999999999718,"{""waypoints"":[180, 140], ""unsafe_region"":[[40.0, 20.0], [80.0, 20.0], [80.0, 60.0], [40.0, 60.0]], }"
124.79999999999718,"{""waypoints"":[180, 140], ""unsafe_region"":[[40.0, 20.0], [80.0, 20.0], [80.0, 60.0], [40.0, 60.0]], }"
124.79999999999718,"{""waypoints"":[180, 140], ""unsafe_region"":[[40.0, 20.0], [80.0, 20.0], [80.0, 60.0], [40.0, 60.0]], }"
124.79999999999718,"{""waypoints"":[180, 140], ""unsafe_region"":[[40.0, 20.0], [80.0, 20.0], [80.0, 60.0], [40.0, 60.0]], }"
124.79999999999718,"{""waypoints"":[180, 140], ""unsafe_region"":[[40.0, 20.0], [80.0, 20.0], [80.0, 60.0], [40.0, 60.0]], }"
124.79999999999718,"{""waypoints"":[180, 140], ""unsafe_region"":[[40.0, 20.0], [80.0, 20.0], [80.0, 60.0], [40.0, 60.0]], }"
124.79999999999718,"{""waypoints"":[180, 140], ""unsafe_region"":[[40.0, 20.0], [80.0, 20.0], [80.0, 60.0], [40.0, 60.0]], }"
124.79999999999718,"{""waypoints"":[180, 140], ""unsafe_region"":[[40.0, 20.0], [80.0, 20.0], [80.0, 60.0], [40.0, 60.0]], }"
132.29999999999677,"{""waypoints"":[180, 140], ""unsafe_region"":[[40.0, 20.0], [80.0, 20.0], [80.0, 60.0], [40.0, 60.0]], }"
132.39999999999677,"{""waypoints"":[180, 140], ""unsafe_region"":[[40.0, 20.0], [80.0, 20.0], [80.0, 60.0], [40.0, 60.0]], }"
132.39999999999677,"{""waypoints"":[180, 140], ""unsafe_region"":[[40.0, 20.0], [80.0, 20.0], [80.0, 60.0], [40.0, 60.0]], }"
132.39999999999677,"{""waypoints"":[180, 140], ""unsafe_region"":[[40.0, 20.0], [80.0, 20.0], [80.0, 60.0], [40.0, 60.0]], }"
132.39999999999677,"{""waypoints"":[180, 140], ""unsafe_region"":[[40.0, 20.0], [80.0, 20.0], [80.0, 60.0], [40.0, 60.0]], }"
132.39999999999677,"{""waypoints"":[180, 140], ""unsafe_region"":[[40.0, 20.0], [80.0, 20.0], [80.0, 60.0], [40.0, 60.0]], }"
132.39999999999677,"{""waypoints"":[180, 140], ""unsafe_region"":[[40.0, 20.0], [80.0, 20.0], [80.0, 60.0], [40.0, 60.0]], }"
132.39999999999677,"{""waypoints"":[180, 140], ""unsafe_region"":[[40.0, 20.0], [80.0, 20.0], [80.0, 60.0], [40.0, 60.0]], }"
132.39999999999677,"{""waypoints"":[180, 140], ""unsafe_region"":[[40.0, 20.0], [80.0, 20.0], [80.0, 60.0], [40.0, 60.0]], }"
132.39999999999677,"{""waypoints"":[180, 140], ""unsafe_region"":[[40.0, 20.0], [80.0, 20.0], [80.0, 60.0], [40.0, 60.0]], }"
132.39999999999677,"{""waypoints"":[180, 140], ""unsafe_region"":[[40.0, 20.0], [80.0, 20.0], [80.0, 60.0], [40.0, 60.0]], }"
132.39999999999677,"{""waypoints"":[180, 140], ""unsafe_region"":[[40.0, 20.0], [80.0, 20.0], [80.0, 60.0], [40.0, 60.0]], }"
132.39999999999677,"{""waypoints"":[180, 140], ""unsafe_region"":[[40.0, 20.0], [80.0, 20.0], [80.0, 60.0], [40.0, 60.0]], }"
132.39999999999677,"{""waypoints"":[180, 140], ""unsafe_region"":[[40.0, 20.0], [80.0, 20.0], [80.0, 60.0], [40.0, 60.0]], }"
132.39999999999677,"{""waypoints"":[180, 140], ""unsafe_region"":[[40.0, 20.0], [80.0, 20.0], [80.0, 60.0], [40.0, 60.0]], }"
132.39999999999677,"{""waypoints"":[180, 140], ""unsafe_region"":[[40.0, 20.0], [80.0, 20.0], [80.0, 60.0], [40.0, 60.0]], }"
132.39999999999677,"{""waypoints"":[180, 140], ""unsafe_region"":[[40.0, 20.0], [80.0, 20.0], [80.0, 60.0], [40.0, 60.0]], }"
132.39999999999677,"{""waypoints"":[180, 140], ""unsafe_region"":[[40.0, 20.0], [80.0, 20.0], [80.0, 60.0], [40.0, 60.0]], }"
132.39999999999677,"{""waypoints"":[180, 140], ""unsafe_region"":[[40.0, 20.0], [80.0, 20.0], [80.0, 60.0], [40.0, 60.0]], }"
132.39999999999677,"{""waypoints"":[180, 140], ""unsafe_region"":[[40.0, 20.0], [80.0, 20.0], [80.0, 60.0], [40.0, 60.0]], }"
132.39999999999677,"{""waypoints"":[180, 140], ""unsafe_region"":[[40.0, 20.0], [80.0, 20.0], [80.0, 60.0], [40.0, 60.0]], }"
132.39999999999677,"{""waypoints"":[180, 140], ""unsafe_region"":[[40.0, 20.0], [80.0, 20.0], [80.0, 60.0], [40.0, 60.0]], }"
132.39999999999677,"{""waypoints"":[180, 140], ""unsafe_region"":[[40.0, 20.0], [80.0, 20.0], [80.0, 60.0], [40.0, 60.0]], }"
132.39999999999677,"{""waypoints"":[180, 140], ""unsafe_region"":[[40.0, 20.0], [80.0, 20.0], [80.0, 60.0], [40.0, 60.0]], }"
132.39999999999677,"{""waypoints"":[180, 140], ""unsafe_region"":[[40.0, 20.0], [80.0, 20.0], [80.0, 60.0], [40.0, 60.0]], }"
132.39999999999677,"{""waypoints"":[180, 140], ""unsafe_region"":[[40.0, 20.0], [80.0, 20.0], [80.0, 60.0], [40.0, 60.0]], }"
132.39999999999677,"{""waypoints"":[180, 140], ""unsafe_region"":[[40.0, 20.0], [80.0, 20.0], [80.0, 60.0], [40.0, 60.0]], }"
132.39999999999677,"{""waypoints"":[180, 140], ""unsafe_region"":[[40.0, 20.0], [80.0, 20.0], [80.0, 60.0], [40.0, 60.0]], }"
132.39999999999677,"{""waypoints"":[180, 140], ""unsafe_region"":[[40.0, 20.0], [80.0, 20.0], [80.0, 60.0], [40.0, 60.0]], }"
132.39999999999677,"{""waypoints"":[180, 140], ""unsafe_region"":[[40.0, 20.0], [80.0, 20.0], [80.0, 60.0], [40.0, 60.0]], }"
132.39999999999677,"{""waypoints"":[180, 140], ""unsafe_region"":[[40.0, 20.0], [80.0, 20.0], [80.0, 60.0], [40.0, 60.0]], }"
132.39999999999677,"{""waypoints"":[180, 140], ""unsafe_region"":[[40.0, 20.0], [80.0, 20.0], [80.0, 60.0], [40.0, 60.0]], }"
132.39999999999677,"{""waypoints"":[180, 140], ""unsafe_region"":[[40.0, 20.0], [80.0, 20.0], [80.0, 60.0], [40.0, 60.0]], }"
132.39999999999677,"{""waypoints"":[180, 140], ""unsafe_region"":[[40.0, 20.0], [80.0, 20.0], [80.0, 60.0], [40.0, 60.0]], }"
132.39999999999677,"{""waypoints"":[180, 140], ""unsafe_region"":[[40.0, 20.0], [80.0, 20.0], [80.0, 60.0], [40.0, 60.0]], }"
132.39999999999677,"{""waypoints"":[180, 140], ""unsafe_region"":[[40.0, 20.0], [80.0, 20.0], [80.0, 60.0], [40.0, 60.0]], }"
132.39999999999677,"{""waypoints"":[180, 140], ""unsafe_region"":[[40.0, 20.0], [80.0, 20.0], [80.0, 60.0], [40.0, 60.0]], }"
132.39999999999677,"{""waypoints"":[180, 140], ""unsafe_region"":[[40.0, 20.0], [80.0, 20.0], [80.0, 60.0], [40.0, 60.0]], }"
132.39999999999677,"{""waypoints"":[180, 140], ""unsafe_region"":[[40.0, 20.0], [80.0, 20.0], [80.0, 60.0], [40.0, 60.0]], }"
132.39999999999677,"{""waypoints"":[180, 140], ""unsafe_region"":[[40.0, 20.0], [80.0, 20.0], [80.0, 60.0], [40.0, 60.0]], }"
132.39999999999677,"{""waypoints"":[180, 140], ""unsafe_region"":[[40.0, 20.0], [80.0, 20.0], [80.0, 60.0], [40.0, 60.0]], }"
132.39999999999677,"{""waypoints"":[180, 140], ""unsafe_region"":[[40.0, 20.0], [80.0, 20.0], [80.0, 60.0], [40.0, 60.0]], }"
132.39999999999677,"{""waypoints"":[180, 140], ""unsafe_region"":[[40.0, 20.0], [80.0, 20.0], [80.0, 60.0], [40.0, 60.0]], }"
132.39999999999677,"{""waypoints"":[180, 140], ""unsafe_region"":[[40.0, 20.0], [80.0, 20.0], [80.0, 60.0], [40.0, 60.0]], }"
132.39999999999677,"{""waypoints"":[180, 140], ""unsafe_region"":[[40.0, 20.0], [80.0, 20.0], [80.0, 60.0], [40.0, 60.0]], }"
132.39999999999677,"{""waypoints"":[180, 140], ""unsafe_region"":[[40.0, 20.0], [80.0, 20.0], [80.0, 60.0], [40.0, 60.0]], }"
132.39999999999677,"{""waypoints"":[180, 140], ""unsafe_region"":[[40.0, 20.0], [80.0, 20.0], [80.0, 60.0], [40.0, 60.0]], }"
132.39999999999677,"{""waypoints"":[180, 140], ""unsafe_region"":[[40.0, 20.0], [80.0, 20.0], [80.0, 60.0], [40.0, 60.0]], }"
132.39999999999677,"{""waypoints"":[180, 140], ""unsafe_region"":[[40.0, 20.0], [80.0, 20.0], [80.0, 60.0], [40.0, 60.0]], }"
132.39999999999677,"{""waypoints"":[180, 140], ""unsafe_region"":[[40.0, 20.0], [80.0, 20.0], [80.0, 60.0], [40.0, 60.0]], }"
132.39999999999677,"{""waypoints"":[180, 140], ""unsafe_region"":[[40.0, 20.0], [80.0, 20.0], [80.0, 60.0], [40.0, 60.0]], }"
132.39999999999677,"{""waypoints"":[180, 140], ""unsafe_region"":[[40.0, 20.0], [80.0, 20.0], [80.0, 60.0], [40.0, 60.0]], }"
132.39999999999677,"{""waypoints"":[180, 140], ""unsafe_region"":[[40.0, 20.0], [80.0, 20.0], [80.0, 60.0], [40.0, 60.0]], }"
132.39999999999677,"{""waypoints"":[180, 140], ""unsafe_region"":[[40.0, 20.0], [80.0, 20.0], [80.0, 60.0], [40.0, 60.0]], }"
132.39999999999677,"{""waypoints"":[180, 140], ""unsafe_region"":[[40.0, 20.0], [80.0, 20.0], [80.0, 60.0], [40.0, 60.0]], }"
132.39999999999677,"{""waypoints"":[180, 140], ""unsafe_region"":[[40.0, 20.0], [80.0, 20.0], [80.0, 60.0], [40.0, 60.0]], }"
132.39999999999677,"{""waypoints"":[180, 140], ""unsafe_region"":[[40.0, 20.0], [80.0, 20.0], [80.0, 60.0], [40.0, 60.0]], }"
132.39999999999677,"{""waypoints"":[180, 140], ""unsafe_region"":[[40.0, 20.0], [80.0, 20.0], [80.0, 60.0], [40.0, 60.0]], }"
132.39999999999677,"{""waypoints"":[180, 140], ""unsafe_region"":[[40.0, 20.0], [80.0, 20.0], [80.0, 60.0], [40.0, 60.0]], }"
132.39999999999677,"{""waypoints"":[180, 140], ""unsafe_region"":[[40.0, 20.0], [80.0, 20.0], [80.0, 60.0], [40.0, 60.0]], }"
132.39999999999677,"{""waypoints"":[180, 140], ""unsafe_region"":[[40.0, 20.0], [80.0, 20.0], [80.0, 60.0], [40.0, 60.0]], }"
132.39999999999677,"{""waypoints"":[180, 140], ""unsafe_region"":[[40.0, 20.0], [80.0, 20.0], [80.0, 60.0], [40.0, 60.0]], }"
132.39999999999677,"{""waypoints"":[180, 140], ""unsafe_region"":[[40.0, 20.0], [80.0, 20.0], [80.0, 60.0], [40.0, 60.0]], }"
132.39999999999677,"{""waypoints"":[180, 140], ""unsafe_region"":[[40.0, 20.0], [80.0, 20.0], [80.0, 60.0], [40.0, 60.0]], }"
132.39999999999677,"{""waypoints"":[180, 140], ""unsafe_region"":[[40.0, 20.0], [80.0, 20.0], [80.0, 60.0], [40.0, 60.0]], }"
132.39999999999677,"{""waypoints"":[180, 140], ""unsafe_region"":[[40.0, 20.0], [80.0, 20.0], [80.0, 60.0], [40.0, 60.0]], }"
132.39999999999677,"{""waypoints"":[180, 140], ""unsafe_region"":[[40.0, 20.0], [80.0, 20.0], [80.0, 60.0], [40.0, 60.0]], }"
132.39999999999677,"{""waypoints"":[180, 140], ""unsafe_region"":[[40.0, 20.0], [80.0, 20.0], [80.0, 60.0], [40.0, 60.0]], }"
132.39999999999677,"{""waypoints"":[180, 140], ""unsafe_region"":[[40.0, 20.0], [80.0, 20.0], [80.0, 60.0], [40.0, 60.0]], }"
132.39999999999677,"{""waypoints"":[180, 140], ""unsafe_region"":[[40.0, 20.0], [80.0, 20.0], [80.0, 60.0], [40.0, 60.0]], }"
132.39999999999677,"{""waypoints"":[180, 140], ""unsafe_region"":[[40.0, 20.0], [80.0, 20.0], [80.0, 60.0], [40.0, 60.0]], }"
132.39999999999677,"{""waypoints"":[180, 140], ""unsafe_region"":[[40.0, 20.0], [80.0, 20.0], [80.0, 60.0], [40.0, 60.0]], }"
132.39999999999677,"{""waypoints"":[180, 140], ""unsafe_region"":[[40.0, 20.0], [80.0, 20.0], [80.0, 60.0], [40.0, 60.0]], }"
132.39999999999677,"{""waypoints"":[180, 140], ""unsafe_region"":[[40.0, 20.0], [80.0, 20.0], [80.0, 60.0], [40.0, 60.0]], }"
132.39999999999677,"{""waypoints"":[180, 140], ""unsafe_region"":[[40.0, 20.0], [80.0, 20.0], [80.0, 60.0], [40.0, 60.0]], }"
132.39999999999677,"{""waypoints"":[180, 140], ""unsafe_region"":[[40.0, 20.0], [80.0, 20.0], [80.0, 60.0], [40.0, 60.0]], }"
140.19999999999632,"{""waypoints"":[180, 140], ""unsafe_region"":[[40.0, 20.0], [80.0, 20.0], [80.0, 60.0], [40.0, 60.0]], }"
140.29999999999632,"{""waypoints"":[180, 140], ""unsafe_region"":[[40.0, 20.0], [80.0, 20.0], [80.0, 60.0], [40.0, 60.0]], }"
140.29999999999632,"{""waypoints"":[180, 140], ""unsafe_region"":[[40.0, 20.0], [80.0, 20.0], [80.0, 60.0], [40.0, 60.0]], }"
140.29999999999632,"{""waypoints"":[180, 140], ""unsafe_region"":[[40.0, 20.0], [80.0, 20.0], [80.0, 60.0], [40.0, 60.0]], }"
140.29999999999632,"{""waypoints"":[180, 140], ""unsafe_region"":[[40.0, 20.0], [80.0, 20.0], [80.0, 60.0], [40.0, 60.0]], }"
140.29999999999632,"{""waypoints"":[180, 140], ""unsafe_region"":[[40.0, 20.0], [80.0, 20.0], [80.0, 60.0], [40.0, 60.0]], }"
140.29999999999632,"{""waypoints"":[180, 140], ""unsafe_region"":[[40.0, 20.0], [80.0, 20.0], [80.0, 60.0], [40.0, 60.0]], }"
140.29999999999632,"{""waypoints"":[180, 140], ""unsafe_region"":[[40.0, 20.0], [80.0, 20.0], [80.0, 60.0], [40.0, 60.0]], }"
140.29999999999632,"{""waypoints"":[180, 140], ""unsafe_region"":[[40.0, 20.0], [80.0, 20.0], [80.0, 60.0], [40.0, 60.0]], }"
140.29999999999632,"{""waypoints"":[180, 140], ""unsafe_region"":[[40.0, 20.0], [80.0, 20.0], [80.0, 60.0], [40.0, 60.0]], }"
140.29999999999632,"{""waypoints"":[180, 140], ""unsafe_region"":[[40.0, 20.0], [80.0, 20.0], [80.0, 60.0], [40.0, 60.0]], }"
140.29999999999632,"{""waypoints"":[180, 140], ""unsafe_region"":[[40.0, 20.0], [80.0, 20.0], [80.0, 60.0], [40.0, 60.0]], }"
140.29999999999632,"{""waypoints"":[180, 140], ""unsafe_region"":[[40.0, 20.0], [80.0, 20.0], [80.0, 60.0], [40.0, 60.0]], }"
140.29999999999632,"{""waypoints"":[180, 140], ""unsafe_region"":[[40.0, 20.0], [80.0, 20.0], [80.0, 60.0], [40.0, 60.0]], }"
140.29999999999632,"{""waypoints"":[180, 140], ""unsafe_region"":[[40.0, 20.0], [80.0, 20.0], [80.0, 60.0], [40.0, 60.0]], }"
140.29999999999632,"{""waypoints"":[180, 140], ""unsafe_region"":[[40.0, 20.0], [80.0, 20.0], [80.0, 60.0], [40.0, 60.0]], }"
140.29999999999632,"{""waypoints"":[180, 140], ""unsafe_region"":[[40.0, 20.0], [80.0, 20.0], [80.0, 60.0], [40.0, 60.0]], }"
140.29999999999632,"{""waypoints"":[180, 140], ""unsafe_region"":[[40.0, 20.0], [80.0, 20.0], [80.0, 60.0], [40.0, 60.0]], }"
140.29999999999632,"{""waypoints"":[180, 140], ""unsafe_region"":[[40.0, 20.0], [80.0, 20.0], [80.0, 60.0], [40.0, 60.0]], }"
140.29999999999632,"{""waypoints"":[180, 140], ""unsafe_region"":[[40.0, 20.0], [80.0, 20.0], [80.0, 60.0], [40.0, 60.0]], }"
140.29999999999632,"{""waypoints"":[180, 140], ""unsafe_region"":[[40.0, 20.0], [80.0, 20.0], [80.0, 60.0], [40.0, 60.0]], }"
140.29999999999632,"{""waypoints"":[180, 140], ""unsafe_region"":[[40.0, 20.0], [80.0, 20.0], [80.0, 60.0], [40.0, 60.0]], }"
140.29999999999632,"{""waypoints"":[180, 140], ""unsafe_region"":[[40.0, 20.0], [80.0, 20.0], [80.0, 60.0], [40.0, 60.0]], }"
140.29999999999632,"{""waypoints"":[180, 140], ""unsafe_region"":[[40.0, 20.0], [80.0, 20.0], [80.0, 60.0], [40.0, 60.0]], }"
140.29999999999632,"{""waypoints"":[180, 140], ""unsafe_region"":[[40.0, 20.0], [80.0, 20.0], [80.0, 60.0], [40.0, 60.0]], }"
140.29999999999632,"{""waypoints"":[180, 140], ""unsafe_region"":[[40.0, 20.0], [80.0, 20.0], [80.0, 60.0], [40.0, 60.0]], }"
140.29999999999632,"{""waypoints"":[180, 140], ""unsafe_region"":[[40.0, 20.0], [80.0, 20.0], [80.0, 60.0], [40.0, 60.0]], }"
140.29999999999632,"{""waypoints"":[180, 140], ""unsafe_region"":[[40.0, 20.0], [80.0, 20.0], [80.0, 60.0], [40.0, 60.0]], }"
140.29999999999632,"{""waypoints"":[180, 140], ""unsafe_region"":[[40.0, 20.0], [80.0, 20.0], [80.0, 60.0], [40.0, 60.0]], }"
140.29999999999632,"{""waypoints"":[180, 140], ""unsafe_region"":[[40.0, 20.0], [80.0, 20.0], [80.0, 60.0], [40.0, 60.0]], }"
140.29999999999632,"{""waypoints"":[180, 140], ""unsafe_region"":[[40.0, 20.0], [80.0, 20.0], [80.0, 60.0], [40.0, 60.0]], }"
140.29999999999632,"{""waypoints"":[180, 140], ""unsafe_region"":[[40.0, 20.0], [80.0, 20.0], [80.0, 60.0], [40.0, 60.0]], }"
140.29999999999632,"{""waypoints"":[180, 140], ""unsafe_region"":[[40.0, 20.0], [80.0, 20.0], [80.0, 60.0], [40.0, 60.0]], }"
140.29999999999632,"{""waypoints"":[180, 140], ""unsafe_region"":[[40.0, 20.0], [80.0, 20.0], [80.0, 60.0], [40.0, 60.0]], }"
140.29999999999632,"{""waypoints"":[180, 140], ""unsafe_region"":[[40.0, 20.0], [80.0, 20.0], [80.0, 60.0], [40.0, 60.0]], }"
140.29999999999632,"{""waypoints"":[180, 140], ""unsafe_region"":[[40.0, 20.0], [80.0, 20.0], [80.0, 60.0], [40.0, 60.0]], }"
140.29999999999632,"{""waypoints"":[180, 140], ""unsafe_region"":[[40.0, 20.0], [80.0, 20.0], [80.0, 60.0], [40.0, 60.0]], }"
140.29999999999632,"{""waypoints"":[180, 140], ""unsafe_region"":[[40.0, 20.0], [80.0, 20.0], [80.0, 60.0], [40.0, 60.0]], }"
140.29999999999632,"{""waypoints"":[180, 140], ""unsafe_region"":[[40.0, 20.0], [80.0, 20.0], [80.0, 60.0], [40.0, 60.0]], }"
140.29999999999632,"{""waypoints"":[180, 140], ""unsafe_region"":[[40.0, 20.0], [80.0, 20.0], [80.0, 60.0], [40.0, 60.0]], }"
140.29999999999632,"{""waypoints"":[180, 140], ""unsafe_region"":[[40.0, 20.0], [80.0, 20.0], [80.0, 60.0], [40.0, 60.0]], }"
140.29999999999632,"{""waypoints"":[180, 140], ""unsafe_region"":[[40.0, 20.0], [80.0, 20.0], [80.0, 60.0], [40.0, 60.0]], }"
140.29999999999632,"{""waypoints"":[180, 140], ""unsafe_region"":[[40.0, 20.0], [80.0, 20.0], [80.0, 60.0], [40.0, 60.0]], }"
140.29999999999632,"{""waypoints"":[180, 140], ""unsafe_region"":[[40.0, 20.0], [80.0, 20.0], [80.0, 60.0], [40.0, 60.0]], }"
140.29999999999632,"{""waypoints"":[180, 140], ""unsafe_region"":[[40.0, 20.0], [80.0, 20.0], [80.0, 60.0], [40.0, 60.0]], }"
140.29999999999632,"{""waypoints"":[180, 140], ""unsafe_region"":[[40.0, 20.0], [80.0, 20.0], [80.0, 60.0], [40.0, 60.0]], }"
140.29999999999632,"{""waypoints"":[180, 140], ""unsafe_region"":[[40.0, 20.0], [80.0, 20.0], [80.0, 60.0], [40.0, 60.0]], }"
140.29999999999632,"{""waypoints"":[180, 140], ""unsafe_region"":[[40.0, 20.0], [80.0, 20.0], [80.0, 60.0], [40.0, 60.0]], }"
140.29999999999632,"{""waypoints"":[180, 140], ""unsafe_region"":[[40.0, 20.0], [80.0, 20.0], [80.0, 60.0], [40.0, 60.0]], }"
140.29999999999632,"{""waypoints"":[180, 140], ""unsafe_region"":[[40.0, 20.0], [80.0, 20.0], [80.0, 60.0], [40.0, 60.0]], }"
140.29999999999632,"{""waypoints"":[180, 140], ""unsafe_region"":[[40.0, 20.0], [80.0, 20.0], [80.0, 60.0], [40.0, 60.0]], }"
140.29999999999632,"{""waypoints"":[180, 140], ""unsafe_region"":[[40.0, 20.0], [80.0, 20.0], [80.0, 60.0], [40.0, 60.0]], }"
140.29999999999632,"{""waypoints"":[180, 140], ""unsafe_region"":[[40.0, 20.0], [80.0, 20.0], [80.0, 60.0], [40.0, 60.0]], }"
140.29999999999632,"{""waypoints"":[180, 140], ""unsafe_region"":[[40.0, 20.0], [80.0, 20.0], [80.0, 60.0], [40.0, 60.0]], }"
140.29999999999632,"{""waypoints"":[180, 140], ""unsafe_region"":[[40.0, 20.0], [80.0, 20.0], [80.0, 60.0], [40.0, 60.0]], }"
140.29999999999632,"{""waypoints"":[180, 140], ""unsafe_region"":[[40.0, 20.0], [80.0, 20.0], [80.0, 60.0], [40.0, 60.0]], }"
140.29999999999632,"{""waypoints"":[180, 140], ""unsafe_region"":[[40.0, 20.0], [80.0, 20.0], [80.0, 60.0], [40.0, 60.0]], }"
140.29999999999632,"{""waypoints"":[180, 140], ""unsafe_region"":[[40.0, 20.0], [80.0, 20.0], [80.0, 60.0], [40.0, 60.0]], }"
140.29999999999632,"{""waypoints"":[180, 140], ""unsafe_region"":[[40.0, 20.0], [80.0, 20.0], [80.0, 60.0], [40.0, 60.0]], }"
140.29999999999632,"{""waypoints"":[180, 140], ""unsafe_region"":[[40.0, 20.0], [80.0, 20.0], [80.0, 60.0], [40.0, 60.0]], }"
140.29999999999632,"{""waypoints"":[180, 140], ""unsafe_region"":[[40.0, 20.0], [80.0, 20.0], [80.0, 60.0], [40.0, 60.0]], }"
140.29999999999632,"{""waypoints"":[180, 140], ""unsafe_region"":[[40.0, 20.0], [80.0, 20.0], [80.0, 60.0], [40.0, 60.0]], }"
140.29999999999632,"{""waypoints"":[180, 140], ""unsafe_region"":[[40.0, 20.0], [80.0, 20.0], [80.0, 60.0], [40.0, 60.0]], }"
140.29999999999632,"{""waypoints"":[180, 140], ""unsafe_region"":[[40.0, 20.0], [80.0, 20.0], [80.0, 60.0], [40.0, 60.0]], }"
140.29999999999632,"{""waypoints"":[180, 140], ""unsafe_region"":[[40.0, 20.0], [80.0, 20.0], [80.0, 60.0], [40.0, 60.0]], }"
140.29999999999632,"{""waypoints"":[180, 140], ""unsafe_region"":[[40.0, 20.0], [80.0, 20.0], [80.0, 60.0], [40.0, 60.0]], }"
140.29999999999632,"{""waypoints"":[180, 140], ""unsafe_region"":[[40.0, 20.0], [80.0, 20.0], [80.0, 60.0], [40.0, 60.0]], }"
140.29999999999632,"{""waypoints"":[180, 140], ""unsafe_region"":[[40.0, 20.0], [80.0, 20.0], [80.0, 60.0], [40.0, 60.0]], }"
140.29999999999632,"{""waypoints"":[180, 140], ""unsafe_region"":[[40.0, 20.0], [80.0, 20.0], [80.0, 60.0], [40.0, 60.0]], }"
140.29999999999632,"{""waypoints"":[180, 140], ""unsafe_region"":[[40.0, 20.0], [80.0, 20.0], [80.0, 60.0], [40.0, 60.0]], }"
140.29999999999632,"{""waypoints"":[180, 140], ""unsafe_region"":[[40.0, 20.0], [80.0, 20.0], [80.0, 60.0], [40.0, 60.0]], }"
140.29999999999632,"{""waypoints"":[180, 140], ""unsafe_region"":[[40.0, 20.0], [80.0, 20.0], [80.0, 60.0], [40.0, 60.0]], }"
140.29999999999632,"{""waypoints"":[180, 140], ""unsafe_region"":[[40.0, 20.0], [80.0, 20.0], [80.0, 60.0], [40.0, 60.0]], }"
140.29999999999632,"{""waypoints"":[180, 140], ""unsafe_region"":[[40.0, 20.0], [80.0, 20.0], [80.0, 60.0], [40.0, 60.0]], }"
140.29999999999632,"{""waypoints"":[180, 140], ""unsafe_region"":[[40.0, 20.0], [80.0, 20.0], [80.0, 60.0], [40.0, 60.0]], }"
140.29999999999632,"{""waypoints"":[180, 140], ""unsafe_region"":[[40.0, 20.0], [80.0, 20.0], [80.0, 60.0], [40.0, 60.0]], }"
140.29999999999632,"{""waypoints"":[180, 140], ""unsafe_region"":[[40.0, 20.0], [80.0, 20.0], [80.0, 60.0], [40.0, 60.0]], }"
140.29999999999632,"{""waypoints"":[180, 140], ""unsafe_region"":[[40.0, 20.0], [80.0, 20.0], [80.0, 60.0], [40.0, 60.0]], }"
140.29999999999632,"{""waypoints"":[180, 140], ""unsafe_region"":[[40.0, 20.0], [80.0, 20.0], [80.0, 60.0], [40.0, 60.0]], }"
