timestamp,state
6.699999999999992,"[-89.7642589451028, -95.03218110707813, 0.47305601417520543, 1.998280991088566, 0.0]"
6.699999999999992,"[-89.7642589451028, -95.03218110707813, 0.47305601417520543, 1.998280991088566, 0.0]"
6.699999999999992,"[-89.7642589451028, -95.03218110707813, 0.47305601417520543, 1.998280991088566, 0.0]"
6.699999999999992,"[-89.7642589451028, -95.03218110707813, 0.47305601417520543, 1.998280991088566, 0.0]"
6.699999999999992,"[-89.7642589451028, -95.03218110707813, 0.47305601417520543, 1.998280991088566, 0.0]"
6.699999999999992,"[-89.7642589451028, -95.03218110707813, 0.47305601417520543, 1.998280991088566, 0.0]"
6.699999999999992,"[-89.7642589451028, -95.03218110707813, 0.47305601417520543, 1.998280991088566, 0.0]"
6.699999999999992,"[-89.7642589451028, -95.03218110707813, 0.47305601417520543, 1.998280991088566, 0.0]"
6.699999999999992,"[-89.7642589451028, -95.03218110707813, 0.47305601417520543, 1.998280991088566, 0.0]"
6.699999999999992,"[-89.7642589451028, -95.03218110707813, 0.47305601417520543, 1.998280991088566, 0.0]"
6.699999999999992,"[-89.7642589451028, -95.03218110707813, 0.47305601417520543, 1.998280991088566, 0.0]"
6.699999999999992,"[-89.7642589451028, -95.03218110707813, 0.47305601417520543, 1.998280991088566, 0.0]"
6.699999999999992,"[-89.7642589451028, -95.03218110707813, 0.47305601417520543, 1.998280991088566, 0.0]"
6.699999999999992,"[-89.7642589451028, -95.03218110707813, 0.47305601417520543, 1.998280991088566, 0.0]"
6.699999999999992,"[-89.7642589451028, -95.03218110707813, 0.47305601417520543, 1.998280991088566, 0.0]"
6.699999999999992,"[-89.7642589451028, -95.03218110707813, 0.47305601417520543, 1.998280991088566, 0.0]"
6.699999999999992,"[-89.7642589451028, -95.03218110707813, 0.47305601417520543, 1.998280991088566, 0.0]"
6.699999999999992,"[-89.7642589451028, -95.03218110707813, 0.47305601417520543, 1.998280991088566, 0.0]"
6.699999999999992,"[-89.7642589451028, -95.03218110707813, 0.47305601417520543, 1.998280991088566, 0.0]"
6.699999999999992,"[-89.7642589451028, -95.03218110707813, 0.47305601417520543, 1.998280991088566, 0.0]"
6.699999999999992,"[-89.7642589451028, -95.03218110707813, 0.47305601417520543, 1.998280991088566, 0.0]"
6.699999999999992,"[-89.7642589451028, -95.03218110707813, 0.47305601417520543, 1.998280991088566, 0.0]"
6.699999999999992,"[-89.7642589451028, -95.03218110707813, 0.47305601417520543, 1.998280991088566, 0.0]"
6.699999999999992,"[-89.7642589451028, -95.03218110707813, 0.47305601417520543, 1.998280991088566, 0.0]"
6.699999999999992,"[-89.7642589451028, -95.03218110707813, 0.47305601417520543, 1.998280991088566, 0.0]"
6.699999999999992,"[-89.7642589451028, -95.03218110707813, 0.47305601417520543, 1.998280991088566, 0.0]"
6.699999999999992,"[-89.7642589451028, -95.03218110707813, 0.47305601417520543, 1.998280991088566, 0.0]"
6.699999999999992,"[-89.7642589451028, -95.03218110707813, 0.47305601417520543, 1.998280991088566, 0.0]"
6.699999999999992,"[-89.7642589451028, -95.03218110707813, 0.47305601417520543, 1.998280991088566, 0.0]"
6.699999999999992,"[-89.7642589451028, -95.03218110707813, 0.47305601417520543, 1.998280991088566, 0.0]"
6.699999999999992,"[-89.7642589451028, -95.03218110707813, 0.47305601417520543, 1.998280991088566, 0.0]"
6.699999999999992,"[-89.7642589451028, -95.03218110707813, 0.47305601417520543, 1.998280991088566, 0.0]"
6.699999999999992,"[-89.7642589451028, -95.03218110707813, 0.47305601417520543, 1.998280991088566, 0.0]"
6.699999999999992,"[-89.7642589451028, -95.03218110707813, 0.47305601417520543, 1.998280991088566, 0.0]"
6.699999999999992,"[-89.7642589451028, -95.03218110707813, 0.47305601417520543, 1.998280991088566, 0.0]"
6.699999999999992,"[-89.7642589451028, -95.03218110707813, 0.47305601417520543, 1.998280991088566, 0.0]"
6.699999999999992,"[-89.7642589451028, -95.03218110707813, 0.47305601417520543, 1.998280991088566, 0.0]"
6.699999999999992,"[-89.7642589451028, -95.03218110707813, 0.47305601417520543, 1.998280991088566, 0.0]"
6.699999999999992,"[-89.7642589451028, -95.03218110707813, 0.47305601417520543, 1.998280991088566, 0.0]"
6.699999999999992,"[-89.7642589451028, -95.03218110707813, 0.47305601417520543, 1.998280991088566, 0.0]"
6.699999999999992,"[-89.7642589451028, -95.03218110707813, 0.47305601417520543, 1.998280991088566, 0.0]"
6.699999999999992,"[-89.7642589451028, -95.03218110707813, 0.47305601417520543, 1.998280991088566, 0.0]"
6.699999999999992,"[-89.7642589451028, -95.03218110707813, 0.47305601417520543, 1.998280991088566, 0.0]"
6.699999999999992,"[-89.7642589451028, -95.03218110707813, 0.47305601417520543, 1.998280991088566, 0.0]"
6.699999999999992,"[-89.7642589451028, -95.03218110707813, 0.47305601417520543, 1.998280991088566, 0.0]"
6.699999999999992,"[-89.7642589451028, -95.03218110707813, 0.47305601417520543, 1.998280991088566, 0.0]"
6.699999999999992,"[-89.7642589451028, -95.03218110707813, 0.47305601417520543, 1.998280991088566, 0.0]"
6.699999999999992,"[-89.7642589451028, -95.03218110707813, 0.47305601417520543, 1.998280991088566, 0.0]"
6.699999999999992,"[-89.7642589451028, -95.03218110707813, 0.47305601417520543, 1.998280991088566, 0.0]"
6.699999999999992,"[-89.7642589451028, -95.03218110707813, 0.47305601417520543, 1.998280991088566, 0.0]"
6.699999999999992,"[-89.7642589451028, -95.03218110707813, 0.47305601417520543, 1.998280991088566, 0.0]"
6.699999999999992,"[-89.7642589451028, -95.03218110707813, 0.47305601417520543, 1.998280991088566, 0.0]"
6.699999999999992,"[-89.7642589451028, -95.03218110707813, 0.47305601417520543, 1.998280991088566, 0.0]"
6.699999999999992,"[-89.7642589451028, -95.03218110707813, 0.47305601417520543, 1.998280991088566, 0.0]"
6.699999999999992,"[-89.7642589451028, -95.03218110707813, 0.47305601417520543, 1.998280991088566, 0.0]"
6.699999999999992,"[-89.7642589451028, -95.03218110707813, 0.47305601417520543, 1.998280991088566, 0.0]"
6.699999999999992,"[-89.7642589451028, -95.03218110707813, 0.47305601417520543, 1.998280991088566, 0.0]"
6.699999999999992,"[-89.7642589451028, -95.03218110707813, 0.47305601417520543, 1.998280991088566, 0.0]"
6.699999999999992,"[-89.7642589451028, -95.03218110707813, 0.47305601417520543, 1.998280991088566, 0.0]"
6.699999999999992,"[-89.7642589451028, -95.03218110707813, 0.47305601417520543, 1.998280991088566, 0.0]"
6.699999999999992,"[-89.7642589451028, -95.03218110707813, 0.47305601417520543, 1.998280991088566, 0.0]"
6.699999999999992,"[-89.7642589451028, -95.03218110707813, 0.47305601417520543, 1.998280991088566, 0.0]"
6.699999999999992,"[-89.7642589451028, -95.03218110707813, 0.47305601417520543, 1.998280991088566, 0.0]"
6.699999999999992,"[-89.7642589451028, -95.03218110707813, 0.47305601417520543, 1.998280991088566, 0.0]"
6.699999999999992,"[-89.7642589451028, -95.03218110707813, 0.47305601417520543, 1.998280991088566, 0.0]"
6.699999999999992,"[-89.7642589451028, -95.03218110707813, 0.47305601417520543, 1.998280991088566, 0.0]"
6.699999999999992,"[-89.7642589451028, -95.03218110707813, 0.47305601417520543, 1.998280991088566, 0.0]"
14.199999999999966,"[-76.41308710394703, -88.19883183795707, 0.47305601417520543, 1.999999363986497, 0.0]"
14.299999999999965,"[-76.23505114053017, -88.10771010460168, 0.47305601417520543, 1.9999994275878472, 0.0]"
14.299999999999965,"[-76.23505114053017, -88.10771010460168, 0.47305601417520543, 1.9999994275878472, 0.0]"
14.299999999999965,"[-76.23505114053017, -88.10771010460168, 0.47305601417520543, 1.9999994275878472, 0.0]"
14.299999999999965,"[-76.23505114053017, -88.10771010460168, 0.47305601417520543, 1.9999994275878472, 0.0]"
14.299999999999965,"[-76.23505114053017, -88.10771010460168, 0.47305601417520543, 1.9999994275878472, 0.0]"
14.299999999999965,"[-76.23505114053017, -88.10771010460168, 0.47305601417520543, 1.9999994275878472, 0.0]"
14.299999999999965,"[-76.23505114053017, -88.10771010460168, 0.47305601417520543, 1.9999994275878472, 0.0]"
14.299999999999965,"[-76.23505114053017, -88.10771010460168, 0.47305601417520543, 1.9999994275878472, 0.0]"
14.299999999999965,"[-76.23505114053017, -88.10771010460168, 0.47305601417520543, 1.9999994275878472, 0.0]"
14.299999999999965,"[-76.23505114053017, -88.10771010460168, 0.47305601417520543, 1.9999994275878472, 0.0]"
14.299999999999965,"[-76.23505114053017, -88.10771010460168, 0.47305601417520543, 1.9999994275878472, 0.0]"
14.299999999999965,"[-76.23505114053017, -88.10771010460168, 0.47305601417520543, 1.9999994275878472, 0.0]"
14.299999999999965,"[-76.23505114053017, -88.10771010460168, 0.47305601417520543, 1.9999994275878472, 0.0]"
14.299999999999965,"[-76.23505114053017, -88.10771010460168, 0.47305601417520543, 1.9999994275878472, 0.0]"
14.299999999999965,"[-76.23505114053017, -88.10771010460168, 0.47305601417520543, 1.9999994275878472, 0.0]"
14.299999999999965,"[-76.23505114053017, -88.10771010460168, 0.47305601417520543, 1.9999994275878472, 0.0]"
14.299999999999965,"[-76.23505114053017, -88.10771010460168, 0.47305601417520543, 1.9999994275878472, 0.0]"
14.299999999999965,"[-76.23505114053017, -88.10771010460168, 0.47305601417520543, 1.9999994275878472, 0.0]"
14.299999999999965,"[-76.23505114053017, -88.10771010460168, 0.47305601417520543, 1.9999994275878472, 0.0]"
14.299999999999965,"[-76.23505114053017, -88.10771010460168, 0.47305601417520543, 1.9999994275878472, 0.0]"
14.299999999999965,"[-76.23505114053017, -88.10771010460168, 0.47305601417520543, 1.9999994275878472, 0.0]"
14.299999999999965,"[-76.23505114053017, -88.10771010460168, 0.47305601417520543, 1.9999994275878472, 0.0]"
14.299999999999965,"[-76.23505114053017, -88.10771010460168, 0.47305601417520543, 1.9999994275878472, 0.0]"
14.299999999999965,"[-76.23505114053017, -88.10771010460168, 0.47305601417520543, 1.9999994275878472, 0.0]"
14.299999999999965,"[-76.23505114053017, -88.10771010460168, 0.47305601417520543, 1.9999994275878472, 0.0]"
14.299999999999965,"[-76.23505114053017, -88.10771010460168, 0.47305601417520543, 1.9999994275878472, 0.0]"
14.299999999999965,"[-76.23505114053017, -88.10771010460168, 0.47305601417520543, 1.9999994275878472, 0.0]"
14.299999999999965,"[-76.23505114053017, -88.10771010460168, 0.47305601417520543, 1.9999994275878472, 0.0]"
14.299999999999965,"[-76.23505114053017, -88.10771010460168, 0.47305601417520543, 1.9999994275878472, 0.0]"
14.299999999999965,"[-76.23505114053017, -88.10771010460168, 0.47305601417520543, 1.9999994275878472, 0.0]"
14.299999999999965,"[-76.23505114053017, -88.10771010460168, 0.47305601417520543, 1.9999994275878472, 0.0]"
14.299999999999965,"[-76.23505114053017, -88.10771010460168, 0.47305601417520543, 1.9999994275878472, 0.0]"
14.299999999999965,"[-76.23505114053017, -88.10771010460168, 0.47305601417520543, 1.9999994275878472, 0.0]"
14.299999999999965,"[-76.23505114053017, -88.10771010460168, 0.47305601417520543, 1.9999994275878472, 0.0]"
14.299999999999965,"[-76.23505114053017, -88.10771010460168, 0.47305601417520543, 1.9999994275878472, 0.0]"
14.299999999999965,"[-76.23505114053017, -88.10771010460168, 0.47305601417520543, 1.9999994275878472, 0.0]"
14.299999999999965,"[-76.23505114053017, -88.10771010460168, 0.47305601417520543, 1.9999994275878472, 0.0]"
14.299999999999965,"[-76.23505114053017, -88.10771010460168, 0.47305601417520543, 1.9999994275878472, 0.0]"
14.299999999999965,"[-76.23505114053017, -88.10771010460168, 0.47305601417520543, 1.9999994275878472, 0.0]"
14.299999999999965,"[-76.23505114053017, -88.10771010460168, 0.47305601417520543, 1.9999994275878472, 0.0]"
14.299999999999965,"[-76.23505114053017, -88.10771010460168, 0.47305601417520543, 1.9999994275878472, 0.0]"
14.299999999999965,"[-76.23505114053017, -88.10771010460168, 0.47305601417520543, 1.9999994275878472, 0.0]"
14.299999999999965,"[-76.23505114053017, -88.10771010460168, 0.47305601417520543, 1.9999994275878472, 0.0]"
14.299999999999965,"[-76.23505114053017, -88.10771010460168, 0.47305601417520543, 1.9999994275878472, 0.0]"
14.299999999999965,"[-76.23505114053017, -88.10771010460168, 0.47305601417520543, 1.9999994275878472, 0.0]"
14.299999999999965,"[-76.23505114053017, -88.10771010460168, 0.47305601417520543, 1.9999994275878472, 0.0]"
14.299999999999965,"[-76.23505114053017, -88.10771010460168, 0.47305601417520543, 1.9999994275878472, 0.0]"
14.299999999999965,"[-76.23505114053017, -88.10771010460168, 0.47305601417520543, 1.9999994275878472, 0.0]"
14.299999999999965,"[-76.23505114053017, -88.10771010460168, 0.47305601417520543, 1.9999994275878472, 0.0]"
14.299999999999965,"[-76.23505114053017, -88.10771010460168, 0.47305601417520543, 1.9999994275878472, 0.0]"
14.299999999999965,"[-76.23505114053017, -88.10771010460168, 0.47305601417520543, 1.9999994275878472, 0.0]"
14.299999999999965,"[-76.23505114053017, -88.10771010460168, 0.47305601417520543, 1.9999994275878472, 0.0]"
14.299999999999965,"[-76.23505114053017, -88.10771010460168, 0.47305601417520543, 1.9999994275878472, 0.0]"
14.299999999999965,"[-76.23505114053017, -88.10771010460168, 0.47305601417520543, 1.9999994275878472, 0.0]"
14.299999999999965,"[-76.23505114053017, -88.10771010460168, 0.47305601417520543, 1.9999994275878472, 0.0]"
14.299999999999965,"[-76.23505114053017, -88.10771010460168, 0.47305601417520543, 1.9999994275878472, 0.0]"
14.299999999999965,"[-76.23505114053017, -88.10771010460168, 0.47305601417520543, 1.9999994275878472, 0.0]"
14.299999999999965,"[-76.23505114053017, -88.10771010460168, 0.47305601417520543, 1.9999994275878472, 0.0]"
14.299999999999965,"[-76.23505114053017, -88.10771010460168, 0.47305601417520543, 1.9999994275878472, 0.0]"
14.299999999999965,"[-76.23505114053017, -88.10771010460168, 0.47305601417520543, 1.9999994275878472, 0.0]"
14.299999999999965,"[-76.23505114053017, -88.10771010460168, 0.47305601417520543, 1.9999994275878472, 0.0]"
14.299999999999965,"[-76.23505114053017, -88.10771010460168, 0.47305601417520543, 1.9999994275878472, 0.0]"
14.299999999999965,"[-76.23505114053017, -88.10771010460168, 0.47305601417520543, 1.9999994275878472, 0.0]"
14.299999999999965,"[-76.23505114053017, -88.10771010460168, 0.47305601417520543, 1.9999994275878472, 0.0]"
14.299999999999965,"[-76.23505114053017, -88.10771010460168, 0.47305601417520543, 1.9999994275878472, 0.0]"
14.299999999999965,"[-76.23505114053017, -88.10771010460168, 0.47305601417520543, 1.9999994275878472, 0.0]"
14.299999999999965,"[-76.23505114053017, -88.10771010460168, 0.47305601417520543, 1.9999994275878472, 0.0]"
14.299999999999965,"[-76.23505114053017, -88.10771010460168, 0.47305601417520543, 1.9999994275878472, 0.0]"
14.299999999999965,"[-76.23505114053017, -88.10771010460168, 0.47305601417520543, 1.9999994275878472, 0.0]"
14.299999999999965,"[-76.23505114053017, -88.10771010460168, 0.47305601417520543, 1.9999994275878472, 0.0]"
14.299999999999965,"[-76.23505114053017, -88.10771010460168, 0.47305601417520543, 1.9999994275878472, 0.0]"
14.299999999999965,"[-76.23505114053017, -88.10771010460168, 0.47305601417520543, 1.9999994275878472, 0.0]"
14.299999999999965,"[-76.23505114053017, -88.10771010460168, 0.47305601417520543, 1.9999994275878472, 0.0]"
14.299999999999965,"[-76.23505114053017, -88.10771010460168, 0.47305601417520543, 1.9999994275878472, 0.0]"
14.299999999999965,"[-76.23505114053017, -88.10771010460168, 0.47305601417520543, 1.9999994275878472, 0.0]"
22.200000000000045,"[-62.1702060673081, -80.90909114104845, 0.47305601417520543, 1.9999999998610476, 0.0]"
22.300000000000047,"[-61.99217004728695, -80.81796937872204, 0.47305601417520543, 1.999999999874943, 0.0]"
22.300000000000047,"[-61.99217004728695, -80.81796937872204, 0.47305601417520543, 1.999999999874943, 0.0]"
22.300000000000047,"[-61.99217004728695, -80.81796937872204, 0.47305601417520543, 1.999999999874943, 0.0]"
22.300000000000047,"[-61.99217004728695, -80.81796937872204, 0.47305601417520543, 1.999999999874943, 0.0]"
22.300000000000047,"[-61.99217004728695, -80.81796937872204, 0.47305601417520543, 1.999999999874943, 0.0]"
22.300000000000047,"[-61.99217004728695, -80.81796937872204, 0.47305601417520543, 1.999999999874943, 0.0]"
22.300000000000047,"[-61.99217004728695, -80.81796937872204, 0.47305601417520543, 1.999999999874943, 0.0]"
22.300000000000047,"[-61.99217004728695, -80.81796937872204, 0.47305601417520543, 1.999999999874943, 0.0]"
22.300000000000047,"[-61.99217004728695, -80.81796937872204, 0.47305601417520543, 1.999999999874943, 0.0]"
22.300000000000047,"[-61.99217004728695, -80.81796937872204, 0.47305601417520543, 1.999999999874943, 0.0]"
22.300000000000047,"[-61.99217004728695, -80.81796937872204, 0.47305601417520543, 1.999999999874943, 0.0]"
22.300000000000047,"[-61.99217004728695, -80.81796937872204, 0.47305601417520543, 1.999999999874943, 0.0]"
22.300000000000047,"[-61.99217004728695, -80.81796937872204, 0.47305601417520543, 1.999999999874943, 0.0]"
22.300000000000047,"[-61.99217004728695, -80.81796937872204, 0.47305601417520543, 1.999999999874943, 0.0]"
22.300000000000047,"[-61.99217004728695, -80.81796937872204, 0.47305601417520543, 1.999999999874943, 0.0]"
22.300000000000047,"[-61.99217004728695, -80.81796937872204, 0.47305601417520543, 1.999999999874943, 0.0]"
22.300000000000047,"[-61.99217004728695, -80.81796937872204, 0.47305601417520543, 1.999999999874943, 0.0]"
22.300000000000047,"[-61.99217004728695, -80.81796937872204, 0.47305601417520543, 1.999999999874943, 0.0]"
22.300000000000047,"[-61.99217004728695, -80.81796937872204, 0.47305601417520543, 1.999999999874943, 0.0]"
22.300000000000047,"[-61.99217004728695, -80.81796937872204, 0.47305601417520543, 1.999999999874943, 0.0]"
22.300000000000047,"[-61.99217004728695, -80.81796937872204, 0.47305601417520543, 1.999999999874943, 0.0]"
22.300000000000047,"[-61.99217004728695, -80.81796937872204, 0.47305601417520543, 1.999999999874943, 0.0]"
22.300000000000047,"[-61.99217004728695, -80.81796937872204, 0.47305601417520543, 1.999999999874943, 0.0]"
22.300000000000047,"[-61.99217004728695, -80.81796937872204, 0.47305601417520543, 1.999999999874943, 0.0]"
22.300000000000047,"[-61.99217004728695, -80.81796937872204, 0.47305601417520543, 1.999999999874943, 0.0]"
22.300000000000047,"[-61.99217004728695, -80.81796937872204, 0.47305601417520543, 1.999999999874943, 0.0]"
22.300000000000047,"[-61.99217004728695, -80.81796937872204, 0.47305601417520543, 1.999999999874943, 0.0]"
22.300000000000047,"[-61.99217004728695, -80.81796937872204, 0.47305601417520543, 1.999999999874943, 0.0]"
22.300000000000047,"[-61.99217004728695, -80.81796937872204, 0.47305601417520543, 1.999999999874943, 0.0]"
22.300000000000047,"[-61.99217004728695, -80.81796937872204, 0.47305601417520543, 1.999999999874943, 0.0]"
22.300000000000047,"[-61.99217004728695, -80.81796937872204, 0.47305601417520543, 1.999999999874943, 0.0]"
22.300000000000047,"[-61.99217004728695, -80.81796937872204, 0.47305601417520543, 1.999999999874943, 0.0]"
22.300000000000047,"[-61.99217004728695, -80.81796937872204, 0.47305601417520543, 1.999999999874943, 0.0]"
22.300000000000047,"[-61.99217004728695, -80.81796937872204, 0.47305601417520543, 1.999999999874943, 0.0]"
22.300000000000047,"[-61.99217004728695, -80.81796937872204, 0.47305601417520543, 1.999999999874943, 0.0]"
22.300000000000047,"[-61.99217004728695, -80.81796937872204, 0.47305601417520543, 1.999999999874943, 0.0]"
22.300000000000047,"[-61.99217004728695, -80.81796937872204, 0.47305601417520543, 1.999999999874943, 0.0]"
22.300000000000047,"[-61.99217004728695, -80.81796937872204, 0.47305601417520543, 1.999999999874943, 0.0]"
22.300000000000047,"[-61.99217004728695, -80.81796937872204, 0.47305601417520543, 1.999999999874943, 0.0]"
22.300000000000047,"[-61.99217004728695, -80.81796937872204, 0.47305601417520543, 1.999999999874943, 0.0]"
22.300000000000047,"[-61.99217004728695, -80.81796937872204, 0.47305601417520543, 1.999999999874943, 0.0]"
22.300000000000047,"[-61.99217004728695, -80.81796937872204, 0.47305601417520543, 1.999999999874943, 0.0]"
22.300000000000047,"[-61.99217004728695, -80.81796937872204, 0.47305601417520543, 1.999999999874943, 0.0]"
22.300000000000047,"[-61.99217004728695, -80.81796937872204, 0.47305601417520543, 1.999999999874943, 0.0]"
22.300000000000047,"[-61.99217004728695, -80.81796937872204, 0.47305601417520543, 1.999999999874943, 0.0]"
22.300000000000047,"[-61.99217004728695, -80.81796937872204, 0.47305601417520543, 1.999999999874943, 0.0]"
22.300000000000047,"[-61.99217004728695, -80.81796937872204, 0.47305601417520543, 1.999999999874943, 0.0]"
22.300000000000047,"[-61.99217004728695, -80.81796937872204, 0.47305601417520543, 1.999999999874943, 0.0]"
22.300000000000047,"[-61.99217004728695, -80.81796937872204, 0.47305601417520543, 1.999999999874943, 0.0]"
22.300000000000047,"[-61.99217004728695, -80.81796937872204, 0.47305601417520543, 1.999999999874943, 0.0]"
22.300000000000047,"[-61.99217004728695, -80.81796937872204, 0.47305601417520543, 1.999999999874943, 0.0]"
22.300000000000047,"[-61.99217004728695, -80.81796937872204, 0.47305601417520543, 1.999999999874943, 0.0]"
22.300000000000047,"[-61.99217004728695, -80.81796937872204, 0.47305601417520543, 1.999999999874943, 0.0]"
22.300000000000047,"[-61.99217004728695, -80.81796937872204, 0.47305601417520543, 1.999999999874943, 0.0]"
22.300000000000047,"[-61.99217004728695, -80.81796937872204, 0.47305601417520543, 1.999999999874943, 0.0]"
22.300000000000047,"[-61.99217004728695, -80.81796937872204, 0.47305601417520543, 1.999999999874943, 0.0]"
22.300000000000047,"[-61.99217004728695, -80.81796937872204, 0.47305601417520543, 1.999999999874943, 0.0]"
22.300000000000047,"[-61.99217004728695, -80.81796937872204, 0.47305601417520543, 1.999999999874943, 0.0]"
22.300000000000047,"[-61.99217004728695, -80.81796937872204, 0.47305601417520543, 1.999999999874943, 0.0]"
22.300000000000047,"[-61.99217004728695, -80.81796937872204, 0.47305601417520543, 1.999999999874943, 0.0]"
22.300000000000047,"[-61.99217004728695, -80.81796937872204, 0.47305601417520543, 1.999999999874943, 0.0]"
22.300000000000047,"[-61.99217004728695, -80.81796937872204, 0.47305601417520543, 1.999999999874943, 0.0]"
22.300000000000047,"[-61.99217004728695, -80.81796937872204, 0.47305601417520543, 1.999999999874943, 0.0]"
22.300000000000047,"[-61.99217004728695, -80.81796937872204, 0.47305601417520543, 1.999999999874943, 0.0]"
22.300000000000047,"[-61.99217004728695, -80.81796937872204, 0.47305601417520543, 1.999999999874943, 0.0]"
22.300000000000047,"[-61.99217004728695, -80.81796937872204, 0.47305601417520543, 1.999999999874943, 0.0]"
22.300000000000047,"[-61.99217004728695, -80.81796937872204, 0.47305601417520543, 1.999999999874943, 0.0]"
22.300000000000047,"[-61.99217004728695, -80.81796937872204, 0.47305601417520543, 1.999999999874943, 0.0]"
22.300000000000047,"[-61.99217004728695, -80.81796937872204, 0.47305601417520543, 1.999999999874943, 0.0]"
22.300000000000047,"[-61.99217004728695, -80.81796937872204, 0.47305601417520543, 1.999999999874943, 0.0]"
22.300000000000047,"[-61.99217004728695, -80.81796937872204, 0.47305601417520543, 1.999999999874943, 0.0]"
22.300000000000047,"[-61.99217004728695, -80.81796937872204, 0.47305601417520543, 1.999999999874943, 0.0]"
22.300000000000047,"[-61.99217004728695, -80.81796937872204, 0.47305601417520543, 1.999999999874943, 0.0]"
22.300000000000047,"[-61.99217004728695, -80.81796937872204, 0.47305601417520543, 1.999999999874943, 0.0]"
22.300000000000047,"[-61.99217004728695, -80.81796937872204, 0.47305601417520543, 1.999999999874943, 0.0]"
22.300000000000047,"[-61.99217004728695, -80.81796937872204, 0.47305601417520543, 1.999999999874943, 0.0]"
22.300000000000047,"[-61.99217004728695, -80.81796937872204, 0.47305601417520543, 1.999999999874943, 0.0]"
22.300000000000047,"[-61.99217004728695, -80.81796937872204, 0.47305601417520543, 1.999999999874943, 0.0]"
22.300000000000047,"[-61.99217004728695, -80.81796937872204, 0.47305601417520543, 1.999999999874943, 0.0]"
30.20000000000016,"[-47.92732446474996, -73.61935015449302, 0.47305601417520543, 1.9999999999999698, 0.0]"
30.30000000000016,"[-47.74928844471644, -73.52822839216029, 0.47305601417520543, 1.999999999999973, 0.0]"
30.30000000000016,"[-47.74928844471644, -73.52822839216029, 0.47305601417520543, 1.999999999999973, 0.0]"
30.30000000000016,"[-47.74928844471644, -73.52822839216029, 0.47305601417520543, 1.999999999999973, 0.0]"
30.30000000000016,"[-47.74928844471644, -73.52822839216029, 0.47305601417520543, 1.999999999999973, 0.0]"
30.30000000000016,"[-47.74928844471644, -73.52822839216029, 0.47305601417520543, 1.999999999999973, 0.0]"
30.30000000000016,"[-47.74928844471644, -73.52822839216029, 0.47305601417520543, 1.999999999999973, 0.0]"
30.30000000000016,"[-47.74928844471644, -73.52822839216029, 0.47305601417520543, 1.999999999999973, 0.0]"
30.30000000000016,"[-47.74928844471644, -73.52822839216029, 0.47305601417520543, 1.999999999999973, 0.0]"
30.30000000000016,"[-47.74928844471644, -73.52822839216029, 0.47305601417520543, 1.999999999999973, 0.0]"
30.30000000000016,"[-47.74928844471644, -73.52822839216029, 0.47305601417520543, 1.999999999999973, 0.0]"
30.30000000000016,"[-47.74928844471644, -73.52822839216029, 0.47305601417520543, 1.999999999999973, 0.0]"
30.30000000000016,"[-47.74928844471644, -73.52822839216029, 0.47305601417520543, 1.999999999999973, 0.0]"
30.30000000000016,"[-47.74928844471644, -73.52822839216029, 0.47305601417520543, 1.999999999999973, 0.0]"
30.30000000000016,"[-47.74928844471644, -73.52822839216029, 0.47305601417520543, 1.999999999999973, 0.0]"
30.30000000000016,"[-47.74928844471644, -73.52822839216029, 0.47305601417520543, 1.999999999999973, 0.0]"
30.30000000000016,"[-47.74928844471644, -73.52822839216029, 0.47305601417520543, 1.999999999999973, 0.0]"
30.30000000000016,"[-47.74928844471644, -73.52822839216029, 0.47305601417520543, 1.999999999999973, 0.0]"
30.30000000000016,"[-47.74928844471644, -73.52822839216029, 0.47305601417520543, 1.999999999999973, 0.0]"
30.30000000000016,"[-47.74928844471644, -73.52822839216029, 0.47305601417520543, 1.999999999999973, 0.0]"
30.30000000000016,"[-47.74928844471644, -73.52822839216029, 0.47305601417520543, 1.999999999999973, 0.0]"
30.30000000000016,"[-47.74928844471644, -73.52822839216029, 0.47305601417520543, 1.999999999999973, 0.0]"
30.30000000000016,"[-47.74928844471644, -73.52822839216029, 0.47305601417520543, 1.999999999999973, 0.0]"
30.30000000000016,"[-47.74928844471644, -73.52822839216029, 0.47305601417520543, 1.999999999999973, 0.0]"
30.30000000000016,"[-47.74928844471644, -73.52822839216029, 0.47305601417520543, 1.999999999999973, 0.0]"
30.30000000000016,"[-47.74928844471644, -73.52822839216029, 0.47305601417520543, 1.999999999999973, 0.0]"
30.30000000000016,"[-47.74928844471644, -73.52822839216029, 0.47305601417520543, 1.999999999999973, 0.0]"
30.30000000000016,"[-47.74928844471644, -73.52822839216029, 0.47305601417520543, 1.999999999999973, 0.0]"
30.30000000000016,"[-47.74928844471644, -73.52822839216029, 0.47305601417520543, 1.999999999999973, 0.0]"
30.30000000000016,"[-47.74928844471644, -73.52822839216029, 0.47305601417520543, 1.999999999999973, 0.0]"
30.30000000000016,"[-47.74928844471644, -73.52822839216029, 0.47305601417520543, 1.999999999999973, 0.0]"
30.30000000000016,"[-47.74928844471644, -73.52822839216029, 0.47305601417520543, 1.999999999999973, 0.0]"
30.30000000000016,"[-47.74928844471644, -73.52822839216029, 0.47305601417520543, 1.999999999999973, 0.0]"
30.30000000000016,"[-47.74928844471644, -73.52822839216029, 0.47305601417520543, 1.999999999999973, 0.0]"
30.30000000000016,"[-47.74928844471644, -73.52822839216029, 0.47305601417520543, 1.999999999999973, 0.0]"
30.30000000000016,"[-47.74928844471644, -73.52822839216029, 0.47305601417520543, 1.999999999999973, 0.0]"
30.30000000000016,"[-47.74928844471644, -73.52822839216029, 0.47305601417520543, 1.999999999999973, 0.0]"
30.30000000000016,"[-47.74928844471644, -73.52822839216029, 0.47305601417520543, 1.999999999999973, 0.0]"
30.30000000000016,"[-47.74928844471644, -73.52822839216029, 0.47305601417520543, 1.999999999999973, 0.0]"
30.30000000000016,"[-47.74928844471644, -73.52822839216029, 0.47305601417520543, 1.999999999999973, 0.0]"
30.30000000000016,"[-47.74928844471644, -73.52822839216029, 0.47305601417520543, 1.999999999999973, 0.0]"
30.30000000000016,"[-47.74928844471644, -73.52822839216029, 0.47305601417520543, 1.999999999999973, 0.0]"
30.30000000000016,"[-47.74928844471644, -73.52822839216029, 0.47305601417520543, 1.999999999999973, 0.0]"
30.30000000000016,"[-47.74928844471644, -73.52822839216029, 0.47305601417520543, 1.999999999999973, 0.0]"
30.30000000000016,"[-47.74928844471644, -73.52822839216029, 0.47305601417520543, 1.999999999999973, 0.0]"
30.30000000000016,"[-47.74928844471644, -73.52822839216029, 0.47305601417520543, 1.999999999999973, 0.0]"
30.30000000000016,"[-47.74928844471644, -73.52822839216029, 0.47305601417520543, 1.999999999999973, 0.0]"
30.30000000000016,"[-47.74928844471644, -73.52822839216029, 0.47305601417520543, 1.999999999999973, 0.0]"
30.30000000000016,"[-47.74928844471644, -73.52822839216029, 0.47305601417520543, 1.999999999999973, 0.0]"
30.30000000000016,"[-47.74928844471644, -73.52822839216029, 0.47305601417520543, 1.999999999999973, 0.0]"
30.30000000000016,"[-47.74928844471644, -73.52822839216029, 0.47305601417520543, 1.999999999999973, 0.0]"
30.30000000000016,"[-47.74928844471644, -73.52822839216029, 0.47305601417520543, 1.999999999999973, 0.0]"
30.30000000000016,"[-47.74928844471644, -73.52822839216029, 0.47305601417520543, 1.999999999999973, 0.0]"
30.30000000000016,"[-47.74928844471644, -73.52822839216029, 0.47305601417520543, 1.999999999999973, 0.0]"
30.30000000000016,"[-47.74928844471644, -73.52822839216029, 0.47305601417520543, 1.999999999999973, 0.0]"
30.30000000000016,"[-47.74928844471644, -73.52822839216029, 0.47305601417520543, 1.999999999999973, 0.0]"
30.30000000000016,"[-47.74928844471644, -73.52822839216029, 0.47305601417520543, 1.999999999999973, 0.0]"
30.30000000000016,"[-47.74928844471644, -73.52822839216029, 0.47305601417520543, 1.999999999999973, 0.0]"
30.30000000000016,"[-47.74928844471644, -73.52822839216029, 0.47305601417520543, 1.999999999999973, 0.0]"
30.30000000000016,"[-47.74928844471644, -73.52822839216029, 0.47305601417520543, 1.999999999999973, 0.0]"
30.30000000000016,"[-47.74928844471644, -73.52822839216029, 0.47305601417520543, 1.999999999999973, 0.0]"
30.30000000000016,"[-47.74928844471644, -73.52822839216029, 0.47305601417520543, 1.999999999999973, 0.0]"
30.30000000000016,"[-47.74928844471644, -73.52822839216029, 0.47305601417520543, 1.999999999999973, 0.0]"
30.30000000000016,"[-47.74928844471644, -73.52822839216029, 0.47305601417520543, 1.999999999999973, 0.0]"
30.30000000000016,"[-47.74928844471644, -73.52822839216029, 0.47305601417520543, 1.999999999999973, 0.0]"
30.30000000000016,"[-47.74928844471644, -73.52822839216029, 0.47305601417520543, 1.999999999999973, 0.0]"
30.30000000000016,"[-47.74928844471644, -73.52822839216029, 0.47305601417520543, 1.999999999999973, 0.0]"
30.30000000000016,"[-47.74928844471644, -73.52822839216029, 0.47305601417520543, 1.999999999999973, 0.0]"
30.30000000000016,"[-47.74928844471644, -73.52822839216029, 0.47305601417520543, 1.999999999999973, 0.0]"
30.30000000000016,"[-47.74928844471644, -73.52822839216029, 0.47305601417520543, 1.999999999999973, 0.0]"
30.30000000000016,"[-47.74928844471644, -73.52822839216029, 0.47305601417520543, 1.999999999999973, 0.0]"
30.30000000000016,"[-47.74928844471644, -73.52822839216029, 0.47305601417520543, 1.999999999999973, 0.0]"
30.30000000000016,"[-47.74928844471644, -73.52822839216029, 0.47305601417520543, 1.999999999999973, 0.0]"
30.30000000000016,"[-47.74928844471644, -73.52822839216029, 0.47305601417520543, 1.999999999999973, 0.0]"
30.30000000000016,"[-47.74928844471644, -73.52822839216029, 0.47305601417520543, 1.999999999999973, 0.0]"
30.30000000000016,"[-47.74928844471644, -73.52822839216029, 0.47305601417520543, 1.999999999999973, 0.0]"
30.30000000000016,"[-47.74928844471644, -73.52822839216029, 0.47305601417520543, 1.999999999999973, 0.0]"
30.30000000000016,"[-47.74928844471644, -73.52822839216029, 0.47305601417520543, 1.999999999999973, 0.0]"
30.30000000000016,"[-47.74928844471644, -73.52822839216029, 0.47305601417520543, 1.999999999999973, 0.0]"
30.30000000000016,"[-47.74928844471644, -73.52822839216029, 0.47305601417520543, 1.999999999999973, 0.0]"
38.20000000000027,"[-33.684442862068074, -66.32960916787437, 0.47305601417520543, 1.9999999999999991, 0.0]"
38.300000000000274,"[-33.50640684203455, -66.23848740554163, 0.47305601417520543, 1.9999999999999991, 0.0]"
38.300000000000274,"[-33.50640684203455, -66.23848740554163, 0.47305601417520543, 1.9999999999999991, 0.0]"
38.300000000000274,"[-33.50640684203455, -66.23848740554163, 0.47305601417520543, 1.9999999999999991, 0.0]"
38.300000000000274,"[-33.50640684203455, -66.23848740554163, 0.47305601417520543, 1.9999999999999991, 0.0]"
38.300000000000274,"[-33.50640684203455, -66.23848740554163, 0.47305601417520543, 1.9999999999999991, 0.0]"
38.300000000000274,"[-33.50640684203455, -66.23848740554163, 0.47305601417520543, 1.9999999999999991, 0.0]"
38.300000000000274,"[-33.50640684203455, -66.23848740554163, 0.47305601417520543, 1.9999999999999991, 0.0]"
38.300000000000274,"[-33.50640684203455, -66.23848740554163, 0.47305601417520543, 1.9999999999999991, 0.0]"
38.300000000000274,"[-33.50640684203455, -66.23848740554163, 0.47305601417520543, 1.9999999999999991, 0.0]"
38.300000000000274,"[-33.50640684203455, -66.23848740554163, 0.47305601417520543, 1.9999999999999991, 0.0]"
38.300000000000274,"[-33.50640684203455, -66.23848740554163, 0.47305601417520543, 1.9999999999999991, 0.0]"
38.300000000000274,"[-33.50640684203455, -66.23848740554163, 0.47305601417520543, 1.9999999999999991, 0.0]"
38.300000000000274,"[-33.50640684203455, -66.23848740554163, 0.47305601417520543, 1.9999999999999991, 0.0]"
38.300000000000274,"[-33.50640684203455, -66.23848740554163, 0.47305601417520543, 1.9999999999999991, 0.0]"
38.300000000000274,"[-33.50640684203455, -66.23848740554163, 0.47305601417520543, 1.9999999999999991, 0.0]"
38.300000000000274,"[-33.50640684203455, -66.23848740554163, 0.47305601417520543, 1.9999999999999991, 0.0]"
38.300000000000274,"[-33.50640684203455, -66.23848740554163, 0.47305601417520543, 1.9999999999999991, 0.0]"
38.300000000000274,"[-33.50640684203455, -66.23848740554163, 0.47305601417520543, 1.9999999999999991, 0.0]"
38.300000000000274,"[-33.50640684203455, -66.23848740554163, 0.47305601417520543, 1.9999999999999991, 0.0]"
38.300000000000274,"[-33.50640684203455, -66.23848740554163, 0.47305601417520543, 1.9999999999999991, 0.0]"
38.300000000000274,"[-33.50640684203455, -66.23848740554163, 0.47305601417520543, 1.9999999999999991, 0.0]"
38.300000000000274,"[-33.50640684203455, -66.23848740554163, 0.47305601417520543, 1.9999999999999991, 0.0]"
38.300000000000274,"[-33.50640684203455, -66.23848740554163, 0.47305601417520543, 1.9999999999999991, 0.0]"
38.300000000000274,"[-33.50640684203455, -66.23848740554163, 0.47305601417520543, 1.9999999999999991, 0.0]"
38.300000000000274,"[-33.50640684203455, -66.23848740554163, 0.47305601417520543, 1.9999999999999991, 0.0]"
38.300000000000274,"[-33.50640684203455, -66.23848740554163, 0.47305601417520543, 1.9999999999999991, 0.0]"
38.300000000000274,"[-33.50640684203455, -66.23848740554163, 0.47305601417520543, 1.9999999999999991, 0.0]"
38.300000000000274,"[-33.50640684203455, -66.23848740554163, 0.47305601417520543, 1.9999999999999991, 0.0]"
38.300000000000274,"[-33.50640684203455, -66.23848740554163, 0.47305601417520543, 1.9999999999999991, 0.0]"
38.300000000000274,"[-33.50640684203455, -66.23848740554163, 0.47305601417520543, 1.9999999999999991, 0.0]"
38.300000000000274,"[-33.50640684203455, -66.23848740554163, 0.47305601417520543, 1.9999999999999991, 0.0]"
38.300000000000274,"[-33.50640684203455, -66.23848740554163, 0.47305601417520543, 1.9999999999999991, 0.0]"
38.300000000000274,"[-33.50640684203455, -66.23848740554163, 0.47305601417520543, 1.9999999999999991, 0.0]"
38.300000000000274,"[-33.50640684203455, -66.23848740554163, 0.47305601417520543, 1.9999999999999991, 0.0]"
38.300000000000274,"[-33.50640684203455, -66.23848740554163, 0.47305601417520543, 1.9999999999999991, 0.0]"
38.300000000000274,"[-33.50640684203455, -66.23848740554163, 0.47305601417520543, 1.9999999999999991, 0.0]"
38.300000000000274,"[-33.50640684203455, -66.23848740554163, 0.47305601417520543, 1.9999999999999991, 0.0]"
38.300000000000274,"[-33.50640684203455, -66.23848740554163, 0.47305601417520543, 1.9999999999999991, 0.0]"
38.300000000000274,"[-33.50640684203455, -66.23848740554163, 0.47305601417520543, 1.9999999999999991, 0.0]"
38.300000000000274,"[-33.50640684203455, -66.23848740554163, 0.47305601417520543, 1.9999999999999991, 0.0]"
38.300000000000274,"[-33.50640684203455, -66.23848740554163, 0.47305601417520543, 1.9999999999999991, 0.0]"
38.300000000000274,"[-33.50640684203455, -66.23848740554163, 0.47305601417520543, 1.9999999999999991, 0.0]"
38.300000000000274,"[-33.50640684203455, -66.23848740554163, 0.47305601417520543, 1.9999999999999991, 0.0]"
38.300000000000274,"[-33.50640684203455, -66.23848740554163, 0.47305601417520543, 1.9999999999999991, 0.0]"
38.300000000000274,"[-33.50640684203455, -66.23848740554163, 0.47305601417520543, 1.9999999999999991, 0.0]"
38.300000000000274,"[-33.50640684203455, -66.23848740554163, 0.47305601417520543, 1.9999999999999991, 0.0]"
38.300000000000274,"[-33.50640684203455, -66.23848740554163, 0.47305601417520543, 1.9999999999999991, 0.0]"
38.300000000000274,"[-33.50640684203455, -66.23848740554163, 0.47305601417520543, 1.9999999999999991, 0.0]"
38.300000000000274,"[-33.50640684203455, -66.23848740554163, 0.47305601417520543, 1.9999999999999991, 0.0]"
38.300000000000274,"[-33.50640684203455, -66.23848740554163, 0.47305601417520543, 1.9999999999999991, 0.0]"
38.300000000000274,"[-33.50640684203455, -66.23848740554163, 0.47305601417520543, 1.9999999999999991, 0.0]"
38.300000000000274,"[-33.50640684203455, -66.23848740554163, 0.47305601417520543, 1.9999999999999991, 0.0]"
38.300000000000274,"[-33.50640684203455, -66.23848740554163, 0.47305601417520543, 1.9999999999999991, 0.0]"
38.300000000000274,"[-33.50640684203455, -66.23848740554163, 0.47305601417520543, 1.9999999999999991, 0.0]"
38.300000000000274,"[-33.50640684203455, -66.23848740554163, 0.47305601417520543, 1.9999999999999991, 0.0]"
38.300000000000274,"[-33.50640684203455, -66.23848740554163, 0.47305601417520543, 1.9999999999999991, 0.0]"
38.300000000000274,"[-33.50640684203455, -66.23848740554163, 0.47305601417520543, 1.9999999999999991, 0.0]"
38.300000000000274,"[-33.50640684203455, -66.23848740554163, 0.47305601417520543, 1.9999999999999991, 0.0]"
38.300000000000274,"[-33.50640684203455, -66.23848740554163, 0.47305601417520543, 1.9999999999999991, 0.0]"
38.300000000000274,"[-33.50640684203455, -66.23848740554163, 0.47305601417520543, 1.9999999999999991, 0.0]"
38.300000000000274,"[-33.50640684203455, -66.23848740554163, 0.47305601417520543, 1.9999999999999991, 0.0]"
38.300000000000274,"[-33.50640684203455, -66.23848740554163, 0.47305601417520543, 1.9999999999999991, 0.0]"
38.300000000000274,"[-33.50640684203455, -66.23848740554163, 0.47305601417520543, 1.9999999999999991, 0.0]"
38.300000000000274,"[-33.50640684203455, -66.23848740554163, 0.47305601417520543, 1.9999999999999991, 0.0]"
38.300000000000274,"[-33.50640684203455, -66.23848740554163, 0.47305601417520543, 1.9999999999999991, 0.0]"
38.300000000000274,"[-33.50640684203455, -66.23848740554163, 0.47305601417520543, 1.9999999999999991, 0.0]"
38.300000000000274,"[-33.50640684203455, -66.23848740554163, 0.47305601417520543, 1.9999999999999991, 0.0]"
38.300000000000274,"[-33.50640684203455, -66.23848740554163, 0.47305601417520543, 1.9999999999999991, 0.0]"
38.300000000000274,"[-33.50640684203455, -66.23848740554163, 0.47305601417520543, 1.9999999999999991, 0.0]"
38.300000000000274,"[-33.50640684203455, -66.23848740554163, 0.47305601417520543, 1.9999999999999991, 0.0]"
38.300000000000274,"[-33.50640684203455, -66.23848740554163, 0.47305601417520543, 1.9999999999999991, 0.0]"
38.300000000000274,"[-33.50640684203455, -66.23848740554163, 0.47305601417520543, 1.9999999999999991, 0.0]"
38.300000000000274,"[-33.50640684203455, -66.23848740554163, 0.47305601417520543, 1.9999999999999991, 0.0]"
38.300000000000274,"[-33.50640684203455, -66.23848740554163, 0.47305601417520543, 1.9999999999999991, 0.0]"
38.300000000000274,"[-33.50640684203455, -66.23848740554163, 0.47305601417520543, 1.9999999999999991, 0.0]"
38.300000000000274,"[-33.50640684203455, -66.23848740554163, 0.47305601417520543, 1.9999999999999991, 0.0]"
38.300000000000274,"[-33.50640684203455, -66.23848740554163, 0.47305601417520543, 1.9999999999999991, 0.0]"
38.300000000000274,"[-33.50640684203455, -66.23848740554163, 0.47305601417520543, 1.9999999999999991, 0.0]"
38.300000000000274,"[-33.50640684203455, -66.23848740554163, 0.47305601417520543, 1.9999999999999991, 0.0]"
45.70000000000038,"[-20.33174135955379, -59.49547699291938, 0.47305601417520543, 1.9999999999999991, 0.0]"
45.80000000000038,"[-20.153705339520265, -59.404355230586646, 0.47305601417520543, 1.9999999999999991, 0.0]"
45.80000000000038,"[-20.153705339520265, -59.404355230586646, 0.47305601417520543, 1.9999999999999991, 0.0]"
45.80000000000038,"[-20.153705339520265, -59.404355230586646, 0.47305601417520543, 1.9999999999999991, 0.0]"
45.80000000000038,"[-20.153705339520265, -59.404355230586646, 0.47305601417520543, 1.9999999999999991, 0.0]"
45.80000000000038,"[-20.153705339520265, -59.404355230586646, 0.47305601417520543, 1.9999999999999991, 0.0]"
45.80000000000038,"[-20.153705339520265, -59.404355230586646, 0.47305601417520543, 1.9999999999999991, 0.0]"
45.80000000000038,"[-20.153705339520265, -59.404355230586646, 0.47305601417520543, 1.9999999999999991, 0.0]"
45.80000000000038,"[-20.153705339520265, -59.404355230586646, 0.47305601417520543, 1.9999999999999991, 0.0]"
45.80000000000038,"[-20.153705339520265, -59.404355230586646, 0.47305601417520543, 1.9999999999999991, 0.0]"
45.80000000000038,"[-20.153705339520265, -59.404355230586646, 0.47305601417520543, 1.9999999999999991, 0.0]"
45.80000000000038,"[-20.153705339520265, -59.404355230586646, 0.47305601417520543, 1.9999999999999991, 0.0]"
45.80000000000038,"[-20.153705339520265, -59.404355230586646, 0.47305601417520543, 1.9999999999999991, 0.0]"
45.80000000000038,"[-20.153705339520265, -59.404355230586646, 0.47305601417520543, 1.9999999999999991, 0.0]"
45.80000000000038,"[-20.153705339520265, -59.404355230586646, 0.47305601417520543, 1.9999999999999991, 0.0]"
45.80000000000038,"[-20.153705339520265, -59.404355230586646, 0.47305601417520543, 1.9999999999999991, 0.0]"
45.80000000000038,"[-20.153705339520265, -59.404355230586646, 0.47305601417520543, 1.9999999999999991, 0.0]"
45.80000000000038,"[-20.153705339520265, -59.404355230586646, 0.47305601417520543, 1.9999999999999991, 0.0]"
45.80000000000038,"[-20.153705339520265, -59.404355230586646, 0.47305601417520543, 1.9999999999999991, 0.0]"
45.80000000000038,"[-20.153705339520265, -59.404355230586646, 0.47305601417520543, 1.9999999999999991, 0.0]"
45.80000000000038,"[-20.153705339520265, -59.404355230586646, 0.47305601417520543, 1.9999999999999991, 0.0]"
45.80000000000038,"[-20.153705339520265, -59.404355230586646, 0.47305601417520543, 1.9999999999999991, 0.0]"
45.80000000000038,"[-20.153705339520265, -59.404355230586646, 0.47305601417520543, 1.9999999999999991, 0.0]"
45.80000000000038,"[-20.153705339520265, -59.404355230586646, 0.47305601417520543, 1.9999999999999991, 0.0]"
45.80000000000038,"[-20.153705339520265, -59.404355230586646, 0.47305601417520543, 1.9999999999999991, 0.0]"
45.80000000000038,"[-20.153705339520265, -59.404355230586646, 0.47305601417520543, 1.9999999999999991, 0.0]"
45.80000000000038,"[-20.153705339520265, -59.404355230586646, 0.47305601417520543, 1.9999999999999991, 0.0]"
45.80000000000038,"[-20.153705339520265, -59.404355230586646, 0.47305601417520543, 1.9999999999999991, 0.0]"
45.80000000000038,"[-20.153705339520265, -59.404355230586646, 0.47305601417520543, 1.9999999999999991, 0.0]"
45.80000000000038,"[-20.153705339520265, -59.404355230586646, 0.47305601417520543, 1.9999999999999991, 0.0]"
45.80000000000038,"[-20.153705339520265, -59.404355230586646, 0.47305601417520543, 1.9999999999999991, 0.0]"
45.80000000000038,"[-20.153705339520265, -59.404355230586646, 0.47305601417520543, 1.9999999999999991, 0.0]"
45.80000000000038,"[-20.153705339520265, -59.404355230586646, 0.47305601417520543, 1.9999999999999991, 0.0]"
45.80000000000038,"[-20.153705339520265, -59.404355230586646, 0.47305601417520543, 1.9999999999999991, 0.0]"
45.80000000000038,"[-20.153705339520265, -59.404355230586646, 0.47305601417520543, 1.9999999999999991, 0.0]"
45.80000000000038,"[-20.153705339520265, -59.404355230586646, 0.47305601417520543, 1.9999999999999991, 0.0]"
45.80000000000038,"[-20.153705339520265, -59.404355230586646, 0.47305601417520543, 1.9999999999999991, 0.0]"
45.80000000000038,"[-20.153705339520265, -59.404355230586646, 0.47305601417520543, 1.9999999999999991, 0.0]"
45.80000000000038,"[-20.153705339520265, -59.404355230586646, 0.47305601417520543, 1.9999999999999991, 0.0]"
45.80000000000038,"[-20.153705339520265, -59.404355230586646, 0.47305601417520543, 1.9999999999999991, 0.0]"
45.80000000000038,"[-20.153705339520265, -59.404355230586646, 0.47305601417520543, 1.9999999999999991, 0.0]"
45.80000000000038,"[-20.153705339520265, -59.404355230586646, 0.47305601417520543, 1.9999999999999991, 0.0]"
45.80000000000038,"[-20.153705339520265, -59.404355230586646, 0.47305601417520543, 1.9999999999999991, 0.0]"
45.80000000000038,"[-20.153705339520265, -59.404355230586646, 0.47305601417520543, 1.9999999999999991, 0.0]"
45.80000000000038,"[-20.153705339520265, -59.404355230586646, 0.47305601417520543, 1.9999999999999991, 0.0]"
45.80000000000038,"[-20.153705339520265, -59.404355230586646, 0.47305601417520543, 1.9999999999999991, 0.0]"
45.80000000000038,"[-20.153705339520265, -59.404355230586646, 0.47305601417520543, 1.9999999999999991, 0.0]"
45.80000000000038,"[-20.153705339520265, -59.404355230586646, 0.47305601417520543, 1.9999999999999991, 0.0]"
45.80000000000038,"[-20.153705339520265, -59.404355230586646, 0.47305601417520543, 1.9999999999999991, 0.0]"
45.80000000000038,"[-20.153705339520265, -59.404355230586646, 0.47305601417520543, 1.9999999999999991, 0.0]"
45.80000000000038,"[-20.153705339520265, -59.404355230586646, 0.47305601417520543, 1.9999999999999991, 0.0]"
45.80000000000038,"[-20.153705339520265, -59.404355230586646, 0.47305601417520543, 1.9999999999999991, 0.0]"
45.80000000000038,"[-20.153705339520265, -59.404355230586646, 0.47305601417520543, 1.9999999999999991, 0.0]"
45.80000000000038,"[-20.153705339520265, -59.404355230586646, 0.47305601417520543, 1.9999999999999991, 0.0]"
45.80000000000038,"[-20.153705339520265, -59.404355230586646, 0.47305601417520543, 1.9999999999999991, 0.0]"
45.80000000000038,"[-20.153705339520265, -59.404355230586646, 0.47305601417520543, 1.9999999999999991, 0.0]"
45.80000000000038,"[-20.153705339520265, -59.404355230586646, 0.47305601417520543, 1.9999999999999991, 0.0]"
45.80000000000038,"[-20.153705339520265, -59.404355230586646, 0.47305601417520543, 1.9999999999999991, 0.0]"
45.80000000000038,"[-20.153705339520265, -59.404355230586646, 0.47305601417520543, 1.9999999999999991, 0.0]"
45.80000000000038,"[-20.153705339520265, -59.404355230586646, 0.47305601417520543, 1.9999999999999991, 0.0]"
45.80000000000038,"[-20.153705339520265, -59.404355230586646, 0.47305601417520543, 1.9999999999999991, 0.0]"
45.80000000000038,"[-20.153705339520265, -59.404355230586646, 0.47305601417520543, 1.9999999999999991, 0.0]"
45.80000000000038,"[-20.153705339520265, -59.404355230586646, 0.47305601417520543, 1.9999999999999991, 0.0]"
45.80000000000038,"[-20.153705339520265, -59.404355230586646, 0.47305601417520543, 1.9999999999999991, 0.0]"
45.80000000000038,"[-20.153705339520265, -59.404355230586646, 0.47305601417520543, 1.9999999999999991, 0.0]"
45.80000000000038,"[-20.153705339520265, -59.404355230586646, 0.47305601417520543, 1.9999999999999991, 0.0]"
45.80000000000038,"[-20.153705339520265, -59.404355230586646, 0.47305601417520543, 1.9999999999999991, 0.0]"
45.80000000000038,"[-20.153705339520265, -59.404355230586646, 0.47305601417520543, 1.9999999999999991, 0.0]"
45.80000000000038,"[-20.153705339520265, -59.404355230586646, 0.47305601417520543, 1.9999999999999991, 0.0]"
45.80000000000038,"[-20.153705339520265, -59.404355230586646, 0.47305601417520543, 1.9999999999999991, 0.0]"
45.80000000000038,"[-20.153705339520265, -59.404355230586646, 0.47305601417520543, 1.9999999999999991, 0.0]"
45.80000000000038,"[-20.153705339520265, -59.404355230586646, 0.47305601417520543, 1.9999999999999991, 0.0]"
45.80000000000038,"[-20.153705339520265, -59.404355230586646, 0.47305601417520543, 1.9999999999999991, 0.0]"
45.80000000000038,"[-20.153705339520265, -59.404355230586646, 0.47305601417520543, 1.9999999999999991, 0.0]"
45.80000000000038,"[-20.153705339520265, -59.404355230586646, 0.47305601417520543, 1.9999999999999991, 0.0]"
53.50000000000049,"[-6.444931796939027, -52.38797953096619, 0.47305601417520543, 1.9999999999999991, 0.0]"
53.60000000000049,"[-6.266895776905505, -52.29685776863346, 0.47305601417520543, 1.9999999999999991, 0.0]"
53.60000000000049,"[-6.266895776905505, -52.29685776863346, 0.47305601417520543, 1.9999999999999991, 0.0]"
53.60000000000049,"[-6.266895776905505, -52.29685776863346, 0.47305601417520543, 1.9999999999999991, 0.0]"
53.60000000000049,"[-6.266895776905505, -52.29685776863346, 0.47305601417520543, 1.9999999999999991, 0.0]"
53.60000000000049,"[-6.266895776905505, -52.29685776863346, 0.47305601417520543, 1.9999999999999991, 0.0]"
53.60000000000049,"[-6.266895776905505, -52.29685776863346, 0.47305601417520543, 1.9999999999999991, 0.0]"
53.60000000000049,"[-6.266895776905505, -52.29685776863346, 0.47305601417520543, 1.9999999999999991, 0.0]"
53.60000000000049,"[-6.266895776905505, -52.29685776863346, 0.47305601417520543, 1.9999999999999991, 0.0]"
53.60000000000049,"[-6.266895776905505, -52.29685776863346, 0.47305601417520543, 1.9999999999999991, 0.0]"
53.60000000000049,"[-6.266895776905505, -52.29685776863346, 0.47305601417520543, 1.9999999999999991, 0.0]"
53.60000000000049,"[-6.266895776905505, -52.29685776863346, 0.47305601417520543, 1.9999999999999991, 0.0]"
53.60000000000049,"[-6.266895776905505, -52.29685776863346, 0.47305601417520543, 1.9999999999999991, 0.0]"
53.60000000000049,"[-6.266895776905505, -52.29685776863346, 0.47305601417520543, 1.9999999999999991, 0.0]"
53.60000000000049,"[-6.266895776905505, -52.29685776863346, 0.47305601417520543, 1.9999999999999991, 0.0]"
53.60000000000049,"[-6.266895776905505, -52.29685776863346, 0.47305601417520543, 1.9999999999999991, 0.0]"
53.60000000000049,"[-6.266895776905505, -52.29685776863346, 0.47305601417520543, 1.9999999999999991, 0.0]"
53.60000000000049,"[-6.266895776905505, -52.29685776863346, 0.47305601417520543, 1.9999999999999991, 0.0]"
53.60000000000049,"[-6.266895776905505, -52.29685776863346, 0.47305601417520543, 1.9999999999999991, 0.0]"
53.60000000000049,"[-6.266895776905505, -52.29685776863346, 0.47305601417520543, 1.9999999999999991, 0.0]"
53.60000000000049,"[-6.266895776905505, -52.29685776863346, 0.47305601417520543, 1.9999999999999991, 0.0]"
53.60000000000049,"[-6.266895776905505, -52.29685776863346, 0.47305601417520543, 1.9999999999999991, 0.0]"
53.60000000000049,"[-6.266895776905505, -52.29685776863346, 0.47305601417520543, 1.9999999999999991, 0.0]"
53.60000000000049,"[-6.266895776905505, -52.29685776863346, 0.47305601417520543, 1.9999999999999991, 0.0]"
53.60000000000049,"[-6.266895776905505, -52.29685776863346, 0.47305601417520543, 1.9999999999999991, 0.0]"
53.60000000000049,"[-6.266895776905505, -52.29685776863346, 0.47305601417520543, 1.9999999999999991, 0.0]"
53.60000000000049,"[-6.266895776905505, -52.29685776863346, 0.47305601417520543, 1.9999999999999991, 0.0]"
53.60000000000049,"[-6.266895776905505, -52.29685776863346, 0.47305601417520543, 1.9999999999999991, 0.0]"
53.60000000000049,"[-6.266895776905505, -52.29685776863346, 0.47305601417520543, 1.9999999999999991, 0.0]"
53.60000000000049,"[-6.266895776905505, -52.29685776863346, 0.47305601417520543, 1.9999999999999991, 0.0]"
53.60000000000049,"[-6.266895776905505, -52.29685776863346, 0.47305601417520543, 1.9999999999999991, 0.0]"
53.60000000000049,"[-6.266895776905505, -52.29685776863346, 0.47305601417520543, 1.9999999999999991, 0.0]"
53.60000000000049,"[-6.266895776905505, -52.29685776863346, 0.47305601417520543, 1.9999999999999991, 0.0]"
53.60000000000049,"[-6.266895776905505, -52.29685776863346, 0.47305601417520543, 1.9999999999999991, 0.0]"
53.60000000000049,"[-6.266895776905505, -52.29685776863346, 0.47305601417520543, 1.9999999999999991, 0.0]"
53.60000000000049,"[-6.266895776905505, -52.29685776863346, 0.47305601417520543, 1.9999999999999991, 0.0]"
53.60000000000049,"[-6.266895776905505, -52.29685776863346, 0.47305601417520543, 1.9999999999999991, 0.0]"
53.60000000000049,"[-6.266895776905505, -52.29685776863346, 0.47305601417520543, 1.9999999999999991, 0.0]"
53.60000000000049,"[-6.266895776905505, -52.29685776863346, 0.47305601417520543, 1.9999999999999991, 0.0]"
53.60000000000049,"[-6.266895776905505, -52.29685776863346, 0.47305601417520543, 1.9999999999999991, 0.0]"
53.60000000000049,"[-6.266895776905505, -52.29685776863346, 0.47305601417520543, 1.9999999999999991, 0.0]"
53.60000000000049,"[-6.266895776905505, -52.29685776863346, 0.47305601417520543, 1.9999999999999991, 0.0]"
53.60000000000049,"[-6.266895776905505, -52.29685776863346, 0.47305601417520543, 1.9999999999999991, 0.0]"
53.60000000000049,"[-6.266895776905505, -52.29685776863346, 0.47305601417520543, 1.9999999999999991, 0.0]"
53.60000000000049,"[-6.266895776905505, -52.29685776863346, 0.47305601417520543, 1.9999999999999991, 0.0]"
53.60000000000049,"[-6.266895776905505, -52.29685776863346, 0.47305601417520543, 1.9999999999999991, 0.0]"
53.60000000000049,"[-6.266895776905505, -52.29685776863346, 0.47305601417520543, 1.9999999999999991, 0.0]"
53.60000000000049,"[-6.266895776905505, -52.29685776863346, 0.47305601417520543, 1.9999999999999991, 0.0]"
53.60000000000049,"[-6.266895776905505, -52.29685776863346, 0.47305601417520543, 1.9999999999999991, 0.0]"
53.60000000000049,"[-6.266895776905505, -52.29685776863346, 0.47305601417520543, 1.9999999999999991, 0.0]"
53.60000000000049,"[-6.266895776905505, -52.29685776863346, 0.47305601417520543, 1.9999999999999991, 0.0]"
53.60000000000049,"[-6.266895776905505, -52.29685776863346, 0.47305601417520543, 1.9999999999999991, 0.0]"
53.60000000000049,"[-6.266895776905505, -52.29685776863346, 0.47305601417520543, 1.9999999999999991, 0.0]"
53.60000000000049,"[-6.266895776905505, -52.29685776863346, 0.47305601417520543, 1.9999999999999991, 0.0]"
53.60000000000049,"[-6.266895776905505, -52.29685776863346, 0.47305601417520543, 1.9999999999999991, 0.0]"
53.60000000000049,"[-6.266895776905505, -52.29685776863346, 0.47305601417520543, 1.9999999999999991, 0.0]"
53.60000000000049,"[-6.266895776905505, -52.29685776863346, 0.47305601417520543, 1.9999999999999991, 0.0]"
53.60000000000049,"[-6.266895776905505, -52.29685776863346, 0.47305601417520543, 1.9999999999999991, 0.0]"
53.60000000000049,"[-6.266895776905505, -52.29685776863346, 0.47305601417520543, 1.9999999999999991, 0.0]"
53.60000000000049,"[-6.266895776905505, -52.29685776863346, 0.47305601417520543, 1.9999999999999991, 0.0]"
53.60000000000049,"[-6.266895776905505, -52.29685776863346, 0.47305601417520543, 1.9999999999999991, 0.0]"
53.60000000000049,"[-6.266895776905505, -52.29685776863346, 0.47305601417520543, 1.9999999999999991, 0.0]"
53.60000000000049,"[-6.266895776905505, -52.29685776863346, 0.47305601417520543, 1.9999999999999991, 0.0]"
53.60000000000049,"[-6.266895776905505, -52.29685776863346, 0.47305601417520543, 1.9999999999999991, 0.0]"
53.60000000000049,"[-6.266895776905505, -52.29685776863346, 0.47305601417520543, 1.9999999999999991, 0.0]"
53.60000000000049,"[-6.266895776905505, -52.29685776863346, 0.47305601417520543, 1.9999999999999991, 0.0]"
53.60000000000049,"[-6.266895776905505, -52.29685776863346, 0.47305601417520543, 1.9999999999999991, 0.0]"
53.60000000000049,"[-6.266895776905505, -52.29685776863346, 0.47305601417520543, 1.9999999999999991, 0.0]"
53.60000000000049,"[-6.266895776905505, -52.29685776863346, 0.47305601417520543, 1.9999999999999991, 0.0]"
53.60000000000049,"[-6.266895776905505, -52.29685776863346, 0.47305601417520543, 1.9999999999999991, 0.0]"
53.60000000000049,"[-6.266895776905505, -52.29685776863346, 0.47305601417520543, 1.9999999999999991, 0.0]"
53.60000000000049,"[-6.266895776905505, -52.29685776863346, 0.47305601417520543, 1.9999999999999991, 0.0]"
53.60000000000049,"[-6.266895776905505, -52.29685776863346, 0.47305601417520543, 1.9999999999999991, 0.0]"
53.60000000000049,"[-6.266895776905505, -52.29685776863346, 0.47305601417520543, 1.9999999999999991, 0.0]"
53.60000000000049,"[-6.266895776905505, -52.29685776863346, 0.47305601417520543, 1.9999999999999991, 0.0]"
53.60000000000049,"[-6.266895776905505, -52.29685776863346, 0.47305601417520543, 1.9999999999999991, 0.0]"
53.60000000000049,"[-6.266895776905505, -52.29685776863346, 0.47305601417520543, 1.9999999999999991, 0.0]"
53.60000000000049,"[-6.266895776905505, -52.29685776863346, 0.47305601417520543, 1.9999999999999991, 0.0]"
61.500000000000604,"[7.797949805742752, -45.09823854434754, 0.47305601417520543, 1.9999999999999991, 0.0]"
61.600000000000605,"[7.975985825776274, -45.007116782014805, 0.47305601417520543, 1.9999999999999991, 0.0]"
61.600000000000605,"[7.975985825776274, -45.007116782014805, 0.47305601417520543, 1.9999999999999991, 0.0]"
61.600000000000605,"[7.975985825776274, -45.007116782014805, 0.47305601417520543, 1.9999999999999991, 0.0]"
61.600000000000605,"[7.975985825776274, -45.007116782014805, 0.47305601417520543, 1.9999999999999991, 0.0]"
61.600000000000605,"[7.975985825776274, -45.007116782014805, 0.47305601417520543, 1.9999999999999991, 0.0]"
61.600000000000605,"[7.975985825776274, -45.007116782014805, 0.47305601417520543, 1.9999999999999991, 0.0]"
61.600000000000605,"[7.975985825776274, -45.007116782014805, 0.47305601417520543, 1.9999999999999991, 0.0]"
61.600000000000605,"[7.975985825776274, -45.007116782014805, 0.47305601417520543, 1.9999999999999991, 0.0]"
61.600000000000605,"[7.975985825776274, -45.007116782014805, 0.47305601417520543, 1.9999999999999991, 0.0]"
61.600000000000605,"[7.975985825776274, -45.007116782014805, 0.47305601417520543, 1.9999999999999991, 0.0]"
61.600000000000605,"[7.975985825776274, -45.007116782014805, 0.47305601417520543, 1.9999999999999991, 0.0]"
61.600000000000605,"[7.975985825776274, -45.007116782014805, 0.47305601417520543, 1.9999999999999991, 0.0]"
61.600000000000605,"[7.975985825776274, -45.007116782014805, 0.47305601417520543, 1.9999999999999991, 0.0]"
61.600000000000605,"[7.975985825776274, -45.007116782014805, 0.47305601417520543, 1.9999999999999991, 0.0]"
61.600000000000605,"[7.975985825776274, -45.007116782014805, 0.47305601417520543, 1.9999999999999991, 0.0]"
61.600000000000605,"[7.975985825776274, -45.007116782014805, 0.47305601417520543, 1.9999999999999991, 0.0]"
61.600000000000605,"[7.975985825776274, -45.007116782014805, 0.47305601417520543, 1.9999999999999991, 0.0]"
61.600000000000605,"[7.975985825776274, -45.007116782014805, 0.47305601417520543, 1.9999999999999991, 0.0]"
61.600000000000605,"[7.975985825776274, -45.007116782014805, 0.47305601417520543, 1.9999999999999991, 0.0]"
61.600000000000605,"[7.975985825776274, -45.007116782014805, 0.47305601417520543, 1.9999999999999991, 0.0]"
61.600000000000605,"[7.975985825776274, -45.007116782014805, 0.47305601417520543, 1.9999999999999991, 0.0]"
61.600000000000605,"[7.975985825776274, -45.007116782014805, 0.47305601417520543, 1.9999999999999991, 0.0]"
61.600000000000605,"[7.975985825776274, -45.007116782014805, 0.47305601417520543, 1.9999999999999991, 0.0]"
61.600000000000605,"[7.975985825776274, -45.007116782014805, 0.47305601417520543, 1.9999999999999991, 0.0]"
61.600000000000605,"[7.975985825776274, -45.007116782014805, 0.47305601417520543, 1.9999999999999991, 0.0]"
61.600000000000605,"[7.975985825776274, -45.007116782014805, 0.47305601417520543, 1.9999999999999991, 0.0]"
61.600000000000605,"[7.975985825776274, -45.007116782014805, 0.47305601417520543, 1.9999999999999991, 0.0]"
61.600000000000605,"[7.975985825776274, -45.007116782014805, 0.47305601417520543, 1.9999999999999991, 0.0]"
61.600000000000605,"[7.975985825776274, -45.007116782014805, 0.47305601417520543, 1.9999999999999991, 0.0]"
61.600000000000605,"[7.975985825776274, -45.007116782014805, 0.47305601417520543, 1.9999999999999991, 0.0]"
61.600000000000605,"[7.975985825776274, -45.007116782014805, 0.47305601417520543, 1.9999999999999991, 0.0]"
61.600000000000605,"[7.975985825776274, -45.007116782014805, 0.47305601417520543, 1.9999999999999991, 0.0]"
61.600000000000605,"[7.975985825776274, -45.007116782014805, 0.47305601417520543, 1.9999999999999991, 0.0]"
61.600000000000605,"[7.975985825776274, -45.007116782014805, 0.47305601417520543, 1.9999999999999991, 0.0]"
61.600000000000605,"[7.975985825776274, -45.007116782014805, 0.47305601417520543, 1.9999999999999991, 0.0]"
61.600000000000605,"[7.975985825776274, -45.007116782014805, 0.47305601417520543, 1.9999999999999991, 0.0]"
61.600000000000605,"[7.975985825776274, -45.007116782014805, 0.47305601417520543, 1.9999999999999991, 0.0]"
61.600000000000605,"[7.975985825776274, -45.007116782014805, 0.47305601417520543, 1.9999999999999991, 0.0]"
61.600000000000605,"[7.975985825776274, -45.007116782014805, 0.47305601417520543, 1.9999999999999991, 0.0]"
61.600000000000605,"[7.975985825776274, -45.007116782014805, 0.47305601417520543, 1.9999999999999991, 0.0]"
61.600000000000605,"[7.975985825776274, -45.007116782014805, 0.47305601417520543, 1.9999999999999991, 0.0]"
61.600000000000605,"[7.975985825776274, -45.007116782014805, 0.47305601417520543, 1.9999999999999991, 0.0]"
61.600000000000605,"[7.975985825776274, -45.007116782014805, 0.47305601417520543, 1.9999999999999991, 0.0]"
61.600000000000605,"[7.975985825776274, -45.007116782014805, 0.47305601417520543, 1.9999999999999991, 0.0]"
61.600000000000605,"[7.975985825776274, -45.007116782014805, 0.47305601417520543, 1.9999999999999991, 0.0]"
61.600000000000605,"[7.975985825776274, -45.007116782014805, 0.47305601417520543, 1.9999999999999991, 0.0]"
61.600000000000605,"[7.975985825776274, -45.007116782014805, 0.47305601417520543, 1.9999999999999991, 0.0]"
61.600000000000605,"[7.975985825776274, -45.007116782014805, 0.47305601417520543, 1.9999999999999991, 0.0]"
61.600000000000605,"[7.975985825776274, -45.007116782014805, 0.47305601417520543, 1.9999999999999991, 0.0]"
61.600000000000605,"[7.975985825776274, -45.007116782014805, 0.47305601417520543, 1.9999999999999991, 0.0]"
61.600000000000605,"[7.975985825776274, -45.007116782014805, 0.47305601417520543, 1.9999999999999991, 0.0]"
61.600000000000605,"[7.975985825776274, -45.007116782014805, 0.47305601417520543, 1.9999999999999991, 0.0]"
61.600000000000605,"[7.975985825776274, -45.007116782014805, 0.47305601417520543, 1.9999999999999991, 0.0]"
61.600000000000605,"[7.975985825776274, -45.007116782014805, 0.47305601417520543, 1.9999999999999991, 0.0]"
61.600000000000605,"[7.975985825776274, -45.007116782014805, 0.47305601417520543, 1.9999999999999991, 0.0]"
61.600000000000605,"[7.975985825776274, -45.007116782014805, 0.47305601417520543, 1.9999999999999991, 0.0]"
61.600000000000605,"[7.975985825776274, -45.007116782014805, 0.47305601417520543, 1.9999999999999991, 0.0]"
61.600000000000605,"[7.975985825776274, -45.007116782014805, 0.47305601417520543, 1.9999999999999991, 0.0]"
61.600000000000605,"[7.975985825776274, -45.007116782014805, 0.47305601417520543, 1.9999999999999991, 0.0]"
61.600000000000605,"[7.975985825776274, -45.007116782014805, 0.47305601417520543, 1.9999999999999991, 0.0]"
61.600000000000605,"[7.975985825776274, -45.007116782014805, 0.47305601417520543, 1.9999999999999991, 0.0]"
61.600000000000605,"[7.975985825776274, -45.007116782014805, 0.47305601417520543, 1.9999999999999991, 0.0]"
61.600000000000605,"[7.975985825776274, -45.007116782014805, 0.47305601417520543, 1.9999999999999991, 0.0]"
61.600000000000605,"[7.975985825776274, -45.007116782014805, 0.47305601417520543, 1.9999999999999991, 0.0]"
61.600000000000605,"[7.975985825776274, -45.007116782014805, 0.47305601417520543, 1.9999999999999991, 0.0]"
61.600000000000605,"[7.975985825776274, -45.007116782014805, 0.47305601417520543, 1.9999999999999991, 0.0]"
61.600000000000605,"[7.975985825776274, -45.007116782014805, 0.47305601417520543, 1.9999999999999991, 0.0]"
61.600000000000605,"[7.975985825776274, -45.007116782014805, 0.47305601417520543, 1.9999999999999991, 0.0]"
61.600000000000605,"[7.975985825776274, -45.007116782014805, 0.47305601417520543, 1.9999999999999991, 0.0]"
61.600000000000605,"[7.975985825776274, -45.007116782014805, 0.47305601417520543, 1.9999999999999991, 0.0]"
61.600000000000605,"[7.975985825776274, -45.007116782014805, 0.47305601417520543, 1.9999999999999991, 0.0]"
61.600000000000605,"[7.975985825776274, -45.007116782014805, 0.47305601417520543, 1.9999999999999991, 0.0]"
61.600000000000605,"[7.975985825776274, -45.007116782014805, 0.47305601417520543, 1.9999999999999991, 0.0]"
61.600000000000605,"[7.975985825776274, -45.007116782014805, 0.47305601417520543, 1.9999999999999991, 0.0]"
61.600000000000605,"[7.975985825776274, -45.007116782014805, 0.47305601417520543, 1.9999999999999991, 0.0]"
61.600000000000605,"[7.975985825776274, -45.007116782014805, 0.47305601417520543, 1.9999999999999991, 0.0]"
61.600000000000605,"[7.975985825776274, -45.007116782014805, 0.47305601417520543, 1.9999999999999991, 0.0]"
61.600000000000605,"[7.975985825776274, -45.007116782014805, 0.47305601417520543, 1.9999999999999991, 0.0]"
61.600000000000605,"[7.975985825776274, -45.007116782014805, 0.47305601417520543, 1.9999999999999991, 0.0]"
69.40000000000033,"[21.86279538839105, -37.89961932006162, 0.47305601417520543, 1.9999999999999991, 0.0]"
69.50000000000033,"[22.040831408424573, -37.808497557728884, 0.47305601417520543, 1.9999999999999991, 0.0]"
69.50000000000033,"[22.040831408424573, -37.808497557728884, 0.47305601417520543, 1.9999999999999991, 0.0]"
69.50000000000033,"[22.040831408424573, -37.808497557728884, 0.47305601417520543, 1.9999999999999991, 0.0]"
69.50000000000033,"[22.040831408424573, -37.808497557728884, 0.47305601417520543, 1.9999999999999991, 0.0]"
69.50000000000033,"[22.040831408424573, -37.808497557728884, 0.47305601417520543, 1.9999999999999991, 0.0]"
69.50000000000033,"[22.040831408424573, -37.808497557728884, 0.47305601417520543, 1.9999999999999991, 0.0]"
69.50000000000033,"[22.040831408424573, -37.808497557728884, 0.47305601417520543, 1.9999999999999991, 0.0]"
69.50000000000033,"[22.040831408424573, -37.808497557728884, 0.47305601417520543, 1.9999999999999991, 0.0]"
69.50000000000033,"[22.040831408424573, -37.808497557728884, 0.47305601417520543, 1.9999999999999991, 0.0]"
69.50000000000033,"[22.040831408424573, -37.808497557728884, 0.47305601417520543, 1.9999999999999991, 0.0]"
69.50000000000033,"[22.040831408424573, -37.808497557728884, 0.47305601417520543, 1.9999999999999991, 0.0]"
69.50000000000033,"[22.040831408424573, -37.808497557728884, 0.47305601417520543, 1.9999999999999991, 0.0]"
69.50000000000033,"[22.040831408424573, -37.808497557728884, 0.47305601417520543, 1.9999999999999991, 0.0]"
69.50000000000033,"[22.040831408424573, -37.808497557728884, 0.47305601417520543, 1.9999999999999991, 0.0]"
69.50000000000033,"[22.040831408424573, -37.808497557728884, 0.47305601417520543, 1.9999999999999991, 0.0]"
69.50000000000033,"[22.040831408424573, -37.808497557728884, 0.47305601417520543, 1.9999999999999991, 0.0]"
69.50000000000033,"[22.040831408424573, -37.808497557728884, 0.47305601417520543, 1.9999999999999991, 0.0]"
69.50000000000033,"[22.040831408424573, -37.808497557728884, 0.47305601417520543, 1.9999999999999991, 0.0]"
69.50000000000033,"[22.040831408424573, -37.808497557728884, 0.47305601417520543, 1.9999999999999991, 0.0]"
69.50000000000033,"[22.040831408424573, -37.808497557728884, 0.47305601417520543, 1.9999999999999991, 0.0]"
69.50000000000033,"[22.040831408424573, -37.808497557728884, 0.47305601417520543, 1.9999999999999991, 0.0]"
69.50000000000033,"[22.040831408424573, -37.808497557728884, 0.47305601417520543, 1.9999999999999991, 0.0]"
69.50000000000033,"[22.040831408424573, -37.808497557728884, 0.47305601417520543, 1.9999999999999991, 0.0]"
69.50000000000033,"[22.040831408424573, -37.808497557728884, 0.47305601417520543, 1.9999999999999991, 0.0]"
69.50000000000033,"[22.040831408424573, -37.808497557728884, 0.47305601417520543, 1.9999999999999991, 0.0]"
69.50000000000033,"[22.040831408424573, -37.808497557728884, 0.47305601417520543, 1.9999999999999991, 0.0]"
69.50000000000033,"[22.040831408424573, -37.808497557728884, 0.47305601417520543, 1.9999999999999991, 0.0]"
69.50000000000033,"[22.040831408424573, -37.808497557728884, 0.47305601417520543, 1.9999999999999991, 0.0]"
69.50000000000033,"[22.040831408424573, -37.808497557728884, 0.47305601417520543, 1.9999999999999991, 0.0]"
69.50000000000033,"[22.040831408424573, -37.808497557728884, 0.47305601417520543, 1.9999999999999991, 0.0]"
69.50000000000033,"[22.040831408424573, -37.808497557728884, 0.47305601417520543, 1.9999999999999991, 0.0]"
69.50000000000033,"[22.040831408424573, -37.808497557728884, 0.47305601417520543, 1.9999999999999991, 0.0]"
69.50000000000033,"[22.040831408424573, -37.808497557728884, 0.47305601417520543, 1.9999999999999991, 0.0]"
69.50000000000033,"[22.040831408424573, -37.808497557728884, 0.47305601417520543, 1.9999999999999991, 0.0]"
69.50000000000033,"[22.040831408424573, -37.808497557728884, 0.47305601417520543, 1.9999999999999991, 0.0]"
69.50000000000033,"[22.040831408424573, -37.808497557728884, 0.47305601417520543, 1.9999999999999991, 0.0]"
69.50000000000033,"[22.040831408424573, -37.808497557728884, 0.47305601417520543, 1.9999999999999991, 0.0]"
69.50000000000033,"[22.040831408424573, -37.808497557728884, 0.47305601417520543, 1.9999999999999991, 0.0]"
69.50000000000033,"[22.040831408424573, -37.808497557728884, 0.47305601417520543, 1.9999999999999991, 0.0]"
69.50000000000033,"[22.040831408424573, -37.808497557728884, 0.47305601417520543, 1.9999999999999991, 0.0]"
69.50000000000033,"[22.040831408424573, -37.808497557728884, 0.47305601417520543, 1.9999999999999991, 0.0]"
69.50000000000033,"[22.040831408424573, -37.808497557728884, 0.47305601417520543, 1.9999999999999991, 0.0]"
69.50000000000033,"[22.040831408424573, -37.808497557728884, 0.47305601417520543, 1.9999999999999991, 0.0]"
69.50000000000033,"[22.040831408424573, -37.808497557728884, 0.47305601417520543, 1.9999999999999991, 0.0]"
69.50000000000033,"[22.040831408424573, -37.808497557728884, 0.47305601417520543, 1.9999999999999991, 0.0]"
69.50000000000033,"[22.040831408424573, -37.808497557728884, 0.47305601417520543, 1.9999999999999991, 0.0]"
69.50000000000033,"[22.040831408424573, -37.808497557728884, 0.47305601417520543, 1.9999999999999991, 0.0]"
69.50000000000033,"[22.040831408424573, -37.808497557728884, 0.47305601417520543, 1.9999999999999991, 0.0]"
69.50000000000033,"[22.040831408424573, -37.808497557728884, 0.47305601417520543, 1.9999999999999991, 0.0]"
69.50000000000033,"[22.040831408424573, -37.808497557728884, 0.47305601417520543, 1.9999999999999991, 0.0]"
69.50000000000033,"[22.040831408424573, -37.808497557728884, 0.47305601417520543, 1.9999999999999991, 0.0]"
69.50000000000033,"[22.040831408424573, -37.808497557728884, 0.47305601417520543, 1.9999999999999991, 0.0]"
69.50000000000033,"[22.040831408424573, -37.808497557728884, 0.47305601417520543, 1.9999999999999991, 0.0]"
69.50000000000033,"[22.040831408424573, -37.808497557728884, 0.47305601417520543, 1.9999999999999991, 0.0]"
69.50000000000033,"[22.040831408424573, -37.808497557728884, 0.47305601417520543, 1.9999999999999991, 0.0]"
69.50000000000033,"[22.040831408424573, -37.808497557728884, 0.47305601417520543, 1.9999999999999991, 0.0]"
69.50000000000033,"[22.040831408424573, -37.808497557728884, 0.47305601417520543, 1.9999999999999991, 0.0]"
69.50000000000033,"[22.040831408424573, -37.808497557728884, 0.47305601417520543, 1.9999999999999991, 0.0]"
69.50000000000033,"[22.040831408424573, -37.808497557728884, 0.47305601417520543, 1.9999999999999991, 0.0]"
69.50000000000033,"[22.040831408424573, -37.808497557728884, 0.47305601417520543, 1.9999999999999991, 0.0]"
69.50000000000033,"[22.040831408424573, -37.808497557728884, 0.47305601417520543, 1.9999999999999991, 0.0]"
69.50000000000033,"[22.040831408424573, -37.808497557728884, 0.47305601417520543, 1.9999999999999991, 0.0]"
69.50000000000033,"[22.040831408424573, -37.808497557728884, 0.47305601417520543, 1.9999999999999991, 0.0]"
69.50000000000033,"[22.040831408424573, -37.808497557728884, 0.47305601417520543, 1.9999999999999991, 0.0]"
69.50000000000033,"[22.040831408424573, -37.808497557728884, 0.47305601417520543, 1.9999999999999991, 0.0]"
69.50000000000033,"[22.040831408424573, -37.808497557728884, 0.47305601417520543, 1.9999999999999991, 0.0]"
69.50000000000033,"[22.040831408424573, -37.808497557728884, 0.47305601417520543, 1.9999999999999991, 0.0]"
69.50000000000033,"[22.040831408424573, -37.808497557728884, 0.47305601417520543, 1.9999999999999991, 0.0]"
69.50000000000033,"[22.040831408424573, -37.808497557728884, 0.47305601417520543, 1.9999999999999991, 0.0]"
69.50000000000033,"[22.040831408424573, -37.808497557728884, 0.47305601417520543, 1.9999999999999991, 0.0]"
69.50000000000033,"[22.040831408424573, -37.808497557728884, 0.47305601417520543, 1.9999999999999991, 0.0]"
69.50000000000033,"[22.040831408424573, -37.808497557728884, 0.47305601417520543, 1.9999999999999991, 0.0]"
69.50000000000033,"[22.040831408424573, -37.808497557728884, 0.47305601417520543, 1.9999999999999991, 0.0]"
69.50000000000033,"[22.040831408424573, -37.808497557728884, 0.47305601417520543, 1.9999999999999991, 0.0]"
69.50000000000033,"[22.040831408424573, -37.808497557728884, 0.47305601417520543, 1.9999999999999991, 0.0]"
69.50000000000033,"[22.040831408424573, -37.808497557728884, 0.47305601417520543, 1.9999999999999991, 0.0]"
69.50000000000033,"[22.040831408424573, -37.808497557728884, 0.47305601417520543, 1.9999999999999991, 0.0]"
69.50000000000033,"[22.040831408424573, -37.808497557728884, 0.47305601417520543, 1.9999999999999991, 0.0]"
77.19999999999989,"[35.04168037937572, -29.56885459881498, 0.5779348465852177, 1.9999999999999991, 0.0]"
77.29999999999988,"[35.20919890315939, -29.45959552967497, 0.5779348465852177, 1.9999999999999991, 0.0]"
77.29999999999988,"[35.20919890315939, -29.45959552967497, 0.5779348465852177, 1.9999999999999991, 0.0]"
77.29999999999988,"[35.20919890315939, -29.45959552967497, 0.5779348465852177, 1.9999999999999991, 0.0]"
77.29999999999988,"[35.20919890315939, -29.45959552967497, 0.5779348465852177, 1.9999999999999991, 0.0]"
77.29999999999988,"[35.20919890315939, -29.45959552967497, 0.5779348465852177, 1.9999999999999991, 0.0]"
77.29999999999988,"[35.20919890315939, -29.45959552967497, 0.5779348465852177, 1.9999999999999991, 0.0]"
77.29999999999988,"[35.20919890315939, -29.45959552967497, 0.5779348465852177, 1.9999999999999991, 0.0]"
77.29999999999988,"[35.20919890315939, -29.45959552967497, 0.5779348465852177, 1.9999999999999991, 0.0]"
77.29999999999988,"[35.20919890315939, -29.45959552967497, 0.5779348465852177, 1.9999999999999991, 0.0]"
77.29999999999988,"[35.20919890315939, -29.45959552967497, 0.5779348465852177, 1.9999999999999991, 0.0]"
77.29999999999988,"[35.20919890315939, -29.45959552967497, 0.5779348465852177, 1.9999999999999991, 0.0]"
77.29999999999988,"[35.20919890315939, -29.45959552967497, 0.5779348465852177, 1.9999999999999991, 0.0]"
77.29999999999988,"[35.20919890315939, -29.45959552967497, 0.5779348465852177, 1.9999999999999991, 0.0]"
77.29999999999988,"[35.20919890315939, -29.45959552967497, 0.5779348465852177, 1.9999999999999991, 0.0]"
77.29999999999988,"[35.20919890315939, -29.45959552967497, 0.5779348465852177, 1.9999999999999991, 0.0]"
77.29999999999988,"[35.20919890315939, -29.45959552967497, 0.5779348465852177, 1.9999999999999991, 0.0]"
77.29999999999988,"[35.20919890315939, -29.45959552967497, 0.5779348465852177, 1.9999999999999991, 0.0]"
77.29999999999988,"[35.20919890315939, -29.45959552967497, 0.5779348465852177, 1.9999999999999991, 0.0]"
77.29999999999988,"[35.20919890315939, -29.45959552967497, 0.5779348465852177, 1.9999999999999991, 0.0]"
77.29999999999988,"[35.20919890315939, -29.45959552967497, 0.5779348465852177, 1.9999999999999991, 0.0]"
77.29999999999988,"[35.20919890315939, -29.45959552967497, 0.5779348465852177, 1.9999999999999991, 0.0]"
77.29999999999988,"[35.20919890315939, -29.45959552967497, 0.5779348465852177, 1.9999999999999991, 0.0]"
77.29999999999988,"[35.20919890315939, -29.45959552967497, 0.5779348465852177, 1.9999999999999991, 0.0]"
77.29999999999988,"[35.20919890315939, -29.45959552967497, 0.5779348465852177, 1.9999999999999991, 0.0]"
77.29999999999988,"[35.20919890315939, -29.45959552967497, 0.5779348465852177, 1.9999999999999991, 0.0]"
77.29999999999988,"[35.20919890315939, -29.45959552967497, 0.5779348465852177, 1.9999999999999991, 0.0]"
77.29999999999988,"[35.20919890315939, -29.45959552967497, 0.5779348465852177, 1.9999999999999991, 0.0]"
77.29999999999988,"[35.20919890315939, -29.45959552967497, 0.5779348465852177, 1.9999999999999991, 0.0]"
77.29999999999988,"[35.20919890315939, -29.45959552967497, 0.5779348465852177, 1.9999999999999991, 0.0]"
77.29999999999988,"[35.20919890315939, -29.45959552967497, 0.5779348465852177, 1.9999999999999991, 0.0]"
77.29999999999988,"[35.20919890315939, -29.45959552967497, 0.5779348465852177, 1.9999999999999991, 0.0]"
77.29999999999988,"[35.20919890315939, -29.45959552967497, 0.5779348465852177, 1.9999999999999991, 0.0]"
77.29999999999988,"[35.20919890315939, -29.45959552967497, 0.5779348465852177, 1.9999999999999991, 0.0]"
77.29999999999988,"[35.20919890315939, -29.45959552967497, 0.5779348465852177, 1.9999999999999991, 0.0]"
77.29999999999988,"[35.20919890315939, -29.45959552967497, 0.5779348465852177, 1.9999999999999991, 0.0]"
77.29999999999988,"[35.20919890315939, -29.45959552967497, 0.5779348465852177, 1.9999999999999991, 0.0]"
77.29999999999988,"[35.20919890315939, -29.45959552967497, 0.5779348465852177, 1.9999999999999991, 0.0]"
77.29999999999988,"[35.20919890315939, -29.45959552967497, 0.5779348465852177, 1.9999999999999991, 0.0]"
77.29999999999988,"[35.20919890315939, -29.45959552967497, 0.5779348465852177, 1.9999999999999991, 0.0]"
77.29999999999988,"[35.20919890315939, -29.45959552967497, 0.5779348465852177, 1.9999999999999991, 0.0]"
77.29999999999988,"[35.20919890315939, -29.45959552967497, 0.5779348465852177, 1.9999999999999991, 0.0]"
77.29999999999988,"[35.20919890315939, -29.45959552967497, 0.5779348465852177, 1.9999999999999991, 0.0]"
77.29999999999988,"[35.20919890315939, -29.45959552967497, 0.5779348465852177, 1.9999999999999991, 0.0]"
77.29999999999988,"[35.20919890315939, -29.45959552967497, 0.5779348465852177, 1.9999999999999991, 0.0]"
77.29999999999988,"[35.20919890315939, -29.45959552967497, 0.5779348465852177, 1.9999999999999991, 0.0]"
77.29999999999988,"[35.20919890315939, -29.45959552967497, 0.5779348465852177, 1.9999999999999991, 0.0]"
77.29999999999988,"[35.20919890315939, -29.45959552967497, 0.5779348465852177, 1.9999999999999991, 0.0]"
77.29999999999988,"[35.20919890315939, -29.45959552967497, 0.5779348465852177, 1.9999999999999991, 0.0]"
77.29999999999988,"[35.20919890315939, -29.45959552967497, 0.5779348465852177, 1.9999999999999991, 0.0]"
77.29999999999988,"[35.20919890315939, -29.45959552967497, 0.5779348465852177, 1.9999999999999991, 0.0]"
77.29999999999988,"[35.20919890315939, -29.45959552967497, 0.5779348465852177, 1.9999999999999991, 0.0]"
77.29999999999988,"[35.20919890315939, -29.45959552967497, 0.5779348465852177, 1.9999999999999991, 0.0]"
77.29999999999988,"[35.20919890315939, -29.45959552967497, 0.5779348465852177, 1.9999999999999991, 0.0]"
77.29999999999988,"[35.20919890315939, -29.45959552967497, 0.5779348465852177, 1.9999999999999991, 0.0]"
77.29999999999988,"[35.20919890315939, -29.45959552967497, 0.5779348465852177, 1.9999999999999991, 0.0]"
77.29999999999988,"[35.20919890315939, -29.45959552967497, 0.5779348465852177, 1.9999999999999991, 0.0]"
77.29999999999988,"[35.20919890315939, -29.45959552967497, 0.5779348465852177, 1.9999999999999991, 0.0]"
77.29999999999988,"[35.20919890315939, -29.45959552967497, 0.5779348465852177, 1.9999999999999991, 0.0]"
77.29999999999988,"[35.20919890315939, -29.45959552967497, 0.5779348465852177, 1.9999999999999991, 0.0]"
77.29999999999988,"[35.20919890315939, -29.45959552967497, 0.5779348465852177, 1.9999999999999991, 0.0]"
77.29999999999988,"[35.20919890315939, -29.45959552967497, 0.5779348465852177, 1.9999999999999991, 0.0]"
77.29999999999988,"[35.20919890315939, -29.45959552967497, 0.5779348465852177, 1.9999999999999991, 0.0]"
77.29999999999988,"[35.20919890315939, -29.45959552967497, 0.5779348465852177, 1.9999999999999991, 0.0]"
77.29999999999988,"[35.20919890315939, -29.45959552967497, 0.5779348465852177, 1.9999999999999991, 0.0]"
77.29999999999988,"[35.20919890315939, -29.45959552967497, 0.5779348465852177, 1.9999999999999991, 0.0]"
77.29999999999988,"[35.20919890315939, -29.45959552967497, 0.5779348465852177, 1.9999999999999991, 0.0]"
77.29999999999988,"[35.20919890315939, -29.45959552967497, 0.5779348465852177, 1.9999999999999991, 0.0]"
77.29999999999988,"[35.20919890315939, -29.45959552967497, 0.5779348465852177, 1.9999999999999991, 0.0]"
77.29999999999988,"[35.20919890315939, -29.45959552967497, 0.5779348465852177, 1.9999999999999991, 0.0]"
77.29999999999988,"[35.20919890315939, -29.45959552967497, 0.5779348465852177, 1.9999999999999991, 0.0]"
77.29999999999988,"[35.20919890315939, -29.45959552967497, 0.5779348465852177, 1.9999999999999991, 0.0]"
77.29999999999988,"[35.20919890315939, -29.45959552967497, 0.5779348465852177, 1.9999999999999991, 0.0]"
77.29999999999988,"[35.20919890315939, -29.45959552967497, 0.5779348465852177, 1.9999999999999991, 0.0]"
77.29999999999988,"[35.20919890315939, -29.45959552967497, 0.5779348465852177, 1.9999999999999991, 0.0]"
77.29999999999988,"[35.20919890315939, -29.45959552967497, 0.5779348465852177, 1.9999999999999991, 0.0]"
77.29999999999988,"[35.20919890315939, -29.45959552967497, 0.5779348465852177, 1.9999999999999991, 0.0]"
77.29999999999988,"[35.20919890315939, -29.45959552967497, 0.5779348465852177, 1.9999999999999991, 0.0]"
84.99999999999945,"[48.296076141644335, -21.458059835989424, 0.15177362913855788, 1.9999999999999991, 0.0]"
85.09999999999944,"[48.4937770366505, -21.4278215140492, 0.12858731536312146, 1.9999999999999991, 0.0]"
85.09999999999944,"[48.4937770366505, -21.4278215140492, 0.12858731536312146, 1.9999999999999991, 0.0]"
85.09999999999944,"[48.4937770366505, -21.4278215140492, 0.12858731536312146, 1.9999999999999991, 0.0]"
85.09999999999944,"[48.4937770366505, -21.4278215140492, 0.12858731536312146, 1.9999999999999991, 0.0]"
85.09999999999944,"[48.4937770366505, -21.4278215140492, 0.12858731536312146, 1.9999999999999991, 0.0]"
85.09999999999944,"[48.4937770366505, -21.4278215140492, 0.12858731536312146, 1.9999999999999991, 0.0]"
85.09999999999944,"[48.4937770366505, -21.4278215140492, 0.12858731536312146, 1.9999999999999991, 0.0]"
85.09999999999944,"[48.4937770366505, -21.4278215140492, 0.12858731536312146, 1.9999999999999991, 0.0]"
85.09999999999944,"[48.4937770366505, -21.4278215140492, 0.12858731536312146, 1.9999999999999991, 0.0]"
85.09999999999944,"[48.4937770366505, -21.4278215140492, 0.12858731536312146, 1.9999999999999991, 0.0]"
85.09999999999944,"[48.4937770366505, -21.4278215140492, 0.12858731536312146, 1.9999999999999991, 0.0]"
85.09999999999944,"[48.4937770366505, -21.4278215140492, 0.12858731536312146, 1.9999999999999991, 0.0]"
85.09999999999944,"[48.4937770366505, -21.4278215140492, 0.12858731536312146, 1.9999999999999991, 0.0]"
85.09999999999944,"[48.4937770366505, -21.4278215140492, 0.12858731536312146, 1.9999999999999991, 0.0]"
85.09999999999944,"[48.4937770366505, -21.4278215140492, 0.12858731536312146, 1.9999999999999991, 0.0]"
85.09999999999944,"[48.4937770366505, -21.4278215140492, 0.12858731536312146, 1.9999999999999991, 0.0]"
85.09999999999944,"[48.4937770366505, -21.4278215140492, 0.12858731536312146, 1.9999999999999991, 0.0]"
85.09999999999944,"[48.4937770366505, -21.4278215140492, 0.12858731536312146, 1.9999999999999991, 0.0]"
85.09999999999944,"[48.4937770366505, -21.4278215140492, 0.12858731536312146, 1.9999999999999991, 0.0]"
85.09999999999944,"[48.4937770366505, -21.4278215140492, 0.12858731536312146, 1.9999999999999991, 0.0]"
85.09999999999944,"[48.4937770366505, -21.4278215140492, 0.12858731536312146, 1.9999999999999991, 0.0]"
85.09999999999944,"[48.4937770366505, -21.4278215140492, 0.12858731536312146, 1.9999999999999991, 0.0]"
85.09999999999944,"[48.4937770366505, -21.4278215140492, 0.12858731536312146, 1.9999999999999991, 0.0]"
85.09999999999944,"[48.4937770366505, -21.4278215140492, 0.12858731536312146, 1.9999999999999991, 0.0]"
85.09999999999944,"[48.4937770366505, -21.4278215140492, 0.12858731536312146, 1.9999999999999991, 0.0]"
85.09999999999944,"[48.4937770366505, -21.4278215140492, 0.12858731536312146, 1.9999999999999991, 0.0]"
85.09999999999944,"[48.4937770366505, -21.4278215140492, 0.12858731536312146, 1.9999999999999991, 0.0]"
85.09999999999944,"[48.4937770366505, -21.4278215140492, 0.12858731536312146, 1.9999999999999991, 0.0]"
85.09999999999944,"[48.4937770366505, -21.4278215140492, 0.12858731536312146, 1.9999999999999991, 0.0]"
85.09999999999944,"[48.4937770366505, -21.4278215140492, 0.12858731536312146, 1.9999999999999991, 0.0]"
85.09999999999944,"[48.4937770366505, -21.4278215140492, 0.12858731536312146, 1.9999999999999991, 0.0]"
85.09999999999944,"[48.4937770366505, -21.4278215140492, 0.12858731536312146, 1.9999999999999991, 0.0]"
85.09999999999944,"[48.4937770366505, -21.4278215140492, 0.12858731536312146, 1.9999999999999991, 0.0]"
85.09999999999944,"[48.4937770366505, -21.4278215140492, 0.12858731536312146, 1.9999999999999991, 0.0]"
85.09999999999944,"[48.4937770366505, -21.4278215140492, 0.12858731536312146, 1.9999999999999991, 0.0]"
85.09999999999944,"[48.4937770366505, -21.4278215140492, 0.12858731536312146, 1.9999999999999991, 0.0]"
85.09999999999944,"[48.4937770366505, -21.4278215140492, 0.12858731536312146, 1.9999999999999991, 0.0]"
85.09999999999944,"[48.4937770366505, -21.4278215140492, 0.12858731536312146, 1.9999999999999991, 0.0]"
85.09999999999944,"[48.4937770366505, -21.4278215140492, 0.12858731536312146, 1.9999999999999991, 0.0]"
85.09999999999944,"[48.4937770366505, -21.4278215140492, 0.12858731536312146, 1.9999999999999991, 0.0]"
85.09999999999944,"[48.4937770366505, -21.4278215140492, 0.12858731536312146, 1.9999999999999991, 0.0]"
85.09999999999944,"[48.4937770366505, -21.4278215140492, 0.12858731536312146, 1.9999999999999991, 0.0]"
85.09999999999944,"[48.4937770366505, -21.4278215140492, 0.12858731536312146, 1.9999999999999991, 0.0]"
85.09999999999944,"[48.4937770366505, -21.4278215140492, 0.12858731536312146, 1.9999999999999991, 0.0]"
85.09999999999944,"[48.4937770366505, -21.4278215140492, 0.12858731536312146, 1.9999999999999991, 0.0]"
85.09999999999944,"[48.4937770366505, -21.4278215140492, 0.12858731536312146, 1.9999999999999991, 0.0]"
85.09999999999944,"[48.4937770366505, -21.4278215140492, 0.12858731536312146, 1.9999999999999991, 0.0]"
85.09999999999944,"[48.4937770366505, -21.4278215140492, 0.12858731536312146, 1.9999999999999991, 0.0]"
85.09999999999944,"[48.4937770366505, -21.4278215140492, 0.12858731536312146, 1.9999999999999991, 0.0]"
85.09999999999944,"[48.4937770366505, -21.4278215140492, 0.12858731536312146, 1.9999999999999991, 0.0]"
85.09999999999944,"[48.4937770366505, -21.4278215140492, 0.12858731536312146, 1.9999999999999991, 0.0]"
85.09999999999944,"[48.4937770366505, -21.4278215140492, 0.12858731536312146, 1.9999999999999991, 0.0]"
85.09999999999944,"[48.4937770366505, -21.4278215140492, 0.12858731536312146, 1.9999999999999991, 0.0]"
85.09999999999944,"[48.4937770366505, -21.4278215140492, 0.12858731536312146, 1.9999999999999991, 0.0]"
85.09999999999944,"[48.4937770366505, -21.4278215140492, 0.12858731536312146, 1.9999999999999991, 0.0]"
85.09999999999944,"[48.4937770366505, -21.4278215140492, 0.12858731536312146, 1.9999999999999991, 0.0]"
85.09999999999944,"[48.4937770366505, -21.4278215140492, 0.12858731536312146, 1.9999999999999991, 0.0]"
85.09999999999944,"[48.4937770366505, -21.4278215140492, 0.12858731536312146, 1.9999999999999991, 0.0]"
85.09999999999944,"[48.4937770366505, -21.4278215140492, 0.12858731536312146, 1.9999999999999991, 0.0]"
85.09999999999944,"[48.4937770366505, -21.4278215140492, 0.12858731536312146, 1.9999999999999991, 0.0]"
85.09999999999944,"[48.4937770366505, -21.4278215140492, 0.12858731536312146, 1.9999999999999991, 0.0]"
85.09999999999944,"[48.4937770366505, -21.4278215140492, 0.12858731536312146, 1.9999999999999991, 0.0]"
85.09999999999944,"[48.4937770366505, -21.4278215140492, 0.12858731536312146, 1.9999999999999991, 0.0]"
85.09999999999944,"[48.4937770366505, -21.4278215140492, 0.12858731536312146, 1.9999999999999991, 0.0]"
85.09999999999944,"[48.4937770366505, -21.4278215140492, 0.12858731536312146, 1.9999999999999991, 0.0]"
85.09999999999944,"[48.4937770366505, -21.4278215140492, 0.12858731536312146, 1.9999999999999991, 0.0]"
85.09999999999944,"[48.4937770366505, -21.4278215140492, 0.12858731536312146, 1.9999999999999991, 0.0]"
85.09999999999944,"[48.4937770366505, -21.4278215140492, 0.12858731536312146, 1.9999999999999991, 0.0]"
85.09999999999944,"[48.4937770366505, -21.4278215140492, 0.12858731536312146, 1.9999999999999991, 0.0]"
85.09999999999944,"[48.4937770366505, -21.4278215140492, 0.12858731536312146, 1.9999999999999991, 0.0]"
85.09999999999944,"[48.4937770366505, -21.4278215140492, 0.12858731536312146, 1.9999999999999991, 0.0]"
85.09999999999944,"[48.4937770366505, -21.4278215140492, 0.12858731536312146, 1.9999999999999991, 0.0]"
85.09999999999944,"[48.4937770366505, -21.4278215140492, 0.12858731536312146, 1.9999999999999991, 0.0]"
85.09999999999944,"[48.4937770366505, -21.4278215140492, 0.12858731536312146, 1.9999999999999991, 0.0]"
85.09999999999944,"[48.4937770366505, -21.4278215140492, 0.12858731536312146, 1.9999999999999991, 0.0]"
85.09999999999944,"[48.4937770366505, -21.4278215140492, 0.12858731536312146, 1.9999999999999991, 0.0]"
85.09999999999944,"[48.4937770366505, -21.4278215140492, 0.12858731536312146, 1.9999999999999991, 0.0]"
93.29999999999897,"[64.888508762262, -21.19344449246625, 0.008491192790299085, 1.9999999999999991, 0.0]"
93.39999999999897,"[65.08850155226983, -21.19174627431538, 0.008491192790299085, 1.9999999999999991, 0.0]"
93.39999999999897,"[65.08850155226983, -21.19174627431538, 0.008491192790299085, 1.9999999999999991, 0.0]"
93.39999999999897,"[65.08850155226983, -21.19174627431538, 0.008491192790299085, 1.9999999999999991, 0.0]"
93.39999999999897,"[65.08850155226983, -21.19174627431538, 0.008491192790299085, 1.9999999999999991, 0.0]"
93.39999999999897,"[65.08850155226983, -21.19174627431538, 0.008491192790299085, 1.9999999999999991, 0.0]"
93.39999999999897,"[65.08850155226983, -21.19174627431538, 0.008491192790299085, 1.9999999999999991, 0.0]"
93.39999999999897,"[65.08850155226983, -21.19174627431538, 0.008491192790299085, 1.9999999999999991, 0.0]"
93.39999999999897,"[65.08850155226983, -21.19174627431538, 0.008491192790299085, 1.9999999999999991, 0.0]"
93.39999999999897,"[65.08850155226983, -21.19174627431538, 0.008491192790299085, 1.9999999999999991, 0.0]"
93.39999999999897,"[65.08850155226983, -21.19174627431538, 0.008491192790299085, 1.9999999999999991, 0.0]"
93.39999999999897,"[65.08850155226983, -21.19174627431538, 0.008491192790299085, 1.9999999999999991, 0.0]"
93.39999999999897,"[65.08850155226983, -21.19174627431538, 0.008491192790299085, 1.9999999999999991, 0.0]"
93.39999999999897,"[65.08850155226983, -21.19174627431538, 0.008491192790299085, 1.9999999999999991, 0.0]"
93.39999999999897,"[65.08850155226983, -21.19174627431538, 0.008491192790299085, 1.9999999999999991, 0.0]"
93.39999999999897,"[65.08850155226983, -21.19174627431538, 0.008491192790299085, 1.9999999999999991, 0.0]"
93.39999999999897,"[65.08850155226983, -21.19174627431538, 0.008491192790299085, 1.9999999999999991, 0.0]"
93.39999999999897,"[65.08850155226983, -21.19174627431538, 0.008491192790299085, 1.9999999999999991, 0.0]"
93.39999999999897,"[65.08850155226983, -21.19174627431538, 0.008491192790299085, 1.9999999999999991, 0.0]"
93.39999999999897,"[65.08850155226983, -21.19174627431538, 0.008491192790299085, 1.9999999999999991, 0.0]"
93.39999999999897,"[65.08850155226983, -21.19174627431538, 0.008491192790299085, 1.9999999999999991, 0.0]"
93.39999999999897,"[65.08850155226983, -21.19174627431538, 0.008491192790299085, 1.9999999999999991, 0.0]"
93.39999999999897,"[65.08850155226983, -21.19174627431538, 0.008491192790299085, 1.9999999999999991, 0.0]"
93.39999999999897,"[65.08850155226983, -21.19174627431538, 0.008491192790299085, 1.9999999999999991, 0.0]"
93.39999999999897,"[65.08850155226983, -21.19174627431538, 0.008491192790299085, 1.9999999999999991, 0.0]"
93.39999999999897,"[65.08850155226983, -21.19174627431538, 0.008491192790299085, 1.9999999999999991, 0.0]"
93.39999999999897,"[65.08850155226983, -21.19174627431538, 0.008491192790299085, 1.9999999999999991, 0.0]"
93.39999999999897,"[65.08850155226983, -21.19174627431538, 0.008491192790299085, 1.9999999999999991, 0.0]"
93.39999999999897,"[65.08850155226983, -21.19174627431538, 0.008491192790299085, 1.9999999999999991, 0.0]"
93.39999999999897,"[65.08850155226983, -21.19174627431538, 0.008491192790299085, 1.9999999999999991, 0.0]"
93.39999999999897,"[65.08850155226983, -21.19174627431538, 0.008491192790299085, 1.9999999999999991, 0.0]"
93.39999999999897,"[65.08850155226983, -21.19174627431538, 0.008491192790299085, 1.9999999999999991, 0.0]"
93.39999999999897,"[65.08850155226983, -21.19174627431538, 0.008491192790299085, 1.9999999999999991, 0.0]"
93.39999999999897,"[65.08850155226983, -21.19174627431538, 0.008491192790299085, 1.9999999999999991, 0.0]"
93.39999999999897,"[65.08850155226983, -21.19174627431538, 0.008491192790299085, 1.9999999999999991, 0.0]"
93.39999999999897,"[65.08850155226983, -21.19174627431538, 0.008491192790299085, 1.9999999999999991, 0.0]"
93.39999999999897,"[65.08850155226983, -21.19174627431538, 0.008491192790299085, 1.9999999999999991, 0.0]"
93.39999999999897,"[65.08850155226983, -21.19174627431538, 0.008491192790299085, 1.9999999999999991, 0.0]"
93.39999999999897,"[65.08850155226983, -21.19174627431538, 0.008491192790299085, 1.9999999999999991, 0.0]"
93.39999999999897,"[65.08850155226983, -21.19174627431538, 0.008491192790299085, 1.9999999999999991, 0.0]"
93.39999999999897,"[65.08850155226983, -21.19174627431538, 0.008491192790299085, 1.9999999999999991, 0.0]"
93.39999999999897,"[65.08850155226983, -21.19174627431538, 0.008491192790299085, 1.9999999999999991, 0.0]"
93.39999999999897,"[65.08850155226983, -21.19174627431538, 0.008491192790299085, 1.9999999999999991, 0.0]"
93.39999999999897,"[65.08850155226983, -21.19174627431538, 0.008491192790299085, 1.9999999999999991, 0.0]"
93.39999999999897,"[65.08850155226983, -21.19174627431538, 0.008491192790299085, 1.9999999999999991, 0.0]"
93.39999999999897,"[65.08850155226983, -21.19174627431538, 0.008491192790299085, 1.9999999999999991, 0.0]"
93.39999999999897,"[65.08850155226983, -21.19174627431538, 0.008491192790299085, 1.9999999999999991, 0.0]"
93.39999999999897,"[65.08850155226983, -21.19174627431538, 0.008491192790299085, 1.9999999999999991, 0.0]"
93.39999999999897,"[65.08850155226983, -21.19174627431538, 0.008491192790299085, 1.9999999999999991, 0.0]"
93.39999999999897,"[65.08850155226983, -21.19174627431538, 0.008491192790299085, 1.9999999999999991, 0.0]"
93.39999999999897,"[65.08850155226983, -21.19174627431538, 0.008491192790299085, 1.9999999999999991, 0.0]"
93.39999999999897,"[65.08850155226983, -21.19174627431538, 0.008491192790299085, 1.9999999999999991, 0.0]"
93.39999999999897,"[65.08850155226983, -21.19174627431538, 0.008491192790299085, 1.9999999999999991, 0.0]"
93.39999999999897,"[65.08850155226983, -21.19174627431538, 0.008491192790299085, 1.9999999999999991, 0.0]"
93.39999999999897,"[65.08850155226983, -21.19174627431538, 0.008491192790299085, 1.9999999999999991, 0.0]"
93.39999999999897,"[65.08850155226983, -21.19174627431538, 0.008491192790299085, 1.9999999999999991, 0.0]"
93.39999999999897,"[65.08850155226983, -21.19174627431538, 0.008491192790299085, 1.9999999999999991, 0.0]"
93.39999999999897,"[65.08850155226983, -21.19174627431538, 0.008491192790299085, 1.9999999999999991, 0.0]"
93.39999999999897,"[65.08850155226983, -21.19174627431538, 0.008491192790299085, 1.9999999999999991, 0.0]"
93.39999999999897,"[65.08850155226983, -21.19174627431538, 0.008491192790299085, 1.9999999999999991, 0.0]"
93.39999999999897,"[65.08850155226983, -21.19174627431538, 0.008491192790299085, 1.9999999999999991, 0.0]"
93.39999999999897,"[65.08850155226983, -21.19174627431538, 0.008491192790299085, 1.9999999999999991, 0.0]"
93.39999999999897,"[65.08850155226983, -21.19174627431538, 0.008491192790299085, 1.9999999999999991, 0.0]"
93.39999999999897,"[65.08850155226983, -21.19174627431538, 0.008491192790299085, 1.9999999999999991, 0.0]"
93.39999999999897,"[65.08850155226983, -21.19174627431538, 0.008491192790299085, 1.9999999999999991, 0.0]"
93.39999999999897,"[65.08850155226983, -21.19174627431538, 0.008491192790299085, 1.9999999999999991, 0.0]"
93.39999999999897,"[65.08850155226983, -21.19174627431538, 0.008491192790299085, 1.9999999999999991, 0.0]"
93.39999999999897,"[65.08850155226983, -21.19174627431538, 0.008491192790299085, 1.9999999999999991, 0.0]"
93.39999999999897,"[65.08850155226983, -21.19174627431538, 0.008491192790299085, 1.9999999999999991, 0.0]"
93.39999999999897,"[65.08850155226983, -21.19174627431538, 0.008491192790299085, 1.9999999999999991, 0.0]"
93.39999999999897,"[65.08850155226983, -21.19174627431538, 0.008491192790299085, 1.9999999999999991, 0.0]"
93.39999999999897,"[65.08850155226983, -21.19174627431538, 0.008491192790299085, 1.9999999999999991, 0.0]"
93.39999999999897,"[65.08850155226983, -21.19174627431538, 0.008491192790299085, 1.9999999999999991, 0.0]"
93.39999999999897,"[65.08850155226983, -21.19174627431538, 0.008491192790299085, 1.9999999999999991, 0.0]"
93.39999999999897,"[65.08850155226983, -21.19174627431538, 0.008491192790299085, 1.9999999999999991, 0.0]"
93.39999999999897,"[65.08850155226983, -21.19174627431538, 0.008491192790299085, 1.9999999999999991, 0.0]"
93.39999999999897,"[65.08850155226983, -21.19174627431538, 0.008491192790299085, 1.9999999999999991, 0.0]"
93.39999999999897,"[65.08850155226983, -21.19174627431538, 0.008491192790299085, 1.9999999999999991, 0.0]"
93.39999999999897,"[65.08850155226983, -21.19174627431538, 0.008491192790299085, 1.9999999999999991, 0.0]"
93.39999999999897,"[65.08850155226983, -21.19174627431538, 0.008491192790299085, 1.9999999999999991, 0.0]"
93.39999999999897,"[65.08850155226983, -21.19174627431538, 0.008491192790299085, 1.9999999999999991, 0.0]"
93.39999999999897,"[65.08850155226983, -21.19174627431538, 0.008491192790299085, 1.9999999999999991, 0.0]"
93.39999999999897,"[65.08850155226983, -21.19174627431538, 0.008491192790299085, 1.9999999999999991, 0.0]"
101.49999999999851,"[81.28791754290376, -21.054190604095126, 0.008491192790299085, 1.9999999999999991, 0.0]"
101.5999999999985,"[81.48791033291158, -21.05249238594426, 0.008491192790299085, 1.9999999999999991, 0.0]"
101.5999999999985,"[81.48791033291158, -21.05249238594426, 0.008491192790299085, 1.9999999999999991, 0.0]"
101.5999999999985,"[81.48791033291158, -21.05249238594426, 0.008491192790299085, 1.9999999999999991, 0.0]"
101.5999999999985,"[81.48791033291158, -21.05249238594426, 0.008491192790299085, 1.9999999999999991, 0.0]"
101.5999999999985,"[81.48791033291158, -21.05249238594426, 0.008491192790299085, 1.9999999999999991, 0.0]"
101.5999999999985,"[81.48791033291158, -21.05249238594426, 0.008491192790299085, 1.9999999999999991, 0.0]"
101.5999999999985,"[81.48791033291158, -21.05249238594426, 0.008491192790299085, 1.9999999999999991, 0.0]"
101.5999999999985,"[81.48791033291158, -21.05249238594426, 0.008491192790299085, 1.9999999999999991, 0.0]"
101.5999999999985,"[81.48791033291158, -21.05249238594426, 0.008491192790299085, 1.9999999999999991, 0.0]"
101.5999999999985,"[81.48791033291158, -21.05249238594426, 0.008491192790299085, 1.9999999999999991, 0.0]"
101.5999999999985,"[81.48791033291158, -21.05249238594426, 0.008491192790299085, 1.9999999999999991, 0.0]"
101.5999999999985,"[81.48791033291158, -21.05249238594426, 0.008491192790299085, 1.9999999999999991, 0.0]"
101.5999999999985,"[81.48791033291158, -21.05249238594426, 0.008491192790299085, 1.9999999999999991, 0.0]"
101.5999999999985,"[81.48791033291158, -21.05249238594426, 0.008491192790299085, 1.9999999999999991, 0.0]"
101.5999999999985,"[81.48791033291158, -21.05249238594426, 0.008491192790299085, 1.9999999999999991, 0.0]"
101.5999999999985,"[81.48791033291158, -21.05249238594426, 0.008491192790299085, 1.9999999999999991, 0.0]"
101.5999999999985,"[81.48791033291158, -21.05249238594426, 0.008491192790299085, 1.9999999999999991, 0.0]"
101.5999999999985,"[81.48791033291158, -21.05249238594426, 0.008491192790299085, 1.9999999999999991, 0.0]"
101.5999999999985,"[81.48791033291158, -21.05249238594426, 0.008491192790299085, 1.9999999999999991, 0.0]"
101.5999999999985,"[81.48791033291158, -21.05249238594426, 0.008491192790299085, 1.9999999999999991, 0.0]"
101.5999999999985,"[81.48791033291158, -21.05249238594426, 0.008491192790299085, 1.9999999999999991, 0.0]"
101.5999999999985,"[81.48791033291158, -21.05249238594426, 0.008491192790299085, 1.9999999999999991, 0.0]"
101.5999999999985,"[81.48791033291158, -21.05249238594426, 0.008491192790299085, 1.9999999999999991, 0.0]"
101.5999999999985,"[81.48791033291158, -21.05249238594426, 0.008491192790299085, 1.9999999999999991, 0.0]"
101.5999999999985,"[81.48791033291158, -21.05249238594426, 0.008491192790299085, 1.9999999999999991, 0.0]"
101.5999999999985,"[81.48791033291158, -21.05249238594426, 0.008491192790299085, 1.9999999999999991, 0.0]"
101.5999999999985,"[81.48791033291158, -21.05249238594426, 0.008491192790299085, 1.9999999999999991, 0.0]"
101.5999999999985,"[81.48791033291158, -21.05249238594426, 0.008491192790299085, 1.9999999999999991, 0.0]"
101.5999999999985,"[81.48791033291158, -21.05249238594426, 0.008491192790299085, 1.9999999999999991, 0.0]"
101.5999999999985,"[81.48791033291158, -21.05249238594426, 0.008491192790299085, 1.9999999999999991, 0.0]"
101.5999999999985,"[81.48791033291158, -21.05249238594426, 0.008491192790299085, 1.9999999999999991, 0.0]"
101.5999999999985,"[81.48791033291158, -21.05249238594426, 0.008491192790299085, 1.9999999999999991, 0.0]"
101.5999999999985,"[81.48791033291158, -21.05249238594426, 0.008491192790299085, 1.9999999999999991, 0.0]"
101.5999999999985,"[81.48791033291158, -21.05249238594426, 0.008491192790299085, 1.9999999999999991, 0.0]"
101.5999999999985,"[81.48791033291158, -21.05249238594426, 0.008491192790299085, 1.9999999999999991, 0.0]"
101.5999999999985,"[81.48791033291158, -21.05249238594426, 0.008491192790299085, 1.9999999999999991, 0.0]"
101.5999999999985,"[81.48791033291158, -21.05249238594426, 0.008491192790299085, 1.9999999999999991, 0.0]"
101.5999999999985,"[81.48791033291158, -21.05249238594426, 0.008491192790299085, 1.9999999999999991, 0.0]"
101.5999999999985,"[81.48791033291158, -21.05249238594426, 0.008491192790299085, 1.9999999999999991, 0.0]"
101.5999999999985,"[81.48791033291158, -21.05249238594426, 0.008491192790299085, 1.9999999999999991, 0.0]"
101.5999999999985,"[81.48791033291158, -21.05249238594426, 0.008491192790299085, 1.9999999999999991, 0.0]"
101.5999999999985,"[81.48791033291158, -21.05249238594426, 0.008491192790299085, 1.9999999999999991, 0.0]"
101.5999999999985,"[81.48791033291158, -21.05249238594426, 0.008491192790299085, 1.9999999999999991, 0.0]"
101.5999999999985,"[81.48791033291158, -21.05249238594426, 0.008491192790299085, 1.9999999999999991, 0.0]"
101.5999999999985,"[81.48791033291158, -21.05249238594426, 0.008491192790299085, 1.9999999999999991, 0.0]"
101.5999999999985,"[81.48791033291158, -21.05249238594426, 0.008491192790299085, 1.9999999999999991, 0.0]"
101.5999999999985,"[81.48791033291158, -21.05249238594426, 0.008491192790299085, 1.9999999999999991, 0.0]"
101.5999999999985,"[81.48791033291158, -21.05249238594426, 0.008491192790299085, 1.9999999999999991, 0.0]"
101.5999999999985,"[81.48791033291158, -21.05249238594426, 0.008491192790299085, 1.9999999999999991, 0.0]"
101.5999999999985,"[81.48791033291158, -21.05249238594426, 0.008491192790299085, 1.9999999999999991, 0.0]"
101.5999999999985,"[81.48791033291158, -21.05249238594426, 0.008491192790299085, 1.9999999999999991, 0.0]"
101.5999999999985,"[81.48791033291158, -21.05249238594426, 0.008491192790299085, 1.9999999999999991, 0.0]"
101.5999999999985,"[81.48791033291158, -21.05249238594426, 0.008491192790299085, 1.9999999999999991, 0.0]"
101.5999999999985,"[81.48791033291158, -21.05249238594426, 0.008491192790299085, 1.9999999999999991, 0.0]"
101.5999999999985,"[81.48791033291158, -21.05249238594426, 0.008491192790299085, 1.9999999999999991, 0.0]"
101.5999999999985,"[81.48791033291158, -21.05249238594426, 0.008491192790299085, 1.9999999999999991, 0.0]"
101.5999999999985,"[81.48791033291158, -21.05249238594426, 0.008491192790299085, 1.9999999999999991, 0.0]"
101.5999999999985,"[81.48791033291158, -21.05249238594426, 0.008491192790299085, 1.9999999999999991, 0.0]"
101.5999999999985,"[81.48791033291158, -21.05249238594426, 0.008491192790299085, 1.9999999999999991, 0.0]"
101.5999999999985,"[81.48791033291158, -21.05249238594426, 0.008491192790299085, 1.9999999999999991, 0.0]"
101.5999999999985,"[81.48791033291158, -21.05249238594426, 0.008491192790299085, 1.9999999999999991, 0.0]"
101.5999999999985,"[81.48791033291158, -21.05249238594426, 0.008491192790299085, 1.9999999999999991, 0.0]"
101.5999999999985,"[81.48791033291158, -21.05249238594426, 0.008491192790299085, 1.9999999999999991, 0.0]"
101.5999999999985,"[81.48791033291158, -21.05249238594426, 0.008491192790299085, 1.9999999999999991, 0.0]"
101.5999999999985,"[81.48791033291158, -21.05249238594426, 0.008491192790299085, 1.9999999999999991, 0.0]"
101.5999999999985,"[81.48791033291158, -21.05249238594426, 0.008491192790299085, 1.9999999999999991, 0.0]"
101.5999999999985,"[81.48791033291158, -21.05249238594426, 0.008491192790299085, 1.9999999999999991, 0.0]"
101.5999999999985,"[81.48791033291158, -21.05249238594426, 0.008491192790299085, 1.9999999999999991, 0.0]"
101.6999999999985,"[81.68790312291941, -21.05079416779339, 0.008491192790299085, 1.9999999999999991, 0.0]"
101.6999999999985,"[81.68790312291941, -21.05079416779339, 0.008491192790299085, 1.9999999999999991, 0.0]"
101.6999999999985,"[81.68790312291941, -21.05079416779339, 0.008491192790299085, 1.9999999999999991, 0.0]"
101.6999999999985,"[81.68790312291941, -21.05079416779339, 0.008491192790299085, 1.9999999999999991, 0.0]"
101.6999999999985,"[81.68790312291941, -21.05079416779339, 0.008491192790299085, 1.9999999999999991, 0.0]"
101.6999999999985,"[81.68790312291941, -21.05079416779339, 0.008491192790299085, 1.9999999999999991, 0.0]"
101.6999999999985,"[81.68790312291941, -21.05079416779339, 0.008491192790299085, 1.9999999999999991, 0.0]"
101.6999999999985,"[81.68790312291941, -21.05079416779339, 0.008491192790299085, 1.9999999999999991, 0.0]"
101.6999999999985,"[81.68790312291941, -21.05079416779339, 0.008491192790299085, 1.9999999999999991, 0.0]"
101.6999999999985,"[81.68790312291941, -21.05079416779339, 0.008491192790299085, 1.9999999999999991, 0.0]"
101.6999999999985,"[81.68790312291941, -21.05079416779339, 0.008491192790299085, 1.9999999999999991, 0.0]"
101.6999999999985,"[81.68790312291941, -21.05079416779339, 0.008491192790299085, 1.9999999999999991, 0.0]"
101.6999999999985,"[81.68790312291941, -21.05079416779339, 0.008491192790299085, 1.9999999999999991, 0.0]"
101.6999999999985,"[81.68790312291941, -21.05079416779339, 0.008491192790299085, 1.9999999999999991, 0.0]"
109.79999999999804,"[97.877815824136, -21.154746713013456, -0.09761310308365558, 1.9999999999999991, 0.0]"
109.89999999999803,"[98.07686374868005, -21.174238345441246, -0.09761310308365558, 1.9999999999999991, 0.0]"
109.89999999999803,"[98.07686374868005, -21.174238345441246, -0.09761310308365558, 1.9999999999999991, 0.0]"
109.89999999999803,"[98.07686374868005, -21.174238345441246, -0.09761310308365558, 1.9999999999999991, 0.0]"
109.89999999999803,"[98.07686374868005, -21.174238345441246, -0.09761310308365558, 1.9999999999999991, 0.0]"
109.89999999999803,"[98.07686374868005, -21.174238345441246, -0.09761310308365558, 1.9999999999999991, 0.0]"
109.89999999999803,"[98.07686374868005, -21.174238345441246, -0.09761310308365558, 1.9999999999999991, 0.0]"
109.89999999999803,"[98.07686374868005, -21.174238345441246, -0.09761310308365558, 1.9999999999999991, 0.0]"
109.89999999999803,"[98.07686374868005, -21.174238345441246, -0.09761310308365558, 1.9999999999999991, 0.0]"
109.89999999999803,"[98.07686374868005, -21.174238345441246, -0.09761310308365558, 1.9999999999999991, 0.0]"
109.89999999999803,"[98.07686374868005, -21.174238345441246, -0.09761310308365558, 1.9999999999999991, 0.0]"
109.89999999999803,"[98.07686374868005, -21.174238345441246, -0.09761310308365558, 1.9999999999999991, 0.0]"
109.89999999999803,"[98.07686374868005, -21.174238345441246, -0.09761310308365558, 1.9999999999999991, 0.0]"
109.89999999999803,"[98.07686374868005, -21.174238345441246, -0.09761310308365558, 1.9999999999999991, 0.0]"
109.89999999999803,"[98.07686374868005, -21.174238345441246, -0.09761310308365558, 1.9999999999999991, 0.0]"
109.89999999999803,"[98.07686374868005, -21.174238345441246, -0.09761310308365558, 1.9999999999999991, 0.0]"
109.89999999999803,"[98.07686374868005, -21.174238345441246, -0.09761310308365558, 1.9999999999999991, 0.0]"
109.89999999999803,"[98.07686374868005, -21.174238345441246, -0.09761310308365558, 1.9999999999999991, 0.0]"
109.89999999999803,"[98.07686374868005, -21.174238345441246, -0.09761310308365558, 1.9999999999999991, 0.0]"
109.89999999999803,"[98.07686374868005, -21.174238345441246, -0.09761310308365558, 1.9999999999999991, 0.0]"
109.89999999999803,"[98.07686374868005, -21.174238345441246, -0.09761310308365558, 1.9999999999999991, 0.0]"
109.89999999999803,"[98.07686374868005, -21.174238345441246, -0.09761310308365558, 1.9999999999999991, 0.0]"
109.89999999999803,"[98.07686374868005, -21.174238345441246, -0.09761310308365558, 1.9999999999999991, 0.0]"
109.89999999999803,"[98.07686374868005, -21.174238345441246, -0.09761310308365558, 1.9999999999999991, 0.0]"
109.89999999999803,"[98.07686374868005, -21.174238345441246, -0.09761310308365558, 1.9999999999999991, 0.0]"
109.89999999999803,"[98.07686374868005, -21.174238345441246, -0.09761310308365558, 1.9999999999999991, 0.0]"
109.89999999999803,"[98.07686374868005, -21.174238345441246, -0.09761310308365558, 1.9999999999999991, 0.0]"
109.89999999999803,"[98.07686374868005, -21.174238345441246, -0.09761310308365558, 1.9999999999999991, 0.0]"
109.89999999999803,"[98.07686374868005, -21.174238345441246, -0.09761310308365558, 1.9999999999999991, 0.0]"
109.89999999999803,"[98.07686374868005, -21.174238345441246, -0.09761310308365558, 1.9999999999999991, 0.0]"
109.89999999999803,"[98.07686374868005, -21.174238345441246, -0.09761310308365558, 1.9999999999999991, 0.0]"
109.89999999999803,"[98.07686374868005, -21.174238345441246, -0.09761310308365558, 1.9999999999999991, 0.0]"
109.89999999999803,"[98.07686374868005, -21.174238345441246, -0.09761310308365558, 1.9999999999999991, 0.0]"
109.89999999999803,"[98.07686374868005, -21.174238345441246, -0.09761310308365558, 1.9999999999999991, 0.0]"
109.89999999999803,"[98.07686374868005, -21.174238345441246, -0.09761310308365558, 1.9999999999999991, 0.0]"
109.89999999999803,"[98.07686374868005, -21.174238345441246, -0.09761310308365558, 1.9999999999999991, 0.0]"
109.89999999999803,"[98.07686374868005, -21.174238345441246, -0.09761310308365558, 1.9999999999999991, 0.0]"
109.89999999999803,"[98.07686374868005, -21.174238345441246, -0.09761310308365558, 1.9999999999999991, 0.0]"
109.89999999999803,"[98.07686374868005, -21.174238345441246, -0.09761310308365558, 1.9999999999999991, 0.0]"
109.89999999999803,"[98.07686374868005, -21.174238345441246, -0.09761310308365558, 1.9999999999999991, 0.0]"
109.89999999999803,"[98.07686374868005, -21.174238345441246, -0.09761310308365558, 1.9999999999999991, 0.0]"
109.89999999999803,"[98.07686374868005, -21.174238345441246, -0.09761310308365558, 1.9999999999999991, 0.0]"
109.89999999999803,"[98.07686374868005, -21.174238345441246, -0.09761310308365558, 1.9999999999999991, 0.0]"
109.89999999999803,"[98.07686374868005, -21.174238345441246, -0.09761310308365558, 1.9999999999999991, 0.0]"
109.89999999999803,"[98.07686374868005, -21.174238345441246, -0.09761310308365558, 1.9999999999999991, 0.0]"
109.89999999999803,"[98.07686374868005, -21.174238345441246, -0.09761310308365558, 1.9999999999999991, 0.0]"
109.89999999999803,"[98.07686374868005, -21.174238345441246, -0.09761310308365558, 1.9999999999999991, 0.0]"
109.89999999999803,"[98.07686374868005, -21.174238345441246, -0.09761310308365558, 1.9999999999999991, 0.0]"
109.89999999999803,"[98.07686374868005, -21.174238345441246, -0.09761310308365558, 1.9999999999999991, 0.0]"
109.89999999999803,"[98.07686374868005, -21.174238345441246, -0.09761310308365558, 1.9999999999999991, 0.0]"
109.89999999999803,"[98.07686374868005, -21.174238345441246, -0.09761310308365558, 1.9999999999999991, 0.0]"
109.89999999999803,"[98.07686374868005, -21.174238345441246, -0.09761310308365558, 1.9999999999999991, 0.0]"
109.89999999999803,"[98.07686374868005, -21.174238345441246, -0.09761310308365558, 1.9999999999999991, 0.0]"
109.89999999999803,"[98.07686374868005, -21.174238345441246, -0.09761310308365558, 1.9999999999999991, 0.0]"
109.89999999999803,"[98.07686374868005, -21.174238345441246, -0.09761310308365558, 1.9999999999999991, 0.0]"
109.89999999999803,"[98.07686374868005, -21.174238345441246, -0.09761310308365558, 1.9999999999999991, 0.0]"
109.89999999999803,"[98.07686374868005, -21.174238345441246, -0.09761310308365558, 1.9999999999999991, 0.0]"
109.89999999999803,"[98.07686374868005, -21.174238345441246, -0.09761310308365558, 1.9999999999999991, 0.0]"
109.89999999999803,"[98.07686374868005, -21.174238345441246, -0.09761310308365558, 1.9999999999999991, 0.0]"
109.89999999999803,"[98.07686374868005, -21.174238345441246, -0.09761310308365558, 1.9999999999999991, 0.0]"
109.89999999999803,"[98.07686374868005, -21.174238345441246, -0.09761310308365558, 1.9999999999999991, 0.0]"
109.89999999999803,"[98.07686374868005, -21.174238345441246, -0.09761310308365558, 1.9999999999999991, 0.0]"
109.89999999999803,"[98.07686374868005, -21.174238345441246, -0.09761310308365558, 1.9999999999999991, 0.0]"
109.89999999999803,"[98.07686374868005, -21.174238345441246, -0.09761310308365558, 1.9999999999999991, 0.0]"
109.89999999999803,"[98.07686374868005, -21.174238345441246, -0.09761310308365558, 1.9999999999999991, 0.0]"
109.89999999999803,"[98.07686374868005, -21.174238345441246, -0.09761310308365558, 1.9999999999999991, 0.0]"
109.89999999999803,"[98.07686374868005, -21.174238345441246, -0.09761310308365558, 1.9999999999999991, 0.0]"
109.89999999999803,"[98.07686374868005, -21.174238345441246, -0.09761310308365558, 1.9999999999999991, 0.0]"
109.89999999999803,"[98.07686374868005, -21.174238345441246, -0.09761310308365558, 1.9999999999999991, 0.0]"
109.89999999999803,"[98.07686374868005, -21.174238345441246, -0.09761310308365558, 1.9999999999999991, 0.0]"
109.89999999999803,"[98.07686374868005, -21.174238345441246, -0.09761310308365558, 1.9999999999999991, 0.0]"
109.89999999999803,"[98.07686374868005, -21.174238345441246, -0.09761310308365558, 1.9999999999999991, 0.0]"
109.89999999999803,"[98.07686374868005, -21.174238345441246, -0.09761310308365558, 1.9999999999999991, 0.0]"
109.89999999999803,"[98.07686374868005, -21.174238345441246, -0.09761310308365558, 1.9999999999999991, 0.0]"
109.89999999999803,"[98.07686374868005, -21.174238345441246, -0.09761310308365558, 1.9999999999999991, 0.0]"
109.89999999999803,"[98.07686374868005, -21.174238345441246, -0.09761310308365558, 1.9999999999999991, 0.0]"
109.89999999999803,"[98.07686374868005, -21.174238345441246, -0.09761310308365558, 1.9999999999999991, 0.0]"
109.89999999999803,"[98.07686374868005, -21.174238345441246, -0.09761310308365558, 1.9999999999999991, 0.0]"
109.89999999999803,"[98.07686374868005, -21.174238345441246, -0.09761310308365558, 1.9999999999999991, 0.0]"
109.89999999999803,"[98.07686374868005, -21.174238345441246, -0.09761310308365558, 1.9999999999999991, 0.0]"
109.89999999999803,"[98.07686374868005, -21.174238345441246, -0.09761310308365558, 1.9999999999999991, 0.0]"
109.89999999999803,"[98.07686374868005, -21.174238345441246, -0.09761310308365558, 1.9999999999999991, 0.0]"
118.09999999999756,"[114.39879356129306, -22.772552204520068, -0.09761310308365558, 1.9999999999999991, 0.0]"
118.19999999999756,"[114.59784148583712, -22.792043836947858, -0.09761310308365558, 1.9999999999999991, 0.0]"
118.19999999999756,"[114.59784148583712, -22.792043836947858, -0.09761310308365558, 1.9999999999999991, 0.0]"
118.19999999999756,"[114.59784148583712, -22.792043836947858, -0.09761310308365558, 1.9999999999999991, 0.0]"
118.19999999999756,"[114.59784148583712, -22.792043836947858, -0.09761310308365558, 1.9999999999999991, 0.0]"
118.19999999999756,"[114.59784148583712, -22.792043836947858, -0.09761310308365558, 1.9999999999999991, 0.0]"
118.19999999999756,"[114.59784148583712, -22.792043836947858, -0.09761310308365558, 1.9999999999999991, 0.0]"
118.19999999999756,"[114.59784148583712, -22.792043836947858, -0.09761310308365558, 1.9999999999999991, 0.0]"
118.19999999999756,"[114.59784148583712, -22.792043836947858, -0.09761310308365558, 1.9999999999999991, 0.0]"
118.19999999999756,"[114.59784148583712, -22.792043836947858, -0.09761310308365558, 1.9999999999999991, 0.0]"
118.19999999999756,"[114.59784148583712, -22.792043836947858, -0.09761310308365558, 1.9999999999999991, 0.0]"
118.19999999999756,"[114.59784148583712, -22.792043836947858, -0.09761310308365558, 1.9999999999999991, 0.0]"
118.19999999999756,"[114.59784148583712, -22.792043836947858, -0.09761310308365558, 1.9999999999999991, 0.0]"
118.19999999999756,"[114.59784148583712, -22.792043836947858, -0.09761310308365558, 1.9999999999999991, 0.0]"
118.19999999999756,"[114.59784148583712, -22.792043836947858, -0.09761310308365558, 1.9999999999999991, 0.0]"
118.19999999999756,"[114.59784148583712, -22.792043836947858, -0.09761310308365558, 1.9999999999999991, 0.0]"
118.19999999999756,"[114.59784148583712, -22.792043836947858, -0.09761310308365558, 1.9999999999999991, 0.0]"
118.19999999999756,"[114.59784148583712, -22.792043836947858, -0.09761310308365558, 1.9999999999999991, 0.0]"
118.19999999999756,"[114.59784148583712, -22.792043836947858, -0.09761310308365558, 1.9999999999999991, 0.0]"
118.19999999999756,"[114.59784148583712, -22.792043836947858, -0.09761310308365558, 1.9999999999999991, 0.0]"
118.19999999999756,"[114.59784148583712, -22.792043836947858, -0.09761310308365558, 1.9999999999999991, 0.0]"
118.19999999999756,"[114.59784148583712, -22.792043836947858, -0.09761310308365558, 1.9999999999999991, 0.0]"
118.19999999999756,"[114.59784148583712, -22.792043836947858, -0.09761310308365558, 1.9999999999999991, 0.0]"
118.19999999999756,"[114.59784148583712, -22.792043836947858, -0.09761310308365558, 1.9999999999999991, 0.0]"
118.19999999999756,"[114.59784148583712, -22.792043836947858, -0.09761310308365558, 1.9999999999999991, 0.0]"
118.19999999999756,"[114.59784148583712, -22.792043836947858, -0.09761310308365558, 1.9999999999999991, 0.0]"
118.19999999999756,"[114.59784148583712, -22.792043836947858, -0.09761310308365558, 1.9999999999999991, 0.0]"
118.19999999999756,"[114.59784148583712, -22.792043836947858, -0.09761310308365558, 1.9999999999999991, 0.0]"
118.19999999999756,"[114.59784148583712, -22.792043836947858, -0.09761310308365558, 1.9999999999999991, 0.0]"
118.19999999999756,"[114.59784148583712, -22.792043836947858, -0.09761310308365558, 1.9999999999999991, 0.0]"
118.19999999999756,"[114.59784148583712, -22.792043836947858, -0.09761310308365558, 1.9999999999999991, 0.0]"
118.19999999999756,"[114.59784148583712, -22.792043836947858, -0.09761310308365558, 1.9999999999999991, 0.0]"
118.19999999999756,"[114.59784148583712, -22.792043836947858, -0.09761310308365558, 1.9999999999999991, 0.0]"
118.19999999999756,"[114.59784148583712, -22.792043836947858, -0.09761310308365558, 1.9999999999999991, 0.0]"
118.19999999999756,"[114.59784148583712, -22.792043836947858, -0.09761310308365558, 1.9999999999999991, 0.0]"
118.19999999999756,"[114.59784148583712, -22.792043836947858, -0.09761310308365558, 1.9999999999999991, 0.0]"
118.19999999999756,"[114.59784148583712, -22.792043836947858, -0.09761310308365558, 1.9999999999999991, 0.0]"
118.19999999999756,"[114.59784148583712, -22.792043836947858, -0.09761310308365558, 1.9999999999999991, 0.0]"
118.19999999999756,"[114.59784148583712, -22.792043836947858, -0.09761310308365558, 1.9999999999999991, 0.0]"
118.19999999999756,"[114.59784148583712, -22.792043836947858, -0.09761310308365558, 1.9999999999999991, 0.0]"
118.19999999999756,"[114.59784148583712, -22.792043836947858, -0.09761310308365558, 1.9999999999999991, 0.0]"
118.19999999999756,"[114.59784148583712, -22.792043836947858, -0.09761310308365558, 1.9999999999999991, 0.0]"
118.19999999999756,"[114.59784148583712, -22.792043836947858, -0.09761310308365558, 1.9999999999999991, 0.0]"
118.19999999999756,"[114.59784148583712, -22.792043836947858, -0.09761310308365558, 1.9999999999999991, 0.0]"
118.19999999999756,"[114.59784148583712, -22.792043836947858, -0.09761310308365558, 1.9999999999999991, 0.0]"
118.19999999999756,"[114.59784148583712, -22.792043836947858, -0.09761310308365558, 1.9999999999999991, 0.0]"
118.19999999999756,"[114.59784148583712, -22.792043836947858, -0.09761310308365558, 1.9999999999999991, 0.0]"
118.19999999999756,"[114.59784148583712, -22.792043836947858, -0.09761310308365558, 1.9999999999999991, 0.0]"
118.19999999999756,"[114.59784148583712, -22.792043836947858, -0.09761310308365558, 1.9999999999999991, 0.0]"
118.19999999999756,"[114.59784148583712, -22.792043836947858, -0.09761310308365558, 1.9999999999999991, 0.0]"
118.19999999999756,"[114.59784148583712, -22.792043836947858, -0.09761310308365558, 1.9999999999999991, 0.0]"
118.19999999999756,"[114.59784148583712, -22.792043836947858, -0.09761310308365558, 1.9999999999999991, 0.0]"
118.19999999999756,"[114.59784148583712, -22.792043836947858, -0.09761310308365558, 1.9999999999999991, 0.0]"
118.19999999999756,"[114.59784148583712, -22.792043836947858, -0.09761310308365558, 1.9999999999999991, 0.0]"
118.19999999999756,"[114.59784148583712, -22.792043836947858, -0.09761310308365558, 1.9999999999999991, 0.0]"
118.19999999999756,"[114.59784148583712, -22.792043836947858, -0.09761310308365558, 1.9999999999999991, 0.0]"
118.19999999999756,"[114.59784148583712, -22.792043836947858, -0.09761310308365558, 1.9999999999999991, 0.0]"
118.19999999999756,"[114.59784148583712, -22.792043836947858, -0.09761310308365558, 1.9999999999999991, 0.0]"
118.19999999999756,"[114.59784148583712, -22.792043836947858, -0.09761310308365558, 1.9999999999999991, 0.0]"
118.19999999999756,"[114.59784148583712, -22.792043836947858, -0.09761310308365558, 1.9999999999999991, 0.0]"
118.19999999999756,"[114.59784148583712, -22.792043836947858, -0.09761310308365558, 1.9999999999999991, 0.0]"
118.19999999999756,"[114.59784148583712, -22.792043836947858, -0.09761310308365558, 1.9999999999999991, 0.0]"
118.19999999999756,"[114.59784148583712, -22.792043836947858, -0.09761310308365558, 1.9999999999999991, 0.0]"
118.19999999999756,"[114.59784148583712, -22.792043836947858, -0.09761310308365558, 1.9999999999999991, 0.0]"
118.19999999999756,"[114.59784148583712, -22.792043836947858, -0.09761310308365558, 1.9999999999999991, 0.0]"
118.19999999999756,"[114.59784148583712, -22.792043836947858, -0.09761310308365558, 1.9999999999999991, 0.0]"
118.19999999999756,"[114.59784148583712, -22.792043836947858, -0.09761310308365558, 1.9999999999999991, 0.0]"
118.19999999999756,"[114.59784148583712, -22.792043836947858, -0.09761310308365558, 1.9999999999999991, 0.0]"
118.19999999999756,"[114.59784148583712, -22.792043836947858, -0.09761310308365558, 1.9999999999999991, 0.0]"
118.19999999999756,"[114.59784148583712, -22.792043836947858, -0.09761310308365558, 1.9999999999999991, 0.0]"
118.19999999999756,"[114.59784148583712, -22.792043836947858, -0.09761310308365558, 1.9999999999999991, 0.0]"
118.19999999999756,"[114.59784148583712, -22.792043836947858, -0.09761310308365558, 1.9999999999999991, 0.0]"
118.19999999999756,"[114.59784148583712, -22.792043836947858, -0.09761310308365558, 1.9999999999999991, 0.0]"
118.19999999999756,"[114.59784148583712, -22.792043836947858, -0.09761310308365558, 1.9999999999999991, 0.0]"
118.19999999999756,"[114.59784148583712, -22.792043836947858, -0.09761310308365558, 1.9999999999999991, 0.0]"
118.19999999999756,"[114.59784148583712, -22.792043836947858, -0.09761310308365558, 1.9999999999999991, 0.0]"
118.19999999999756,"[114.59784148583712, -22.792043836947858, -0.09761310308365558, 1.9999999999999991, 0.0]"
118.19999999999756,"[114.59784148583712, -22.792043836947858, -0.09761310308365558, 1.9999999999999991, 0.0]"
118.19999999999756,"[114.59784148583712, -22.792043836947858, -0.09761310308365558, 1.9999999999999991, 0.0]"
118.19999999999756,"[114.59784148583712, -22.792043836947858, -0.09761310308365558, 1.9999999999999991, 0.0]"
118.19999999999756,"[114.59784148583712, -22.792043836947858, -0.09761310308365558, 1.9999999999999991, 0.0]"
118.19999999999756,"[114.59784148583712, -22.792043836947858, -0.09761310308365558, 1.9999999999999991, 0.0]"
118.19999999999756,"[114.59784148583712, -22.792043836947858, -0.09761310308365558, 1.9999999999999991, 0.0]"
126.1999999999971,"[129.97738666897808, -25.60422290086295, 0.9066897035624492, 1.9999999999999991, 0.0]"
126.2999999999971,"[130.10065784365878, -25.446729353398812, 0.9881931629582921, 1.9999999999999991, 0.0]"
126.2999999999971,"[130.10065784365878, -25.446729353398812, 0.9881931629582921, 1.9999999999999991, 0.0]"
126.2999999999971,"[130.10065784365878, -25.446729353398812, 0.9881931629582921, 1.9999999999999991, 0.0]"
126.2999999999971,"[130.10065784365878, -25.446729353398812, 0.9881931629582921, 1.9999999999999991, 0.0]"
126.2999999999971,"[130.10065784365878, -25.446729353398812, 0.9881931629582921, 1.9999999999999991, 0.0]"
126.2999999999971,"[130.10065784365878, -25.446729353398812, 0.9881931629582921, 1.9999999999999991, 0.0]"
126.2999999999971,"[130.10065784365878, -25.446729353398812, 0.9881931629582921, 1.9999999999999991, 0.0]"
126.2999999999971,"[130.10065784365878, -25.446729353398812, 0.9881931629582921, 1.9999999999999991, 0.0]"
126.2999999999971,"[130.10065784365878, -25.446729353398812, 0.9881931629582921, 1.9999999999999991, 0.0]"
126.2999999999971,"[130.10065784365878, -25.446729353398812, 0.9881931629582921, 1.9999999999999991, 0.0]"
126.2999999999971,"[130.10065784365878, -25.446729353398812, 0.9881931629582921, 1.9999999999999991, 0.0]"
126.2999999999971,"[130.10065784365878, -25.446729353398812, 0.9881931629582921, 1.9999999999999991, 0.0]"
126.2999999999971,"[130.10065784365878, -25.446729353398812, 0.9881931629582921, 1.9999999999999991, 0.0]"
126.2999999999971,"[130.10065784365878, -25.446729353398812, 0.9881931629582921, 1.9999999999999991, 0.0]"
126.2999999999971,"[130.10065784365878, -25.446729353398812, 0.9881931629582921, 1.9999999999999991, 0.0]"
126.2999999999971,"[130.10065784365878, -25.446729353398812, 0.9881931629582921, 1.9999999999999991, 0.0]"
126.2999999999971,"[130.10065784365878, -25.446729353398812, 0.9881931629582921, 1.9999999999999991, 0.0]"
126.2999999999971,"[130.10065784365878, -25.446729353398812, 0.9881931629582921, 1.9999999999999991, 0.0]"
126.2999999999971,"[130.10065784365878, -25.446729353398812, 0.9881931629582921, 1.9999999999999991, 0.0]"
126.2999999999971,"[130.10065784365878, -25.446729353398812, 0.9881931629582921, 1.9999999999999991, 0.0]"
126.2999999999971,"[130.10065784365878, -25.446729353398812, 0.9881931629582921, 1.9999999999999991, 0.0]"
126.2999999999971,"[130.10065784365878, -25.446729353398812, 0.9881931629582921, 1.9999999999999991, 0.0]"
126.2999999999971,"[130.10065784365878, -25.446729353398812, 0.9881931629582921, 1.9999999999999991, 0.0]"
126.2999999999971,"[130.10065784365878, -25.446729353398812, 0.9881931629582921, 1.9999999999999991, 0.0]"
126.2999999999971,"[130.10065784365878, -25.446729353398812, 0.9881931629582921, 1.9999999999999991, 0.0]"
126.2999999999971,"[130.10065784365878, -25.446729353398812, 0.9881931629582921, 1.9999999999999991, 0.0]"
126.2999999999971,"[130.10065784365878, -25.446729353398812, 0.9881931629582921, 1.9999999999999991, 0.0]"
126.2999999999971,"[130.10065784365878, -25.446729353398812, 0.9881931629582921, 1.9999999999999991, 0.0]"
126.2999999999971,"[130.10065784365878, -25.446729353398812, 0.9881931629582921, 1.9999999999999991, 0.0]"
126.2999999999971,"[130.10065784365878, -25.446729353398812, 0.9881931629582921, 1.9999999999999991, 0.0]"
126.2999999999971,"[130.10065784365878, -25.446729353398812, 0.9881931629582921, 1.9999999999999991, 0.0]"
126.2999999999971,"[130.10065784365878, -25.446729353398812, 0.9881931629582921, 1.9999999999999991, 0.0]"
126.2999999999971,"[130.10065784365878, -25.446729353398812, 0.9881931629582921, 1.9999999999999991, 0.0]"
126.2999999999971,"[130.10065784365878, -25.446729353398812, 0.9881931629582921, 1.9999999999999991, 0.0]"
126.2999999999971,"[130.10065784365878, -25.446729353398812, 0.9881931629582921, 1.9999999999999991, 0.0]"
126.2999999999971,"[130.10065784365878, -25.446729353398812, 0.9881931629582921, 1.9999999999999991, 0.0]"
126.2999999999971,"[130.10065784365878, -25.446729353398812, 0.9881931629582921, 1.9999999999999991, 0.0]"
126.2999999999971,"[130.10065784365878, -25.446729353398812, 0.9881931629582921, 1.9999999999999991, 0.0]"
126.2999999999971,"[130.10065784365878, -25.446729353398812, 0.9881931629582921, 1.9999999999999991, 0.0]"
126.2999999999971,"[130.10065784365878, -25.446729353398812, 0.9881931629582921, 1.9999999999999991, 0.0]"
126.2999999999971,"[130.10065784365878, -25.446729353398812, 0.9881931629582921, 1.9999999999999991, 0.0]"
126.2999999999971,"[130.10065784365878, -25.446729353398812, 0.9881931629582921, 1.9999999999999991, 0.0]"
126.2999999999971,"[130.10065784365878, -25.446729353398812, 0.9881931629582921, 1.9999999999999991, 0.0]"
126.2999999999971,"[130.10065784365878, -25.446729353398812, 0.9881931629582921, 1.9999999999999991, 0.0]"
126.2999999999971,"[130.10065784365878, -25.446729353398812, 0.9881931629582921, 1.9999999999999991, 0.0]"
126.2999999999971,"[130.10065784365878, -25.446729353398812, 0.9881931629582921, 1.9999999999999991, 0.0]"
126.2999999999971,"[130.10065784365878, -25.446729353398812, 0.9881931629582921, 1.9999999999999991, 0.0]"
126.2999999999971,"[130.10065784365878, -25.446729353398812, 0.9881931629582921, 1.9999999999999991, 0.0]"
126.2999999999971,"[130.10065784365878, -25.446729353398812, 0.9881931629582921, 1.9999999999999991, 0.0]"
126.2999999999971,"[130.10065784365878, -25.446729353398812, 0.9881931629582921, 1.9999999999999991, 0.0]"
126.2999999999971,"[130.10065784365878, -25.446729353398812, 0.9881931629582921, 1.9999999999999991, 0.0]"
126.2999999999971,"[130.10065784365878, -25.446729353398812, 0.9881931629582921, 1.9999999999999991, 0.0]"
126.2999999999971,"[130.10065784365878, -25.446729353398812, 0.9881931629582921, 1.9999999999999991, 0.0]"
126.2999999999971,"[130.10065784365878, -25.446729353398812, 0.9881931629582921, 1.9999999999999991, 0.0]"
126.2999999999971,"[130.10065784365878, -25.446729353398812, 0.9881931629582921, 1.9999999999999991, 0.0]"
126.2999999999971,"[130.10065784365878, -25.446729353398812, 0.9881931629582921, 1.9999999999999991, 0.0]"
126.2999999999971,"[130.10065784365878, -25.446729353398812, 0.9881931629582921, 1.9999999999999991, 0.0]"
126.2999999999971,"[130.10065784365878, -25.446729353398812, 0.9881931629582921, 1.9999999999999991, 0.0]"
126.2999999999971,"[130.10065784365878, -25.446729353398812, 0.9881931629582921, 1.9999999999999991, 0.0]"
126.2999999999971,"[130.10065784365878, -25.446729353398812, 0.9881931629582921, 1.9999999999999991, 0.0]"
126.2999999999971,"[130.10065784365878, -25.446729353398812, 0.9881931629582921, 1.9999999999999991, 0.0]"
126.2999999999971,"[130.10065784365878, -25.446729353398812, 0.9881931629582921, 1.9999999999999991, 0.0]"
126.2999999999971,"[130.10065784365878, -25.446729353398812, 0.9881931629582921, 1.9999999999999991, 0.0]"
126.2999999999971,"[130.10065784365878, -25.446729353398812, 0.9881931629582921, 1.9999999999999991, 0.0]"
126.2999999999971,"[130.10065784365878, -25.446729353398812, 0.9881931629582921, 1.9999999999999991, 0.0]"
126.2999999999971,"[130.10065784365878, -25.446729353398812, 0.9881931629582921, 1.9999999999999991, 0.0]"
126.2999999999971,"[130.10065784365878, -25.446729353398812, 0.9881931629582921, 1.9999999999999991, 0.0]"
126.2999999999971,"[130.10065784365878, -25.446729353398812, 0.9881931629582921, 1.9999999999999991, 0.0]"
126.2999999999971,"[130.10065784365878, -25.446729353398812, 0.9881931629582921, 1.9999999999999991, 0.0]"
126.2999999999971,"[130.10065784365878, -25.446729353398812, 0.9881931629582921, 1.9999999999999991, 0.0]"
126.2999999999971,"[130.10065784365878, -25.446729353398812, 0.9881931629582921, 1.9999999999999991, 0.0]"
126.2999999999971,"[130.10065784365878, -25.446729353398812, 0.9881931629582921, 1.9999999999999991, 0.0]"
126.2999999999971,"[130.10065784365878, -25.446729353398812, 0.9881931629582921, 1.9999999999999991, 0.0]"
126.2999999999971,"[130.10065784365878, -25.446729353398812, 0.9881931629582921, 1.9999999999999991, 0.0]"
126.2999999999971,"[130.10065784365878, -25.446729353398812, 0.9881931629582921, 1.9999999999999991, 0.0]"
126.2999999999971,"[130.10065784365878, -25.446729353398812, 0.9881931629582921, 1.9999999999999991, 0.0]"
126.2999999999971,"[130.10065784365878, -25.446729353398812, 0.9881931629582921, 1.9999999999999991, 0.0]"
126.2999999999971,"[130.10065784365878, -25.446729353398812, 0.9881931629582921, 1.9999999999999991, 0.0]"
126.2999999999971,"[130.10065784365878, -25.446729353398812, 0.9881931629582921, 1.9999999999999991, 0.0]"
126.2999999999971,"[130.10065784365878, -25.446729353398812, 0.9881931629582921, 1.9999999999999991, 0.0]"
134.39999999999665,"[129.80166136662152, -9.409691417950334, 1.6478076778452668, 1.9999999999999991, 0.0]"
134.49999999999665,"[129.78627431639515, -9.21028419971255, 1.6478076778452668, 1.9999999999999991, 0.0]"
134.49999999999665,"[129.78627431639515, -9.21028419971255, 1.6478076778452668, 1.9999999999999991, 0.0]"
134.49999999999665,"[129.78627431639515, -9.21028419971255, 1.6478076778452668, 1.9999999999999991, 0.0]"
134.49999999999665,"[129.78627431639515, -9.21028419971255, 1.6478076778452668, 1.9999999999999991, 0.0]"
134.49999999999665,"[129.78627431639515, -9.21028419971255, 1.6478076778452668, 1.9999999999999991, 0.0]"
134.49999999999665,"[129.78627431639515, -9.21028419971255, 1.6478076778452668, 1.9999999999999991, 0.0]"
134.49999999999665,"[129.78627431639515, -9.21028419971255, 1.6478076778452668, 1.9999999999999991, 0.0]"
134.49999999999665,"[129.78627431639515, -9.21028419971255, 1.6478076778452668, 1.9999999999999991, 0.0]"
134.49999999999665,"[129.78627431639515, -9.21028419971255, 1.6478076778452668, 1.9999999999999991, 0.0]"
134.49999999999665,"[129.78627431639515, -9.21028419971255, 1.6478076778452668, 1.9999999999999991, 0.0]"
134.49999999999665,"[129.78627431639515, -9.21028419971255, 1.6478076778452668, 1.9999999999999991, 0.0]"
134.49999999999665,"[129.78627431639515, -9.21028419971255, 1.6478076778452668, 1.9999999999999991, 0.0]"
134.49999999999665,"[129.78627431639515, -9.21028419971255, 1.6478076778452668, 1.9999999999999991, 0.0]"
134.49999999999665,"[129.78627431639515, -9.21028419971255, 1.6478076778452668, 1.9999999999999991, 0.0]"
134.49999999999665,"[129.78627431639515, -9.21028419971255, 1.6478076778452668, 1.9999999999999991, 0.0]"
134.49999999999665,"[129.78627431639515, -9.21028419971255, 1.6478076778452668, 1.9999999999999991, 0.0]"
134.49999999999665,"[129.78627431639515, -9.21028419971255, 1.6478076778452668, 1.9999999999999991, 0.0]"
134.49999999999665,"[129.78627431639515, -9.21028419971255, 1.6478076778452668, 1.9999999999999991, 0.0]"
134.49999999999665,"[129.78627431639515, -9.21028419971255, 1.6478076778452668, 1.9999999999999991, 0.0]"
134.49999999999665,"[129.78627431639515, -9.21028419971255, 1.6478076778452668, 1.9999999999999991, 0.0]"
134.49999999999665,"[129.78627431639515, -9.21028419971255, 1.6478076778452668, 1.9999999999999991, 0.0]"
134.49999999999665,"[129.78627431639515, -9.21028419971255, 1.6478076778452668, 1.9999999999999991, 0.0]"
134.49999999999665,"[129.78627431639515, -9.21028419971255, 1.6478076778452668, 1.9999999999999991, 0.0]"
134.49999999999665,"[129.78627431639515, -9.21028419971255, 1.6478076778452668, 1.9999999999999991, 0.0]"
134.49999999999665,"[129.78627431639515, -9.21028419971255, 1.6478076778452668, 1.9999999999999991, 0.0]"
134.49999999999665,"[129.78627431639515, -9.21028419971255, 1.6478076778452668, 1.9999999999999991, 0.0]"
134.49999999999665,"[129.78627431639515, -9.21028419971255, 1.6478076778452668, 1.9999999999999991, 0.0]"
134.49999999999665,"[129.78627431639515, -9.21028419971255, 1.6478076778452668, 1.9999999999999991, 0.0]"
134.49999999999665,"[129.78627431639515, -9.21028419971255, 1.6478076778452668, 1.9999999999999991, 0.0]"
134.49999999999665,"[129.78627431639515, -9.21028419971255, 1.6478076778452668, 1.9999999999999991, 0.0]"
134.49999999999665,"[129.78627431639515, -9.21028419971255, 1.6478076778452668, 1.9999999999999991, 0.0]"
134.49999999999665,"[129.78627431639515, -9.21028419971255, 1.6478076778452668, 1.9999999999999991, 0.0]"
134.49999999999665,"[129.78627431639515, -9.21028419971255, 1.6478076778452668, 1.9999999999999991, 0.0]"
134.49999999999665,"[129.78627431639515, -9.21028419971255, 1.6478076778452668, 1.9999999999999991, 0.0]"
134.49999999999665,"[129.78627431639515, -9.21028419971255, 1.6478076778452668, 1.9999999999999991, 0.0]"
134.49999999999665,"[129.78627431639515, -9.21028419971255, 1.6478076778452668, 1.9999999999999991, 0.0]"
134.49999999999665,"[129.78627431639515, -9.21028419971255, 1.6478076778452668, 1.9999999999999991, 0.0]"
134.49999999999665,"[129.78627431639515, -9.21028419971255, 1.6478076778452668, 1.9999999999999991, 0.0]"
134.49999999999665,"[129.78627431639515, -9.21028419971255, 1.6478076778452668, 1.9999999999999991, 0.0]"
134.49999999999665,"[129.78627431639515, -9.21028419971255, 1.6478076778452668, 1.9999999999999991, 0.0]"
134.49999999999665,"[129.78627431639515, -9.21028419971255, 1.6478076778452668, 1.9999999999999991, 0.0]"
134.49999999999665,"[129.78627431639515, -9.21028419971255, 1.6478076778452668, 1.9999999999999991, 0.0]"
134.49999999999665,"[129.78627431639515, -9.21028419971255, 1.6478076778452668, 1.9999999999999991, 0.0]"
134.49999999999665,"[129.78627431639515, -9.21028419971255, 1.6478076778452668, 1.9999999999999991, 0.0]"
134.49999999999665,"[129.78627431639515, -9.21028419971255, 1.6478076778452668, 1.9999999999999991, 0.0]"
134.49999999999665,"[129.78627431639515, -9.21028419971255, 1.6478076778452668, 1.9999999999999991, 0.0]"
134.49999999999665,"[129.78627431639515, -9.21028419971255, 1.6478076778452668, 1.9999999999999991, 0.0]"
134.49999999999665,"[129.78627431639515, -9.21028419971255, 1.6478076778452668, 1.9999999999999991, 0.0]"
134.49999999999665,"[129.78627431639515, -9.21028419971255, 1.6478076778452668, 1.9999999999999991, 0.0]"
134.49999999999665,"[129.78627431639515, -9.21028419971255, 1.6478076778452668, 1.9999999999999991, 0.0]"
134.49999999999665,"[129.78627431639515, -9.21028419971255, 1.6478076778452668, 1.9999999999999991, 0.0]"
134.49999999999665,"[129.78627431639515, -9.21028419971255, 1.6478076778452668, 1.9999999999999991, 0.0]"
134.49999999999665,"[129.78627431639515, -9.21028419971255, 1.6478076778452668, 1.9999999999999991, 0.0]"
134.49999999999665,"[129.78627431639515, -9.21028419971255, 1.6478076778452668, 1.9999999999999991, 0.0]"
134.49999999999665,"[129.78627431639515, -9.21028419971255, 1.6478076778452668, 1.9999999999999991, 0.0]"
134.49999999999665,"[129.78627431639515, -9.21028419971255, 1.6478076778452668, 1.9999999999999991, 0.0]"
134.49999999999665,"[129.78627431639515, -9.21028419971255, 1.6478076778452668, 1.9999999999999991, 0.0]"
134.49999999999665,"[129.78627431639515, -9.21028419971255, 1.6478076778452668, 1.9999999999999991, 0.0]"
134.49999999999665,"[129.78627431639515, -9.21028419971255, 1.6478076778452668, 1.9999999999999991, 0.0]"
134.49999999999665,"[129.78627431639515, -9.21028419971255, 1.6478076778452668, 1.9999999999999991, 0.0]"
134.49999999999665,"[129.78627431639515, -9.21028419971255, 1.6478076778452668, 1.9999999999999991, 0.0]"
134.49999999999665,"[129.78627431639515, -9.21028419971255, 1.6478076778452668, 1.9999999999999991, 0.0]"
134.49999999999665,"[129.78627431639515, -9.21028419971255, 1.6478076778452668, 1.9999999999999991, 0.0]"
134.49999999999665,"[129.78627431639515, -9.21028419971255, 1.6478076778452668, 1.9999999999999991, 0.0]"
134.49999999999665,"[129.78627431639515, -9.21028419971255, 1.6478076778452668, 1.9999999999999991, 0.0]"
134.49999999999665,"[129.78627431639515, -9.21028419971255, 1.6478076778452668, 1.9999999999999991, 0.0]"
134.49999999999665,"[129.78627431639515, -9.21028419971255, 1.6478076778452668, 1.9999999999999991, 0.0]"
134.49999999999665,"[129.78627431639515, -9.21028419971255, 1.6478076778452668, 1.9999999999999991, 0.0]"
134.49999999999665,"[129.78627431639515, -9.21028419971255, 1.6478076778452668, 1.9999999999999991, 0.0]"
134.49999999999665,"[129.78627431639515, -9.21028419971255, 1.6478076778452668, 1.9999999999999991, 0.0]"
134.49999999999665,"[129.78627431639515, -9.21028419971255, 1.6478076778452668, 1.9999999999999991, 0.0]"
134.49999999999665,"[129.78627431639515, -9.21028419971255, 1.6478076778452668, 1.9999999999999991, 0.0]"
134.49999999999665,"[129.78627431639515, -9.21028419971255, 1.6478076778452668, 1.9999999999999991, 0.0]"
134.49999999999665,"[129.78627431639515, -9.21028419971255, 1.6478076778452668, 1.9999999999999991, 0.0]"
134.49999999999665,"[129.78627431639515, -9.21028419971255, 1.6478076778452668, 1.9999999999999991, 0.0]"
134.49999999999665,"[129.78627431639515, -9.21028419971255, 1.6478076778452668, 1.9999999999999991, 0.0]"
134.49999999999665,"[129.78627431639515, -9.21028419971255, 1.6478076778452668, 1.9999999999999991, 0.0]"
134.49999999999665,"[129.78627431639515, -9.21028419971255, 1.6478076778452668, 1.9999999999999991, 0.0]"
134.49999999999665,"[129.78627431639515, -9.21028419971255, 1.6478076778452668, 1.9999999999999991, 0.0]"
134.49999999999665,"[129.78627431639515, -9.21028419971255, 1.6478076778452668, 1.9999999999999991, 0.0]"
134.49999999999665,"[129.78627431639515, -9.21028419971255, 1.6478076778452668, 1.9999999999999991, 0.0]"
142.4999999999962,"[128.5553102982859, 6.742293259310133, 1.6478076778452668, 1.9999999999999991, 0.0]"
142.5999999999962,"[128.53992324805952, 6.941700477547916, 1.6478076778452668, 1.9999999999999991, 0.0]"
142.5999999999962,"[128.53992324805952, 6.941700477547916, 1.6478076778452668, 1.9999999999999991, 0.0]"
142.5999999999962,"[128.53992324805952, 6.941700477547916, 1.6478076778452668, 1.9999999999999991, 0.0]"
142.5999999999962,"[128.53992324805952, 6.941700477547916, 1.6478076778452668, 1.9999999999999991, 0.0]"
142.5999999999962,"[128.53992324805952, 6.941700477547916, 1.6478076778452668, 1.9999999999999991, 0.0]"
142.5999999999962,"[128.53992324805952, 6.941700477547916, 1.6478076778452668, 1.9999999999999991, 0.0]"
142.5999999999962,"[128.53992324805952, 6.941700477547916, 1.6478076778452668, 1.9999999999999991, 0.0]"
142.5999999999962,"[128.53992324805952, 6.941700477547916, 1.6478076778452668, 1.9999999999999991, 0.0]"
142.5999999999962,"[128.53992324805952, 6.941700477547916, 1.6478076778452668, 1.9999999999999991, 0.0]"
142.5999999999962,"[128.53992324805952, 6.941700477547916, 1.6478076778452668, 1.9999999999999991, 0.0]"
142.5999999999962,"[128.53992324805952, 6.941700477547916, 1.6478076778452668, 1.9999999999999991, 0.0]"
142.5999999999962,"[128.53992324805952, 6.941700477547916, 1.6478076778452668, 1.9999999999999991, 0.0]"
142.5999999999962,"[128.53992324805952, 6.941700477547916, 1.6478076778452668, 1.9999999999999991, 0.0]"
142.5999999999962,"[128.53992324805952, 6.941700477547916, 1.6478076778452668, 1.9999999999999991, 0.0]"
142.5999999999962,"[128.53992324805952, 6.941700477547916, 1.6478076778452668, 1.9999999999999991, 0.0]"
142.5999999999962,"[128.53992324805952, 6.941700477547916, 1.6478076778452668, 1.9999999999999991, 0.0]"
142.5999999999962,"[128.53992324805952, 6.941700477547916, 1.6478076778452668, 1.9999999999999991, 0.0]"
142.5999999999962,"[128.53992324805952, 6.941700477547916, 1.6478076778452668, 1.9999999999999991, 0.0]"
142.5999999999962,"[128.53992324805952, 6.941700477547916, 1.6478076778452668, 1.9999999999999991, 0.0]"
142.5999999999962,"[128.53992324805952, 6.941700477547916, 1.6478076778452668, 1.9999999999999991, 0.0]"
142.5999999999962,"[128.53992324805952, 6.941700477547916, 1.6478076778452668, 1.9999999999999991, 0.0]"
142.5999999999962,"[128.53992324805952, 6.941700477547916, 1.6478076778452668, 1.9999999999999991, 0.0]"
142.5999999999962,"[128.53992324805952, 6.941700477547916, 1.6478076778452668, 1.9999999999999991, 0.0]"
142.5999999999962,"[128.53992324805952, 6.941700477547916, 1.6478076778452668, 1.9999999999999991, 0.0]"
142.5999999999962,"[128.53992324805952, 6.941700477547916, 1.6478076778452668, 1.9999999999999991, 0.0]"
142.5999999999962,"[128.53992324805952, 6.941700477547916, 1.6478076778452668, 1.9999999999999991, 0.0]"
142.5999999999962,"[128.53992324805952, 6.941700477547916, 1.6478076778452668, 1.9999999999999991, 0.0]"
142.5999999999962,"[128.53992324805952, 6.941700477547916, 1.6478076778452668, 1.9999999999999991, 0.0]"
142.5999999999962,"[128.53992324805952, 6.941700477547916, 1.6478076778452668, 1.9999999999999991, 0.0]"
142.5999999999962,"[128.53992324805952, 6.941700477547916, 1.6478076778452668, 1.9999999999999991, 0.0]"
142.5999999999962,"[128.53992324805952, 6.941700477547916, 1.6478076778452668, 1.9999999999999991, 0.0]"
142.5999999999962,"[128.53992324805952, 6.941700477547916, 1.6478076778452668, 1.9999999999999991, 0.0]"
142.5999999999962,"[128.53992324805952, 6.941700477547916, 1.6478076778452668, 1.9999999999999991, 0.0]"
142.5999999999962,"[128.53992324805952, 6.941700477547916, 1.6478076778452668, 1.9999999999999991, 0.0]"
142.5999999999962,"[128.53992324805952, 6.941700477547916, 1.6478076778452668, 1.9999999999999991, 0.0]"
142.5999999999962,"[128.53992324805952, 6.941700477547916, 1.6478076778452668, 1.9999999999999991, 0.0]"
142.5999999999962,"[128.53992324805952, 6.941700477547916, 1.6478076778452668, 1.9999999999999991, 0.0]"
142.5999999999962,"[128.53992324805952, 6.941700477547916, 1.6478076778452668, 1.9999999999999991, 0.0]"
142.5999999999962,"[128.53992324805952, 6.941700477547916, 1.6478076778452668, 1.9999999999999991, 0.0]"
142.5999999999962,"[128.53992324805952, 6.941700477547916, 1.6478076778452668, 1.9999999999999991, 0.0]"
142.5999999999962,"[128.53992324805952, 6.941700477547916, 1.6478076778452668, 1.9999999999999991, 0.0]"
142.5999999999962,"[128.53992324805952, 6.941700477547916, 1.6478076778452668, 1.9999999999999991, 0.0]"
142.5999999999962,"[128.53992324805952, 6.941700477547916, 1.6478076778452668, 1.9999999999999991, 0.0]"
142.5999999999962,"[128.53992324805952, 6.941700477547916, 1.6478076778452668, 1.9999999999999991, 0.0]"
142.5999999999962,"[128.53992324805952, 6.941700477547916, 1.6478076778452668, 1.9999999999999991, 0.0]"
142.5999999999962,"[128.53992324805952, 6.941700477547916, 1.6478076778452668, 1.9999999999999991, 0.0]"
142.5999999999962,"[128.53992324805952, 6.941700477547916, 1.6478076778452668, 1.9999999999999991, 0.0]"
142.5999999999962,"[128.53992324805952, 6.941700477547916, 1.6478076778452668, 1.9999999999999991, 0.0]"
142.5999999999962,"[128.53992324805952, 6.941700477547916, 1.6478076778452668, 1.9999999999999991, 0.0]"
142.5999999999962,"[128.53992324805952, 6.941700477547916, 1.6478076778452668, 1.9999999999999991, 0.0]"
142.5999999999962,"[128.53992324805952, 6.941700477547916, 1.6478076778452668, 1.9999999999999991, 0.0]"
142.5999999999962,"[128.53992324805952, 6.941700477547916, 1.6478076778452668, 1.9999999999999991, 0.0]"
142.5999999999962,"[128.53992324805952, 6.941700477547916, 1.6478076778452668, 1.9999999999999991, 0.0]"
142.5999999999962,"[128.53992324805952, 6.941700477547916, 1.6478076778452668, 1.9999999999999991, 0.0]"
142.5999999999962,"[128.53992324805952, 6.941700477547916, 1.6478076778452668, 1.9999999999999991, 0.0]"
142.5999999999962,"[128.53992324805952, 6.941700477547916, 1.6478076778452668, 1.9999999999999991, 0.0]"
142.5999999999962,"[128.53992324805952, 6.941700477547916, 1.6478076778452668, 1.9999999999999991, 0.0]"
142.5999999999962,"[128.53992324805952, 6.941700477547916, 1.6478076778452668, 1.9999999999999991, 0.0]"
142.5999999999962,"[128.53992324805952, 6.941700477547916, 1.6478076778452668, 1.9999999999999991, 0.0]"
142.5999999999962,"[128.53992324805952, 6.941700477547916, 1.6478076778452668, 1.9999999999999991, 0.0]"
142.5999999999962,"[128.53992324805952, 6.941700477547916, 1.6478076778452668, 1.9999999999999991, 0.0]"
142.5999999999962,"[128.53992324805952, 6.941700477547916, 1.6478076778452668, 1.9999999999999991, 0.0]"
142.5999999999962,"[128.53992324805952, 6.941700477547916, 1.6478076778452668, 1.9999999999999991, 0.0]"
142.5999999999962,"[128.53992324805952, 6.941700477547916, 1.6478076778452668, 1.9999999999999991, 0.0]"
142.5999999999962,"[128.53992324805952, 6.941700477547916, 1.6478076778452668, 1.9999999999999991, 0.0]"
142.5999999999962,"[128.53992324805952, 6.941700477547916, 1.6478076778452668, 1.9999999999999991, 0.0]"
142.5999999999962,"[128.53992324805952, 6.941700477547916, 1.6478076778452668, 1.9999999999999991, 0.0]"
142.5999999999962,"[128.53992324805952, 6.941700477547916, 1.6478076778452668, 1.9999999999999991, 0.0]"
142.5999999999962,"[128.53992324805952, 6.941700477547916, 1.6478076778452668, 1.9999999999999991, 0.0]"
142.5999999999962,"[128.53992324805952, 6.941700477547916, 1.6478076778452668, 1.9999999999999991, 0.0]"
142.5999999999962,"[128.53992324805952, 6.941700477547916, 1.6478076778452668, 1.9999999999999991, 0.0]"
142.5999999999962,"[128.53992324805952, 6.941700477547916, 1.6478076778452668, 1.9999999999999991, 0.0]"
142.5999999999962,"[128.53992324805952, 6.941700477547916, 1.6478076778452668, 1.9999999999999991, 0.0]"
142.5999999999962,"[128.53992324805952, 6.941700477547916, 1.6478076778452668, 1.9999999999999991, 0.0]"
142.5999999999962,"[128.53992324805952, 6.941700477547916, 1.6478076778452668, 1.9999999999999991, 0.0]"
142.5999999999962,"[128.53992324805952, 6.941700477547916, 1.6478076778452668, 1.9999999999999991, 0.0]"
142.5999999999962,"[128.53992324805952, 6.941700477547916, 1.6478076778452668, 1.9999999999999991, 0.0]"
142.5999999999962,"[128.53992324805952, 6.941700477547916, 1.6478076778452668, 1.9999999999999991, 0.0]"
142.5999999999962,"[128.53992324805952, 6.941700477547916, 1.6478076778452668, 1.9999999999999991, 0.0]"
142.5999999999962,"[128.53992324805952, 6.941700477547916, 1.6478076778452668, 1.9999999999999991, 0.0]"
150.59999999999573,"[126.69937829328687, 22.826882876761964, 1.748121122236575, 1.9999999999999991, 0.0]"
150.59999999999573,"[126.69937829328687, 22.826882876761964, 1.748121122236575, 1.9999999999999991, 0.0]"
150.59999999999573,"[126.69937829328687, 22.826882876761964, 1.748121122236575, 1.9999999999999991, 0.0]"
150.59999999999573,"[126.69937829328687, 22.826882876761964, 1.748121122236575, 1.9999999999999991, 0.0]"
150.59999999999573,"[126.69937829328687, 22.826882876761964, 1.748121122236575, 1.9999999999999991, 0.0]"
150.59999999999573,"[126.69937829328687, 22.826882876761964, 1.748121122236575, 1.9999999999999991, 0.0]"
150.59999999999573,"[126.69937829328687, 22.826882876761964, 1.748121122236575, 1.9999999999999991, 0.0]"
150.59999999999573,"[126.69937829328687, 22.826882876761964, 1.748121122236575, 1.9999999999999991, 0.0]"
150.59999999999573,"[126.69937829328687, 22.826882876761964, 1.748121122236575, 1.9999999999999991, 0.0]"
150.59999999999573,"[126.69937829328687, 22.826882876761964, 1.748121122236575, 1.9999999999999991, 0.0]"
150.59999999999573,"[126.69937829328687, 22.826882876761964, 1.748121122236575, 1.9999999999999991, 0.0]"
150.59999999999573,"[126.69937829328687, 22.826882876761964, 1.748121122236575, 1.9999999999999991, 0.0]"
150.59999999999573,"[126.69937829328687, 22.826882876761964, 1.748121122236575, 1.9999999999999991, 0.0]"
150.59999999999573,"[126.69937829328687, 22.826882876761964, 1.748121122236575, 1.9999999999999991, 0.0]"
150.59999999999573,"[126.69937829328687, 22.826882876761964, 1.748121122236575, 1.9999999999999991, 0.0]"
150.59999999999573,"[126.69937829328687, 22.826882876761964, 1.748121122236575, 1.9999999999999991, 0.0]"
150.59999999999573,"[126.69937829328687, 22.826882876761964, 1.748121122236575, 1.9999999999999991, 0.0]"
150.59999999999573,"[126.69937829328687, 22.826882876761964, 1.748121122236575, 1.9999999999999991, 0.0]"
150.59999999999573,"[126.69937829328687, 22.826882876761964, 1.748121122236575, 1.9999999999999991, 0.0]"
150.59999999999573,"[126.69937829328687, 22.826882876761964, 1.748121122236575, 1.9999999999999991, 0.0]"
150.59999999999573,"[126.69937829328687, 22.826882876761964, 1.748121122236575, 1.9999999999999991, 0.0]"
150.59999999999573,"[126.69937829328687, 22.826882876761964, 1.748121122236575, 1.9999999999999991, 0.0]"
150.59999999999573,"[126.69937829328687, 22.826882876761964, 1.748121122236575, 1.9999999999999991, 0.0]"
150.59999999999573,"[126.69937829328687, 22.826882876761964, 1.748121122236575, 1.9999999999999991, 0.0]"
150.59999999999573,"[126.69937829328687, 22.826882876761964, 1.748121122236575, 1.9999999999999991, 0.0]"
150.59999999999573,"[126.69937829328687, 22.826882876761964, 1.748121122236575, 1.9999999999999991, 0.0]"
150.59999999999573,"[126.69937829328687, 22.826882876761964, 1.748121122236575, 1.9999999999999991, 0.0]"
150.59999999999573,"[126.69937829328687, 22.826882876761964, 1.748121122236575, 1.9999999999999991, 0.0]"
150.59999999999573,"[126.69937829328687, 22.826882876761964, 1.748121122236575, 1.9999999999999991, 0.0]"
150.59999999999573,"[126.69937829328687, 22.826882876761964, 1.748121122236575, 1.9999999999999991, 0.0]"
150.59999999999573,"[126.69937829328687, 22.826882876761964, 1.748121122236575, 1.9999999999999991, 0.0]"
150.59999999999573,"[126.69937829328687, 22.826882876761964, 1.748121122236575, 1.9999999999999991, 0.0]"
150.59999999999573,"[126.69937829328687, 22.826882876761964, 1.748121122236575, 1.9999999999999991, 0.0]"
150.59999999999573,"[126.69937829328687, 22.826882876761964, 1.748121122236575, 1.9999999999999991, 0.0]"
150.59999999999573,"[126.69937829328687, 22.826882876761964, 1.748121122236575, 1.9999999999999991, 0.0]"
150.59999999999573,"[126.69937829328687, 22.826882876761964, 1.748121122236575, 1.9999999999999991, 0.0]"
150.59999999999573,"[126.69937829328687, 22.826882876761964, 1.748121122236575, 1.9999999999999991, 0.0]"
150.59999999999573,"[126.69937829328687, 22.826882876761964, 1.748121122236575, 1.9999999999999991, 0.0]"
150.59999999999573,"[126.69937829328687, 22.826882876761964, 1.748121122236575, 1.9999999999999991, 0.0]"
150.59999999999573,"[126.69937829328687, 22.826882876761964, 1.748121122236575, 1.9999999999999991, 0.0]"
150.59999999999573,"[126.69937829328687, 22.826882876761964, 1.748121122236575, 1.9999999999999991, 0.0]"
150.59999999999573,"[126.69937829328687, 22.826882876761964, 1.748121122236575, 1.9999999999999991, 0.0]"
150.59999999999573,"[126.69937829328687, 22.826882876761964, 1.748121122236575, 1.9999999999999991, 0.0]"
150.59999999999573,"[126.69937829328687, 22.826882876761964, 1.748121122236575, 1.9999999999999991, 0.0]"
150.59999999999573,"[126.69937829328687, 22.826882876761964, 1.748121122236575, 1.9999999999999991, 0.0]"
150.59999999999573,"[126.69937829328687, 22.826882876761964, 1.748121122236575, 1.9999999999999991, 0.0]"
150.59999999999573,"[126.69937829328687, 22.826882876761964, 1.748121122236575, 1.9999999999999991, 0.0]"
150.59999999999573,"[126.69937829328687, 22.826882876761964, 1.748121122236575, 1.9999999999999991, 0.0]"
150.59999999999573,"[126.69937829328687, 22.826882876761964, 1.748121122236575, 1.9999999999999991, 0.0]"
150.59999999999573,"[126.69937829328687, 22.826882876761964, 1.748121122236575, 1.9999999999999991, 0.0]"
150.59999999999573,"[126.69937829328687, 22.826882876761964, 1.748121122236575, 1.9999999999999991, 0.0]"
150.59999999999573,"[126.69937829328687, 22.826882876761964, 1.748121122236575, 1.9999999999999991, 0.0]"
150.59999999999573,"[126.69937829328687, 22.826882876761964, 1.748121122236575, 1.9999999999999991, 0.0]"
150.59999999999573,"[126.69937829328687, 22.826882876761964, 1.748121122236575, 1.9999999999999991, 0.0]"
150.59999999999573,"[126.69937829328687, 22.826882876761964, 1.748121122236575, 1.9999999999999991, 0.0]"
150.59999999999573,"[126.69937829328687, 22.826882876761964, 1.748121122236575, 1.9999999999999991, 0.0]"
150.59999999999573,"[126.69937829328687, 22.826882876761964, 1.748121122236575, 1.9999999999999991, 0.0]"
150.59999999999573,"[126.69937829328687, 22.826882876761964, 1.748121122236575, 1.9999999999999991, 0.0]"
150.59999999999573,"[126.69937829328687, 22.826882876761964, 1.748121122236575, 1.9999999999999991, 0.0]"
150.59999999999573,"[126.69937829328687, 22.826882876761964, 1.748121122236575, 1.9999999999999991, 0.0]"
150.59999999999573,"[126.69937829328687, 22.826882876761964, 1.748121122236575, 1.9999999999999991, 0.0]"
150.59999999999573,"[126.69937829328687, 22.826882876761964, 1.748121122236575, 1.9999999999999991, 0.0]"
150.59999999999573,"[126.69937829328687, 22.826882876761964, 1.748121122236575, 1.9999999999999991, 0.0]"
150.59999999999573,"[126.69937829328687, 22.826882876761964, 1.748121122236575, 1.9999999999999991, 0.0]"
150.59999999999573,"[126.69937829328687, 22.826882876761964, 1.748121122236575, 1.9999999999999991, 0.0]"
150.59999999999573,"[126.69937829328687, 22.826882876761964, 1.748121122236575, 1.9999999999999991, 0.0]"
150.59999999999573,"[126.69937829328687, 22.826882876761964, 1.748121122236575, 1.9999999999999991, 0.0]"
150.59999999999573,"[126.69937829328687, 22.826882876761964, 1.748121122236575, 1.9999999999999991, 0.0]"
150.59999999999573,"[126.69937829328687, 22.826882876761964, 1.748121122236575, 1.9999999999999991, 0.0]"
150.59999999999573,"[126.69937829328687, 22.826882876761964, 1.748121122236575, 1.9999999999999991, 0.0]"
150.59999999999573,"[126.69937829328687, 22.826882876761964, 1.748121122236575, 1.9999999999999991, 0.0]"
150.59999999999573,"[126.69937829328687, 22.826882876761964, 1.748121122236575, 1.9999999999999991, 0.0]"
150.59999999999573,"[126.69937829328687, 22.826882876761964, 1.748121122236575, 1.9999999999999991, 0.0]"
150.59999999999573,"[126.69937829328687, 22.826882876761964, 1.748121122236575, 1.9999999999999991, 0.0]"
150.59999999999573,"[126.69937829328687, 22.826882876761964, 1.748121122236575, 1.9999999999999991, 0.0]"
150.59999999999573,"[126.69937829328687, 22.826882876761964, 1.748121122236575, 1.9999999999999991, 0.0]"
150.59999999999573,"[126.69937829328687, 22.826882876761964, 1.748121122236575, 1.9999999999999991, 0.0]"
150.59999999999573,"[126.69937829328687, 22.826882876761964, 1.748121122236575, 1.9999999999999991, 0.0]"
150.59999999999573,"[126.69937829328687, 22.826882876761964, 1.748121122236575, 1.9999999999999991, 0.0]"
150.59999999999573,"[126.69937829328687, 22.826882876761964, 1.748121122236575, 1.9999999999999991, 0.0]"
